{"type": "FeatureCollection", "id": "http://w3id.org/bb5kbc/Point_collection", "name": "Point Instances Collection", "features": [{"type": "Feature", "id": "http://w3id.org/bb5kbc/site_383_geom", "name": " (data:site_383_geom)", "dateprops": [], "properties": {"http://rdfs.org/ns/void#inDataset.value": "3727"}, "geometry": {"type": "Point", "coordinates": [12.8, 52.83]}}, {"type": "Feature", "id": "http://w3id.org/bb5kbc/site_347_geom", "name": " (data:site_347_geom)", "dateprops": [], "properties": {"http://rdfs.org/ns/void#inDataset.value": "3727"}, "geometry": {"type": "Point", "coordinates": [12.95, 52.54]}}, {"type": "Feature", "id": "http://w3id.org/bb5kbc/site_540_geom", "name": " (data:site_540_geom)", "dateprops": [], "properties": {"http://rdfs.org/ns/void#inDataset.value": "3727"}, "geometry": {"type": "Point", "coordinates": [17.9, 52.7]}}, {"type": "Feature", "id": "http://w3id.org/bb5kbc/site_5_geom", "name": " (data:site_5_geom)", "dateprops": [], "properties": {"http://rdfs.org/ns/void#inDataset.value": "3727"}, "geometry": {"type": "Point", "coordinates": [11.06, 51.29]}}, {"type": "Feature", "id": "http://w3id.org/bb5kbc/site_138_geom", "name": " (data:site_138_geom)", "dateprops": [], "properties": {"http://rdfs.org/ns/void#inDataset.value": "3727"}, "geometry": {"type": "Point", "coordinates": [16.13, 51.65]}}, {"type": "Feature", "id": "http://w3id.org/bb5kbc/site_372_geom", "name": " (data:site_372_geom)", "dateprops": [], "properties": {"http://rdfs.org/ns/void#inDataset.value": "3727"}, "geometry": {"type": "Point", "coordinates": [13.86, 52.19]}}, {"type": "Feature", "id": "http://w3id.org/bb5kbc/site_575_geom", "name": " (data:site_575_geom)", "dateprops": [], "properties": {"http://rdfs.org/ns/void#inDataset.value": "3727"}, "geometry": {"type": "Point", "coordinates": [14.54, 51.81]}}, {"type": "Feature", "id": "http://w3id.org/bb5kbc/site_203_geom", "name": " (data:site_203_geom)", "dateprops": [], "properties": {"http://rdfs.org/ns/void#inDataset.value": "3727"}, "geometry": {"type": "Point", "coordinates": [18.82, 52.62]}}, {"type": "Feature", "id": "http://w3id.org/bb5kbc/site_508_geom", "name": " (data:site_508_geom)", "dateprops": [], "properties": {"http://rdfs.org/ns/void#inDataset.value": "3727"}, "geometry": {"type": "Point", "coordinates": [12.6, 52.75]}}, {"type": "Feature", "id": "http://w3id.org/bb5kbc/site_58_geom", "name": " (data:site_58_geom)", "dateprops": [], "properties": {"http://rdfs.org/ns/void#inDataset.value": "3727"}, "geometry": {"type": "Point", "coordinates": [13.91, 52.1]}}, {"type": "Feature", "id": "http://w3id.org/bb5kbc/site_9_geom", "name": " (data:site_9_geom)", "dateprops": [], "properties": {"http://rdfs.org/ns/void#inDataset.value": "3727"}, "geometry": {"type": "Point", "coordinates": [11.29, 51.82]}}, {"type": "Feature", "id": "http://w3id.org/bb5kbc/site_218_geom", "name": " (data:site_218_geom)", "dateprops": [], "properties": {"http://rdfs.org/ns/void#inDataset.value": "3727"}, "geometry": {"type": "Point", "coordinates": [18.92, 52.6]}}, {"type": "Feature", "id": "http://w3id.org/bb5kbc/site_246_geom", "name": " (data:site_246_geom)", "dateprops": [], "properties": {"http://rdfs.org/ns/void#inDataset.value": "3727"}, "geometry": {"type": "Point", "coordinates": [15.56, 52.45]}}, {"type": "Feature", "id": "http://w3id.org/bb5kbc/site_341_geom", "name": " (data:site_341_geom)", "dateprops": [], "properties": {"http://rdfs.org/ns/void#inDataset.value": "3727"}, "geometry": {"type": "Point", "coordinates": [13.13, 52.61]}}, {"type": "Feature", "id": "http://w3id.org/bb5kbc/site_556_geom", "name": " (data:site_556_geom)", "dateprops": [], "properties": {"http://rdfs.org/ns/void#inDataset.value": "3727"}, "geometry": {"type": "Point", "coordinates": [14.44, 53.42]}}, {"type": "Feature", "id": "http://w3id.org/bb5kbc/site_131_geom", "name": " (data:site_131_geom)", "dateprops": [], "properties": {"http://rdfs.org/ns/void#inDataset.value": "3727"}, "geometry": {"type": "Point", "coordinates": [16.02, 51.68]}}, {"type": "Feature", "id": "http://w3id.org/bb5kbc/site_116_geom", "name": " (data:site_116_geom)", "dateprops": [], "properties": {"http://rdfs.org/ns/void#inDataset.value": "3727"}, "geometry": {"type": "Point", "coordinates": [15.14, 52.83]}}, {"type": "Feature", "id": "http://w3id.org/bb5kbc/site_460_geom", "name": " (data:site_460_geom)", "dateprops": [], "properties": {"http://rdfs.org/ns/void#inDataset.value": "3727"}, "geometry": {"type": "Point", "coordinates": [13.14, 52.23]}}, {"type": "Feature", "id": "http://w3id.org/bb5kbc/site_582_geom", "name": " (data:site_582_geom)", "dateprops": [], "properties": {"http://rdfs.org/ns/void#inDataset.value": "3727"}, "geometry": {"type": "Point", "coordinates": [12.32, 52.76]}}, {"type": "Feature", "id": "http://w3id.org/bb5kbc/site_142_geom", "name": " (data:site_142_geom)", "dateprops": [], "properties": {"http://rdfs.org/ns/void#inDataset.value": "3727"}, "geometry": {"type": "Point", "coordinates": [16.16, 51.63]}}, {"type": "Feature", "id": "http://w3id.org/bb5kbc/site_434_geom", "name": " (data:site_434_geom)", "dateprops": [], "properties": {"http://rdfs.org/ns/void#inDataset.value": "3727"}, "geometry": {"type": "Point", "coordinates": [11.5, 53.1]}}, {"type": "Feature", "id": "http://w3id.org/bb5kbc/site_252_geom", "name": " (data:site_252_geom)", "dateprops": [], "properties": {"http://rdfs.org/ns/void#inDataset.value": "3727"}, "geometry": {"type": "Point", "coordinates": [14.06, 52.78]}}, {"type": "Feature", "id": "http://w3id.org/bb5kbc/site_483_geom", "name": " (data:site_483_geom)", "dateprops": [], "properties": {"http://rdfs.org/ns/void#inDataset.value": "3727"}, "geometry": {"type": "Point", "coordinates": [13.62, 53.39]}}, {"type": "Feature", "id": "http://w3id.org/bb5kbc/site_480_geom", "name": " (data:site_480_geom)", "dateprops": [], "properties": {"http://rdfs.org/ns/void#inDataset.value": "3727"}, "geometry": {"type": "Point", "coordinates": [13.6, 53.4]}}, {"type": "Feature", "id": "http://w3id.org/bb5kbc/site_443_geom", "name": " (data:site_443_geom)", "dateprops": [], "properties": {"http://rdfs.org/ns/void#inDataset.value": "3727"}, "geometry": {"type": "Point", "coordinates": [14.23, 51.64]}}, {"type": "Feature", "id": "http://w3id.org/bb5kbc/site_88_geom", "name": " (data:site_88_geom)", "dateprops": [], "properties": {"http://rdfs.org/ns/void#inDataset.value": "3727"}, "geometry": {"type": "Point", "coordinates": [14.53, 51.37]}}, {"type": "Feature", "id": "http://w3id.org/bb5kbc/site_254_geom", "name": " (data:site_254_geom)", "dateprops": [], "properties": {"http://rdfs.org/ns/void#inDataset.value": "3727"}, "geometry": {"type": "Point", "coordinates": [13.94, 53.22]}}, {"type": "Feature", "id": "http://w3id.org/bb5kbc/site_412_geom", "name": " (data:site_412_geom)", "dateprops": [], "properties": {"http://rdfs.org/ns/void#inDataset.value": "3727"}, "geometry": {"type": "Point", "coordinates": [12.98, 52.37]}}, {"type": "Feature", "id": "http://w3id.org/bb5kbc/site_79_geom", "name": " (data:site_79_geom)", "dateprops": [], "properties": {"http://rdfs.org/ns/void#inDataset.value": "3727"}, "geometry": {"type": "Point", "coordinates": [14.33, 52.61]}}, {"type": "Feature", "id": "http://w3id.org/bb5kbc/site_192_geom", "name": " (data:site_192_geom)", "dateprops": [], "properties": {"http://rdfs.org/ns/void#inDataset.value": "3727"}, "geometry": {"type": "Point", "coordinates": [18.79, 52.64]}}, {"type": "Feature", "id": "http://w3id.org/bb5kbc/site_449_geom", "name": " (data:site_449_geom)", "dateprops": [], "properties": {"http://rdfs.org/ns/void#inDataset.value": "3727"}, "geometry": {"type": "Point", "coordinates": [13.34, 52.16]}}, {"type": "Feature", "id": "http://w3id.org/bb5kbc/site_522_geom", "name": " (data:site_522_geom)", "dateprops": [], "properties": {"http://rdfs.org/ns/void#inDataset.value": "3727"}, "geometry": {"type": "Point", "coordinates": [17.51, 52.89]}}, {"type": "Feature", "id": "http://w3id.org/bb5kbc/site_248_geom", "name": " (data:site_248_geom)", "dateprops": [], "properties": {"http://rdfs.org/ns/void#inDataset.value": "3727"}, "geometry": {"type": "Point", "coordinates": [16.92, 52.37]}}, {"type": "Feature", "id": "http://w3id.org/bb5kbc/site_491_geom", "name": " (data:site_491_geom)", "dateprops": [], "properties": {"http://rdfs.org/ns/void#inDataset.value": "3727"}, "geometry": {"type": "Point", "coordinates": [13.3, 53.22]}}, {"type": "Feature", "id": "http://w3id.org/bb5kbc/site_302_geom", "name": " (data:site_302_geom)", "dateprops": [], "properties": {"http://rdfs.org/ns/void#inDataset.value": "3727"}, "geometry": {"type": "Point", "coordinates": [12.99, 52.48]}}, {"type": "Feature", "id": "http://w3id.org/bb5kbc/site_562_geom", "name": " (data:site_562_geom)", "dateprops": [], "properties": {"http://rdfs.org/ns/void#inDataset.value": "3727"}, "geometry": {"type": "Point", "coordinates": [14.46, 53.44]}}, {"type": "Feature", "id": "http://w3id.org/bb5kbc/site_411_geom", "name": " (data:site_411_geom)", "dateprops": [], "properties": {"http://rdfs.org/ns/void#inDataset.value": "3727"}, "geometry": {"type": "Point", "coordinates": [12.96, 52.36]}}, {"type": "Feature", "id": "http://w3id.org/bb5kbc/site_494_geom", "name": " (data:site_494_geom)", "dateprops": [], "properties": {"http://rdfs.org/ns/void#inDataset.value": "3727"}, "geometry": {"type": "Point", "coordinates": [14.04, 53.19]}}, {"type": "Feature", "id": "http://w3id.org/bb5kbc/site_194_geom", "name": " (data:site_194_geom)", "dateprops": [], "properties": {"http://rdfs.org/ns/void#inDataset.value": "3727"}, "geometry": {"type": "Point", "coordinates": [18.8, 52.63]}}, {"type": "Feature", "id": "http://w3id.org/bb5kbc/site_125_geom", "name": " (data:site_125_geom)", "dateprops": [], "properties": {"http://rdfs.org/ns/void#inDataset.value": "3727"}, "geometry": {"type": "Point", "coordinates": [15.79, 52.1]}}, {"type": "Feature", "id": "http://w3id.org/bb5kbc/site_14_geom", "name": " (data:site_14_geom)", "dateprops": [], "properties": {"http://rdfs.org/ns/void#inDataset.value": "3727"}, "geometry": {"type": "Point", "coordinates": [11.56, 51.5]}}, {"type": "Feature", "id": "http://w3id.org/bb5kbc/site_373_geom", "name": " (data:site_373_geom)", "dateprops": [], "properties": {"http://rdfs.org/ns/void#inDataset.value": "3727"}, "geometry": {"type": "Point", "coordinates": [12.49, 52.92]}}, {"type": "Feature", "id": "http://w3id.org/bb5kbc/site_290_geom", "name": " (data:site_290_geom)", "dateprops": [], "properties": {"http://rdfs.org/ns/void#inDataset.value": "3727"}, "geometry": {"type": "Point", "coordinates": [13.93, 52.83]}}, {"type": "Feature", "id": "http://w3id.org/bb5kbc/site_486_geom", "name": " (data:site_486_geom)", "dateprops": [], "properties": {"http://rdfs.org/ns/void#inDataset.value": "3727"}, "geometry": {"type": "Point", "coordinates": [13.53, 53.14]}}, {"type": "Feature", "id": "http://w3id.org/bb5kbc/site_489_geom", "name": " (data:site_489_geom)", "dateprops": [], "properties": {"http://rdfs.org/ns/void#inDataset.value": "3727"}, "geometry": {"type": "Point", "coordinates": [13.54, 53.09]}}, {"type": "Feature", "id": "http://w3id.org/bb5kbc/site_2_geom", "name": " (data:site_2_geom)", "dateprops": [], "properties": {"http://rdfs.org/ns/void#inDataset.value": "3727"}, "geometry": {"type": "Point", "coordinates": [10.66, 50.98]}}, {"type": "Feature", "id": "http://w3id.org/bb5kbc/site_379_geom", "name": " (data:site_379_geom)", "dateprops": [], "properties": {"http://rdfs.org/ns/void#inDataset.value": "3727"}, "geometry": {"type": "Point", "coordinates": [12.46, 52.89]}}, {"type": "Feature", "id": "http://w3id.org/bb5kbc/site_524_geom", "name": " (data:site_524_geom)", "dateprops": [], "properties": {"http://rdfs.org/ns/void#inDataset.value": "3727"}, "geometry": {"type": "Point", "coordinates": [18.22, 52.68]}}, {"type": "Feature", "id": "http://w3id.org/bb5kbc/site_182_geom", "name": " (data:site_182_geom)", "dateprops": [], "properties": {"http://rdfs.org/ns/void#inDataset.value": "3727"}, "geometry": {"type": "Point", "coordinates": [18.73, 52.6]}}, {"type": "Feature", "id": "http://w3id.org/bb5kbc/site_490_geom", "name": " (data:site_490_geom)", "dateprops": [], "properties": {"http://rdfs.org/ns/void#inDataset.value": "3727"}, "geometry": {"type": "Point", "coordinates": [14.28, 53.05]}}, {"type": "Feature", "id": "http://w3id.org/bb5kbc/site_402_geom", "name": " (data:site_402_geom)", "dateprops": [], "properties": {"http://rdfs.org/ns/void#inDataset.value": "3727"}, "geometry": {"type": "Point", "coordinates": [13.05, 52.39]}}, {"type": "Feature", "id": "http://w3id.org/bb5kbc/site_322_geom", "name": " (data:site_322_geom)", "dateprops": [], "properties": {"http://rdfs.org/ns/void#inDataset.value": "3727"}, "geometry": {"type": "Point", "coordinates": [13.89, 52.09]}}, {"type": "Feature", "id": "http://w3id.org/bb5kbc/site_289_geom", "name": " (data:site_289_geom)", "dateprops": [], "properties": {"http://rdfs.org/ns/void#inDataset.value": "3727"}, "geometry": {"type": "Point", "coordinates": [12.95, 52.44]}}, {"type": "Feature", "id": "http://w3id.org/bb5kbc/site_361_geom", "name": " (data:site_361_geom)", "dateprops": [], "properties": {"http://rdfs.org/ns/void#inDataset.value": "3727"}, "geometry": {"type": "Point", "coordinates": [13.25, 53.01]}}, {"type": "Feature", "id": "http://w3id.org/bb5kbc/site_498_geom", "name": " (data:site_498_geom)", "dateprops": [], "properties": {"http://rdfs.org/ns/void#inDataset.value": "3727"}, "geometry": {"type": "Point", "coordinates": [14.12, 53.36]}}, {"type": "Feature", "id": "http://w3id.org/bb5kbc/site_531_geom", "name": " (data:site_531_geom)", "dateprops": [], "properties": {"http://rdfs.org/ns/void#inDataset.value": "3727"}, "geometry": {"type": "Point", "coordinates": [18.31, 52.74]}}, {"type": "Feature", "id": "http://w3id.org/bb5kbc/site_587_geom", "name": " (data:site_587_geom)", "dateprops": [], "properties": {"http://rdfs.org/ns/void#inDataset.value": "3727"}, "geometry": {"type": "Point", "coordinates": [13.96, 53.28]}}, {"type": "Feature", "id": "http://w3id.org/bb5kbc/site_43_geom", "name": " (data:site_43_geom)", "dateprops": [], "properties": {"http://rdfs.org/ns/void#inDataset.value": "3727"}, "geometry": {"type": "Point", "coordinates": [13.09, 51.97]}}, {"type": "Feature", "id": "http://w3id.org/bb5kbc/site_177_geom", "name": " (data:site_177_geom)", "dateprops": [], "properties": {"http://rdfs.org/ns/void#inDataset.value": "3727"}, "geometry": {"type": "Point", "coordinates": [18.65, 53.91]}}, {"type": "Feature", "id": "http://w3id.org/bb5kbc/site_152_geom", "name": " (data:site_152_geom)", "dateprops": [], "properties": {"http://rdfs.org/ns/void#inDataset.value": "3727"}, "geometry": {"type": "Point", "coordinates": [16.72, 52.07]}}, {"type": "Feature", "id": "http://w3id.org/bb5kbc/site_356_geom", "name": " (data:site_356_geom)", "dateprops": [], "properties": {"http://rdfs.org/ns/void#inDataset.value": "3727"}, "geometry": {"type": "Point", "coordinates": [13.17, 52.86]}}, {"type": "Feature", "id": "http://w3id.org/bb5kbc/site_145_geom", "name": " (data:site_145_geom)", "dateprops": [], "properties": {"http://rdfs.org/ns/void#inDataset.value": "3727"}, "geometry": {"type": "Point", "coordinates": [16.31, 51.09]}}, {"type": "Feature", "id": "http://w3id.org/bb5kbc/site_431_geom", "name": " (data:site_431_geom)", "dateprops": [], "properties": {"http://rdfs.org/ns/void#inDataset.value": "3727"}, "geometry": {"type": "Point", "coordinates": [11.97, 53.05]}}, {"type": "Feature", "id": "http://w3id.org/bb5kbc/site_275_geom", "name": " (data:site_275_geom)", "dateprops": [], "properties": {"http://rdfs.org/ns/void#inDataset.value": "3727"}, "geometry": {"type": "Point", "coordinates": [12.95, 52.56]}}, {"type": "Feature", "id": "http://w3id.org/bb5kbc/site_534_geom", "name": " (data:site_534_geom)", "dateprops": [], "properties": {"http://rdfs.org/ns/void#inDataset.value": "3727"}, "geometry": {"type": "Point", "coordinates": [18.87, 52.41]}}, {"type": "Feature", "id": "http://w3id.org/bb5kbc/site_274_geom", "name": " (data:site_274_geom)", "dateprops": [], "properties": {"http://rdfs.org/ns/void#inDataset.value": "3727"}, "geometry": {"type": "Point", "coordinates": [13.69, 52.37]}}, {"type": "Feature", "id": "http://w3id.org/bb5kbc/site_338_geom", "name": " (data:site_338_geom)", "dateprops": [], "properties": {"http://rdfs.org/ns/void#inDataset.value": "3727"}, "geometry": {"type": "Point", "coordinates": [12.34, 52.6]}}, {"type": "Feature", "id": "http://w3id.org/bb5kbc/site_60_geom", "name": " (data:site_60_geom)", "dateprops": [], "properties": {"http://rdfs.org/ns/void#inDataset.value": "3727"}, "geometry": {"type": "Point", "coordinates": [13.93, 51.91]}}, {"type": "Feature", "id": "http://w3id.org/bb5kbc/site_339_geom", "name": " (data:site_339_geom)", "dateprops": [], "properties": {"http://rdfs.org/ns/void#inDataset.value": "3727"}, "geometry": {"type": "Point", "coordinates": [12.31, 52.61]}}, {"type": "Feature", "id": "http://w3id.org/bb5kbc/site_303_geom", "name": " (data:site_303_geom)", "dateprops": [], "properties": {"http://rdfs.org/ns/void#inDataset.value": "3727"}, "geometry": {"type": "Point", "coordinates": [13.96, 53.43]}}, {"type": "Feature", "id": "http://w3id.org/bb5kbc/site_500_geom", "name": " (data:site_500_geom)", "dateprops": [], "properties": {"http://rdfs.org/ns/void#inDataset.value": "3727"}, "geometry": {"type": "Point", "coordinates": [13.53, 52.99]}}, {"type": "Feature", "id": "http://w3id.org/bb5kbc/site_465_geom", "name": " (data:site_465_geom)", "dateprops": [], "properties": {"http://rdfs.org/ns/void#inDataset.value": "3727"}, "geometry": {"type": "Point", "coordinates": [14.05, 53.02]}}, {"type": "Feature", "id": "http://w3id.org/bb5kbc/site_90_geom", "name": " (data:site_90_geom)", "dateprops": [], "properties": {"http://rdfs.org/ns/void#inDataset.value": "3727"}, "geometry": {"type": "Point", "coordinates": [14.54, 51.81]}}, {"type": "Feature", "id": "http://w3id.org/bb5kbc/site_150_geom", "name": " (data:site_150_geom)", "dateprops": [], "properties": {"http://rdfs.org/ns/void#inDataset.value": "3727"}, "geometry": {"type": "Point", "coordinates": [16.54, 51.67]}}, {"type": "Feature", "id": "http://w3id.org/bb5kbc/site_40_geom", "name": " (data:site_40_geom)", "dateprops": [], "properties": {"http://rdfs.org/ns/void#inDataset.value": "3727"}, "geometry": {"type": "Point", "coordinates": [13.08, 51.96]}}, {"type": "Feature", "id": "http://w3id.org/bb5kbc/site_271_geom", "name": " (data:site_271_geom)", "dateprops": [], "properties": {"http://rdfs.org/ns/void#inDataset.value": "3727"}, "geometry": {"type": "Point", "coordinates": [12.76, 52.53]}}, {"type": "Feature", "id": "http://w3id.org/bb5kbc/site_329_geom", "name": " (data:site_329_geom)", "dateprops": [], "properties": {"http://rdfs.org/ns/void#inDataset.value": "3727"}, "geometry": {"type": "Point", "coordinates": [13.39, 51.66]}}, {"type": "Feature", "id": "http://w3id.org/bb5kbc/site_247_geom", "name": " (data:site_247_geom)", "dateprops": [], "properties": {"http://rdfs.org/ns/void#inDataset.value": "3727"}, "geometry": {"type": "Point", "coordinates": [16.92, 52.38]}}, {"type": "Feature", "id": "http://w3id.org/bb5kbc/site_514_geom", "name": " (data:site_514_geom)", "dateprops": [], "properties": {"http://rdfs.org/ns/void#inDataset.value": "3727"}, "geometry": {"type": "Point", "coordinates": [18.54, 52.61]}}, {"type": "Feature", "id": "http://w3id.org/bb5kbc/site_523_geom", "name": " (data:site_523_geom)", "dateprops": [], "properties": {"http://rdfs.org/ns/void#inDataset.value": "3727"}, "geometry": {"type": "Point", "coordinates": [17.75, 52.74]}}, {"type": "Feature", "id": "http://w3id.org/bb5kbc/site_171_geom", "name": " (data:site_171_geom)", "dateprops": [], "properties": {"http://rdfs.org/ns/void#inDataset.value": "3727"}, "geometry": {"type": "Point", "coordinates": [17.84, 50.3]}}, {"type": "Feature", "id": "http://w3id.org/bb5kbc/site_236_geom", "name": " (data:site_236_geom)", "dateprops": [], "properties": {"http://rdfs.org/ns/void#inDataset.value": "3727"}, "geometry": {"type": "Point", "coordinates": [14.47, 53.43]}}, {"type": "Feature", "id": "http://w3id.org/bb5kbc/site_183_geom", "name": " (data:site_183_geom)", "dateprops": [], "properties": {"http://rdfs.org/ns/void#inDataset.value": "3727"}, "geometry": {"type": "Point", "coordinates": [18.73, 52.6]}}, {"type": "Feature", "id": "http://w3id.org/bb5kbc/site_511_geom", "name": " (data:site_511_geom)", "dateprops": [], "properties": {"http://rdfs.org/ns/void#inDataset.value": "3727"}, "geometry": {"type": "Point", "coordinates": [18.26, 52.74]}}, {"type": "Feature", "id": "http://w3id.org/bb5kbc/site_216_geom", "name": " (data:site_216_geom)", "dateprops": [], "properties": {"http://rdfs.org/ns/void#inDataset.value": "3727"}, "geometry": {"type": "Point", "coordinates": [18.92, 52.61]}}, {"type": "Feature", "id": "http://w3id.org/bb5kbc/site_427_geom", "name": " (data:site_427_geom)", "dateprops": [], "properties": {"http://rdfs.org/ns/void#inDataset.value": "3727"}, "geometry": {"type": "Point", "coordinates": [12.97, 52.23]}}, {"type": "Feature", "id": "http://w3id.org/bb5kbc/site_344_geom", "name": " (data:site_344_geom)", "dateprops": [], "properties": {"http://rdfs.org/ns/void#inDataset.value": "3727"}, "geometry": {"type": "Point", "coordinates": [12.24, 52.74]}}, {"type": "Feature", "id": "http://w3id.org/bb5kbc/site_586_geom", "name": " (data:site_586_geom)", "dateprops": [], "properties": {"http://rdfs.org/ns/void#inDataset.value": "3727"}, "geometry": {"type": "Point", "coordinates": [14.12, 53.33]}}, {"type": "Feature", "id": "http://w3id.org/bb5kbc/site_510_geom", "name": " (data:site_510_geom)", "dateprops": [], "properties": {"http://rdfs.org/ns/void#inDataset.value": "3727"}, "geometry": {"type": "Point", "coordinates": [12.52, 52.75]}}, {"type": "Feature", "id": "http://w3id.org/bb5kbc/site_48_geom", "name": " (data:site_48_geom)", "dateprops": [], "properties": {"http://rdfs.org/ns/void#inDataset.value": "3727"}, "geometry": {"type": "Point", "coordinates": [13.46, 52.33]}}, {"type": "Feature", "id": "http://w3id.org/bb5kbc/site_546_geom", "name": " (data:site_546_geom)", "dateprops": [], "properties": {"http://rdfs.org/ns/void#inDataset.value": "3727"}, "geometry": {"type": "Point", "coordinates": [18.1, 52.77]}}, {"type": "Feature", "id": "http://w3id.org/bb5kbc/site_227_geom", "name": " (data:site_227_geom)", "dateprops": [], "properties": {"http://rdfs.org/ns/void#inDataset.value": "3727"}, "geometry": {"type": "Point", "coordinates": [19.0, 52.57]}}, {"type": "Feature", "id": "http://w3id.org/bb5kbc/site_496_geom", "name": " (data:site_496_geom)", "dateprops": [], "properties": {"http://rdfs.org/ns/void#inDataset.value": "3727"}, "geometry": {"type": "Point", "coordinates": [14.09, 53.38]}}, {"type": "Feature", "id": "http://w3id.org/bb5kbc/site_99_geom", "name": " (data:site_99_geom)", "dateprops": [], "properties": {"http://rdfs.org/ns/void#inDataset.value": "3727"}, "geometry": {"type": "Point", "coordinates": [14.78, 51.84]}}, {"type": "Feature", "id": "http://w3id.org/bb5kbc/site_242_geom", "name": " (data:site_242_geom)", "dateprops": [], "properties": {"http://rdfs.org/ns/void#inDataset.value": "3727"}, "geometry": {"type": "Point", "coordinates": [21.23, 54.19]}}, {"type": "Feature", "id": "http://w3id.org/bb5kbc/site_477_geom", "name": " (data:site_477_geom)", "dateprops": [], "properties": {"http://rdfs.org/ns/void#inDataset.value": "3727"}, "geometry": {"type": "Point", "coordinates": [14.08, 53.11]}}, {"type": "Feature", "id": "http://w3id.org/bb5kbc/site_334_geom", "name": " (data:site_334_geom)", "dateprops": [], "properties": {"http://rdfs.org/ns/void#inDataset.value": "3727"}, "geometry": {"type": "Point", "coordinates": [13.1, 52.6]}}, {"type": "Feature", "id": "http://w3id.org/bb5kbc/site_15_geom", "name": " (data:site_15_geom)", "dateprops": [], "properties": {"http://rdfs.org/ns/void#inDataset.value": "3727"}, "geometry": {"type": "Point", "coordinates": [11.56, 52.24]}}, {"type": "Feature", "id": "http://w3id.org/bb5kbc/site_46_geom", "name": " (data:site_46_geom)", "dateprops": [], "properties": {"http://rdfs.org/ns/void#inDataset.value": "3727"}, "geometry": {"type": "Point", "coordinates": [13.09, 51.96]}}, {"type": "Feature", "id": "http://w3id.org/bb5kbc/site_585_geom", "name": " (data:site_585_geom)", "dateprops": [], "properties": {"http://rdfs.org/ns/void#inDataset.value": "3727"}, "geometry": {"type": "Point", "coordinates": [13.83, 53.32]}}, {"type": "Feature", "id": "http://w3id.org/bb5kbc/site_453_geom", "name": " (data:site_453_geom)", "dateprops": [], "properties": {"http://rdfs.org/ns/void#inDataset.value": "3727"}, "geometry": {"type": "Point", "coordinates": [13.39, 52.14]}}, {"type": "Feature", "id": "http://w3id.org/bb5kbc/site_264_geom", "name": " (data:site_264_geom)", "dateprops": [], "properties": {"http://rdfs.org/ns/void#inDataset.value": "3727"}, "geometry": {"type": "Point", "coordinates": [14.14, 53.08]}}, {"type": "Feature", "id": "http://w3id.org/bb5kbc/site_280_geom", "name": " (data:site_280_geom)", "dateprops": [], "properties": {"http://rdfs.org/ns/void#inDataset.value": "3727"}, "geometry": {"type": "Point", "coordinates": [13.95, 53.23]}}, {"type": "Feature", "id": "http://w3id.org/bb5kbc/site_189_geom", "name": " (data:site_189_geom)", "dateprops": [], "properties": {"http://rdfs.org/ns/void#inDataset.value": "3727"}, "geometry": {"type": "Point", "coordinates": [18.78, 52.64]}}, {"type": "Feature", "id": "http://w3id.org/bb5kbc/site_536_geom", "name": " (data:site_536_geom)", "dateprops": [], "properties": {"http://rdfs.org/ns/void#inDataset.value": "3727"}, "geometry": {"type": "Point", "coordinates": [18.76, 52.47]}}, {"type": "Feature", "id": "http://w3id.org/bb5kbc/site_408_geom", "name": " (data:site_408_geom)", "dateprops": [], "properties": {"http://rdfs.org/ns/void#inDataset.value": "3727"}, "geometry": {"type": "Point", "coordinates": [12.93, 52.42]}}, {"type": "Feature", "id": "http://w3id.org/bb5kbc/site_119_geom", "name": " (data:site_119_geom)", "dateprops": [], "properties": {"http://rdfs.org/ns/void#inDataset.value": "3727"}, "geometry": {"type": "Point", "coordinates": [15.53, 52.44]}}, {"type": "Feature", "id": "http://w3id.org/bb5kbc/site_537_geom", "name": " (data:site_537_geom)", "dateprops": [], "properties": {"http://rdfs.org/ns/void#inDataset.value": "3727"}, "geometry": {"type": "Point", "coordinates": [17.51, 53.07]}}, {"type": "Feature", "id": "http://w3id.org/bb5kbc/site_97_geom", "name": " (data:site_97_geom)", "dateprops": [], "properties": {"http://rdfs.org/ns/void#inDataset.value": "3727"}, "geometry": {"type": "Point", "coordinates": [14.75, 51.8]}}, {"type": "Feature", "id": "http://w3id.org/bb5kbc/site_428_geom", "name": " (data:site_428_geom)", "dateprops": [], "properties": {"http://rdfs.org/ns/void#inDataset.value": "3727"}, "geometry": {"type": "Point", "coordinates": [11.85, 53.23]}}, {"type": "Feature", "id": "http://w3id.org/bb5kbc/site_23_geom", "name": " (data:site_23_geom)", "dateprops": [], "properties": {"http://rdfs.org/ns/void#inDataset.value": "3727"}, "geometry": {"type": "Point", "coordinates": [11.93, 51.61]}}, {"type": "Feature", "id": "http://w3id.org/bb5kbc/site_281_geom", "name": " (data:site_281_geom)", "dateprops": [], "properties": {"http://rdfs.org/ns/void#inDataset.value": "3727"}, "geometry": {"type": "Point", "coordinates": [12.91, 52.6]}}, {"type": "Feature", "id": "http://w3id.org/bb5kbc/site_530_geom", "name": " (data:site_530_geom)", "dateprops": [], "properties": {"http://rdfs.org/ns/void#inDataset.value": "3727"}, "geometry": {"type": "Point", "coordinates": [18.25, 52.69]}}, {"type": "Feature", "id": "http://w3id.org/bb5kbc/site_450_geom", "name": " (data:site_450_geom)", "dateprops": [], "properties": {"http://rdfs.org/ns/void#inDataset.value": "3727"}, "geometry": {"type": "Point", "coordinates": [13.44, 52.18]}}, {"type": "Feature", "id": "http://w3id.org/bb5kbc/site_70_geom", "name": " (data:site_70_geom)", "dateprops": [], "properties": {"http://rdfs.org/ns/void#inDataset.value": "3727"}, "geometry": {"type": "Point", "coordinates": [14.08, 53.12]}}, {"type": "Feature", "id": "http://w3id.org/bb5kbc/site_349_geom", "name": " (data:site_349_geom)", "dateprops": [], "properties": {"http://rdfs.org/ns/void#inDataset.value": "3727"}, "geometry": {"type": "Point", "coordinates": [12.36, 52.77]}}, {"type": "Feature", "id": "http://w3id.org/bb5kbc/site_535_geom", "name": " (data:site_535_geom)", "dateprops": [], "properties": {"http://rdfs.org/ns/void#inDataset.value": "3727"}, "geometry": {"type": "Point", "coordinates": [18.62, 52.67]}}, {"type": "Feature", "id": "http://w3id.org/bb5kbc/site_198_geom", "name": " (data:site_198_geom)", "dateprops": [], "properties": {"http://rdfs.org/ns/void#inDataset.value": "3727"}, "geometry": {"type": "Point", "coordinates": [18.81, 52.63]}}, {"type": "Feature", "id": "http://w3id.org/bb5kbc/site_278_geom", "name": " (data:site_278_geom)", "dateprops": [], "properties": {"http://rdfs.org/ns/void#inDataset.value": "3727"}, "geometry": {"type": "Point", "coordinates": [12.96, 52.58]}}, {"type": "Feature", "id": "http://w3id.org/bb5kbc/site_45_geom", "name": " (data:site_45_geom)", "dateprops": [], "properties": {"http://rdfs.org/ns/void#inDataset.value": "3727"}, "geometry": {"type": "Point", "coordinates": [13.09, 51.96]}}, {"type": "Feature", "id": "http://w3id.org/bb5kbc/site_262_geom", "name": " (data:site_262_geom)", "dateprops": [], "properties": {"http://rdfs.org/ns/void#inDataset.value": "3727"}, "geometry": {"type": "Point", "coordinates": [14.09, 52.13]}}, {"type": "Feature", "id": "http://w3id.org/bb5kbc/site_273_geom", "name": " (data:site_273_geom)", "dateprops": [], "properties": {"http://rdfs.org/ns/void#inDataset.value": "3727"}, "geometry": {"type": "Point", "coordinates": [12.72, 52.53]}}, {"type": "Feature", "id": "http://w3id.org/bb5kbc/site_416_geom", "name": " (data:site_416_geom)", "dateprops": [], "properties": {"http://rdfs.org/ns/void#inDataset.value": "3727"}, "geometry": {"type": "Point", "coordinates": [12.63, 52.42]}}, {"type": "Feature", "id": "http://w3id.org/bb5kbc/site_210_geom", "name": " (data:site_210_geom)", "dateprops": [], "properties": {"http://rdfs.org/ns/void#inDataset.value": "3727"}, "geometry": {"type": "Point", "coordinates": [18.9, 52.62]}}, {"type": "Feature", "id": "http://w3id.org/bb5kbc/site_589_geom", "name": " (data:site_589_geom)", "dateprops": [], "properties": {"http://rdfs.org/ns/void#inDataset.value": "3727"}, "geometry": {"type": "Point", "coordinates": [12.35, 52.76]}}, {"type": "Feature", "id": "http://w3id.org/bb5kbc/site_140_geom", "name": " (data:site_140_geom)", "dateprops": [], "properties": {"http://rdfs.org/ns/void#inDataset.value": "3727"}, "geometry": {"type": "Point", "coordinates": [16.16, 51.08]}}, {"type": "Feature", "id": "http://w3id.org/bb5kbc/site_362_geom", "name": " (data:site_362_geom)", "dateprops": [], "properties": {"http://rdfs.org/ns/void#inDataset.value": "3727"}, "geometry": {"type": "Point", "coordinates": [13.19, 52.75]}}, {"type": "Feature", "id": "http://w3id.org/bb5kbc/site_175_geom", "name": " (data:site_175_geom)", "dateprops": [], "properties": {"http://rdfs.org/ns/void#inDataset.value": "3727"}, "geometry": {"type": "Point", "coordinates": [18.61, 53.19]}}, {"type": "Feature", "id": "http://w3id.org/bb5kbc/site_19_geom", "name": " (data:site_19_geom)", "dateprops": [], "properties": {"http://rdfs.org/ns/void#inDataset.value": "3727"}, "geometry": {"type": "Point", "coordinates": [11.71, 51.16]}}, {"type": "Feature", "id": "http://w3id.org/bb5kbc/site_24_geom", "name": " (data:site_24_geom)", "dateprops": [], "properties": {"http://rdfs.org/ns/void#inDataset.value": "3727"}, "geometry": {"type": "Point", "coordinates": [11.97, 51.4]}}, {"type": "Feature", "id": "http://w3id.org/bb5kbc/site_501_geom", "name": " (data:site_501_geom)", "dateprops": [], "properties": {"http://rdfs.org/ns/void#inDataset.value": "3727"}, "geometry": {"type": "Point", "coordinates": [14.08, 53.0]}}, {"type": "Feature", "id": "http://w3id.org/bb5kbc/site_357_geom", "name": " (data:site_357_geom)", "dateprops": [], "properties": {"http://rdfs.org/ns/void#inDataset.value": "3727"}, "geometry": {"type": "Point", "coordinates": [13.36, 53.02]}}, {"type": "Feature", "id": "http://w3id.org/bb5kbc/site_345_geom", "name": " (data:site_345_geom)", "dateprops": [], "properties": {"http://rdfs.org/ns/void#inDataset.value": "3727"}, "geometry": {"type": "Point", "coordinates": [12.33, 52.8]}}, {"type": "Feature", "id": "http://w3id.org/bb5kbc/site_249_geom", "name": " (data:site_249_geom)", "dateprops": [], "properties": {"http://rdfs.org/ns/void#inDataset.value": "3727"}, "geometry": {"type": "Point", "coordinates": [17.98, 52.74]}}, {"type": "Feature", "id": "http://w3id.org/bb5kbc/site_38_geom", "name": " (data:site_38_geom)", "dateprops": [], "properties": {"http://rdfs.org/ns/void#inDataset.value": "3727"}, "geometry": {"type": "Point", "coordinates": [13.07, 51.96]}}, {"type": "Feature", "id": "http://w3id.org/bb5kbc/site_467_geom", "name": " (data:site_467_geom)", "dateprops": [], "properties": {"http://rdfs.org/ns/void#inDataset.value": "3727"}, "geometry": {"type": "Point", "coordinates": [14.12, 53.04]}}, {"type": "Feature", "id": "http://w3id.org/bb5kbc/site_188_geom", "name": " (data:site_188_geom)", "dateprops": [], "properties": {"http://rdfs.org/ns/void#inDataset.value": "3727"}, "geometry": {"type": "Point", "coordinates": [18.78, 52.63]}}, {"type": "Feature", "id": "http://w3id.org/bb5kbc/site_267_geom", "name": " (data:site_267_geom)", "dateprops": [], "properties": {"http://rdfs.org/ns/void#inDataset.value": "3727"}, "geometry": {"type": "Point", "coordinates": [13.87, 53.3]}}, {"type": "Feature", "id": "http://w3id.org/bb5kbc/site_318_geom", "name": " (data:site_318_geom)", "dateprops": [], "properties": {"http://rdfs.org/ns/void#inDataset.value": "3727"}, "geometry": {"type": "Point", "coordinates": [13.59, 52.37]}}, {"type": "Feature", "id": "http://w3id.org/bb5kbc/site_126_geom", "name": " (data:site_126_geom)", "dateprops": [], "properties": {"http://rdfs.org/ns/void#inDataset.value": "3727"}, "geometry": {"type": "Point", "coordinates": [15.82, 51.73]}}, {"type": "Feature", "id": "http://w3id.org/bb5kbc/site_168_geom", "name": " (data:site_168_geom)", "dateprops": [], "properties": {"http://rdfs.org/ns/void#inDataset.value": "3727"}, "geometry": {"type": "Point", "coordinates": [17.27, 50.81]}}, {"type": "Feature", "id": "http://w3id.org/bb5kbc/site_419_geom", "name": " (data:site_419_geom)", "dateprops": [], "properties": {"http://rdfs.org/ns/void#inDataset.value": "3727"}, "geometry": {"type": "Point", "coordinates": [12.93, 52.33]}}, {"type": "Feature", "id": "http://w3id.org/bb5kbc/site_554_geom", "name": " (data:site_554_geom)", "dateprops": [], "properties": {"http://rdfs.org/ns/void#inDataset.value": "3727"}, "geometry": {"type": "Point", "coordinates": [14.52, 53.39]}}, {"type": "Feature", "id": "http://w3id.org/bb5kbc/site_430_geom", "name": " (data:site_430_geom)", "dateprops": [], "properties": {"http://rdfs.org/ns/void#inDataset.value": "3727"}, "geometry": {"type": "Point", "coordinates": [12.03, 53.24]}}, {"type": "Feature", "id": "http://w3id.org/bb5kbc/site_563_geom", "name": " (data:site_563_geom)", "dateprops": [], "properties": {"http://rdfs.org/ns/void#inDataset.value": "3727"}, "geometry": {"type": "Point", "coordinates": [13.89, 52.1]}}, {"type": "Feature", "id": "http://w3id.org/bb5kbc/site_65_geom", "name": " (data:site_65_geom)", "dateprops": [], "properties": {"http://rdfs.org/ns/void#inDataset.value": "3727"}, "geometry": {"type": "Point", "coordinates": [13.97, 53.18]}}, {"type": "Feature", "id": "http://w3id.org/bb5kbc/site_77_geom", "name": " (data:site_77_geom)", "dateprops": [], "properties": {"http://rdfs.org/ns/void#inDataset.value": "3727"}, "geometry": {"type": "Point", "coordinates": [14.2, 52.09]}}, {"type": "Feature", "id": "http://w3id.org/bb5kbc/site_288_geom", "name": " (data:site_288_geom)", "dateprops": [], "properties": {"http://rdfs.org/ns/void#inDataset.value": "3727"}, "geometry": {"type": "Point", "coordinates": [12.78, 52.54]}}, {"type": "Feature", "id": "http://w3id.org/bb5kbc/site_342_geom", "name": " (data:site_342_geom)", "dateprops": [], "properties": {"http://rdfs.org/ns/void#inDataset.value": "3727"}, "geometry": {"type": "Point", "coordinates": [12.27, 52.59]}}, {"type": "Feature", "id": "http://w3id.org/bb5kbc/site_478_geom", "name": " (data:site_478_geom)", "dateprops": [], "properties": {"http://rdfs.org/ns/void#inDataset.value": "3727"}, "geometry": {"type": "Point", "coordinates": [14.44, 53.27]}}, {"type": "Feature", "id": "http://w3id.org/bb5kbc/site_529_geom", "name": " (data:site_529_geom)", "dateprops": [], "properties": {"http://rdfs.org/ns/void#inDataset.value": "3727"}, "geometry": {"type": "Point", "coordinates": [18.28, 52.64]}}, {"type": "Feature", "id": "http://w3id.org/bb5kbc/site_101_geom", "name": " (data:site_101_geom)", "dateprops": [], "properties": {"http://rdfs.org/ns/void#inDataset.value": "3727"}, "geometry": {"type": "Point", "coordinates": [14.82, 51.86]}}, {"type": "Feature", "id": "http://w3id.org/bb5kbc/site_233_geom", "name": " (data:site_233_geom)", "dateprops": [], "properties": {"http://rdfs.org/ns/void#inDataset.value": "3727"}, "geometry": {"type": "Point", "coordinates": [14.53, 52.34]}}, {"type": "Feature", "id": "http://w3id.org/bb5kbc/site_197_geom", "name": " (data:site_197_geom)", "dateprops": [], "properties": {"http://rdfs.org/ns/void#inDataset.value": "3727"}, "geometry": {"type": "Point", "coordinates": [18.81, 52.62]}}, {"type": "Feature", "id": "http://w3id.org/bb5kbc/site_555_geom", "name": " (data:site_555_geom)", "dateprops": [], "properties": {"http://rdfs.org/ns/void#inDataset.value": "3727"}, "geometry": {"type": "Point", "coordinates": [14.49, 53.38]}}, {"type": "Feature", "id": "http://w3id.org/bb5kbc/site_532_geom", "name": " (data:site_532_geom)", "dateprops": [], "properties": {"http://rdfs.org/ns/void#inDataset.value": "3727"}, "geometry": {"type": "Point", "coordinates": [18.31, 52.74]}}, {"type": "Feature", "id": "http://w3id.org/bb5kbc/site_25_geom", "name": " (data:site_25_geom)", "dateprops": [], "properties": {"http://rdfs.org/ns/void#inDataset.value": "3727"}, "geometry": {"type": "Point", "coordinates": [12.01, 51.1]}}, {"type": "Feature", "id": "http://w3id.org/bb5kbc/site_333_geom", "name": " (data:site_333_geom)", "dateprops": [], "properties": {"http://rdfs.org/ns/void#inDataset.value": "3727"}, "geometry": {"type": "Point", "coordinates": [12.66, 52.74]}}, {"type": "Feature", "id": "http://w3id.org/bb5kbc/site_396_geom", "name": " (data:site_396_geom)", "dateprops": [], "properties": {"http://rdfs.org/ns/void#inDataset.value": "3727"}, "geometry": {"type": "Point", "coordinates": [12.3, 52.84]}}, {"type": "Feature", "id": "http://w3id.org/bb5kbc/site_66_geom", "name": " (data:site_66_geom)", "dateprops": [], "properties": {"http://rdfs.org/ns/void#inDataset.value": "3727"}, "geometry": {"type": "Point", "coordinates": [13.97, 53.05]}}, {"type": "Feature", "id": "http://w3id.org/bb5kbc/site_409_geom", "name": " (data:site_409_geom)", "dateprops": [], "properties": {"http://rdfs.org/ns/void#inDataset.value": "3727"}, "geometry": {"type": "Point", "coordinates": [13.09, 52.35]}}, {"type": "Feature", "id": "http://w3id.org/bb5kbc/site_487_geom", "name": " (data:site_487_geom)", "dateprops": [], "properties": {"http://rdfs.org/ns/void#inDataset.value": "3727"}, "geometry": {"type": "Point", "coordinates": [13.6, 53.15]}}, {"type": "Feature", "id": "http://w3id.org/bb5kbc/site_36_geom", "name": " (data:site_36_geom)", "dateprops": [], "properties": {"http://rdfs.org/ns/void#inDataset.value": "3727"}, "geometry": {"type": "Point", "coordinates": [13.03, 51.97]}}, {"type": "Feature", "id": "http://w3id.org/bb5kbc/site_185_geom", "name": " (data:site_185_geom)", "dateprops": [], "properties": {"http://rdfs.org/ns/void#inDataset.value": "3727"}, "geometry": {"type": "Point", "coordinates": [18.77, 52.64]}}, {"type": "Feature", "id": "http://w3id.org/bb5kbc/site_159_geom", "name": " (data:site_159_geom)", "dateprops": [], "properties": {"http://rdfs.org/ns/void#inDataset.value": "3727"}, "geometry": {"type": "Point", "coordinates": [16.87, 50.86]}}, {"type": "Feature", "id": "http://w3id.org/bb5kbc/site_206_geom", "name": " (data:site_206_geom)", "dateprops": [], "properties": {"http://rdfs.org/ns/void#inDataset.value": "3727"}, "geometry": {"type": "Point", "coordinates": [18.88, 52.64]}}, {"type": "Feature", "id": "http://w3id.org/bb5kbc/site_324_geom", "name": " (data:site_324_geom)", "dateprops": [], "properties": {"http://rdfs.org/ns/void#inDataset.value": "3727"}, "geometry": {"type": "Point", "coordinates": [13.63, 52.17]}}, {"type": "Feature", "id": "http://w3id.org/bb5kbc/site_21_geom", "name": " (data:site_21_geom)", "dateprops": [], "properties": {"http://rdfs.org/ns/void#inDataset.value": "3727"}, "geometry": {"type": "Point", "coordinates": [11.79, 52.11]}}, {"type": "Feature", "id": "http://w3id.org/bb5kbc/site_305_geom", "name": " (data:site_305_geom)", "dateprops": [], "properties": {"http://rdfs.org/ns/void#inDataset.value": "3727"}, "geometry": {"type": "Point", "coordinates": [13.65, 52.91]}}, {"type": "Feature", "id": "http://w3id.org/bb5kbc/site_234_geom", "name": " (data:site_234_geom)", "dateprops": [], "properties": {"http://rdfs.org/ns/void#inDataset.value": "3727"}, "geometry": {"type": "Point", "coordinates": [14.52, 52.35]}}, {"type": "Feature", "id": "http://w3id.org/bb5kbc/site_588_geom", "name": " (data:site_588_geom)", "dateprops": [], "properties": {"http://rdfs.org/ns/void#inDataset.value": "3727"}, "geometry": {"type": "Point", "coordinates": [13.83, 53.22]}}, {"type": "Feature", "id": "http://w3id.org/bb5kbc/site_67_geom", "name": " (data:site_67_geom)", "dateprops": [], "properties": {"http://rdfs.org/ns/void#inDataset.value": "3727"}, "geometry": {"type": "Point", "coordinates": [14.01, 53.0]}}, {"type": "Feature", "id": "http://w3id.org/bb5kbc/site_157_geom", "name": " (data:site_157_geom)", "dateprops": [], "properties": {"http://rdfs.org/ns/void#inDataset.value": "3727"}, "geometry": {"type": "Point", "coordinates": [16.84, 50.86]}}, {"type": "Feature", "id": "http://w3id.org/bb5kbc/site_160_geom", "name": " (data:site_160_geom)", "dateprops": [], "properties": {"http://rdfs.org/ns/void#inDataset.value": "3727"}, "geometry": {"type": "Point", "coordinates": [16.87, 50.86]}}, {"type": "Feature", "id": "http://w3id.org/bb5kbc/site_243_geom", "name": " (data:site_243_geom)", "dateprops": [], "properties": {"http://rdfs.org/ns/void#inDataset.value": "3727"}, "geometry": {"type": "Point", "coordinates": [14.8, 52.06]}}, {"type": "Feature", "id": "http://w3id.org/bb5kbc/site_10_geom", "name": " (data:site_10_geom)", "dateprops": [], "properties": {"http://rdfs.org/ns/void#inDataset.value": "3727"}, "geometry": {"type": "Point", "coordinates": [11.41, 50.93]}}, {"type": "Feature", "id": "http://w3id.org/bb5kbc/site_464_geom", "name": " (data:site_464_geom)", "dateprops": [], "properties": {"http://rdfs.org/ns/void#inDataset.value": "3727"}, "geometry": {"type": "Point", "coordinates": [14.01, 53.02]}}, {"type": "Feature", "id": "http://w3id.org/bb5kbc/site_359_geom", "name": " (data:site_359_geom)", "dateprops": [], "properties": {"http://rdfs.org/ns/void#inDataset.value": "3727"}, "geometry": {"type": "Point", "coordinates": [13.27, 52.69]}}, {"type": "Feature", "id": "http://w3id.org/bb5kbc/site_380_geom", "name": " (data:site_380_geom)", "dateprops": [], "properties": {"http://rdfs.org/ns/void#inDataset.value": "3727"}, "geometry": {"type": "Point", "coordinates": [12.48, 52.91]}}, {"type": "Feature", "id": "http://w3id.org/bb5kbc/site_394_geom", "name": " (data:site_394_geom)", "dateprops": [], "properties": {"http://rdfs.org/ns/void#inDataset.value": "3727"}, "geometry": {"type": "Point", "coordinates": [12.48, 52.91]}}, {"type": "Feature", "id": "http://w3id.org/bb5kbc/site_253_geom", "name": " (data:site_253_geom)", "dateprops": [], "properties": {"http://rdfs.org/ns/void#inDataset.value": "3727"}, "geometry": {"type": "Point", "coordinates": [14.3, 52.17]}}, {"type": "Feature", "id": "http://w3id.org/bb5kbc/site_208_geom", "name": " (data:site_208_geom)", "dateprops": [], "properties": {"http://rdfs.org/ns/void#inDataset.value": "3727"}, "geometry": {"type": "Point", "coordinates": [18.88, 52.65]}}, {"type": "Feature", "id": "http://w3id.org/bb5kbc/site_277_geom", "name": " (data:site_277_geom)", "dateprops": [], "properties": {"http://rdfs.org/ns/void#inDataset.value": "3727"}, "geometry": {"type": "Point", "coordinates": [12.96, 52.58]}}, {"type": "Feature", "id": "http://w3id.org/bb5kbc/site_78_geom", "name": " (data:site_78_geom)", "dateprops": [], "properties": {"http://rdfs.org/ns/void#inDataset.value": "3727"}, "geometry": {"type": "Point", "coordinates": [14.32, 52.86]}}, {"type": "Feature", "id": "http://w3id.org/bb5kbc/site_376_geom", "name": " (data:site_376_geom)", "dateprops": [], "properties": {"http://rdfs.org/ns/void#inDataset.value": "3727"}, "geometry": {"type": "Point", "coordinates": [12.41, 52.98]}}, {"type": "Feature", "id": "http://w3id.org/bb5kbc/site_241_geom", "name": " (data:site_241_geom)", "dateprops": [], "properties": {"http://rdfs.org/ns/void#inDataset.value": "3727"}, "geometry": {"type": "Point", "coordinates": [14.2, 52.09]}}, {"type": "Feature", "id": "http://w3id.org/bb5kbc/site_167_geom", "name": " (data:site_167_geom)", "dateprops": [], "properties": {"http://rdfs.org/ns/void#inDataset.value": "3727"}, "geometry": {"type": "Point", "coordinates": [17.2, 51.0]}}, {"type": "Feature", "id": "http://w3id.org/bb5kbc/site_286_geom", "name": " (data:site_286_geom)", "dateprops": [], "properties": {"http://rdfs.org/ns/void#inDataset.value": "3727"}, "geometry": {"type": "Point", "coordinates": [12.91, 52.74]}}, {"type": "Feature", "id": "http://w3id.org/bb5kbc/site_571_geom", "name": " (data:site_571_geom)", "dateprops": [], "properties": {"http://rdfs.org/ns/void#inDataset.value": "3727"}, "geometry": {"type": "Point", "coordinates": [13.89, 52.09]}}, {"type": "Feature", "id": "http://w3id.org/bb5kbc/site_425_geom", "name": " (data:site_425_geom)", "dateprops": [], "properties": {"http://rdfs.org/ns/void#inDataset.value": "3727"}, "geometry": {"type": "Point", "coordinates": [12.92, 52.42]}}, {"type": "Feature", "id": "http://w3id.org/bb5kbc/site_61_geom", "name": " (data:site_61_geom)", "dateprops": [], "properties": {"http://rdfs.org/ns/void#inDataset.value": "3727"}, "geometry": {"type": "Point", "coordinates": [13.93, 51.91]}}, {"type": "Feature", "id": "http://w3id.org/bb5kbc/site_31_geom", "name": " (data:site_31_geom)", "dateprops": [], "properties": {"http://rdfs.org/ns/void#inDataset.value": "3727"}, "geometry": {"type": "Point", "coordinates": [12.3, 51.24]}}, {"type": "Feature", "id": "http://w3id.org/bb5kbc/site_3_geom", "name": " (data:site_3_geom)", "dateprops": [], "properties": {"http://rdfs.org/ns/void#inDataset.value": "3727"}, "geometry": {"type": "Point", "coordinates": [10.66, 51.24]}}, {"type": "Feature", "id": "http://w3id.org/bb5kbc/site_438_geom", "name": " (data:site_438_geom)", "dateprops": [], "properties": {"http://rdfs.org/ns/void#inDataset.value": "3727"}, "geometry": {"type": "Point", "coordinates": [11.92, 53.12]}}, {"type": "Feature", "id": "http://w3id.org/bb5kbc/site_76_geom", "name": " (data:site_76_geom)", "dateprops": [], "properties": {"http://rdfs.org/ns/void#inDataset.value": "3727"}, "geometry": {"type": "Point", "coordinates": [14.2, 52.21]}}, {"type": "Feature", "id": "http://w3id.org/bb5kbc/site_98_geom", "name": " (data:site_98_geom)", "dateprops": [], "properties": {"http://rdfs.org/ns/void#inDataset.value": "3727"}, "geometry": {"type": "Point", "coordinates": [14.77, 51.85]}}, {"type": "Feature", "id": "http://w3id.org/bb5kbc/site_162_geom", "name": " (data:site_162_geom)", "dateprops": [], "properties": {"http://rdfs.org/ns/void#inDataset.value": "3727"}, "geometry": {"type": "Point", "coordinates": [16.95, 51.13]}}, {"type": "Feature", "id": "http://w3id.org/bb5kbc/site_461_geom", "name": " (data:site_461_geom)", "dateprops": [], "properties": {"http://rdfs.org/ns/void#inDataset.value": "3727"}, "geometry": {"type": "Point", "coordinates": [13.14, 52.24]}}, {"type": "Feature", "id": "http://w3id.org/bb5kbc/site_485_geom", "name": " (data:site_485_geom)", "dateprops": [], "properties": {"http://rdfs.org/ns/void#inDataset.value": "3727"}, "geometry": {"type": "Point", "coordinates": [14.28, 53.08]}}, {"type": "Feature", "id": "http://w3id.org/bb5kbc/site_404_geom", "name": " (data:site_404_geom)", "dateprops": [], "properties": {"http://rdfs.org/ns/void#inDataset.value": "3727"}, "geometry": {"type": "Point", "coordinates": [12.78, 52.31]}}, {"type": "Feature", "id": "http://w3id.org/bb5kbc/site_475_geom", "name": " (data:site_475_geom)", "dateprops": [], "properties": {"http://rdfs.org/ns/void#inDataset.value": "3727"}, "geometry": {"type": "Point", "coordinates": [14.14, 53.08]}}, {"type": "Feature", "id": "http://w3id.org/bb5kbc/site_544_geom", "name": " (data:site_544_geom)", "dateprops": [], "properties": {"http://rdfs.org/ns/void#inDataset.value": "3727"}, "geometry": {"type": "Point", "coordinates": [18.11, 52.75]}}, {"type": "Feature", "id": "http://w3id.org/bb5kbc/site_107_geom", "name": " (data:site_107_geom)", "dateprops": [], "properties": {"http://rdfs.org/ns/void#inDataset.value": "3727"}, "geometry": {"type": "Point", "coordinates": [14.9, 53.15]}}, {"type": "Feature", "id": "http://w3id.org/bb5kbc/site_239_geom", "name": " (data:site_239_geom)", "dateprops": [], "properties": {"http://rdfs.org/ns/void#inDataset.value": "3727"}, "geometry": {"type": "Point", "coordinates": [14.85, 53.2]}}, {"type": "Feature", "id": "http://w3id.org/bb5kbc/site_69_geom", "name": " (data:site_69_geom)", "dateprops": [], "properties": {"http://rdfs.org/ns/void#inDataset.value": "3727"}, "geometry": {"type": "Point", "coordinates": [14.02, 53.22]}}, {"type": "Feature", "id": "http://w3id.org/bb5kbc/site_399_geom", "name": " (data:site_399_geom)", "dateprops": [], "properties": {"http://rdfs.org/ns/void#inDataset.value": "3727"}, "geometry": {"type": "Point", "coordinates": [13.08, 52.38]}}, {"type": "Feature", "id": "http://w3id.org/bb5kbc/site_395_geom", "name": " (data:site_395_geom)", "dateprops": [], "properties": {"http://rdfs.org/ns/void#inDataset.value": "3727"}, "geometry": {"type": "Point", "coordinates": [12.85, 53.17]}}, {"type": "Feature", "id": "http://w3id.org/bb5kbc/site_214_geom", "name": " (data:site_214_geom)", "dateprops": [], "properties": {"http://rdfs.org/ns/void#inDataset.value": "3727"}, "geometry": {"type": "Point", "coordinates": [18.92, 52.61]}}, {"type": "Feature", "id": "http://w3id.org/bb5kbc/site_283_geom", "name": " (data:site_283_geom)", "dateprops": [], "properties": {"http://rdfs.org/ns/void#inDataset.value": "3727"}, "geometry": {"type": "Point", "coordinates": [12.39, 52.51]}}, {"type": "Feature", "id": "http://w3id.org/bb5kbc/site_179_geom", "name": " (data:site_179_geom)", "dateprops": [], "properties": {"http://rdfs.org/ns/void#inDataset.value": "3727"}, "geometry": {"type": "Point", "coordinates": [18.7, 53.2]}}, {"type": "Feature", "id": "http://w3id.org/bb5kbc/site_120_geom", "name": " (data:site_120_geom)", "dateprops": [], "properties": {"http://rdfs.org/ns/void#inDataset.value": "3727"}, "geometry": {"type": "Point", "coordinates": [15.54, 52.1]}}, {"type": "Feature", "id": "http://w3id.org/bb5kbc/site_176_geom", "name": " (data:site_176_geom)", "dateprops": [], "properties": {"http://rdfs.org/ns/void#inDataset.value": "3727"}, "geometry": {"type": "Point", "coordinates": [18.63, 53.77]}}, {"type": "Feature", "id": "http://w3id.org/bb5kbc/site_527_geom", "name": " (data:site_527_geom)", "dateprops": [], "properties": {"http://rdfs.org/ns/void#inDataset.value": "3727"}, "geometry": {"type": "Point", "coordinates": [18.56, 52.68]}}, {"type": "Feature", "id": "http://w3id.org/bb5kbc/site_35_geom", "name": " (data:site_35_geom)", "dateprops": [], "properties": {"http://rdfs.org/ns/void#inDataset.value": "3727"}, "geometry": {"type": "Point", "coordinates": [12.9, 51.67]}}, {"type": "Feature", "id": "http://w3id.org/bb5kbc/site_33_geom", "name": " (data:site_33_geom)", "dateprops": [], "properties": {"http://rdfs.org/ns/void#inDataset.value": "3727"}, "geometry": {"type": "Point", "coordinates": [12.54, 52.75]}}, {"type": "Feature", "id": "http://w3id.org/bb5kbc/site_180_geom", "name": " (data:site_180_geom)", "dateprops": [], "properties": {"http://rdfs.org/ns/void#inDataset.value": "3727"}, "geometry": {"type": "Point", "coordinates": [18.72, 52.67]}}, {"type": "Feature", "id": "http://w3id.org/bb5kbc/site_470_geom", "name": " (data:site_470_geom)", "dateprops": [], "properties": {"http://rdfs.org/ns/void#inDataset.value": "3727"}, "geometry": {"type": "Point", "coordinates": [14.18, 53.06]}}, {"type": "Feature", "id": "http://w3id.org/bb5kbc/site_260_geom", "name": " (data:site_260_geom)", "dateprops": [], "properties": {"http://rdfs.org/ns/void#inDataset.value": "3727"}, "geometry": {"type": "Point", "coordinates": [12.54, 52.75]}}, {"type": "Feature", "id": "http://w3id.org/bb5kbc/site_437_geom", "name": " (data:site_437_geom)", "dateprops": [], "properties": {"http://rdfs.org/ns/void#inDataset.value": "3727"}, "geometry": {"type": "Point", "coordinates": [11.77, 53.13]}}, {"type": "Feature", "id": "http://w3id.org/bb5kbc/site_482_geom", "name": " (data:site_482_geom)", "dateprops": [], "properties": {"http://rdfs.org/ns/void#inDataset.value": "3727"}, "geometry": {"type": "Point", "coordinates": [13.94, 53.35]}}, {"type": "Feature", "id": "http://w3id.org/bb5kbc/site_388_geom", "name": " (data:site_388_geom)", "dateprops": [], "properties": {"http://rdfs.org/ns/void#inDataset.value": "3727"}, "geometry": {"type": "Point", "coordinates": [12.89, 52.84]}}, {"type": "Feature", "id": "http://w3id.org/bb5kbc/site_377_geom", "name": " (data:site_377_geom)", "dateprops": [], "properties": {"http://rdfs.org/ns/void#inDataset.value": "3727"}, "geometry": {"type": "Point", "coordinates": [12.31, 52.87]}}, {"type": "Feature", "id": "http://w3id.org/bb5kbc/site_549_geom", "name": " (data:site_549_geom)", "dateprops": [], "properties": {"http://rdfs.org/ns/void#inDataset.value": "3727"}, "geometry": {"type": "Point", "coordinates": [19.01, 52.57]}}, {"type": "Feature", "id": "http://w3id.org/bb5kbc/site_212_geom", "name": " (data:site_212_geom)", "dateprops": [], "properties": {"http://rdfs.org/ns/void#inDataset.value": "3727"}, "geometry": {"type": "Point", "coordinates": [18.92, 52.61]}}, {"type": "Feature", "id": "http://w3id.org/bb5kbc/site_225_geom", "name": " (data:site_225_geom)", "dateprops": [], "properties": {"http://rdfs.org/ns/void#inDataset.value": "3727"}, "geometry": {"type": "Point", "coordinates": [18.98, 52.6]}}, {"type": "Feature", "id": "http://w3id.org/bb5kbc/site_503_geom", "name": " (data:site_503_geom)", "dateprops": [], "properties": {"http://rdfs.org/ns/void#inDataset.value": "3727"}, "geometry": {"type": "Point", "coordinates": [13.93, 53.31]}}, {"type": "Feature", "id": "http://w3id.org/bb5kbc/site_34_geom", "name": " (data:site_34_geom)", "dateprops": [], "properties": {"http://rdfs.org/ns/void#inDataset.value": "3727"}, "geometry": {"type": "Point", "coordinates": [12.54, 52.75]}}, {"type": "Feature", "id": "http://w3id.org/bb5kbc/site_538_geom", "name": " (data:site_538_geom)", "dateprops": [], "properties": {"http://rdfs.org/ns/void#inDataset.value": "3727"}, "geometry": {"type": "Point", "coordinates": [18.79, 52.89]}}, {"type": "Feature", "id": "http://w3id.org/bb5kbc/site_297_geom", "name": " (data:site_297_geom)", "dateprops": [], "properties": {"http://rdfs.org/ns/void#inDataset.value": "3727"}, "geometry": {"type": "Point", "coordinates": [12.79, 52.54]}}, {"type": "Feature", "id": "http://w3id.org/bb5kbc/site_502_geom", "name": " (data:site_502_geom)", "dateprops": [], "properties": {"http://rdfs.org/ns/void#inDataset.value": "3727"}, "geometry": {"type": "Point", "coordinates": [13.84, 53.25]}}, {"type": "Feature", "id": "http://w3id.org/bb5kbc/site_405_geom", "name": " (data:site_405_geom)", "dateprops": [], "properties": {"http://rdfs.org/ns/void#inDataset.value": "3727"}, "geometry": {"type": "Point", "coordinates": [12.49, 52.51]}}, {"type": "Feature", "id": "http://w3id.org/bb5kbc/site_50_geom", "name": " (data:site_50_geom)", "dateprops": [], "properties": {"http://rdfs.org/ns/void#inDataset.value": "3727"}, "geometry": {"type": "Point", "coordinates": [13.56, 52.25]}}, {"type": "Feature", "id": "http://w3id.org/bb5kbc/site_17_geom", "name": " (data:site_17_geom)", "dateprops": [], "properties": {"http://rdfs.org/ns/void#inDataset.value": "3727"}, "geometry": {"type": "Point", "coordinates": [11.68, 52.11]}}, {"type": "Feature", "id": "http://w3id.org/bb5kbc/site_392_geom", "name": " (data:site_392_geom)", "dateprops": [], "properties": {"http://rdfs.org/ns/void#inDataset.value": "3727"}, "geometry": {"type": "Point", "coordinates": [12.81, 53.02]}}, {"type": "Feature", "id": "http://w3id.org/bb5kbc/site_579_geom", "name": " (data:site_579_geom)", "dateprops": [], "properties": {"http://rdfs.org/ns/void#inDataset.value": "3727"}, "geometry": {"type": "Point", "coordinates": [13.07, 52.4]}}, {"type": "Feature", "id": "http://w3id.org/bb5kbc/site_207_geom", "name": " (data:site_207_geom)", "dateprops": [], "properties": {"http://rdfs.org/ns/void#inDataset.value": "3727"}, "geometry": {"type": "Point", "coordinates": [18.88, 52.61]}}, {"type": "Feature", "id": "http://w3id.org/bb5kbc/site_193_geom", "name": " (data:site_193_geom)", "dateprops": [], "properties": {"http://rdfs.org/ns/void#inDataset.value": "3727"}, "geometry": {"type": "Point", "coordinates": [18.8, 52.63]}}, {"type": "Feature", "id": "http://w3id.org/bb5kbc/site_211_geom", "name": " (data:site_211_geom)", "dateprops": [], "properties": {"http://rdfs.org/ns/void#inDataset.value": "3727"}, "geometry": {"type": "Point", "coordinates": [18.91, 52.61]}}, {"type": "Feature", "id": "http://w3id.org/bb5kbc/site_30_geom", "name": " (data:site_30_geom)", "dateprops": [], "properties": {"http://rdfs.org/ns/void#inDataset.value": "3727"}, "geometry": {"type": "Point", "coordinates": [12.14, 50.9]}}, {"type": "Feature", "id": "http://w3id.org/bb5kbc/site_139_geom", "name": " (data:site_139_geom)", "dateprops": [], "properties": {"http://rdfs.org/ns/void#inDataset.value": "3727"}, "geometry": {"type": "Point", "coordinates": [16.14, 51.65]}}, {"type": "Feature", "id": "http://w3id.org/bb5kbc/site_13_geom", "name": " (data:site_13_geom)", "dateprops": [], "properties": {"http://rdfs.org/ns/void#inDataset.value": "3727"}, "geometry": {"type": "Point", "coordinates": [11.54, 51.88]}}, {"type": "Feature", "id": "http://w3id.org/bb5kbc/site_337_geom", "name": " (data:site_337_geom)", "dateprops": [], "properties": {"http://rdfs.org/ns/void#inDataset.value": "3727"}, "geometry": {"type": "Point", "coordinates": [12.39, 52.8]}}, {"type": "Feature", "id": "http://w3id.org/bb5kbc/site_584_geom", "name": " (data:site_584_geom)", "dateprops": [], "properties": {"http://rdfs.org/ns/void#inDataset.value": "3727"}, "geometry": {"type": "Point", "coordinates": [13.06, 51.96]}}, {"type": "Feature", "id": "http://w3id.org/bb5kbc/site_8_geom", "name": " (data:site_8_geom)", "dateprops": [], "properties": {"http://rdfs.org/ns/void#inDataset.value": "3727"}, "geometry": {"type": "Point", "coordinates": [11.18, 51.81]}}, {"type": "Feature", "id": "http://w3id.org/bb5kbc/site_397_geom", "name": " (data:site_397_geom)", "dateprops": [], "properties": {"http://rdfs.org/ns/void#inDataset.value": "3727"}, "geometry": {"type": "Point", "coordinates": [12.74, 52.72]}}, {"type": "Feature", "id": "http://w3id.org/bb5kbc/site_184_geom", "name": " (data:site_184_geom)", "dateprops": [], "properties": {"http://rdfs.org/ns/void#inDataset.value": "3727"}, "geometry": {"type": "Point", "coordinates": [18.74, 52.59]}}, {"type": "Feature", "id": "http://w3id.org/bb5kbc/site_325_geom", "name": " (data:site_325_geom)", "dateprops": [], "properties": {"http://rdfs.org/ns/void#inDataset.value": "3727"}, "geometry": {"type": "Point", "coordinates": [13.58, 52.16]}}, {"type": "Feature", "id": "http://w3id.org/bb5kbc/site_32_geom", "name": " (data:site_32_geom)", "dateprops": [], "properties": {"http://rdfs.org/ns/void#inDataset.value": "3727"}, "geometry": {"type": "Point", "coordinates": [12.3, 52.59]}}, {"type": "Feature", "id": "http://w3id.org/bb5kbc/site_506_geom", "name": " (data:site_506_geom)", "dateprops": [], "properties": {"http://rdfs.org/ns/void#inDataset.value": "3727"}, "geometry": {"type": "Point", "coordinates": [14.19, 52.04]}}, {"type": "Feature", "id": "http://w3id.org/bb5kbc/site_285_geom", "name": " (data:site_285_geom)", "dateprops": [], "properties": {"http://rdfs.org/ns/void#inDataset.value": "3727"}, "geometry": {"type": "Point", "coordinates": [13.56, 51.44]}}, {"type": "Feature", "id": "http://w3id.org/bb5kbc/site_385_geom", "name": " (data:site_385_geom)", "dateprops": [], "properties": {"http://rdfs.org/ns/void#inDataset.value": "3727"}, "geometry": {"type": "Point", "coordinates": [12.63, 52.87]}}, {"type": "Feature", "id": "http://w3id.org/bb5kbc/site_251_geom", "name": " (data:site_251_geom)", "dateprops": [], "properties": {"http://rdfs.org/ns/void#inDataset.value": "3727"}, "geometry": {"type": "Point", "coordinates": [14.09, 52.77]}}, {"type": "Feature", "id": "http://w3id.org/bb5kbc/site_436_geom", "name": " (data:site_436_geom)", "dateprops": [], "properties": {"http://rdfs.org/ns/void#inDataset.value": "3727"}, "geometry": {"type": "Point", "coordinates": [11.82, 53.03]}}, {"type": "Feature", "id": "http://w3id.org/bb5kbc/site_136_geom", "name": " (data:site_136_geom)", "dateprops": [], "properties": {"http://rdfs.org/ns/void#inDataset.value": "3727"}, "geometry": {"type": "Point", "coordinates": [16.11, 51.65]}}, {"type": "Feature", "id": "http://w3id.org/bb5kbc/site_561_geom", "name": " (data:site_561_geom)", "dateprops": [], "properties": {"http://rdfs.org/ns/void#inDataset.value": "3727"}, "geometry": {"type": "Point", "coordinates": [14.46, 53.41]}}, {"type": "Feature", "id": "http://w3id.org/bb5kbc/site_201_geom", "name": " (data:site_201_geom)", "dateprops": [], "properties": {"http://rdfs.org/ns/void#inDataset.value": "3727"}, "geometry": {"type": "Point", "coordinates": [18.82, 52.62]}}, {"type": "Feature", "id": "http://w3id.org/bb5kbc/site_559_geom", "name": " (data:site_559_geom)", "dateprops": [], "properties": {"http://rdfs.org/ns/void#inDataset.value": "3727"}, "geometry": {"type": "Point", "coordinates": [14.49, 53.35]}}, {"type": "Feature", "id": "http://w3id.org/bb5kbc/site_155_geom", "name": " (data:site_155_geom)", "dateprops": [], "properties": {"http://rdfs.org/ns/void#inDataset.value": "3727"}, "geometry": {"type": "Point", "coordinates": [16.8, 50.9]}}, {"type": "Feature", "id": "http://w3id.org/bb5kbc/site_47_geom", "name": " (data:site_47_geom)", "dateprops": [], "properties": {"http://rdfs.org/ns/void#inDataset.value": "3727"}, "geometry": {"type": "Point", "coordinates": [13.14, 52.26]}}, {"type": "Feature", "id": "http://w3id.org/bb5kbc/site_232_geom", "name": " (data:site_232_geom)", "dateprops": [], "properties": {"http://rdfs.org/ns/void#inDataset.value": "3727"}, "geometry": {"type": "Point", "coordinates": [14.54, 52.34]}}, {"type": "Feature", "id": "http://w3id.org/bb5kbc/site_423_geom", "name": " (data:site_423_geom)", "dateprops": [], "properties": {"http://rdfs.org/ns/void#inDataset.value": "3727"}, "geometry": {"type": "Point", "coordinates": [13.06, 52.3]}}, {"type": "Feature", "id": "http://w3id.org/bb5kbc/site_580_geom", "name": " (data:site_580_geom)", "dateprops": [], "properties": {"http://rdfs.org/ns/void#inDataset.value": "3727"}, "geometry": {"type": "Point", "coordinates": [13.07, 52.4]}}, {"type": "Feature", "id": "http://w3id.org/bb5kbc/site_504_geom", "name": " (data:site_504_geom)", "dateprops": [], "properties": {"http://rdfs.org/ns/void#inDataset.value": "3727"}, "geometry": {"type": "Point", "coordinates": [12.9, 52.66]}}, {"type": "Feature", "id": "http://w3id.org/bb5kbc/site_12_geom", "name": " (data:site_12_geom)", "dateprops": [], "properties": {"http://rdfs.org/ns/void#inDataset.value": "3727"}, "geometry": {"type": "Point", "coordinates": [11.5, 51.27]}}, {"type": "Feature", "id": "http://w3id.org/bb5kbc/site_526_geom", "name": " (data:site_526_geom)", "dateprops": [], "properties": {"http://rdfs.org/ns/void#inDataset.value": "3727"}, "geometry": {"type": "Point", "coordinates": [18.25, 52.74]}}, {"type": "Feature", "id": "http://w3id.org/bb5kbc/site_440_geom", "name": " (data:site_440_geom)", "dateprops": [], "properties": {"http://rdfs.org/ns/void#inDataset.value": "3727"}, "geometry": {"type": "Point", "coordinates": [11.83, 52.97]}}, {"type": "Feature", "id": "http://w3id.org/bb5kbc/site_343_geom", "name": " (data:site_343_geom)", "dateprops": [], "properties": {"http://rdfs.org/ns/void#inDataset.value": "3727"}, "geometry": {"type": "Point", "coordinates": [13.07, 52.63]}}, {"type": "Feature", "id": "http://w3id.org/bb5kbc/site_355_geom", "name": " (data:site_355_geom)", "dateprops": [], "properties": {"http://rdfs.org/ns/void#inDataset.value": "3727"}, "geometry": {"type": "Point", "coordinates": [13.05, 52.79]}}, {"type": "Feature", "id": "http://w3id.org/bb5kbc/site_581_geom", "name": " (data:site_581_geom)", "dateprops": [], "properties": {"http://rdfs.org/ns/void#inDataset.value": "3727"}, "geometry": {"type": "Point", "coordinates": [14.05, 52.41]}}, {"type": "Feature", "id": "http://w3id.org/bb5kbc/site_418_geom", "name": " (data:site_418_geom)", "dateprops": [], "properties": {"http://rdfs.org/ns/void#inDataset.value": "3727"}, "geometry": {"type": "Point", "coordinates": [12.96, 52.46]}}, {"type": "Feature", "id": "http://w3id.org/bb5kbc/site_209_geom", "name": " (data:site_209_geom)", "dateprops": [], "properties": {"http://rdfs.org/ns/void#inDataset.value": "3727"}, "geometry": {"type": "Point", "coordinates": [18.89, 52.65]}}, {"type": "Feature", "id": "http://w3id.org/bb5kbc/site_83_geom", "name": " (data:site_83_geom)", "dateprops": [], "properties": {"http://rdfs.org/ns/void#inDataset.value": "3727"}, "geometry": {"type": "Point", "coordinates": [14.46, 52.44]}}, {"type": "Feature", "id": "http://w3id.org/bb5kbc/site_499_geom", "name": " (data:site_499_geom)", "dateprops": [], "properties": {"http://rdfs.org/ns/void#inDataset.value": "3727"}, "geometry": {"type": "Point", "coordinates": [13.82, 53.3]}}, {"type": "Feature", "id": "http://w3id.org/bb5kbc/site_266_geom", "name": " (data:site_266_geom)", "dateprops": [], "properties": {"http://rdfs.org/ns/void#inDataset.value": "3727"}, "geometry": {"type": "Point", "coordinates": [13.09, 52.36]}}, {"type": "Feature", "id": "http://w3id.org/bb5kbc/site_321_geom", "name": " (data:site_321_geom)", "dateprops": [], "properties": {"http://rdfs.org/ns/void#inDataset.value": "3727"}, "geometry": {"type": "Point", "coordinates": [13.55, 52.27]}}, {"type": "Feature", "id": "http://w3id.org/bb5kbc/site_565_geom", "name": " (data:site_565_geom)", "dateprops": [], "properties": {"http://rdfs.org/ns/void#inDataset.value": "3727"}, "geometry": {"type": "Point", "coordinates": [12.35, 52.76]}}, {"type": "Feature", "id": "http://w3id.org/bb5kbc/site_156_geom", "name": " (data:site_156_geom)", "dateprops": [], "properties": {"http://rdfs.org/ns/void#inDataset.value": "3727"}, "geometry": {"type": "Point", "coordinates": [16.83, 50.99]}}, {"type": "Feature", "id": "http://w3id.org/bb5kbc/site_284_geom", "name": " (data:site_284_geom)", "dateprops": [], "properties": {"http://rdfs.org/ns/void#inDataset.value": "3727"}, "geometry": {"type": "Point", "coordinates": [12.97, 52.55]}}, {"type": "Feature", "id": "http://w3id.org/bb5kbc/site_217_geom", "name": " (data:site_217_geom)", "dateprops": [], "properties": {"http://rdfs.org/ns/void#inDataset.value": "3727"}, "geometry": {"type": "Point", "coordinates": [18.92, 52.59]}}, {"type": "Feature", "id": "http://w3id.org/bb5kbc/site_263_geom", "name": " (data:site_263_geom)", "dateprops": [], "properties": {"http://rdfs.org/ns/void#inDataset.value": "3727"}, "geometry": {"type": "Point", "coordinates": [12.88, 52.62]}}, {"type": "Feature", "id": "http://w3id.org/bb5kbc/site_439_geom", "name": " (data:site_439_geom)", "dateprops": [], "properties": {"http://rdfs.org/ns/void#inDataset.value": "3727"}, "geometry": {"type": "Point", "coordinates": [12.01, 53.18]}}, {"type": "Feature", "id": "http://w3id.org/bb5kbc/site_317_geom", "name": " (data:site_317_geom)", "dateprops": [], "properties": {"http://rdfs.org/ns/void#inDataset.value": "3727"}, "geometry": {"type": "Point", "coordinates": [13.53, 52.28]}}, {"type": "Feature", "id": "http://w3id.org/bb5kbc/site_352_geom", "name": " (data:site_352_geom)", "dateprops": [], "properties": {"http://rdfs.org/ns/void#inDataset.value": "3727"}, "geometry": {"type": "Point", "coordinates": [13.41, 52.95]}}, {"type": "Feature", "id": "http://w3id.org/bb5kbc/site_433_geom", "name": " (data:site_433_geom)", "dateprops": [], "properties": {"http://rdfs.org/ns/void#inDataset.value": "3727"}, "geometry": {"type": "Point", "coordinates": [11.62, 53.07]}}, {"type": "Feature", "id": "http://w3id.org/bb5kbc/site_64_geom", "name": " (data:site_64_geom)", "dateprops": [], "properties": {"http://rdfs.org/ns/void#inDataset.value": "3727"}, "geometry": {"type": "Point", "coordinates": [13.96, 53.19]}}, {"type": "Feature", "id": "http://w3id.org/bb5kbc/site_89_geom", "name": " (data:site_89_geom)", "dateprops": [], "properties": {"http://rdfs.org/ns/void#inDataset.value": "3727"}, "geometry": {"type": "Point", "coordinates": [14.53, 51.37]}}, {"type": "Feature", "id": "http://w3id.org/bb5kbc/site_346_geom", "name": " (data:site_346_geom)", "dateprops": [], "properties": {"http://rdfs.org/ns/void#inDataset.value": "3727"}, "geometry": {"type": "Point", "coordinates": [12.63, 52.74]}}, {"type": "Feature", "id": "http://w3id.org/bb5kbc/site_282_geom", "name": " (data:site_282_geom)", "dateprops": [], "properties": {"http://rdfs.org/ns/void#inDataset.value": "3727"}, "geometry": {"type": "Point", "coordinates": [14.15, 53.4]}}, {"type": "Feature", "id": "http://w3id.org/bb5kbc/site_55_geom", "name": " (data:site_55_geom)", "dateprops": [], "properties": {"http://rdfs.org/ns/void#inDataset.value": "3727"}, "geometry": {"type": "Point", "coordinates": [13.88, 52.1]}}, {"type": "Feature", "id": "http://w3id.org/bb5kbc/site_354_geom", "name": " (data:site_354_geom)", "dateprops": [], "properties": {"http://rdfs.org/ns/void#inDataset.value": "3727"}, "geometry": {"type": "Point", "coordinates": [13.32, 52.95]}}, {"type": "Feature", "id": "http://w3id.org/bb5kbc/site_400_geom", "name": " (data:site_400_geom)", "dateprops": [], "properties": {"http://rdfs.org/ns/void#inDataset.value": "3727"}, "geometry": {"type": "Point", "coordinates": [13.09, 52.38]}}, {"type": "Feature", "id": "http://w3id.org/bb5kbc/site_459_geom", "name": " (data:site_459_geom)", "dateprops": [], "properties": {"http://rdfs.org/ns/void#inDataset.value": "3727"}, "geometry": {"type": "Point", "coordinates": [13.13, 52.24]}}, {"type": "Feature", "id": "http://w3id.org/bb5kbc/site_552_geom", "name": " (data:site_552_geom)", "dateprops": [], "properties": {"http://rdfs.org/ns/void#inDataset.value": "3727"}, "geometry": {"type": "Point", "coordinates": [14.53, 51.38]}}, {"type": "Feature", "id": "http://w3id.org/bb5kbc/site_158_geom", "name": " (data:site_158_geom)", "dateprops": [], "properties": {"http://rdfs.org/ns/void#inDataset.value": "3727"}, "geometry": {"type": "Point", "coordinates": [16.86, 50.96]}}, {"type": "Feature", "id": "http://w3id.org/bb5kbc/site_92_geom", "name": " (data:site_92_geom)", "dateprops": [], "properties": {"http://rdfs.org/ns/void#inDataset.value": "3727"}, "geometry": {"type": "Point", "coordinates": [14.54, 51.81]}}, {"type": "Feature", "id": "http://w3id.org/bb5kbc/site_364_geom", "name": " (data:site_364_geom)", "dateprops": [], "properties": {"http://rdfs.org/ns/void#inDataset.value": "3727"}, "geometry": {"type": "Point", "coordinates": [13.38, 52.94]}}, {"type": "Feature", "id": "http://w3id.org/bb5kbc/site_68_geom", "name": " (data:site_68_geom)", "dateprops": [], "properties": {"http://rdfs.org/ns/void#inDataset.value": "3727"}, "geometry": {"type": "Point", "coordinates": [14.02, 53.0]}}, {"type": "Feature", "id": "http://w3id.org/bb5kbc/site_53_geom", "name": " (data:site_53_geom)", "dateprops": [], "properties": {"http://rdfs.org/ns/void#inDataset.value": "3727"}, "geometry": {"type": "Point", "coordinates": [13.66, 51.85]}}, {"type": "Feature", "id": "http://w3id.org/bb5kbc/site_166_geom", "name": " (data:site_166_geom)", "dateprops": [], "properties": {"http://rdfs.org/ns/void#inDataset.value": "3727"}, "geometry": {"type": "Point", "coordinates": [17.19, 50.97]}}, {"type": "Feature", "id": "http://w3id.org/bb5kbc/site_96_geom", "name": " (data:site_96_geom)", "dateprops": [], "properties": {"http://rdfs.org/ns/void#inDataset.value": "3727"}, "geometry": {"type": "Point", "coordinates": [14.73, 53.14]}}, {"type": "Feature", "id": "http://w3id.org/bb5kbc/site_564_geom", "name": " (data:site_564_geom)", "dateprops": [], "properties": {"http://rdfs.org/ns/void#inDataset.value": "3727"}, "geometry": {"type": "Point", "coordinates": [13.94, 52.39]}}, {"type": "Feature", "id": "http://w3id.org/bb5kbc/site_444_geom", "name": " (data:site_444_geom)", "dateprops": [], "properties": {"http://rdfs.org/ns/void#inDataset.value": "3727"}, "geometry": {"type": "Point", "coordinates": [13.14, 52.24]}}, {"type": "Feature", "id": "http://w3id.org/bb5kbc/site_426_geom", "name": " (data:site_426_geom)", "dateprops": [], "properties": {"http://rdfs.org/ns/void#inDataset.value": "3727"}, "geometry": {"type": "Point", "coordinates": [13.21, 52.4]}}, {"type": "Feature", "id": "http://w3id.org/bb5kbc/site_447_geom", "name": " (data:site_447_geom)", "dateprops": [], "properties": {"http://rdfs.org/ns/void#inDataset.value": "3727"}, "geometry": {"type": "Point", "coordinates": [13.16, 52.28]}}, {"type": "Feature", "id": "http://w3id.org/bb5kbc/site_291_geom", "name": " (data:site_291_geom)", "dateprops": [], "properties": {"http://rdfs.org/ns/void#inDataset.value": "3727"}, "geometry": {"type": "Point", "coordinates": [12.92, 52.54]}}, {"type": "Feature", "id": "http://w3id.org/bb5kbc/site_287_geom", "name": " (data:site_287_geom)", "dateprops": [], "properties": {"http://rdfs.org/ns/void#inDataset.value": "3727"}, "geometry": {"type": "Point", "coordinates": [14.17, 53.03]}}, {"type": "Feature", "id": "http://w3id.org/bb5kbc/site_1_geom", "name": " (data:site_1_geom)", "dateprops": [], "properties": {"http://rdfs.org/ns/void#inDataset.value": "3727"}, "geometry": {"type": "Point", "coordinates": [10.58, 51.03]}}, {"type": "Feature", "id": "http://w3id.org/bb5kbc/site_187_geom", "name": " (data:site_187_geom)", "dateprops": [], "properties": {"http://rdfs.org/ns/void#inDataset.value": "3727"}, "geometry": {"type": "Point", "coordinates": [18.78, 52.59]}}, {"type": "Feature", "id": "http://w3id.org/bb5kbc/site_200_geom", "name": " (data:site_200_geom)", "dateprops": [], "properties": {"http://rdfs.org/ns/void#inDataset.value": "3727"}, "geometry": {"type": "Point", "coordinates": [18.82, 52.63]}}, {"type": "Feature", "id": "http://w3id.org/bb5kbc/site_29_geom", "name": " (data:site_29_geom)", "dateprops": [], "properties": {"http://rdfs.org/ns/void#inDataset.value": "3727"}, "geometry": {"type": "Point", "coordinates": [12.11, 51.63]}}, {"type": "Feature", "id": "http://w3id.org/bb5kbc/site_255_geom", "name": " (data:site_255_geom)", "dateprops": [], "properties": {"http://rdfs.org/ns/void#inDataset.value": "3727"}, "geometry": {"type": "Point", "coordinates": [13.01, 52.42]}}, {"type": "Feature", "id": "http://w3id.org/bb5kbc/site_381_geom", "name": " (data:site_381_geom)", "dateprops": [], "properties": {"http://rdfs.org/ns/void#inDataset.value": "3727"}, "geometry": {"type": "Point", "coordinates": [12.82, 53.02]}}, {"type": "Feature", "id": "http://w3id.org/bb5kbc/site_360_geom", "name": " (data:site_360_geom)", "dateprops": [], "properties": {"http://rdfs.org/ns/void#inDataset.value": "3727"}, "geometry": {"type": "Point", "coordinates": [13.31, 53.05]}}, {"type": "Feature", "id": "http://w3id.org/bb5kbc/site_84_geom", "name": " (data:site_84_geom)", "dateprops": [], "properties": {"http://rdfs.org/ns/void#inDataset.value": "3727"}, "geometry": {"type": "Point", "coordinates": [14.49, 52.38]}}, {"type": "Feature", "id": "http://w3id.org/bb5kbc/site_250_geom", "name": " (data:site_250_geom)", "dateprops": [], "properties": {"http://rdfs.org/ns/void#inDataset.value": "3727"}, "geometry": {"type": "Point", "coordinates": [12.88, 52.84]}}, {"type": "Feature", "id": "http://w3id.org/bb5kbc/site_382_geom", "name": " (data:site_382_geom)", "dateprops": [], "properties": {"http://rdfs.org/ns/void#inDataset.value": "3727"}, "geometry": {"type": "Point", "coordinates": [12.96, 52.92]}}, {"type": "Feature", "id": "http://w3id.org/bb5kbc/site_525_geom", "name": " (data:site_525_geom)", "dateprops": [], "properties": {"http://rdfs.org/ns/void#inDataset.value": "3727"}, "geometry": {"type": "Point", "coordinates": [18.23, 52.74]}}, {"type": "Feature", "id": "http://w3id.org/bb5kbc/site_82_geom", "name": " (data:site_82_geom)", "dateprops": [], "properties": {"http://rdfs.org/ns/void#inDataset.value": "3727"}, "geometry": {"type": "Point", "coordinates": [14.42, 51.8]}}, {"type": "Feature", "id": "http://w3id.org/bb5kbc/site_374_geom", "name": " (data:site_374_geom)", "dateprops": [], "properties": {"http://rdfs.org/ns/void#inDataset.value": "3727"}, "geometry": {"type": "Point", "coordinates": [12.22, 52.91]}}, {"type": "Feature", "id": "http://w3id.org/bb5kbc/site_163_geom", "name": " (data:site_163_geom)", "dateprops": [], "properties": {"http://rdfs.org/ns/void#inDataset.value": "3727"}, "geometry": {"type": "Point", "coordinates": [16.97, 51.11]}}, {"type": "Feature", "id": "http://w3id.org/bb5kbc/site_366_geom", "name": " (data:site_366_geom)", "dateprops": [], "properties": {"http://rdfs.org/ns/void#inDataset.value": "3727"}, "geometry": {"type": "Point", "coordinates": [14.04, 51.86]}}, {"type": "Feature", "id": "http://w3id.org/bb5kbc/site_422_geom", "name": " (data:site_422_geom)", "dateprops": [], "properties": {"http://rdfs.org/ns/void#inDataset.value": "3727"}, "geometry": {"type": "Point", "coordinates": [12.88, 52.12]}}, {"type": "Feature", "id": "http://w3id.org/bb5kbc/site_558_geom", "name": " (data:site_558_geom)", "dateprops": [], "properties": {"http://rdfs.org/ns/void#inDataset.value": "3727"}, "geometry": {"type": "Point", "coordinates": [14.44, 53.43]}}, {"type": "Feature", "id": "http://w3id.org/bb5kbc/site_414_geom", "name": " (data:site_414_geom)", "dateprops": [], "properties": {"http://rdfs.org/ns/void#inDataset.value": "3727"}, "geometry": {"type": "Point", "coordinates": [12.84, 52.39]}}, {"type": "Feature", "id": "http://w3id.org/bb5kbc/site_455_geom", "name": " (data:site_455_geom)", "dateprops": [], "properties": {"http://rdfs.org/ns/void#inDataset.value": "3727"}, "geometry": {"type": "Point", "coordinates": [13.47, 52.22]}}, {"type": "Feature", "id": "http://w3id.org/bb5kbc/site_387_geom", "name": " (data:site_387_geom)", "dateprops": [], "properties": {"http://rdfs.org/ns/void#inDataset.value": "3727"}, "geometry": {"type": "Point", "coordinates": [12.86, 53.17]}}, {"type": "Feature", "id": "http://w3id.org/bb5kbc/site_146_geom", "name": " (data:site_146_geom)", "dateprops": [], "properties": {"http://rdfs.org/ns/void#inDataset.value": "3727"}, "geometry": {"type": "Point", "coordinates": [16.43, 51.41]}}, {"type": "Feature", "id": "http://w3id.org/bb5kbc/site_517_geom", "name": " (data:site_517_geom)", "dateprops": [], "properties": {"http://rdfs.org/ns/void#inDataset.value": "3727"}, "geometry": {"type": "Point", "coordinates": [18.08, 52.79]}}, {"type": "Feature", "id": "http://w3id.org/bb5kbc/site_441_geom", "name": " (data:site_441_geom)", "dateprops": [], "properties": {"http://rdfs.org/ns/void#inDataset.value": "3727"}, "geometry": {"type": "Point", "coordinates": [11.83, 53.24]}}, {"type": "Feature", "id": "http://w3id.org/bb5kbc/site_462_geom", "name": " (data:site_462_geom)", "dateprops": [], "properties": {"http://rdfs.org/ns/void#inDataset.value": "3727"}, "geometry": {"type": "Point", "coordinates": [13.47, 52.31]}}, {"type": "Feature", "id": "http://w3id.org/bb5kbc/site_72_geom", "name": " (data:site_72_geom)", "dateprops": [], "properties": {"http://rdfs.org/ns/void#inDataset.value": "3727"}, "geometry": {"type": "Point", "coordinates": [14.17, 53.03]}}, {"type": "Feature", "id": "http://w3id.org/bb5kbc/site_149_geom", "name": " (data:site_149_geom)", "dateprops": [], "properties": {"http://rdfs.org/ns/void#inDataset.value": "3727"}, "geometry": {"type": "Point", "coordinates": [16.52, 51.7]}}, {"type": "Feature", "id": "http://w3id.org/bb5kbc/site_454_geom", "name": " (data:site_454_geom)", "dateprops": [], "properties": {"http://rdfs.org/ns/void#inDataset.value": "3727"}, "geometry": {"type": "Point", "coordinates": [13.52, 52.11]}}, {"type": "Feature", "id": "http://w3id.org/bb5kbc/site_226_geom", "name": " (data:site_226_geom)", "dateprops": [], "properties": {"http://rdfs.org/ns/void#inDataset.value": "3727"}, "geometry": {"type": "Point", "coordinates": [18.98, 52.6]}}, {"type": "Feature", "id": "http://w3id.org/bb5kbc/site_340_geom", "name": " (data:site_340_geom)", "dateprops": [], "properties": {"http://rdfs.org/ns/void#inDataset.value": "3727"}, "geometry": {"type": "Point", "coordinates": [12.23, 52.74]}}, {"type": "Feature", "id": "http://w3id.org/bb5kbc/site_327_geom", "name": " (data:site_327_geom)", "dateprops": [], "properties": {"http://rdfs.org/ns/void#inDataset.value": "3727"}, "geometry": {"type": "Point", "coordinates": [13.22, 51.83]}}, {"type": "Feature", "id": "http://w3id.org/bb5kbc/site_94_geom", "name": " (data:site_94_geom)", "dateprops": [], "properties": {"http://rdfs.org/ns/void#inDataset.value": "3727"}, "geometry": {"type": "Point", "coordinates": [14.74, 51.86]}}, {"type": "Feature", "id": "http://w3id.org/bb5kbc/site_224_geom", "name": " (data:site_224_geom)", "dateprops": [], "properties": {"http://rdfs.org/ns/void#inDataset.value": "3727"}, "geometry": {"type": "Point", "coordinates": [18.98, 52.6]}}, {"type": "Feature", "id": "http://w3id.org/bb5kbc/site_553_geom", "name": " (data:site_553_geom)", "dateprops": [], "properties": {"http://rdfs.org/ns/void#inDataset.value": "3727"}, "geometry": {"type": "Point", "coordinates": [14.46, 53.42]}}, {"type": "Feature", "id": "http://w3id.org/bb5kbc/site_18_geom", "name": " (data:site_18_geom)", "dateprops": [], "properties": {"http://rdfs.org/ns/void#inDataset.value": "3727"}, "geometry": {"type": "Point", "coordinates": [11.71, 51.79]}}, {"type": "Feature", "id": "http://w3id.org/bb5kbc/site_403_geom", "name": " (data:site_403_geom)", "dateprops": [], "properties": {"http://rdfs.org/ns/void#inDataset.value": "3727"}, "geometry": {"type": "Point", "coordinates": [13.07, 52.42]}}, {"type": "Feature", "id": "http://w3id.org/bb5kbc/site_310_geom", "name": " (data:site_310_geom)", "dateprops": [], "properties": {"http://rdfs.org/ns/void#inDataset.value": "3727"}, "geometry": {"type": "Point", "coordinates": [13.76, 52.22]}}, {"type": "Feature", "id": "http://w3id.org/bb5kbc/site_312_geom", "name": " (data:site_312_geom)", "dateprops": [], "properties": {"http://rdfs.org/ns/void#inDataset.value": "3727"}, "geometry": {"type": "Point", "coordinates": [13.53, 52.26]}}, {"type": "Feature", "id": "http://w3id.org/bb5kbc/site_365_geom", "name": " (data:site_365_geom)", "dateprops": [], "properties": {"http://rdfs.org/ns/void#inDataset.value": "3727"}, "geometry": {"type": "Point", "coordinates": [13.25, 52.75]}}, {"type": "Feature", "id": "http://w3id.org/bb5kbc/site_521_geom", "name": " (data:site_521_geom)", "dateprops": [], "properties": {"http://rdfs.org/ns/void#inDataset.value": "3727"}, "geometry": {"type": "Point", "coordinates": [18.27, 52.91]}}, {"type": "Feature", "id": "http://w3id.org/bb5kbc/site_370_geom", "name": " (data:site_370_geom)", "dateprops": [], "properties": {"http://rdfs.org/ns/void#inDataset.value": "3727"}, "geometry": {"type": "Point", "coordinates": [14.09, 52.33]}}, {"type": "Feature", "id": "http://w3id.org/bb5kbc/site_148_geom", "name": " (data:site_148_geom)", "dateprops": [], "properties": {"http://rdfs.org/ns/void#inDataset.value": "3727"}, "geometry": {"type": "Point", "coordinates": [16.52, 51.66]}}, {"type": "Feature", "id": "http://w3id.org/bb5kbc/site_313_geom", "name": " (data:site_313_geom)", "dateprops": [], "properties": {"http://rdfs.org/ns/void#inDataset.value": "3727"}, "geometry": {"type": "Point", "coordinates": [13.59, 52.37]}}, {"type": "Feature", "id": "http://w3id.org/bb5kbc/site_316_geom", "name": " (data:site_316_geom)", "dateprops": [], "properties": {"http://rdfs.org/ns/void#inDataset.value": "3727"}, "geometry": {"type": "Point", "coordinates": [13.72, 51.95]}}, {"type": "Feature", "id": "http://w3id.org/bb5kbc/site_547_geom", "name": " (data:site_547_geom)", "dateprops": [], "properties": {"http://rdfs.org/ns/void#inDataset.value": "3727"}, "geometry": {"type": "Point", "coordinates": [18.14, 52.86]}}, {"type": "Feature", "id": "http://w3id.org/bb5kbc/site_448_geom", "name": " (data:site_448_geom)", "dateprops": [], "properties": {"http://rdfs.org/ns/void#inDataset.value": "3727"}, "geometry": {"type": "Point", "coordinates": [13.16, 52.3]}}, {"type": "Feature", "id": "http://w3id.org/bb5kbc/site_59_geom", "name": " (data:site_59_geom)", "dateprops": [], "properties": {"http://rdfs.org/ns/void#inDataset.value": "3727"}, "geometry": {"type": "Point", "coordinates": [13.91, 52.1]}}, {"type": "Feature", "id": "http://w3id.org/bb5kbc/site_80_geom", "name": " (data:site_80_geom)", "dateprops": [], "properties": {"http://rdfs.org/ns/void#inDataset.value": "3727"}, "geometry": {"type": "Point", "coordinates": [14.38, 52.55]}}, {"type": "Feature", "id": "http://w3id.org/bb5kbc/site_323_geom", "name": " (data:site_323_geom)", "dateprops": [], "properties": {"http://rdfs.org/ns/void#inDataset.value": "3727"}, "geometry": {"type": "Point", "coordinates": [13.85, 52.03]}}, {"type": "Feature", "id": "http://w3id.org/bb5kbc/site_353_geom", "name": " (data:site_353_geom)", "dateprops": [], "properties": {"http://rdfs.org/ns/void#inDataset.value": "3727"}, "geometry": {"type": "Point", "coordinates": [13.25, 53.02]}}, {"type": "Feature", "id": "http://w3id.org/bb5kbc/site_93_geom", "name": " (data:site_93_geom)", "dateprops": [], "properties": {"http://rdfs.org/ns/void#inDataset.value": "3727"}, "geometry": {"type": "Point", "coordinates": [14.73, 51.96]}}, {"type": "Feature", "id": "http://w3id.org/bb5kbc/site_202_geom", "name": " (data:site_202_geom)", "dateprops": [], "properties": {"http://rdfs.org/ns/void#inDataset.value": "3727"}, "geometry": {"type": "Point", "coordinates": [18.82, 52.63]}}, {"type": "Feature", "id": "http://w3id.org/bb5kbc/site_144_geom", "name": " (data:site_144_geom)", "dateprops": [], "properties": {"http://rdfs.org/ns/void#inDataset.value": "3727"}, "geometry": {"type": "Point", "coordinates": [16.28, 51.71]}}, {"type": "Feature", "id": "http://w3id.org/bb5kbc/site_574_geom", "name": " (data:site_574_geom)", "dateprops": [], "properties": {"http://rdfs.org/ns/void#inDataset.value": "3727"}, "geometry": {"type": "Point", "coordinates": [13.88, 52.1]}}, {"type": "Feature", "id": "http://w3id.org/bb5kbc/site_230_geom", "name": " (data:site_230_geom)", "dateprops": [], "properties": {"http://rdfs.org/ns/void#inDataset.value": "3727"}, "geometry": {"type": "Point", "coordinates": [12.81, 52.46]}}, {"type": "Feature", "id": "http://w3id.org/bb5kbc/site_114_geom", "name": " (data:site_114_geom)", "dateprops": [], "properties": {"http://rdfs.org/ns/void#inDataset.value": "3727"}, "geometry": {"type": "Point", "coordinates": [15.12, 53.15]}}, {"type": "Feature", "id": "http://w3id.org/bb5kbc/site_141_geom", "name": " (data:site_141_geom)", "dateprops": [], "properties": {"http://rdfs.org/ns/void#inDataset.value": "3727"}, "geometry": {"type": "Point", "coordinates": [16.19, 51.66]}}, {"type": "Feature", "id": "http://w3id.org/bb5kbc/site_516_geom", "name": " (data:site_516_geom)", "dateprops": [], "properties": {"http://rdfs.org/ns/void#inDataset.value": "3727"}, "geometry": {"type": "Point", "coordinates": [18.08, 52.73]}}, {"type": "Feature", "id": "http://w3id.org/bb5kbc/site_100_geom", "name": " (data:site_100_geom)", "dateprops": [], "properties": {"http://rdfs.org/ns/void#inDataset.value": "3727"}, "geometry": {"type": "Point", "coordinates": [14.79, 51.88]}}, {"type": "Feature", "id": "http://w3id.org/bb5kbc/site_235_geom", "name": " (data:site_235_geom)", "dateprops": [], "properties": {"http://rdfs.org/ns/void#inDataset.value": "3727"}, "geometry": {"type": "Point", "coordinates": [14.44, 53.42]}}, {"type": "Feature", "id": "http://w3id.org/bb5kbc/site_215_geom", "name": " (data:site_215_geom)", "dateprops": [], "properties": {"http://rdfs.org/ns/void#inDataset.value": "3727"}, "geometry": {"type": "Point", "coordinates": [18.92, 52.61]}}, {"type": "Feature", "id": "http://w3id.org/bb5kbc/site_231_geom", "name": " (data:site_231_geom)", "dateprops": [], "properties": {"http://rdfs.org/ns/void#inDataset.value": "3727"}, "geometry": {"type": "Point", "coordinates": [14.34, 52.85]}}, {"type": "Feature", "id": "http://w3id.org/bb5kbc/site_219_geom", "name": " (data:site_219_geom)", "dateprops": [], "properties": {"http://rdfs.org/ns/void#inDataset.value": "3727"}, "geometry": {"type": "Point", "coordinates": [18.93, 52.6]}}, {"type": "Feature", "id": "http://w3id.org/bb5kbc/site_268_geom", "name": " (data:site_268_geom)", "dateprops": [], "properties": {"http://rdfs.org/ns/void#inDataset.value": "3727"}, "geometry": {"type": "Point", "coordinates": [12.75, 52.63]}}, {"type": "Feature", "id": "http://w3id.org/bb5kbc/site_269_geom", "name": " (data:site_269_geom)", "dateprops": [], "properties": {"http://rdfs.org/ns/void#inDataset.value": "3727"}, "geometry": {"type": "Point", "coordinates": [12.75, 52.63]}}, {"type": "Feature", "id": "http://w3id.org/bb5kbc/site_446_geom", "name": " (data:site_446_geom)", "dateprops": [], "properties": {"http://rdfs.org/ns/void#inDataset.value": "3727"}, "geometry": {"type": "Point", "coordinates": [13.38, 52.32]}}, {"type": "Feature", "id": "http://w3id.org/bb5kbc/site_314_geom", "name": " (data:site_314_geom)", "dateprops": [], "properties": {"http://rdfs.org/ns/void#inDataset.value": "3727"}, "geometry": {"type": "Point", "coordinates": [14.19, 52.04]}}, {"type": "Feature", "id": "http://w3id.org/bb5kbc/site_304_geom", "name": " (data:site_304_geom)", "dateprops": [], "properties": {"http://rdfs.org/ns/void#inDataset.value": "3727"}, "geometry": {"type": "Point", "coordinates": [12.96, 52.56]}}, {"type": "Feature", "id": "http://w3id.org/bb5kbc/site_256_geom", "name": " (data:site_256_geom)", "dateprops": [], "properties": {"http://rdfs.org/ns/void#inDataset.value": "3727"}, "geometry": {"type": "Point", "coordinates": [14.11, 53.42]}}, {"type": "Feature", "id": "http://w3id.org/bb5kbc/site_386_geom", "name": " (data:site_386_geom)", "dateprops": [], "properties": {"http://rdfs.org/ns/void#inDataset.value": "3727"}, "geometry": {"type": "Point", "coordinates": [12.63, 52.86]}}, {"type": "Feature", "id": "http://w3id.org/bb5kbc/site_471_geom", "name": " (data:site_471_geom)", "dateprops": [], "properties": {"http://rdfs.org/ns/void#inDataset.value": "3727"}, "geometry": {"type": "Point", "coordinates": [14.17, 53.04]}}, {"type": "Feature", "id": "http://w3id.org/bb5kbc/site_26_geom", "name": " (data:site_26_geom)", "dateprops": [], "properties": {"http://rdfs.org/ns/void#inDataset.value": "3727"}, "geometry": {"type": "Point", "coordinates": [12.03, 51.75]}}, {"type": "Feature", "id": "http://w3id.org/bb5kbc/site_238_geom", "name": " (data:site_238_geom)", "dateprops": [], "properties": {"http://rdfs.org/ns/void#inDataset.value": "3727"}, "geometry": {"type": "Point", "coordinates": [15.06, 53.09]}}, {"type": "Feature", "id": "http://w3id.org/bb5kbc/site_121_geom", "name": " (data:site_121_geom)", "dateprops": [], "properties": {"http://rdfs.org/ns/void#inDataset.value": "3727"}, "geometry": {"type": "Point", "coordinates": [15.57, 52.78]}}, {"type": "Feature", "id": "http://w3id.org/bb5kbc/site_328_geom", "name": " (data:site_328_geom)", "dateprops": [], "properties": {"http://rdfs.org/ns/void#inDataset.value": "3727"}, "geometry": {"type": "Point", "coordinates": [13.54, 51.47]}}, {"type": "Feature", "id": "http://w3id.org/bb5kbc/site_74_geom", "name": " (data:site_74_geom)", "dateprops": [], "properties": {"http://rdfs.org/ns/void#inDataset.value": "3727"}, "geometry": {"type": "Point", "coordinates": [14.19, 53.06]}}, {"type": "Feature", "id": "http://w3id.org/bb5kbc/site_164_geom", "name": " (data:site_164_geom)", "dateprops": [], "properties": {"http://rdfs.org/ns/void#inDataset.value": "3727"}, "geometry": {"type": "Point", "coordinates": [17.09, 51.07]}}, {"type": "Feature", "id": "http://w3id.org/bb5kbc/site_41_geom", "name": " (data:site_41_geom)", "dateprops": [], "properties": {"http://rdfs.org/ns/void#inDataset.value": "3727"}, "geometry": {"type": "Point", "coordinates": [13.09, 51.96]}}, {"type": "Feature", "id": "http://w3id.org/bb5kbc/site_512_geom", "name": " (data:site_512_geom)", "dateprops": [], "properties": {"http://rdfs.org/ns/void#inDataset.value": "3727"}, "geometry": {"type": "Point", "coordinates": [18.49, 52.73]}}, {"type": "Feature", "id": "http://w3id.org/bb5kbc/site_367_geom", "name": " (data:site_367_geom)", "dateprops": [], "properties": {"http://rdfs.org/ns/void#inDataset.value": "3727"}, "geometry": {"type": "Point", "coordinates": [13.97, 51.87]}}, {"type": "Feature", "id": "http://w3id.org/bb5kbc/site_468_geom", "name": " (data:site_468_geom)", "dateprops": [], "properties": {"http://rdfs.org/ns/void#inDataset.value": "3727"}, "geometry": {"type": "Point", "coordinates": [13.97, 53.03]}}, {"type": "Feature", "id": "http://w3id.org/bb5kbc/site_539_geom", "name": " (data:site_539_geom)", "dateprops": [], "properties": {"http://rdfs.org/ns/void#inDataset.value": "3727"}, "geometry": {"type": "Point", "coordinates": [18.49, 52.76]}}, {"type": "Feature", "id": "http://w3id.org/bb5kbc/site_474_geom", "name": " (data:site_474_geom)", "dateprops": [], "properties": {"http://rdfs.org/ns/void#inDataset.value": "3727"}, "geometry": {"type": "Point", "coordinates": [14.12, 53.1]}}, {"type": "Feature", "id": "http://w3id.org/bb5kbc/site_348_geom", "name": " (data:site_348_geom)", "dateprops": [], "properties": {"http://rdfs.org/ns/void#inDataset.value": "3727"}, "geometry": {"type": "Point", "coordinates": [12.94, 52.52]}}, {"type": "Feature", "id": "http://w3id.org/bb5kbc/site_191_geom", "name": " (data:site_191_geom)", "dateprops": [], "properties": {"http://rdfs.org/ns/void#inDataset.value": "3727"}, "geometry": {"type": "Point", "coordinates": [18.79, 52.61]}}, {"type": "Feature", "id": "http://w3id.org/bb5kbc/site_472_geom", "name": " (data:site_472_geom)", "dateprops": [], "properties": {"http://rdfs.org/ns/void#inDataset.value": "3727"}, "geometry": {"type": "Point", "coordinates": [13.94, 53.04]}}, {"type": "Feature", "id": "http://w3id.org/bb5kbc/site_557_geom", "name": " (data:site_557_geom)", "dateprops": [], "properties": {"http://rdfs.org/ns/void#inDataset.value": "3727"}, "geometry": {"type": "Point", "coordinates": [14.46, 53.42]}}, {"type": "Feature", "id": "http://w3id.org/bb5kbc/site_151_geom", "name": " (data:site_151_geom)", "dateprops": [], "properties": {"http://rdfs.org/ns/void#inDataset.value": "3727"}, "geometry": {"type": "Point", "coordinates": [16.68, 51.26]}}, {"type": "Feature", "id": "http://w3id.org/bb5kbc/site_541_geom", "name": " (data:site_541_geom)", "dateprops": [], "properties": {"http://rdfs.org/ns/void#inDataset.value": "3727"}, "geometry": {"type": "Point", "coordinates": [18.08, 52.79]}}, {"type": "Feature", "id": "http://w3id.org/bb5kbc/site_186_geom", "name": " (data:site_186_geom)", "dateprops": [], "properties": {"http://rdfs.org/ns/void#inDataset.value": "3727"}, "geometry": {"type": "Point", "coordinates": [18.78, 52.6]}}, {"type": "Feature", "id": "http://w3id.org/bb5kbc/site_195_geom", "name": " (data:site_195_geom)", "dateprops": [], "properties": {"http://rdfs.org/ns/void#inDataset.value": "3727"}, "geometry": {"type": "Point", "coordinates": [18.8, 52.62]}}, {"type": "Feature", "id": "http://w3id.org/bb5kbc/site_493_geom", "name": " (data:site_493_geom)", "dateprops": [], "properties": {"http://rdfs.org/ns/void#inDataset.value": "3727"}, "geometry": {"type": "Point", "coordinates": [14.22, 53.05]}}, {"type": "Feature", "id": "http://w3id.org/bb5kbc/site_295_geom", "name": " (data:site_295_geom)", "dateprops": [], "properties": {"http://rdfs.org/ns/void#inDataset.value": "3727"}, "geometry": {"type": "Point", "coordinates": [12.98, 52.62]}}, {"type": "Feature", "id": "http://w3id.org/bb5kbc/site_22_geom", "name": " (data:site_22_geom)", "dateprops": [], "properties": {"http://rdfs.org/ns/void#inDataset.value": "3727"}, "geometry": {"type": "Point", "coordinates": [11.92, 51.13]}}, {"type": "Feature", "id": "http://w3id.org/bb5kbc/site_456_geom", "name": " (data:site_456_geom)", "dateprops": [], "properties": {"http://rdfs.org/ns/void#inDataset.value": "3727"}, "geometry": {"type": "Point", "coordinates": [13.22, 52.22]}}, {"type": "Feature", "id": "http://w3id.org/bb5kbc/site_204_geom", "name": " (data:site_204_geom)", "dateprops": [], "properties": {"http://rdfs.org/ns/void#inDataset.value": "3727"}, "geometry": {"type": "Point", "coordinates": [18.86, 52.62]}}, {"type": "Feature", "id": "http://w3id.org/bb5kbc/site_393_geom", "name": " (data:site_393_geom)", "dateprops": [], "properties": {"http://rdfs.org/ns/void#inDataset.value": "3727"}, "geometry": {"type": "Point", "coordinates": [12.73, 52.72]}}, {"type": "Feature", "id": "http://w3id.org/bb5kbc/site_492_geom", "name": " (data:site_492_geom)", "dateprops": [], "properties": {"http://rdfs.org/ns/void#inDataset.value": "3727"}, "geometry": {"type": "Point", "coordinates": [14.05, 53.02]}}, {"type": "Feature", "id": "http://w3id.org/bb5kbc/site_479_geom", "name": " (data:site_479_geom)", "dateprops": [], "properties": {"http://rdfs.org/ns/void#inDataset.value": "3727"}, "geometry": {"type": "Point", "coordinates": [14.14, 53.24]}}, {"type": "Feature", "id": "http://w3id.org/bb5kbc/site_311_geom", "name": " (data:site_311_geom)", "dateprops": [], "properties": {"http://rdfs.org/ns/void#inDataset.value": "3727"}, "geometry": {"type": "Point", "coordinates": [13.71, 52.24]}}, {"type": "Feature", "id": "http://w3id.org/bb5kbc/site_294_geom", "name": " (data:site_294_geom)", "dateprops": [], "properties": {"http://rdfs.org/ns/void#inDataset.value": "3727"}, "geometry": {"type": "Point", "coordinates": [12.6, 52.45]}}, {"type": "Feature", "id": "http://w3id.org/bb5kbc/site_473_geom", "name": " (data:site_473_geom)", "dateprops": [], "properties": {"http://rdfs.org/ns/void#inDataset.value": "3727"}, "geometry": {"type": "Point", "coordinates": [13.98, 53.11]}}, {"type": "Feature", "id": "http://w3id.org/bb5kbc/site_128_geom", "name": " (data:site_128_geom)", "dateprops": [], "properties": {"http://rdfs.org/ns/void#inDataset.value": "3727"}, "geometry": {"type": "Point", "coordinates": [15.93, 51.67]}}, {"type": "Feature", "id": "http://w3id.org/bb5kbc/site_300_geom", "name": " (data:site_300_geom)", "dateprops": [], "properties": {"http://rdfs.org/ns/void#inDataset.value": "3727"}, "geometry": {"type": "Point", "coordinates": [13.07, 52.4]}}, {"type": "Feature", "id": "http://w3id.org/bb5kbc/site_205_geom", "name": " (data:site_205_geom)", "dateprops": [], "properties": {"http://rdfs.org/ns/void#inDataset.value": "3727"}, "geometry": {"type": "Point", "coordinates": [18.86, 52.62]}}, {"type": "Feature", "id": "http://w3id.org/bb5kbc/site_533_geom", "name": " (data:site_533_geom)", "dateprops": [], "properties": {"http://rdfs.org/ns/void#inDataset.value": "3727"}, "geometry": {"type": "Point", "coordinates": [18.3, 52.74]}}, {"type": "Feature", "id": "http://w3id.org/bb5kbc/site_518_geom", "name": " (data:site_518_geom)", "dateprops": [], "properties": {"http://rdfs.org/ns/void#inDataset.value": "3727"}, "geometry": {"type": "Point", "coordinates": [18.07, 52.95]}}, {"type": "Feature", "id": "http://w3id.org/bb5kbc/site_123_geom", "name": " (data:site_123_geom)", "dateprops": [], "properties": {"http://rdfs.org/ns/void#inDataset.value": "3727"}, "geometry": {"type": "Point", "coordinates": [15.62, 52.73]}}, {"type": "Feature", "id": "http://w3id.org/bb5kbc/site_505_geom", "name": " (data:site_505_geom)", "dateprops": [], "properties": {"http://rdfs.org/ns/void#inDataset.value": "3727"}, "geometry": {"type": "Point", "coordinates": [12.38, 52.39]}}, {"type": "Feature", "id": "http://w3id.org/bb5kbc/site_129_geom", "name": " (data:site_129_geom)", "dateprops": [], "properties": {"http://rdfs.org/ns/void#inDataset.value": "3727"}, "geometry": {"type": "Point", "coordinates": [15.98, 51.67]}}, {"type": "Feature", "id": "http://w3id.org/bb5kbc/site_442_geom", "name": " (data:site_442_geom)", "dateprops": [], "properties": {"http://rdfs.org/ns/void#inDataset.value": "3727"}, "geometry": {"type": "Point", "coordinates": [11.56, 53.07]}}, {"type": "Feature", "id": "http://w3id.org/bb5kbc/site_375_geom", "name": " (data:site_375_geom)", "dateprops": [], "properties": {"http://rdfs.org/ns/void#inDataset.value": "3727"}, "geometry": {"type": "Point", "coordinates": [12.43, 52.78]}}, {"type": "Feature", "id": "http://w3id.org/bb5kbc/site_147_geom", "name": " (data:site_147_geom)", "dateprops": [], "properties": {"http://rdfs.org/ns/void#inDataset.value": "3727"}, "geometry": {"type": "Point", "coordinates": [16.45, 51.54]}}, {"type": "Feature", "id": "http://w3id.org/bb5kbc/site_196_geom", "name": " (data:site_196_geom)", "dateprops": [], "properties": {"http://rdfs.org/ns/void#inDataset.value": "3727"}, "geometry": {"type": "Point", "coordinates": [18.81, 52.63]}}, {"type": "Feature", "id": "http://w3id.org/bb5kbc/site_220_geom", "name": " (data:site_220_geom)", "dateprops": [], "properties": {"http://rdfs.org/ns/void#inDataset.value": "3727"}, "geometry": {"type": "Point", "coordinates": [18.95, 52.63]}}, {"type": "Feature", "id": "http://w3id.org/bb5kbc/site_272_geom", "name": " (data:site_272_geom)", "dateprops": [], "properties": {"http://rdfs.org/ns/void#inDataset.value": "3727"}, "geometry": {"type": "Point", "coordinates": [12.76, 52.54]}}, {"type": "Feature", "id": "http://w3id.org/bb5kbc/site_276_geom", "name": " (data:site_276_geom)", "dateprops": [], "properties": {"http://rdfs.org/ns/void#inDataset.value": "3727"}, "geometry": {"type": "Point", "coordinates": [12.96, 52.57]}}, {"type": "Feature", "id": "http://w3id.org/bb5kbc/site_240_geom", "name": " (data:site_240_geom)", "dateprops": [], "properties": {"http://rdfs.org/ns/void#inDataset.value": "3727"}, "geometry": {"type": "Point", "coordinates": [12.54, 52.75]}}, {"type": "Feature", "id": "http://w3id.org/bb5kbc/site_398_geom", "name": " (data:site_398_geom)", "dateprops": [], "properties": {"http://rdfs.org/ns/void#inDataset.value": "3727"}, "geometry": {"type": "Point", "coordinates": [12.75, 52.71]}}, {"type": "Feature", "id": "http://w3id.org/bb5kbc/site_28_geom", "name": " (data:site_28_geom)", "dateprops": [], "properties": {"http://rdfs.org/ns/void#inDataset.value": "3727"}, "geometry": {"type": "Point", "coordinates": [12.11, 51.05]}}, {"type": "Feature", "id": "http://w3id.org/bb5kbc/site_406_geom", "name": " (data:site_406_geom)", "dateprops": [], "properties": {"http://rdfs.org/ns/void#inDataset.value": "3727"}, "geometry": {"type": "Point", "coordinates": [12.92, 52.42]}}, {"type": "Feature", "id": "http://w3id.org/bb5kbc/site_37_geom", "name": " (data:site_37_geom)", "dateprops": [], "properties": {"http://rdfs.org/ns/void#inDataset.value": "3727"}, "geometry": {"type": "Point", "coordinates": [13.05, 51.99]}}, {"type": "Feature", "id": "http://w3id.org/bb5kbc/site_332_geom", "name": " (data:site_332_geom)", "dateprops": [], "properties": {"http://rdfs.org/ns/void#inDataset.value": "3727"}, "geometry": {"type": "Point", "coordinates": [12.87, 52.65]}}, {"type": "Feature", "id": "http://w3id.org/bb5kbc/site_7_geom", "name": " (data:site_7_geom)", "dateprops": [], "properties": {"http://rdfs.org/ns/void#inDataset.value": "3727"}, "geometry": {"type": "Point", "coordinates": [11.17, 51.81]}}, {"type": "Feature", "id": "http://w3id.org/bb5kbc/site_16_geom", "name": " (data:site_16_geom)", "dateprops": [], "properties": {"http://rdfs.org/ns/void#inDataset.value": "3727"}, "geometry": {"type": "Point", "coordinates": [11.63, 52.21]}}, {"type": "Feature", "id": "http://w3id.org/bb5kbc/site_223_geom", "name": " (data:site_223_geom)", "dateprops": [], "properties": {"http://rdfs.org/ns/void#inDataset.value": "3727"}, "geometry": {"type": "Point", "coordinates": [18.98, 52.61]}}, {"type": "Feature", "id": "http://w3id.org/bb5kbc/site_371_geom", "name": " (data:site_371_geom)", "dateprops": [], "properties": {"http://rdfs.org/ns/void#inDataset.value": "3727"}, "geometry": {"type": "Point", "coordinates": [14.14, 52.45]}}, {"type": "Feature", "id": "http://w3id.org/bb5kbc/site_358_geom", "name": " (data:site_358_geom)", "dateprops": [], "properties": {"http://rdfs.org/ns/void#inDataset.value": "3727"}, "geometry": {"type": "Point", "coordinates": [13.25, 52.69]}}, {"type": "Feature", "id": "http://w3id.org/bb5kbc/site_270_geom", "name": " (data:site_270_geom)", "dateprops": [], "properties": {"http://rdfs.org/ns/void#inDataset.value": "3727"}, "geometry": {"type": "Point", "coordinates": [12.88, 52.1]}}, {"type": "Feature", "id": "http://w3id.org/bb5kbc/site_369_geom", "name": " (data:site_369_geom)", "dateprops": [], "properties": {"http://rdfs.org/ns/void#inDataset.value": "3727"}, "geometry": {"type": "Point", "coordinates": [14.05, 52.36]}}, {"type": "Feature", "id": "http://w3id.org/bb5kbc/site_165_geom", "name": " (data:site_165_geom)", "dateprops": [], "properties": {"http://rdfs.org/ns/void#inDataset.value": "3727"}, "geometry": {"type": "Point", "coordinates": [17.12, 50.45]}}, {"type": "Feature", "id": "http://w3id.org/bb5kbc/site_299_geom", "name": " (data:site_299_geom)", "dateprops": [], "properties": {"http://rdfs.org/ns/void#inDataset.value": "3727"}, "geometry": {"type": "Point", "coordinates": [13.07, 52.4]}}, {"type": "Feature", "id": "http://w3id.org/bb5kbc/site_173_geom", "name": " (data:site_173_geom)", "dateprops": [], "properties": {"http://rdfs.org/ns/void#inDataset.value": "3727"}, "geometry": {"type": "Point", "coordinates": [18.17, 50.08]}}, {"type": "Feature", "id": "http://w3id.org/bb5kbc/site_401_geom", "name": " (data:site_401_geom)", "dateprops": [], "properties": {"http://rdfs.org/ns/void#inDataset.value": "3727"}, "geometry": {"type": "Point", "coordinates": [12.98, 52.45]}}, {"type": "Feature", "id": "http://w3id.org/bb5kbc/site_542_geom", "name": " (data:site_542_geom)", "dateprops": [], "properties": {"http://rdfs.org/ns/void#inDataset.value": "3727"}, "geometry": {"type": "Point", "coordinates": [18.03, 52.87]}}, {"type": "Feature", "id": "http://w3id.org/bb5kbc/site_296_geom", "name": " (data:site_296_geom)", "dateprops": [], "properties": {"http://rdfs.org/ns/void#inDataset.value": "3727"}, "geometry": {"type": "Point", "coordinates": [12.49, 52.4]}}, {"type": "Feature", "id": "http://w3id.org/bb5kbc/site_91_geom", "name": " (data:site_91_geom)", "dateprops": [], "properties": {"http://rdfs.org/ns/void#inDataset.value": "3727"}, "geometry": {"type": "Point", "coordinates": [14.54, 51.81]}}, {"type": "Feature", "id": "http://w3id.org/bb5kbc/site_407_geom", "name": " (data:site_407_geom)", "dateprops": [], "properties": {"http://rdfs.org/ns/void#inDataset.value": "3727"}, "geometry": {"type": "Point", "coordinates": [12.91, 52.44]}}, {"type": "Feature", "id": "http://w3id.org/bb5kbc/site_174_geom", "name": " (data:site_174_geom)", "dateprops": [], "properties": {"http://rdfs.org/ns/void#inDataset.value": "3727"}, "geometry": {"type": "Point", "coordinates": [18.24, 53.43]}}, {"type": "Feature", "id": "http://w3id.org/bb5kbc/site_548_geom", "name": " (data:site_548_geom)", "dateprops": [], "properties": {"http://rdfs.org/ns/void#inDataset.value": "3727"}, "geometry": {"type": "Point", "coordinates": [19.01, 52.57]}}, {"type": "Feature", "id": "http://w3id.org/bb5kbc/site_495_geom", "name": " (data:site_495_geom)", "dateprops": [], "properties": {"http://rdfs.org/ns/void#inDataset.value": "3727"}, "geometry": {"type": "Point", "coordinates": [13.63, 53.19]}}, {"type": "Feature", "id": "http://w3id.org/bb5kbc/site_86_geom", "name": " (data:site_86_geom)", "dateprops": [], "properties": {"http://rdfs.org/ns/void#inDataset.value": "3727"}, "geometry": {"type": "Point", "coordinates": [14.52, 51.8]}}, {"type": "Feature", "id": "http://w3id.org/bb5kbc/site_421_geom", "name": " (data:site_421_geom)", "dateprops": [], "properties": {"http://rdfs.org/ns/void#inDataset.value": "3727"}, "geometry": {"type": "Point", "coordinates": [12.87, 52.07]}}, {"type": "Feature", "id": "http://w3id.org/bb5kbc/site_315_geom", "name": " (data:site_315_geom)", "dateprops": [], "properties": {"http://rdfs.org/ns/void#inDataset.value": "3727"}, "geometry": {"type": "Point", "coordinates": [14.19, 52.05]}}, {"type": "Feature", "id": "http://w3id.org/bb5kbc/site_507_geom", "name": " (data:site_507_geom)", "dateprops": [], "properties": {"http://rdfs.org/ns/void#inDataset.value": "3727"}, "geometry": {"type": "Point", "coordinates": [13.86, 52.09]}}, {"type": "Feature", "id": "http://w3id.org/bb5kbc/site_309_geom", "name": " (data:site_309_geom)", "dateprops": [], "properties": {"http://rdfs.org/ns/void#inDataset.value": "3727"}, "geometry": {"type": "Point", "coordinates": [12.56, 52.41]}}, {"type": "Feature", "id": "http://w3id.org/bb5kbc/site_519_geom", "name": " (data:site_519_geom)", "dateprops": [], "properties": {"http://rdfs.org/ns/void#inDataset.value": "3727"}, "geometry": {"type": "Point", "coordinates": [17.75, 52.78]}}, {"type": "Feature", "id": "http://w3id.org/bb5kbc/site_199_geom", "name": " (data:site_199_geom)", "dateprops": [], "properties": {"http://rdfs.org/ns/void#inDataset.value": "3727"}, "geometry": {"type": "Point", "coordinates": [18.81, 52.62]}}, {"type": "Feature", "id": "http://w3id.org/bb5kbc/site_497_geom", "name": " (data:site_497_geom)", "dateprops": [], "properties": {"http://rdfs.org/ns/void#inDataset.value": "3727"}, "geometry": {"type": "Point", "coordinates": [13.88, 53.41]}}, {"type": "Feature", "id": "http://w3id.org/bb5kbc/site_81_geom", "name": " (data:site_81_geom)", "dateprops": [], "properties": {"http://rdfs.org/ns/void#inDataset.value": "3727"}, "geometry": {"type": "Point", "coordinates": [14.39, 53.21]}}, {"type": "Feature", "id": "http://w3id.org/bb5kbc/site_75_geom", "name": " (data:site_75_geom)", "dateprops": [], "properties": {"http://rdfs.org/ns/void#inDataset.value": "3727"}, "geometry": {"type": "Point", "coordinates": [14.19, 53.06]}}, {"type": "Feature", "id": "http://w3id.org/bb5kbc/site_551_geom", "name": " (data:site_551_geom)", "dateprops": [], "properties": {"http://rdfs.org/ns/void#inDataset.value": "3727"}, "geometry": {"type": "Point", "coordinates": [14.53, 51.37]}}, {"type": "Feature", "id": "http://w3id.org/bb5kbc/site_221_geom", "name": " (data:site_221_geom)", "dateprops": [], "properties": {"http://rdfs.org/ns/void#inDataset.value": "3727"}, "geometry": {"type": "Point", "coordinates": [18.95, 52.63]}}, {"type": "Feature", "id": "http://w3id.org/bb5kbc/site_319_geom", "name": " (data:site_319_geom)", "dateprops": [], "properties": {"http://rdfs.org/ns/void#inDataset.value": "3727"}, "geometry": {"type": "Point", "coordinates": [13.61, 52.29]}}, {"type": "Feature", "id": "http://w3id.org/bb5kbc/site_390_geom", "name": " (data:site_390_geom)", "dateprops": [], "properties": {"http://rdfs.org/ns/void#inDataset.value": "3727"}, "geometry": {"type": "Point", "coordinates": [12.93, 52.98]}}, {"type": "Feature", "id": "http://w3id.org/bb5kbc/site_87_geom", "name": " (data:site_87_geom)", "dateprops": [], "properties": {"http://rdfs.org/ns/void#inDataset.value": "3727"}, "geometry": {"type": "Point", "coordinates": [14.53, 51.38]}}, {"type": "Feature", "id": "http://w3id.org/bb5kbc/site_122_geom", "name": " (data:site_122_geom)", "dateprops": [], "properties": {"http://rdfs.org/ns/void#inDataset.value": "3727"}, "geometry": {"type": "Point", "coordinates": [15.57, 52.08]}}, {"type": "Feature", "id": "http://w3id.org/bb5kbc/site_336_geom", "name": " (data:site_336_geom)", "dateprops": [], "properties": {"http://rdfs.org/ns/void#inDataset.value": "3727"}, "geometry": {"type": "Point", "coordinates": [12.64, 52.65]}}, {"type": "Feature", "id": "http://w3id.org/bb5kbc/site_6_geom", "name": " (data:site_6_geom)", "dateprops": [], "properties": {"http://rdfs.org/ns/void#inDataset.value": "3727"}, "geometry": {"type": "Point", "coordinates": [11.11, 51.81]}}, {"type": "Feature", "id": "http://w3id.org/bb5kbc/site_410_geom", "name": " (data:site_410_geom)", "dateprops": [], "properties": {"http://rdfs.org/ns/void#inDataset.value": "3727"}, "geometry": {"type": "Point", "coordinates": [13.07, 52.35]}}, {"type": "Feature", "id": "http://w3id.org/bb5kbc/site_528_geom", "name": " (data:site_528_geom)", "dateprops": [], "properties": {"http://rdfs.org/ns/void#inDataset.value": "3727"}, "geometry": {"type": "Point", "coordinates": [18.57, 52.69]}}, {"type": "Feature", "id": "http://w3id.org/bb5kbc/site_476_geom", "name": " (data:site_476_geom)", "dateprops": [], "properties": {"http://rdfs.org/ns/void#inDataset.value": "3727"}, "geometry": {"type": "Point", "coordinates": [13.98, 52.98]}}, {"type": "Feature", "id": "http://w3id.org/bb5kbc/site_259_geom", "name": " (data:site_259_geom)", "dateprops": [], "properties": {"http://rdfs.org/ns/void#inDataset.value": "3727"}, "geometry": {"type": "Point", "coordinates": [14.52, 52.33]}}, {"type": "Feature", "id": "http://w3id.org/bb5kbc/site_292_geom", "name": " (data:site_292_geom)", "dateprops": [], "properties": {"http://rdfs.org/ns/void#inDataset.value": "3727"}, "geometry": {"type": "Point", "coordinates": [13.05, 51.99]}}, {"type": "Feature", "id": "http://w3id.org/bb5kbc/site_466_geom", "name": " (data:site_466_geom)", "dateprops": [], "properties": {"http://rdfs.org/ns/void#inDataset.value": "3727"}, "geometry": {"type": "Point", "coordinates": [14.13, 53.02]}}, {"type": "Feature", "id": "http://w3id.org/bb5kbc/site_481_geom", "name": " (data:site_481_geom)", "dateprops": [], "properties": {"http://rdfs.org/ns/void#inDataset.value": "3727"}, "geometry": {"type": "Point", "coordinates": [13.71, 53.29]}}, {"type": "Feature", "id": "http://w3id.org/bb5kbc/site_103_geom", "name": " (data:site_103_geom)", "dateprops": [], "properties": {"http://rdfs.org/ns/void#inDataset.value": "3727"}, "geometry": {"type": "Point", "coordinates": [14.85, 53.13]}}, {"type": "Feature", "id": "http://w3id.org/bb5kbc/site_429_geom", "name": " (data:site_429_geom)", "dateprops": [], "properties": {"http://rdfs.org/ns/void#inDataset.value": "3727"}, "geometry": {"type": "Point", "coordinates": [11.89, 53.21]}}, {"type": "Feature", "id": "http://w3id.org/bb5kbc/site_550_geom", "name": " (data:site_550_geom)", "dateprops": [], "properties": {"http://rdfs.org/ns/void#inDataset.value": "3727"}, "geometry": {"type": "Point", "coordinates": [18.44, 52.68]}}, {"type": "Feature", "id": "http://w3id.org/bb5kbc/site_417_geom", "name": " (data:site_417_geom)", "dateprops": [], "properties": {"http://rdfs.org/ns/void#inDataset.value": "3727"}, "geometry": {"type": "Point", "coordinates": [13.14, 52.35]}}, {"type": "Feature", "id": "http://w3id.org/bb5kbc/site_415_geom", "name": " (data:site_415_geom)", "dateprops": [], "properties": {"http://rdfs.org/ns/void#inDataset.value": "3727"}, "geometry": {"type": "Point", "coordinates": [13.0, 52.47]}}, {"type": "Feature", "id": "http://w3id.org/bb5kbc/site_85_geom", "name": " (data:site_85_geom)", "dateprops": [], "properties": {"http://rdfs.org/ns/void#inDataset.value": "3727"}, "geometry": {"type": "Point", "coordinates": [14.49, 53.41]}}, {"type": "Feature", "id": "http://w3id.org/bb5kbc/site_20_geom", "name": " (data:site_20_geom)", "dateprops": [], "properties": {"http://rdfs.org/ns/void#inDataset.value": "3727"}, "geometry": {"type": "Point", "coordinates": [11.77, 51.89]}}, {"type": "Feature", "id": "http://w3id.org/bb5kbc/site_181_geom", "name": " (data:site_181_geom)", "dateprops": [], "properties": {"http://rdfs.org/ns/void#inDataset.value": "3727"}, "geometry": {"type": "Point", "coordinates": [18.72, 52.6]}}, {"type": "Feature", "id": "http://w3id.org/bb5kbc/site_178_geom", "name": " (data:site_178_geom)", "dateprops": [], "properties": {"http://rdfs.org/ns/void#inDataset.value": "3727"}, "geometry": {"type": "Point", "coordinates": [18.65, 53.91]}}, {"type": "Feature", "id": "http://w3id.org/bb5kbc/site_560_geom", "name": " (data:site_560_geom)", "dateprops": [], "properties": {"http://rdfs.org/ns/void#inDataset.value": "3727"}, "geometry": {"type": "Point", "coordinates": [14.46, 53.38]}}, {"type": "Feature", "id": "http://w3id.org/bb5kbc/site_213_geom", "name": " (data:site_213_geom)", "dateprops": [], "properties": {"http://rdfs.org/ns/void#inDataset.value": "3727"}, "geometry": {"type": "Point", "coordinates": [18.92, 52.61]}}, {"type": "Feature", "id": "http://w3id.org/bb5kbc/site_111_geom", "name": " (data:site_111_geom)", "dateprops": [], "properties": {"http://rdfs.org/ns/void#inDataset.value": "3727"}, "geometry": {"type": "Point", "coordinates": [15.08, 53.2]}}, {"type": "Feature", "id": "http://w3id.org/bb5kbc/site_134_geom", "name": " (data:site_134_geom)", "dateprops": [], "properties": {"http://rdfs.org/ns/void#inDataset.value": "3727"}, "geometry": {"type": "Point", "coordinates": [16.09, 51.66]}}, {"type": "Feature", "id": "http://w3id.org/bb5kbc/site_265_geom", "name": " (data:site_265_geom)", "dateprops": [], "properties": {"http://rdfs.org/ns/void#inDataset.value": "3727"}, "geometry": {"type": "Point", "coordinates": [13.05, 52.4]}}, {"type": "Feature", "id": "http://w3id.org/bb5kbc/site_279_geom", "name": " (data:site_279_geom)", "dateprops": [], "properties": {"http://rdfs.org/ns/void#inDataset.value": "3727"}, "geometry": {"type": "Point", "coordinates": [13.99, 53.11]}}, {"type": "Feature", "id": "http://w3id.org/bb5kbc/site_389_geom", "name": " (data:site_389_geom)", "dateprops": [], "properties": {"http://rdfs.org/ns/void#inDataset.value": "3727"}, "geometry": {"type": "Point", "coordinates": [12.95, 52.93]}}, {"type": "Feature", "id": "http://w3id.org/bb5kbc/site_11_geom", "name": " (data:site_11_geom)", "dateprops": [], "properties": {"http://rdfs.org/ns/void#inDataset.value": "3727"}, "geometry": {"type": "Point", "coordinates": [11.42, 51.02]}}, {"type": "Feature", "id": "http://w3id.org/bb5kbc/site_326_geom", "name": " (data:site_326_geom)", "dateprops": [], "properties": {"http://rdfs.org/ns/void#inDataset.value": "3727"}, "geometry": {"type": "Point", "coordinates": [13.73, 52.09]}}, {"type": "Feature", "id": "http://w3id.org/bb5kbc/site_161_geom", "name": " (data:site_161_geom)", "dateprops": [], "properties": {"http://rdfs.org/ns/void#inDataset.value": "3727"}, "geometry": {"type": "Point", "coordinates": [16.89, 51.15]}}, {"type": "Feature", "id": "http://w3id.org/bb5kbc/site_484_geom", "name": " (data:site_484_geom)", "dateprops": [], "properties": {"http://rdfs.org/ns/void#inDataset.value": "3727"}, "geometry": {"type": "Point", "coordinates": [14.24, 53.39]}}, {"type": "Feature", "id": "http://w3id.org/bb5kbc/site_391_geom", "name": " (data:site_391_geom)", "dateprops": [], "properties": {"http://rdfs.org/ns/void#inDataset.value": "3727"}, "geometry": {"type": "Point", "coordinates": [12.83, 52.96]}}, {"type": "Feature", "id": "http://w3id.org/bb5kbc/site_244_geom", "name": " (data:site_244_geom)", "dateprops": [], "properties": {"http://rdfs.org/ns/void#inDataset.value": "3727"}, "geometry": {"type": "Point", "coordinates": [13.53, 54.48]}}, {"type": "Feature", "id": "http://w3id.org/bb5kbc/site_49_geom", "name": " (data:site_49_geom)", "dateprops": [], "properties": {"http://rdfs.org/ns/void#inDataset.value": "3727"}, "geometry": {"type": "Point", "coordinates": [13.47, 52.35]}}, {"type": "Feature", "id": "http://w3id.org/bb5kbc/site_57_geom", "name": " (data:site_57_geom)", "dateprops": [], "properties": {"http://rdfs.org/ns/void#inDataset.value": "3727"}, "geometry": {"type": "Point", "coordinates": [13.88, 52.1]}}, {"type": "Feature", "id": "http://w3id.org/bb5kbc/site_590_geom", "name": " (data:site_590_geom)", "dateprops": [], "properties": {"http://rdfs.org/ns/void#inDataset.value": "3727"}, "geometry": {"type": "Point", "coordinates": [12.92, 52.54]}}, {"type": "Feature", "id": "http://w3id.org/bb5kbc/site_261_geom", "name": " (data:site_261_geom)", "dateprops": [], "properties": {"http://rdfs.org/ns/void#inDataset.value": "3727"}, "geometry": {"type": "Point", "coordinates": [12.43, 52.38]}}, {"type": "Feature", "id": "http://w3id.org/bb5kbc/site_520_geom", "name": " (data:site_520_geom)", "dateprops": [], "properties": {"http://rdfs.org/ns/void#inDataset.value": "3727"}, "geometry": {"type": "Point", "coordinates": [17.75, 52.78]}}, {"type": "Feature", "id": "http://w3id.org/bb5kbc/site_463_geom", "name": " (data:site_463_geom)", "dateprops": [], "properties": {"http://rdfs.org/ns/void#inDataset.value": "3727"}, "geometry": {"type": "Point", "coordinates": [13.2, 52.19]}}, {"type": "Feature", "id": "http://w3id.org/bb5kbc/site_169_geom", "name": " (data:site_169_geom)", "dateprops": [], "properties": {"http://rdfs.org/ns/void#inDataset.value": "3727"}, "geometry": {"type": "Point", "coordinates": [17.43, 53.04]}}, {"type": "Feature", "id": "http://w3id.org/bb5kbc/site_469_geom", "name": " (data:site_469_geom)", "dateprops": [], "properties": {"http://rdfs.org/ns/void#inDataset.value": "3727"}, "geometry": {"type": "Point", "coordinates": [14.06, 52.96]}}, {"type": "Feature", "id": "http://w3id.org/bb5kbc/site_307_geom", "name": " (data:site_307_geom)", "dateprops": [], "properties": {"http://rdfs.org/ns/void#inDataset.value": "3727"}, "geometry": {"type": "Point", "coordinates": [12.54, 52.4]}}, {"type": "Feature", "id": "http://w3id.org/bb5kbc/site_368_geom", "name": " (data:site_368_geom)", "dateprops": [], "properties": {"http://rdfs.org/ns/void#inDataset.value": "3727"}, "geometry": {"type": "Point", "coordinates": [13.9, 52.31]}}, {"type": "Feature", "id": "http://w3id.org/bb5kbc/site_154_geom", "name": " (data:site_154_geom)", "dateprops": [], "properties": {"http://rdfs.org/ns/void#inDataset.value": "3727"}, "geometry": {"type": "Point", "coordinates": [16.78, 50.61]}}, {"type": "Feature", "id": "http://w3id.org/bb5kbc/site_350_geom", "name": " (data:site_350_geom)", "dateprops": [], "properties": {"http://rdfs.org/ns/void#inDataset.value": "3727"}, "geometry": {"type": "Point", "coordinates": [14.12, 52.56]}}, {"type": "Feature", "id": "http://w3id.org/bb5kbc/site_237_geom", "name": " (data:site_237_geom)", "dateprops": [], "properties": {"http://rdfs.org/ns/void#inDataset.value": "3727"}, "geometry": {"type": "Point", "coordinates": [14.47, 53.43]}}, {"type": "Feature", "id": "http://w3id.org/bb5kbc/site_172_geom", "name": " (data:site_172_geom)", "dateprops": [], "properties": {"http://rdfs.org/ns/void#inDataset.value": "3727"}, "geometry": {"type": "Point", "coordinates": [17.89, 52.32]}}, {"type": "Feature", "id": "http://w3id.org/bb5kbc/site_258_geom", "name": " (data:site_258_geom)", "dateprops": [], "properties": {"http://rdfs.org/ns/void#inDataset.value": "3727"}, "geometry": {"type": "Point", "coordinates": [14.16, 53.03]}}, {"type": "Feature", "id": "http://w3id.org/bb5kbc/site_56_geom", "name": " (data:site_56_geom)", "dateprops": [], "properties": {"http://rdfs.org/ns/void#inDataset.value": "3727"}, "geometry": {"type": "Point", "coordinates": [13.88, 52.1]}}, {"type": "Feature", "id": "http://w3id.org/bb5kbc/site_306_geom", "name": " (data:site_306_geom)", "dateprops": [], "properties": {"http://rdfs.org/ns/void#inDataset.value": "3727"}, "geometry": {"type": "Point", "coordinates": [12.57, 52.43]}}, {"type": "Feature", "id": "http://w3id.org/bb5kbc/site_222_geom", "name": " (data:site_222_geom)", "dateprops": [], "properties": {"http://rdfs.org/ns/void#inDataset.value": "3727"}, "geometry": {"type": "Point", "coordinates": [18.97, 52.62]}}, {"type": "Feature", "id": "http://w3id.org/bb5kbc/site_488_geom", "name": " (data:site_488_geom)", "dateprops": [], "properties": {"http://rdfs.org/ns/void#inDataset.value": "3727"}, "geometry": {"type": "Point", "coordinates": [13.62, 53.07]}}, {"type": "Feature", "id": "http://w3id.org/bb5kbc/site_351_geom", "name": " (data:site_351_geom)", "dateprops": [], "properties": {"http://rdfs.org/ns/void#inDataset.value": "3727"}, "geometry": {"type": "Point", "coordinates": [14.39, 52.51]}}, {"type": "Feature", "id": "http://w3id.org/bb5kbc/site_308_geom", "name": " (data:site_308_geom)", "dateprops": [], "properties": {"http://rdfs.org/ns/void#inDataset.value": "3727"}, "geometry": {"type": "Point", "coordinates": [12.56, 52.42]}}, {"type": "Feature", "id": "http://w3id.org/bb5kbc/site_378_geom", "name": " (data:site_378_geom)", "dateprops": [], "properties": {"http://rdfs.org/ns/void#inDataset.value": "3727"}, "geometry": {"type": "Point", "coordinates": [12.29, 52.83]}}, {"type": "Feature", "id": "http://w3id.org/bb5kbc/site_228_geom", "name": " (data:site_228_geom)", "dateprops": [], "properties": {"http://rdfs.org/ns/void#inDataset.value": "3727"}, "geometry": {"type": "Point", "coordinates": [21.23, 54.19]}}, {"type": "Feature", "id": "http://w3id.org/bb5kbc/site_54_geom", "name": " (data:site_54_geom)", "dateprops": [], "properties": {"http://rdfs.org/ns/void#inDataset.value": "3727"}, "geometry": {"type": "Point", "coordinates": [13.8, 51.91]}}, {"type": "Feature", "id": "http://w3id.org/bb5kbc/site_73_geom", "name": " (data:site_73_geom)", "dateprops": [], "properties": {"http://rdfs.org/ns/void#inDataset.value": "3727"}, "geometry": {"type": "Point", "coordinates": [14.17, 53.03]}}, {"type": "Feature", "id": "http://w3id.org/bb5kbc/site_293_geom", "name": " (data:site_293_geom)", "dateprops": [], "properties": {"http://rdfs.org/ns/void#inDataset.value": "3727"}, "geometry": {"type": "Point", "coordinates": [12.86, 52.47]}}, {"type": "Feature", "id": "http://w3id.org/bb5kbc/site_39_geom", "name": " (data:site_39_geom)", "dateprops": [], "properties": {"http://rdfs.org/ns/void#inDataset.value": "3727"}, "geometry": {"type": "Point", "coordinates": [13.07, 51.96]}}, {"type": "Feature", "id": "http://w3id.org/bb5kbc/site_44_geom", "name": " (data:site_44_geom)", "dateprops": [], "properties": {"http://rdfs.org/ns/void#inDataset.value": "3727"}, "geometry": {"type": "Point", "coordinates": [13.09, 51.96]}}, {"type": "Feature", "id": "http://w3id.org/bb5kbc/site_27_geom", "name": " (data:site_27_geom)", "dateprops": [], "properties": {"http://rdfs.org/ns/void#inDataset.value": "3727"}, "geometry": {"type": "Point", "coordinates": [12.07, 51.36]}}, {"type": "Feature", "id": "http://w3id.org/bb5kbc/site_435_geom", "name": " (data:site_435_geom)", "dateprops": [], "properties": {"http://rdfs.org/ns/void#inDataset.value": "3727"}, "geometry": {"type": "Point", "coordinates": [11.75, 53.14]}}, {"type": "Feature", "id": "http://w3id.org/bb5kbc/site_363_geom", "name": " (data:site_363_geom)", "dateprops": [], "properties": {"http://rdfs.org/ns/void#inDataset.value": "3727"}, "geometry": {"type": "Point", "coordinates": [13.42, 52.95]}}, {"type": "Feature", "id": "http://w3id.org/bb5kbc/site_384_geom", "name": " (data:site_384_geom)", "dateprops": [], "properties": {"http://rdfs.org/ns/void#inDataset.value": "3727"}, "geometry": {"type": "Point", "coordinates": [12.68, 52.87]}}, {"type": "Feature", "id": "http://w3id.org/bb5kbc/site_543_geom", "name": " (data:site_543_geom)", "dateprops": [], "properties": {"http://rdfs.org/ns/void#inDataset.value": "3727"}, "geometry": {"type": "Point", "coordinates": [18.07, 52.77]}}, {"type": "Feature", "id": "http://w3id.org/bb5kbc/site_190_geom", "name": " (data:site_190_geom)", "dateprops": [], "properties": {"http://rdfs.org/ns/void#inDataset.value": "3727"}, "geometry": {"type": "Point", "coordinates": [18.79, 52.64]}}, {"type": "Feature", "id": "http://w3id.org/bb5kbc/site_513_geom", "name": " (data:site_513_geom)", "dateprops": [], "properties": {"http://rdfs.org/ns/void#inDataset.value": "3727"}, "geometry": {"type": "Point", "coordinates": [18.16, 52.77]}}, {"type": "Feature", "id": "http://w3id.org/bb5kbc/site_4_geom", "name": " (data:site_4_geom)", "dateprops": [], "properties": {"http://rdfs.org/ns/void#inDataset.value": "3727"}, "geometry": {"type": "Point", "coordinates": [11.06, 51.87]}}, {"type": "Feature", "id": "http://w3id.org/bb5kbc/site_153_geom", "name": " (data:site_153_geom)", "dateprops": [], "properties": {"http://rdfs.org/ns/void#inDataset.value": "3727"}, "geometry": {"type": "Point", "coordinates": [16.72, 52.07]}}, {"type": "Feature", "id": "http://w3id.org/bb5kbc/site_424_geom", "name": " (data:site_424_geom)", "dateprops": [], "properties": {"http://rdfs.org/ns/void#inDataset.value": "3727"}, "geometry": {"type": "Point", "coordinates": [12.91, 52.43]}}, {"type": "Feature", "id": "http://w3id.org/bb5kbc/site_445_geom", "name": " (data:site_445_geom)", "dateprops": [], "properties": {"http://rdfs.org/ns/void#inDataset.value": "3727"}, "geometry": {"type": "Point", "coordinates": [13.2, 52.31]}}, {"type": "Feature", "id": "http://w3id.org/bb5kbc/site_257_geom", "name": " (data:site_257_geom)", "dateprops": [], "properties": {"http://rdfs.org/ns/void#inDataset.value": "3727"}, "geometry": {"type": "Point", "coordinates": [12.96, 52.56]}}, {"type": "Feature", "id": "http://w3id.org/bb5kbc/site_170_geom", "name": " (data:site_170_geom)", "dateprops": [], "properties": {"http://rdfs.org/ns/void#inDataset.value": "3727"}, "geometry": {"type": "Point", "coordinates": [17.84, 50.12]}}, {"type": "Feature", "id": "http://w3id.org/bb5kbc/site_432_geom", "name": " (data:site_432_geom)", "dateprops": [], "properties": {"http://rdfs.org/ns/void#inDataset.value": "3727"}, "geometry": {"type": "Point", "coordinates": [12.25, 53.2]}}, {"type": "Feature", "id": "http://w3id.org/bb5kbc/site_298_geom", "name": " (data:site_298_geom)", "dateprops": [], "properties": {"http://rdfs.org/ns/void#inDataset.value": "3727"}, "geometry": {"type": "Point", "coordinates": [14.15, 53.06]}}, {"type": "Feature", "id": "http://w3id.org/bb5kbc/site_413_geom", "name": " (data:site_413_geom)", "dateprops": [], "properties": {"http://rdfs.org/ns/void#inDataset.value": "3727"}, "geometry": {"type": "Point", "coordinates": [13.05, 52.46]}}, {"type": "Feature", "id": "http://w3id.org/bb5kbc/site_301_geom", "name": " (data:site_301_geom)", "dateprops": [], "properties": {"http://rdfs.org/ns/void#inDataset.value": "3727"}, "geometry": {"type": "Point", "coordinates": [13.03, 51.97]}}, {"type": "Feature", "id": "http://w3id.org/bb5kbc/site_245_geom", "name": " (data:site_245_geom)", "dateprops": [], "properties": {"http://rdfs.org/ns/void#inDataset.value": "3727"}, "geometry": {"type": "Point", "coordinates": [14.23, 51.65]}}, {"type": "Feature", "id": "http://w3id.org/bb5kbc/site_515_geom", "name": " (data:site_515_geom)", "dateprops": [], "properties": {"http://rdfs.org/ns/void#inDataset.value": "3727"}, "geometry": {"type": "Point", "coordinates": [17.72, 52.79]}}], "numberMatched": 540, "numberReturned": 540, "bbox": [10.58, 50.08, 21.23, 54.48], "crs": "http://www.opengis.net/def/crs/EPSG/0/4326"}