{"type": "FeatureCollection", "id": "http://w3id.org/bb5kbc/Fundstelle_collection", "name": "Fundstelle Instances Collection", "features": [{"type": "Feature", "id": "http://w3id.org/bb5kbc/site_37", "name": "J\u00fcterbog 31 (data:site_37)", "dateprops": [], "properties": {"http://www.w3.org/2000/01/rdf-schema#label": "J\u00fcterbog 31", "http://purl.org/dc/terms/identifier": "37", "http://w3id.org/bb5kbc/ont/hatFID": "37", "http://w3id.org/bb5kbc/ont/hatFundstellenID": "205", "http://w3id.org/bb5kbc/ont/hatGenauigkeit": "0.0", "http://w3id.org/bb5kbc/ont/hatKatalognummer": "9659", "http://www.w3.org/2004/02/skos/core#prefLabel": "J\u00fcterbog 31", "http://rdfs.org/ns/void#inDataset.value": "3727"}, "geometry": {"type": "Point", "coordinates": [13.05, 51.99]}}, {"type": "Feature", "id": "http://w3id.org/bb5kbc/site_4", "name": "Halberstadt 2 (data:site_4)", "dateprops": [], "properties": {"http://www.w3.org/2000/01/rdf-schema#label": "Halberstadt 2", "http://purl.org/dc/terms/identifier": "4", "http://w3id.org/bb5kbc/ont/hatFID": "4", "http://w3id.org/bb5kbc/ont/hatFundstellenID": "179", "http://w3id.org/bb5kbc/ont/hatGenauigkeit": "100.0", "http://w3id.org/bb5kbc/ont/hatKatalognummer": "463", "http://www.w3.org/2004/02/skos/core#prefLabel": "Halberstadt 2", "http://rdfs.org/ns/void#inDataset.value": "3727"}, "geometry": {"type": "Point", "coordinates": [11.06, 51.87]}}, {"type": "Feature", "id": "http://w3id.org/bb5kbc/site_500", "name": "Gro\u00df D\u00f6lln - 5 (data:site_500)", "dateprops": [], "properties": {"http://www.w3.org/2000/01/rdf-schema#label": "Gro\u00df D\u00f6lln - 5", "http://purl.org/dc/terms/identifier": "500", "http://w3id.org/bb5kbc/ont/hatFID": "500", "http://w3id.org/bb5kbc/ont/hatFundstellenID": "162", "http://w3id.org/bb5kbc/ont/hatGenauigkeit": "0.0", "http://w3id.org/bb5kbc/ont/hatKatalognummer": "53490", "http://www.w3.org/2004/02/skos/core#prefLabel": "Gro\u00df D\u00f6lln - 5", "http://rdfs.org/ns/void#inDataset.value": "3727"}, "geometry": {"type": "Point", "coordinates": [13.53, 52.99]}}, {"type": "Feature", "id": "http://w3id.org/bb5kbc/site_391", "name": "Alt Ruppin - 24 (data:site_391)", "dateprops": [], "properties": {"http://www.w3.org/2000/01/rdf-schema#label": "Alt Ruppin - 24", "http://purl.org/dc/terms/identifier": "391", "http://w3id.org/bb5kbc/ont/hatFID": "391", "http://w3id.org/bb5kbc/ont/hatFundstellenID": "6", "http://w3id.org/bb5kbc/ont/hatGenauigkeit": "0.0", "http://w3id.org/bb5kbc/ont/hatKatalognummer": "53132", "http://www.w3.org/2004/02/skos/core#prefLabel": "Alt Ruppin - 24", "http://rdfs.org/ns/void#inDataset.value": "3727"}, "geometry": {"type": "Point", "coordinates": [12.83, 52.96]}}, {"type": "Feature", "id": "http://w3id.org/bb5kbc/site_528", "name": "Dobre 4 (data:site_528)", "dateprops": [], "properties": {"http://www.w3.org/2000/01/rdf-schema#label": "Dobre 4", "http://purl.org/dc/terms/identifier": "528", "http://w3id.org/bb5kbc/ont/hatFID": "528", "http://w3id.org/bb5kbc/ont/hatFundstellenID": "102", "http://w3id.org/bb5kbc/ont/hatGenauigkeit": "1500.0", "http://w3id.org/bb5kbc/ont/hatKatalognummer": "34", "http://www.w3.org/2004/02/skos/core#prefLabel": "Dobre 4", "http://rdfs.org/ns/void#inDataset.value": "3727"}, "geometry": {"type": "Point", "coordinates": [18.57, 52.69]}}, {"type": "Feature", "id": "http://w3id.org/bb5kbc/site_46", "name": "Bochow 6 (data:site_46)", "dateprops": [], "properties": {"http://www.w3.org/2000/01/rdf-schema#label": "Bochow 6", "http://purl.org/dc/terms/identifier": "46", "http://w3id.org/bb5kbc/ont/hatFID": "46", "http://w3id.org/bb5kbc/ont/hatFundstellenID": "58", "http://w3id.org/bb5kbc/ont/hatGenauigkeit": "0.0", "http://w3id.org/bb5kbc/ont/hatKatalognummer": "9578", "http://www.w3.org/2004/02/skos/core#prefLabel": "Bochow 6", "http://rdfs.org/ns/void#inDataset.value": "3727"}, "geometry": {"type": "Point", "coordinates": [13.09, 51.96]}}, {"type": "Feature", "id": "http://w3id.org/bb5kbc/site_223", "name": "Sm\u00f3lsk U/98 (data:site_223)", "dateprops": [], "properties": {"http://www.w3.org/2000/01/rdf-schema#label": "Sm\u00f3lsk U/98", "http://purl.org/dc/terms/identifier": "223", "http://w3id.org/bb5kbc/ont/hatFID": "223", "http://w3id.org/bb5kbc/ont/hatFundstellenID": "412", "http://w3id.org/bb5kbc/ont/hatGenauigkeit": "200.0", "http://w3id.org/bb5kbc/ont/hatKatalognummer": "11", "http://www.w3.org/2004/02/skos/core#prefLabel": "Sm\u00f3lsk U/98", "http://rdfs.org/ns/void#inDataset.value": "3727"}, "geometry": {"type": "Point", "coordinates": [18.98, 52.61]}}, {"type": "Feature", "id": "http://w3id.org/bb5kbc/site_281", "name": "Bredow 2 (data:site_281)", "dateprops": [], "properties": {"http://www.w3.org/2000/01/rdf-schema#label": "Bredow 2", "http://purl.org/dc/terms/identifier": "281", "http://w3id.org/bb5kbc/ont/hatFID": "281", "http://w3id.org/bb5kbc/ont/hatFundstellenID": "73", "http://w3id.org/bb5kbc/ont/hatGenauigkeit": "0.0", "http://w3id.org/bb5kbc/ont/hatKatalognummer": "12310", "http://www.w3.org/2004/02/skos/core#prefLabel": "Bredow 2", "http://rdfs.org/ns/void#inDataset.value": "3727"}, "geometry": {"type": "Point", "coordinates": [12.91, 52.6]}}, {"type": "Feature", "id": "http://w3id.org/bb5kbc/site_364", "name": "Krewelin - 13 (data:site_364)", "dateprops": [], "properties": {"http://www.w3.org/2000/01/rdf-schema#label": "Krewelin - 13", "http://purl.org/dc/terms/identifier": "364", "http://w3id.org/bb5kbc/ont/hatFID": "364", "http://w3id.org/bb5kbc/ont/hatFundstellenID": "243", "http://w3id.org/bb5kbc/ont/hatGenauigkeit": "0.0", "http://w3id.org/bb5kbc/ont/hatKatalognummer": "7670", "http://www.w3.org/2004/02/skos/core#prefLabel": "Krewelin - 13", "http://rdfs.org/ns/void#inDataset.value": "3727"}, "geometry": {"type": "Point", "coordinates": [13.38, 52.94]}}, {"type": "Feature", "id": "http://w3id.org/bb5kbc/site_401", "name": "Bornim - 9 (data:site_401)", "dateprops": [], "properties": {"http://www.w3.org/2000/01/rdf-schema#label": "Bornim - 9", "http://purl.org/dc/terms/identifier": "401", "http://w3id.org/bb5kbc/ont/hatFID": "401", "http://w3id.org/bb5kbc/ont/hatFundstellenID": "62", "http://w3id.org/bb5kbc/ont/hatGenauigkeit": "0.0", "http://w3id.org/bb5kbc/ont/hatKatalognummer": "16005", "http://www.w3.org/2004/02/skos/core#prefLabel": "Bornim - 9", "http://rdfs.org/ns/void#inDataset.value": "3727"}, "geometry": {"type": "Point", "coordinates": [12.98, 52.45]}}, {"type": "Feature", "id": "http://w3id.org/bb5kbc/site_19", "name": "Niederm\u00f6llern (OT von M\u00f6llern) 8 (data:site_19)", "dateprops": [], "properties": {"http://www.w3.org/2000/01/rdf-schema#label": "Niederm\u00f6llern (OT von M\u00f6llern) 8", "http://purl.org/dc/terms/identifier": "19", "http://w3id.org/bb5kbc/ont/hatFID": "19", "http://w3id.org/bb5kbc/ont/hatFundstellenID": "311", "http://w3id.org/bb5kbc/ont/hatGenauigkeit": "0.0", "http://w3id.org/bb5kbc/ont/hatKatalognummer": "340", "http://www.w3.org/2004/02/skos/core#prefLabel": "Niederm\u00f6llern (OT von M\u00f6llern) 8", "http://rdfs.org/ns/void#inDataset.value": "3727"}, "geometry": {"type": "Point", "coordinates": [11.71, 51.16]}}, {"type": "Feature", "id": "http://w3id.org/bb5kbc/site_219", "name": "Gu\u017alin 1 (data:site_219)", "dateprops": [], "properties": {"http://www.w3.org/2000/01/rdf-schema#label": "Gu\u017alin 1", "http://purl.org/dc/terms/identifier": "219", "http://w3id.org/bb5kbc/ont/hatFID": "219", "http://w3id.org/bb5kbc/ont/hatFundstellenID": "176", "http://w3id.org/bb5kbc/ont/hatGenauigkeit": "200.0", "http://w3id.org/bb5kbc/ont/hatKatalognummer": "7", "http://www.w3.org/2004/02/skos/core#prefLabel": "Gu\u017alin 1", "http://rdfs.org/ns/void#inDataset.value": "3727"}, "geometry": {"type": "Point", "coordinates": [18.93, 52.6]}}, {"type": "Feature", "id": "http://w3id.org/bb5kbc/site_410", "name": "Bergholz-Rehbr\u00fccke - 17 (data:site_410)", "dateprops": [], "properties": {"http://www.w3.org/2000/01/rdf-schema#label": "Bergholz-Rehbr\u00fccke - 17", "http://purl.org/dc/terms/identifier": "410", "http://w3id.org/bb5kbc/ont/hatFID": "410", "http://w3id.org/bb5kbc/ont/hatFundstellenID": "29", "http://w3id.org/bb5kbc/ont/hatGenauigkeit": "0.0", "http://w3id.org/bb5kbc/ont/hatKatalognummer": "15284", "http://www.w3.org/2004/02/skos/core#prefLabel": "Bergholz-Rehbr\u00fccke - 17", "http://rdfs.org/ns/void#inDataset.value": "3727"}, "geometry": {"type": "Point", "coordinates": [13.07, 52.35]}}, {"type": "Feature", "id": "http://w3id.org/bb5kbc/site_325", "name": "T\u00f6pchin - 14 (data:site_325)", "dateprops": [], "properties": {"http://www.w3.org/2000/01/rdf-schema#label": "T\u00f6pchin - 14", "http://purl.org/dc/terms/identifier": "325", "http://w3id.org/bb5kbc/ont/hatFID": "325", "http://w3id.org/bb5kbc/ont/hatFundstellenID": "435", "http://w3id.org/bb5kbc/ont/hatGenauigkeit": "0.0", "http://w3id.org/bb5kbc/ont/hatKatalognummer": "10360", "http://www.w3.org/2004/02/skos/core#prefLabel": "T\u00f6pchin - 14", "http://rdfs.org/ns/void#inDataset.value": "3727"}, "geometry": {"type": "Point", "coordinates": [13.58, 52.16]}}, {"type": "Feature", "id": "http://w3id.org/bb5kbc/site_173", "name": "Ottitz/Ocice (data:site_173)", "dateprops": [], "properties": {"http://www.w3.org/2000/01/rdf-schema#label": "Ottitz/Ocice", "http://purl.org/dc/terms/identifier": "173", "http://w3id.org/bb5kbc/ont/hatFID": "173", "http://w3id.org/bb5kbc/ont/hatFundstellenID": "322", "http://w3id.org/bb5kbc/ont/hatGenauigkeit": "3000.0", "http://w3id.org/bb5kbc/ont/hatKatalognummer": "1", "http://www.w3.org/2004/02/skos/core#prefLabel": "Ottitz/Ocice", "http://rdfs.org/ns/void#inDataset.value": "3727"}, "geometry": {"type": "Point", "coordinates": [18.17, 50.08]}}, {"type": "Feature", "id": "http://w3id.org/bb5kbc/site_462", "name": "Klein Kienitz - 9 (data:site_462)", "dateprops": [], "properties": {"http://www.w3.org/2000/01/rdf-schema#label": "Klein Kienitz - 9", "http://purl.org/dc/terms/identifier": "462", "http://w3id.org/bb5kbc/ont/hatFID": "462", "http://w3id.org/bb5kbc/ont/hatFundstellenID": "216", "http://w3id.org/bb5kbc/ont/hatGenauigkeit": "0.0", "http://w3id.org/bb5kbc/ont/hatKatalognummer": "24339", "http://www.w3.org/2004/02/skos/core#prefLabel": "Klein Kienitz - 9", "http://rdfs.org/ns/void#inDataset.value": "3727"}, "geometry": {"type": "Point", "coordinates": [13.47, 52.31]}}, {"type": "Feature", "id": "http://w3id.org/bb5kbc/site_555", "name": "Siad\u0142o Dolne 7 (data:site_555)", "dateprops": [], "properties": {"http://www.w3.org/2000/01/rdf-schema#label": "Siad\u0142o Dolne 7", "http://purl.org/dc/terms/identifier": "555", "http://w3id.org/bb5kbc/ont/hatFID": "555", "http://w3id.org/bb5kbc/ont/hatFundstellenID": "409", "http://w3id.org/bb5kbc/ont/hatGenauigkeit": "800.0", "http://w3id.org/bb5kbc/ont/hatKatalognummer": "9", "http://www.w3.org/2004/02/skos/core#prefLabel": "Siad\u0142o Dolne 7", "http://rdfs.org/ns/void#inDataset.value": "3727"}, "geometry": {"type": "Point", "coordinates": [14.49, 53.38]}}, {"type": "Feature", "id": "http://w3id.org/bb5kbc/site_502", "name": "Zollchow - 20 (data:site_502)", "dateprops": [], "properties": {"http://www.w3.org/2000/01/rdf-schema#label": "Zollchow - 20", "http://purl.org/dc/terms/identifier": "502", "http://w3id.org/bb5kbc/ont/hatFID": "502", "http://w3id.org/bb5kbc/ont/hatFundstellenID": "503", "http://w3id.org/bb5kbc/ont/hatGenauigkeit": "0.0", "http://w3id.org/bb5kbc/ont/hatKatalognummer": "18490", "http://www.w3.org/2004/02/skos/core#prefLabel": "Zollchow - 20", "http://rdfs.org/ns/void#inDataset.value": "3727"}, "geometry": {"type": "Point", "coordinates": [13.84, 53.25]}}, {"type": "Feature", "id": "http://w3id.org/bb5kbc/site_352", "name": "Krewelin - 2 (data:site_352)", "dateprops": [], "properties": {"http://www.w3.org/2000/01/rdf-schema#label": "Krewelin - 2", "http://purl.org/dc/terms/identifier": "352", "http://w3id.org/bb5kbc/ont/hatFID": "352", "http://w3id.org/bb5kbc/ont/hatFundstellenID": "244", "http://w3id.org/bb5kbc/ont/hatGenauigkeit": "0.0", "http://w3id.org/bb5kbc/ont/hatKatalognummer": "7659", "http://www.w3.org/2004/02/skos/core#prefLabel": "Krewelin - 2", "http://rdfs.org/ns/void#inDataset.value": "3727"}, "geometry": {"type": "Point", "coordinates": [13.41, 52.95]}}, {"type": "Feature", "id": "http://w3id.org/bb5kbc/site_499", "name": "Prenzlau - 101 (data:site_499)", "dateprops": [], "properties": {"http://www.w3.org/2000/01/rdf-schema#label": "Prenzlau - 101", "http://purl.org/dc/terms/identifier": "499", "http://w3id.org/bb5kbc/ont/hatFID": "499", "http://w3id.org/bb5kbc/ont/hatFundstellenID": "349", "http://w3id.org/bb5kbc/ont/hatGenauigkeit": "0.0", "http://w3id.org/bb5kbc/ont/hatKatalognummer": "17652", "http://www.w3.org/2004/02/skos/core#prefLabel": "Prenzlau - 101", "http://rdfs.org/ns/void#inDataset.value": "3727"}, "geometry": {"type": "Point", "coordinates": [13.82, 53.3]}}, {"type": "Feature", "id": "http://w3id.org/bb5kbc/site_329", "name": "Buchhain - 7 (data:site_329)", "dateprops": [], "properties": {"http://www.w3.org/2000/01/rdf-schema#label": "Buchhain - 7", "http://purl.org/dc/terms/identifier": "329", "http://w3id.org/bb5kbc/ont/hatFID": "329", "http://w3id.org/bb5kbc/ont/hatFundstellenID": "84", "http://w3id.org/bb5kbc/ont/hatGenauigkeit": "0.0", "http://w3id.org/bb5kbc/ont/hatKatalognummer": "29813", "http://www.w3.org/2004/02/skos/core#prefLabel": "Buchhain - 7", "http://rdfs.org/ns/void#inDataset.value": "3727"}, "geometry": {"type": "Point", "coordinates": [13.39, 51.66]}}, {"type": "Feature", "id": "http://w3id.org/bb5kbc/site_365", "name": "Oranienburg - 42 (data:site_365)", "dateprops": [], "properties": {"http://www.w3.org/2000/01/rdf-schema#label": "Oranienburg - 42", "http://purl.org/dc/terms/identifier": "365", "http://w3id.org/bb5kbc/ont/hatFID": "365", "http://w3id.org/bb5kbc/ont/hatFundstellenID": "315", "http://w3id.org/bb5kbc/ont/hatGenauigkeit": "0.0", "http://w3id.org/bb5kbc/ont/hatKatalognummer": "57790", "http://www.w3.org/2004/02/skos/core#prefLabel": "Oranienburg - 42", "http://rdfs.org/ns/void#inDataset.value": "3727"}, "geometry": {"type": "Point", "coordinates": [13.25, 52.75]}}, {"type": "Feature", "id": "http://w3id.org/bb5kbc/site_520", "name": "Biskupin 18/IV (data:site_520)", "dateprops": [], "properties": {"http://www.w3.org/2000/01/rdf-schema#label": "Biskupin 18/IV", "http://purl.org/dc/terms/identifier": "520", "http://w3id.org/bb5kbc/ont/hatFID": "520", "http://w3id.org/bb5kbc/ont/hatFundstellenID": "45", "http://w3id.org/bb5kbc/ont/hatGenauigkeit": "2000.0", "http://w3id.org/bb5kbc/ont/hatKatalognummer": "5", "http://www.w3.org/2004/02/skos/core#prefLabel": "Biskupin 18/IV", "http://rdfs.org/ns/void#inDataset.value": "3727"}, "geometry": {"type": "Point", "coordinates": [17.75, 52.78]}}, {"type": "Feature", "id": "http://w3id.org/bb5kbc/site_302", "name": "Satzkorn 37 (data:site_302)", "dateprops": [], "properties": {"http://www.w3.org/2000/01/rdf-schema#label": "Satzkorn 37", "http://purl.org/dc/terms/identifier": "302", "http://w3id.org/bb5kbc/ont/hatFID": "302", "http://w3id.org/bb5kbc/ont/hatFundstellenID": "383", "http://w3id.org/bb5kbc/ont/hatGenauigkeit": "0.0", "http://w3id.org/bb5kbc/ont/hatKatalognummer": "58270", "http://www.w3.org/2004/02/skos/core#prefLabel": "Satzkorn 37", "http://rdfs.org/ns/void#inDataset.value": "3727"}, "geometry": {"type": "Point", "coordinates": [12.99, 52.48]}}, {"type": "Feature", "id": "http://w3id.org/bb5kbc/site_247", "name": "Pozna\u0144 - D\u0119biec 1 (data:site_247)", "dateprops": [], "properties": {"http://www.w3.org/2000/01/rdf-schema#label": "Pozna\u0144 - D\u0119biec 1", "http://purl.org/dc/terms/identifier": "247", "http://w3id.org/bb5kbc/ont/hatFID": "247", "http://w3id.org/bb5kbc/ont/hatFundstellenID": "346", "http://w3id.org/bb5kbc/ont/hatGenauigkeit": "200.0", "http://www.w3.org/2004/02/skos/core#prefLabel": "Pozna\u0144 - D\u0119biec 1", "http://rdfs.org/ns/void#inDataset.value": "3727"}, "geometry": {"type": "Point", "coordinates": [16.92, 52.38]}}, {"type": "Feature", "id": "http://w3id.org/bb5kbc/site_289", "name": "Grube 7 (data:site_289)", "dateprops": [], "properties": {"http://www.w3.org/2000/01/rdf-schema#label": "Grube 7", "http://purl.org/dc/terms/identifier": "289", "http://w3id.org/bb5kbc/ont/hatFID": "289", "http://w3id.org/bb5kbc/ont/hatFundstellenID": "168", "http://w3id.org/bb5kbc/ont/hatGenauigkeit": "0.0", "http://w3id.org/bb5kbc/ont/hatKatalognummer": "15482", "http://www.w3.org/2004/02/skos/core#prefLabel": "Grube 7", "http://rdfs.org/ns/void#inDataset.value": "3727"}, "geometry": {"type": "Point", "coordinates": [12.95, 52.44]}}, {"type": "Feature", "id": "http://w3id.org/bb5kbc/site_484", "name": "Wollschow - 35 (data:site_484)", "dateprops": [], "properties": {"http://www.w3.org/2000/01/rdf-schema#label": "Wollschow - 35", "http://purl.org/dc/terms/identifier": "484", "http://w3id.org/bb5kbc/ont/hatFID": "484", "http://w3id.org/bb5kbc/ont/hatFundstellenID": "474", "http://w3id.org/bb5kbc/ont/hatGenauigkeit": "0.0", "http://w3id.org/bb5kbc/ont/hatKatalognummer": "18431", "http://www.w3.org/2004/02/skos/core#prefLabel": "Wollschow - 35", "http://rdfs.org/ns/void#inDataset.value": "3727"}, "geometry": {"type": "Point", "coordinates": [14.24, 53.39]}}, {"type": "Feature", "id": "http://w3id.org/bb5kbc/site_571", "name": "Hohenbr\u00fcck 2 (data:site_571)", "dateprops": [], "properties": {"http://www.w3.org/2000/01/rdf-schema#label": "Hohenbr\u00fcck 2", "http://purl.org/dc/terms/identifier": "571", "http://w3id.org/bb5kbc/ont/hatFID": "571", "http://w3id.org/bb5kbc/ont/hatFundstellenID": "189", "http://w3id.org/bb5kbc/ont/hatGenauigkeit": "0.0", "http://w3id.org/bb5kbc/ont/hatKatalognummer": "11207", "http://www.w3.org/2004/02/skos/core#prefLabel": "Hohenbr\u00fcck 2", "http://rdfs.org/ns/void#inDataset.value": "3727"}, "geometry": {"type": "Point", "coordinates": [13.89, 52.09]}}, {"type": "Feature", "id": "http://w3id.org/bb5kbc/site_314", "name": "Zaue - 6 (data:site_314)", "dateprops": [], "properties": {"http://www.w3.org/2000/01/rdf-schema#label": "Zaue - 6", "http://purl.org/dc/terms/identifier": "314", "http://w3id.org/bb5kbc/ont/hatFID": "314", "http://w3id.org/bb5kbc/ont/hatFundstellenID": "491", "http://w3id.org/bb5kbc/ont/hatGenauigkeit": "0.0", "http://w3id.org/bb5kbc/ont/hatKatalognummer": "11418", "http://www.w3.org/2004/02/skos/core#prefLabel": "Zaue - 6", "http://rdfs.org/ns/void#inDataset.value": "3727"}, "geometry": {"type": "Point", "coordinates": [14.19, 52.04]}}, {"type": "Feature", "id": "http://w3id.org/bb5kbc/site_41", "name": "Bochow 6/7 (data:site_41)", "dateprops": [], "properties": {"http://www.w3.org/2000/01/rdf-schema#label": "Bochow 6/7", "http://purl.org/dc/terms/identifier": "41", "http://w3id.org/bb5kbc/ont/hatFID": "41", "http://w3id.org/bb5kbc/ont/hatFundstellenID": "59", "http://w3id.org/bb5kbc/ont/hatGenauigkeit": "0.0", "http://w3id.org/bb5kbc/ont/hatKatalognummer": "9579", "http://www.w3.org/2004/02/skos/core#prefLabel": "Bochow 6/7", "http://rdfs.org/ns/void#inDataset.value": "3727"}, "geometry": {"type": "Point", "coordinates": [13.09, 51.96]}}, {"type": "Feature", "id": "http://w3id.org/bb5kbc/site_356", "name": "Teschendorf - 5 (data:site_356)", "dateprops": [], "properties": {"http://www.w3.org/2000/01/rdf-schema#label": "Teschendorf - 5", "http://purl.org/dc/terms/identifier": "356", "http://w3id.org/bb5kbc/ont/hatFID": "356", "http://w3id.org/bb5kbc/ont/hatFundstellenID": "433", "http://w3id.org/bb5kbc/ont/hatGenauigkeit": "0.0", "http://w3id.org/bb5kbc/ont/hatKatalognummer": "14954", "http://www.w3.org/2004/02/skos/core#prefLabel": "Teschendorf - 5", "http://rdfs.org/ns/void#inDataset.value": "3727"}, "geometry": {"type": "Point", "coordinates": [13.17, 52.86]}}, {"type": "Feature", "id": "http://w3id.org/bb5kbc/site_474", "name": "Hohenlandin - 10 (data:site_474)", "dateprops": [], "properties": {"http://www.w3.org/2000/01/rdf-schema#label": "Hohenlandin - 10", "http://purl.org/dc/terms/identifier": "474", "http://w3id.org/bb5kbc/ont/hatFID": "474", "http://w3id.org/bb5kbc/ont/hatFundstellenID": "193", "http://w3id.org/bb5kbc/ont/hatGenauigkeit": "0.0", "http://w3id.org/bb5kbc/ont/hatKatalognummer": "566", "http://www.w3.org/2004/02/skos/core#prefLabel": "Hohenlandin - 10", "http://rdfs.org/ns/void#inDataset.value": "3727"}, "geometry": {"type": "Point", "coordinates": [14.12, 53.1]}}, {"type": "Feature", "id": "http://w3id.org/bb5kbc/site_14", "name": "Helfta 65 (data:site_14)", "dateprops": [], "properties": {"http://www.w3.org/2000/01/rdf-schema#label": "Helfta 65", "http://purl.org/dc/terms/identifier": "14", "http://w3id.org/bb5kbc/ont/hatFID": "14", "http://w3id.org/bb5kbc/ont/hatFundstellenID": "182", "http://w3id.org/bb5kbc/ont/hatGenauigkeit": "50.0", "http://w3id.org/bb5kbc/ont/hatKatalognummer": "220", "http://www.w3.org/2004/02/skos/core#prefLabel": "Helfta 65", "http://rdfs.org/ns/void#inDataset.value": "3727"}, "geometry": {"type": "Point", "coordinates": [11.56, 51.5]}}, {"type": "Feature", "id": "http://w3id.org/bb5kbc/site_388", "name": "Altfriesack - 2 (data:site_388)", "dateprops": [], "properties": {"http://www.w3.org/2000/01/rdf-schema#label": "Altfriesack - 2", "http://purl.org/dc/terms/identifier": "388", "http://w3id.org/bb5kbc/ont/hatFID": "388", "http://w3id.org/bb5kbc/ont/hatFundstellenID": "13", "http://w3id.org/bb5kbc/ont/hatGenauigkeit": "0.0", "http://w3id.org/bb5kbc/ont/hatKatalognummer": "13030", "http://www.w3.org/2004/02/skos/core#prefLabel": "Altfriesack - 2", "http://rdfs.org/ns/void#inDataset.value": "3727"}, "geometry": {"type": "Point", "coordinates": [12.89, 52.84]}}, {"type": "Feature", "id": "http://w3id.org/bb5kbc/site_406", "name": "Alt T\u00f6plitz - 2 (data:site_406)", "dateprops": [], "properties": {"http://www.w3.org/2000/01/rdf-schema#label": "Alt T\u00f6plitz - 2", "http://purl.org/dc/terms/identifier": "406", "http://w3id.org/bb5kbc/ont/hatFID": "406", "http://w3id.org/bb5kbc/ont/hatFundstellenID": "10", "http://w3id.org/bb5kbc/ont/hatGenauigkeit": "0.0", "http://w3id.org/bb5kbc/ont/hatKatalognummer": "15206", "http://www.w3.org/2004/02/skos/core#prefLabel": "Alt T\u00f6plitz - 2", "http://rdfs.org/ns/void#inDataset.value": "3727"}, "geometry": {"type": "Point", "coordinates": [12.92, 52.42]}}, {"type": "Feature", "id": "http://w3id.org/bb5kbc/site_557", "name": "Mierzyn 5 (36) (data:site_557)", "dateprops": [], "properties": {"http://www.w3.org/2000/01/rdf-schema#label": "Mierzyn 5 (36)", "http://purl.org/dc/terms/identifier": "557", "http://w3id.org/bb5kbc/ont/hatFID": "557", "http://w3id.org/bb5kbc/ont/hatFundstellenID": "289", "http://w3id.org/bb5kbc/ont/hatGenauigkeit": "800.0", "http://w3id.org/bb5kbc/ont/hatKatalognummer": "7", "http://www.w3.org/2004/02/skos/core#prefLabel": "Mierzyn 5 (36)", "http://rdfs.org/ns/void#inDataset.value": "3727"}, "geometry": {"type": "Point", "coordinates": [14.46, 53.42]}}, {"type": "Feature", "id": "http://w3id.org/bb5kbc/site_309", "name": "Brandenburg-Neustadt - 56 (data:site_309)", "dateprops": [], "properties": {"http://www.w3.org/2000/01/rdf-schema#label": "Brandenburg-Neustadt - 56", "http://purl.org/dc/terms/identifier": "309", "http://w3id.org/bb5kbc/ont/hatFID": "309", "http://w3id.org/bb5kbc/ont/hatFundstellenID": "71", "http://w3id.org/bb5kbc/ont/hatGenauigkeit": "0.0", "http://w3id.org/bb5kbc/ont/hatKatalognummer": "2533", "http://www.w3.org/2004/02/skos/core#prefLabel": "Brandenburg-Neustadt - 56", "http://rdfs.org/ns/void#inDataset.value": "3727"}, "geometry": {"type": "Point", "coordinates": [12.56, 52.41]}}, {"type": "Feature", "id": "http://w3id.org/bb5kbc/site_377", "name": "Lohm - 12 (data:site_377)", "dateprops": [], "properties": {"http://www.w3.org/2000/01/rdf-schema#label": "Lohm - 12", "http://purl.org/dc/terms/identifier": "377", "http://w3id.org/bb5kbc/ont/hatFID": "377", "http://w3id.org/bb5kbc/ont/hatFundstellenID": "263", "http://w3id.org/bb5kbc/ont/hatGenauigkeit": "0.0", "http://w3id.org/bb5kbc/ont/hatKatalognummer": "10715", "http://www.w3.org/2004/02/skos/core#prefLabel": "Lohm - 12", "http://rdfs.org/ns/void#inDataset.value": "3727"}, "geometry": {"type": "Point", "coordinates": [12.31, 52.87]}}, {"type": "Feature", "id": "http://w3id.org/bb5kbc/site_373", "name": "Wusterhausen (Dosse) - 12 (data:site_373)", "dateprops": [], "properties": {"http://www.w3.org/2000/01/rdf-schema#label": "Wusterhausen (Dosse) - 12", "http://purl.org/dc/terms/identifier": "373", "http://w3id.org/bb5kbc/ont/hatFID": "373", "http://w3id.org/bb5kbc/ont/hatFundstellenID": "477", "http://w3id.org/bb5kbc/ont/hatGenauigkeit": "0.0", "http://w3id.org/bb5kbc/ont/hatKatalognummer": "10442", "http://www.w3.org/2004/02/skos/core#prefLabel": "Wusterhausen (Dosse) - 12", "http://rdfs.org/ns/void#inDataset.value": "3727"}, "geometry": {"type": "Point", "coordinates": [12.49, 52.92]}}, {"type": "Feature", "id": "http://w3id.org/bb5kbc/site_425", "name": "Alt T\u00f6plitz - 14 (data:site_425)", "dateprops": [], "properties": {"http://www.w3.org/2000/01/rdf-schema#label": "Alt T\u00f6plitz - 14", "http://purl.org/dc/terms/identifier": "425", "http://w3id.org/bb5kbc/ont/hatFID": "425", "http://w3id.org/bb5kbc/ont/hatFundstellenID": "9", "http://w3id.org/bb5kbc/ont/hatGenauigkeit": "0.0", "http://w3id.org/bb5kbc/ont/hatKatalognummer": "15218", "http://www.w3.org/2004/02/skos/core#prefLabel": "Alt T\u00f6plitz - 14", "http://rdfs.org/ns/void#inDataset.value": "3727"}, "geometry": {"type": "Point", "coordinates": [12.92, 52.42]}}, {"type": "Feature", "id": "http://w3id.org/bb5kbc/site_446", "name": "Blankenfelde - 9 (data:site_446)", "dateprops": [], "properties": {"http://www.w3.org/2000/01/rdf-schema#label": "Blankenfelde - 9", "http://purl.org/dc/terms/identifier": "446", "http://w3id.org/bb5kbc/ont/hatFID": "446", "http://w3id.org/bb5kbc/ont/hatFundstellenID": "49", "http://w3id.org/bb5kbc/ont/hatGenauigkeit": "0.0", "http://w3id.org/bb5kbc/ont/hatKatalognummer": "23970", "http://www.w3.org/2004/02/skos/core#prefLabel": "Blankenfelde - 9", "http://rdfs.org/ns/void#inDataset.value": "3727"}, "geometry": {"type": "Point", "coordinates": [13.38, 52.32]}}, {"type": "Feature", "id": "http://w3id.org/bb5kbc/site_556", "name": "Stobno 13 (data:site_556)", "dateprops": [], "properties": {"http://www.w3.org/2000/01/rdf-schema#label": "Stobno 13", "http://purl.org/dc/terms/identifier": "556", "http://w3id.org/bb5kbc/ont/hatFID": "556", "http://w3id.org/bb5kbc/ont/hatFundstellenID": "424", "http://w3id.org/bb5kbc/ont/hatGenauigkeit": "800.0", "http://w3id.org/bb5kbc/ont/hatKatalognummer": "8", "http://www.w3.org/2004/02/skos/core#prefLabel": "Stobno 13", "http://rdfs.org/ns/void#inDataset.value": "3727"}, "geometry": {"type": "Point", "coordinates": [14.44, 53.42]}}, {"type": "Feature", "id": "http://w3id.org/bb5kbc/site_519", "name": "Biskupin 18/I (data:site_519)", "dateprops": [], "properties": {"http://www.w3.org/2000/01/rdf-schema#label": "Biskupin 18/I", "http://purl.org/dc/terms/identifier": "519", "http://w3id.org/bb5kbc/ont/hatFID": "519", "http://w3id.org/bb5kbc/ont/hatFundstellenID": "44", "http://w3id.org/bb5kbc/ont/hatGenauigkeit": "2000.0", "http://w3id.org/bb5kbc/ont/hatKatalognummer": "5", "http://www.w3.org/2004/02/skos/core#prefLabel": "Biskupin 18/I", "http://rdfs.org/ns/void#inDataset.value": "3727"}, "geometry": {"type": "Point", "coordinates": [17.75, 52.78]}}, {"type": "Feature", "id": "http://w3id.org/bb5kbc/site_272", "name": "Wachow 5 (data:site_272)", "dateprops": [], "properties": {"http://www.w3.org/2000/01/rdf-schema#label": "Wachow 5", "http://purl.org/dc/terms/identifier": "272", "http://w3id.org/bb5kbc/ont/hatFID": "272", "http://w3id.org/bb5kbc/ont/hatFundstellenID": "453", "http://w3id.org/bb5kbc/ont/hatGenauigkeit": "0.0", "http://w3id.org/bb5kbc/ont/hatKatalognummer": "12906", "http://www.w3.org/2004/02/skos/core#prefLabel": "Wachow 5", "http://rdfs.org/ns/void#inDataset.value": "3727"}, "geometry": {"type": "Point", "coordinates": [12.76, 52.54]}}, {"type": "Feature", "id": "http://w3id.org/bb5kbc/site_531", "name": "\u0141ojewo 1A (data:site_531)", "dateprops": [], "properties": {"http://www.w3.org/2000/01/rdf-schema#label": "\u0141ojewo 1A", "http://purl.org/dc/terms/identifier": "531", "http://w3id.org/bb5kbc/ont/hatFID": "531", "http://w3id.org/bb5kbc/ont/hatFundstellenID": "265", "http://w3id.org/bb5kbc/ont/hatGenauigkeit": "1000.0", "http://w3id.org/bb5kbc/ont/hatKatalognummer": "85", "http://www.w3.org/2004/02/skos/core#prefLabel": "\u0141ojewo 1A", "http://rdfs.org/ns/void#inDataset.value": "3727"}, "geometry": {"type": "Point", "coordinates": [18.31, 52.74]}}, {"type": "Feature", "id": "http://w3id.org/bb5kbc/site_394", "name": "Wusterhausen (Dosse) - 17 (data:site_394)", "dateprops": [], "properties": {"http://www.w3.org/2000/01/rdf-schema#label": "Wusterhausen (Dosse) - 17", "http://purl.org/dc/terms/identifier": "394", "http://w3id.org/bb5kbc/ont/hatFID": "394", "http://w3id.org/bb5kbc/ont/hatFundstellenID": "480", "http://w3id.org/bb5kbc/ont/hatGenauigkeit": "0.0", "http://w3id.org/bb5kbc/ont/hatKatalognummer": "10871", "http://www.w3.org/2004/02/skos/core#prefLabel": "Wusterhausen (Dosse) - 17", "http://rdfs.org/ns/void#inDataset.value": "3727"}, "geometry": {"type": "Point", "coordinates": [12.48, 52.91]}}, {"type": "Feature", "id": "http://w3id.org/bb5kbc/site_122", "name": "Moz\u00f3w (data:site_122)", "dateprops": [], "properties": {"http://www.w3.org/2000/01/rdf-schema#label": "Moz\u00f3w", "http://purl.org/dc/terms/identifier": "122", "http://w3id.org/bb5kbc/ont/hatFID": "122", "http://w3id.org/bb5kbc/ont/hatFundstellenID": "296", "http://w3id.org/bb5kbc/ont/hatGenauigkeit": "2000.0", "http://w3id.org/bb5kbc/ont/hatKatalognummer": "26", "http://www.w3.org/2004/02/skos/core#prefLabel": "Moz\u00f3w", "http://rdfs.org/ns/void#inDataset.value": "3727"}, "geometry": {"type": "Point", "coordinates": [15.57, 52.08]}}, {"type": "Feature", "id": "http://w3id.org/bb5kbc/site_222", "name": "Pikutkowo 88 (motorway) (data:site_222)", "dateprops": [], "properties": {"http://www.w3.org/2000/01/rdf-schema#label": "Pikutkowo 88 (motorway)", "http://purl.org/dc/terms/identifier": "222", "http://w3id.org/bb5kbc/ont/hatFID": "222", "http://w3id.org/bb5kbc/ont/hatFundstellenID": "329", "http://w3id.org/bb5kbc/ont/hatGenauigkeit": "200.0", "http://w3id.org/bb5kbc/ont/hatKatalognummer": "12", "http://www.w3.org/2004/02/skos/core#prefLabel": "Pikutkowo 88 (motorway)", "http://rdfs.org/ns/void#inDataset.value": "3727"}, "geometry": {"type": "Point", "coordinates": [18.97, 52.62]}}, {"type": "Feature", "id": "http://w3id.org/bb5kbc/site_225", "name": "Sm\u00f3lsk 4 (data:site_225)", "dateprops": [], "properties": {"http://www.w3.org/2000/01/rdf-schema#label": "Sm\u00f3lsk 4", "http://purl.org/dc/terms/identifier": "225", "http://w3id.org/bb5kbc/ont/hatFID": "225", "http://w3id.org/bb5kbc/ont/hatFundstellenID": "411", "http://w3id.org/bb5kbc/ont/hatGenauigkeit": "200.0", "http://w3id.org/bb5kbc/ont/hatKatalognummer": "9", "http://www.w3.org/2004/02/skos/core#prefLabel": "Sm\u00f3lsk 4", "http://rdfs.org/ns/void#inDataset.value": "3727"}, "geometry": {"type": "Point", "coordinates": [18.98, 52.6]}}, {"type": "Feature", "id": "http://w3id.org/bb5kbc/site_158", "name": "Puschkowa/Pustk\u00f3w \u017burawski (data:site_158)", "dateprops": [], "properties": {"http://www.w3.org/2000/01/rdf-schema#label": "Puschkowa/Pustk\u00f3w \u017burawski", "http://purl.org/dc/terms/identifier": "158", "http://w3id.org/bb5kbc/ont/hatFID": "158", "http://w3id.org/bb5kbc/ont/hatFundstellenID": "354", "http://w3id.org/bb5kbc/ont/hatGenauigkeit": "2000.0", "http://w3id.org/bb5kbc/ont/hatKatalognummer": "12", "http://www.w3.org/2004/02/skos/core#prefLabel": "Puschkowa/Pustk\u00f3w \u017burawski", "http://rdfs.org/ns/void#inDataset.value": "3727"}, "geometry": {"type": "Point", "coordinates": [16.86, 50.96]}}, {"type": "Feature", "id": "http://w3id.org/bb5kbc/site_82", "name": "Neuendorf 23 (data:site_82)", "dateprops": [], "properties": {"http://www.w3.org/2000/01/rdf-schema#label": "Neuendorf 23", "http://purl.org/dc/terms/identifier": "82", "http://w3id.org/bb5kbc/ont/hatFID": "82", "http://w3id.org/bb5kbc/ont/hatFundstellenID": "301", "http://w3id.org/bb5kbc/ont/hatGenauigkeit": "0.0", "http://w3id.org/bb5kbc/ont/hatKatalognummer": "43938", "http://www.w3.org/2004/02/skos/core#prefLabel": "Neuendorf 23", "http://rdfs.org/ns/void#inDataset.value": "3727"}, "geometry": {"type": "Point", "coordinates": [14.42, 51.8]}}, {"type": "Feature", "id": "http://w3id.org/bb5kbc/site_213", "name": "Brze\u015b\u0107 Kujawski 5 (data:site_213)", "dateprops": [], "properties": {"http://www.w3.org/2000/01/rdf-schema#label": "Brze\u015b\u0107 Kujawski 5", "http://purl.org/dc/terms/identifier": "213", "http://w3id.org/bb5kbc/ont/hatFID": "213", "http://w3id.org/bb5kbc/ont/hatFundstellenID": "81", "http://w3id.org/bb5kbc/ont/hatGenauigkeit": "200.0", "http://w3id.org/bb5kbc/ont/hatKatalognummer": "3", "http://www.w3.org/2004/02/skos/core#prefLabel": "Brze\u015b\u0107 Kujawski 5", "http://rdfs.org/ns/void#inDataset.value": "3727"}, "geometry": {"type": "Point", "coordinates": [18.92, 52.61]}}, {"type": "Feature", "id": "http://w3id.org/bb5kbc/site_239", "name": "Ryszewko 2/Klein-Rieschow (data:site_239)", "dateprops": [], "properties": {"http://www.w3.org/2000/01/rdf-schema#label": "Ryszewko 2/Klein-Rieschow", "http://purl.org/dc/terms/identifier": "239", "http://w3id.org/bb5kbc/ont/hatFID": "239", "http://w3id.org/bb5kbc/ont/hatFundstellenID": "379", "http://w3id.org/bb5kbc/ont/hatGenauigkeit": "100.0", "http://www.w3.org/2004/02/skos/core#prefLabel": "Ryszewko 2/Klein-Rieschow", "http://rdfs.org/ns/void#inDataset.value": "3727"}, "geometry": {"type": "Point", "coordinates": [14.85, 53.2]}}, {"type": "Feature", "id": "http://w3id.org/bb5kbc/site_240", "name": "Friesack 4 (data:site_240)", "dateprops": [], "properties": {"http://www.w3.org/2000/01/rdf-schema#label": "Friesack 4", "http://purl.org/dc/terms/identifier": "240", "http://w3id.org/bb5kbc/ont/hatFID": "240", "http://w3id.org/bb5kbc/ont/hatFundstellenID": "129", "http://w3id.org/bb5kbc/ont/hatGenauigkeit": "0.0", "http://w3id.org/bb5kbc/ont/hatKatalognummer": "12485", "http://www.w3.org/2004/02/skos/core#prefLabel": "Friesack 4", "http://rdfs.org/ns/void#inDataset.value": "3727"}, "geometry": {"type": "Point", "coordinates": [12.54, 52.75]}}, {"type": "Feature", "id": "http://w3id.org/bb5kbc/site_53", "name": "Z\u00f6llmersdorf (data:site_53)", "dateprops": [], "properties": {"http://www.w3.org/2000/01/rdf-schema#label": "Z\u00f6llmersdorf", "http://purl.org/dc/terms/identifier": "53", "http://w3id.org/bb5kbc/ont/hatFID": "53", "http://w3id.org/bb5kbc/ont/hatFundstellenID": "504", "http://w3id.org/bb5kbc/ont/hatGenauigkeit": "0.0", "http://www.w3.org/2004/02/skos/core#prefLabel": "Z\u00f6llmersdorf", "http://rdfs.org/ns/void#inDataset.value": "3727"}, "geometry": {"type": "Point", "coordinates": [13.66, 51.85]}}, {"type": "Feature", "id": "http://w3id.org/bb5kbc/site_560", "name": "Warzymice 2 (data:site_560)", "dateprops": [], "properties": {"http://www.w3.org/2000/01/rdf-schema#label": "Warzymice 2", "http://purl.org/dc/terms/identifier": "560", "http://w3id.org/bb5kbc/ont/hatFID": "560", "http://w3id.org/bb5kbc/ont/hatFundstellenID": "461", "http://w3id.org/bb5kbc/ont/hatGenauigkeit": "800.0", "http://w3id.org/bb5kbc/ont/hatKatalognummer": "4", "http://www.w3.org/2004/02/skos/core#prefLabel": "Warzymice 2", "http://rdfs.org/ns/void#inDataset.value": "3727"}, "geometry": {"type": "Point", "coordinates": [14.46, 53.38]}}, {"type": "Feature", "id": "http://w3id.org/bb5kbc/site_212", "name": "Brze\u015b\u0107 Kujawski 5 (data:site_212)", "dateprops": [], "properties": {"http://www.w3.org/2000/01/rdf-schema#label": "Brze\u015b\u0107 Kujawski 5", "http://purl.org/dc/terms/identifier": "212", "http://w3id.org/bb5kbc/ont/hatFID": "212", "http://w3id.org/bb5kbc/ont/hatFundstellenID": "81", "http://w3id.org/bb5kbc/ont/hatGenauigkeit": "200.0", "http://w3id.org/bb5kbc/ont/hatKatalognummer": "3", "http://www.w3.org/2004/02/skos/core#prefLabel": "Brze\u015b\u0107 Kujawski 5", "http://rdfs.org/ns/void#inDataset.value": "3727"}, "geometry": {"type": "Point", "coordinates": [18.92, 52.61]}}, {"type": "Feature", "id": "http://w3id.org/bb5kbc/site_214", "name": "Brze\u015b\u0107 Kujawski 10 (data:site_214)", "dateprops": [], "properties": {"http://www.w3.org/2000/01/rdf-schema#label": "Brze\u015b\u0107 Kujawski 10", "http://purl.org/dc/terms/identifier": "214", "http://w3id.org/bb5kbc/ont/hatFID": "214", "http://w3id.org/bb5kbc/ont/hatFundstellenID": "77", "http://w3id.org/bb5kbc/ont/hatGenauigkeit": "200.0", "http://w3id.org/bb5kbc/ont/hatKatalognummer": "5", "http://www.w3.org/2004/02/skos/core#prefLabel": "Brze\u015b\u0107 Kujawski 10", "http://rdfs.org/ns/void#inDataset.value": "3727"}, "geometry": {"type": "Point", "coordinates": [18.92, 52.61]}}, {"type": "Feature", "id": "http://w3id.org/bb5kbc/site_354", "name": "Zehdenick - 3 (data:site_354)", "dateprops": [], "properties": {"http://www.w3.org/2000/01/rdf-schema#label": "Zehdenick - 3", "http://purl.org/dc/terms/identifier": "354", "http://w3id.org/bb5kbc/ont/hatFID": "354", "http://w3id.org/bb5kbc/ont/hatFundstellenID": "497", "http://w3id.org/bb5kbc/ont/hatGenauigkeit": "0.0", "http://w3id.org/bb5kbc/ont/hatKatalognummer": "7770", "http://www.w3.org/2004/02/skos/core#prefLabel": "Zehdenick - 3", "http://rdfs.org/ns/void#inDataset.value": "3727"}, "geometry": {"type": "Point", "coordinates": [13.32, 52.95]}}, {"type": "Feature", "id": "http://w3id.org/bb5kbc/site_190", "name": "Zagajewice Z/06 (data:site_190)", "dateprops": [], "properties": {"http://www.w3.org/2000/01/rdf-schema#label": "Zagajewice Z/06", "http://purl.org/dc/terms/identifier": "190", "http://w3id.org/bb5kbc/ont/hatFID": "190", "http://w3id.org/bb5kbc/ont/hatFundstellenID": "487", "http://w3id.org/bb5kbc/ont/hatGenauigkeit": "200.0", "http://w3id.org/bb5kbc/ont/hatKatalognummer": "34", "http://www.w3.org/2004/02/skos/core#prefLabel": "Zagajewice Z/06", "http://rdfs.org/ns/void#inDataset.value": "3727"}, "geometry": {"type": "Point", "coordinates": [18.79, 52.64]}}, {"type": "Feature", "id": "http://w3id.org/bb5kbc/site_274", "name": "Wernsdorf 6 (data:site_274)", "dateprops": [], "properties": {"http://www.w3.org/2000/01/rdf-schema#label": "Wernsdorf 6", "http://purl.org/dc/terms/identifier": "274", "http://w3id.org/bb5kbc/ont/hatFID": "274", "http://w3id.org/bb5kbc/ont/hatFundstellenID": "462", "http://w3id.org/bb5kbc/ont/hatGenauigkeit": "0.0", "http://w3id.org/bb5kbc/ont/hatKatalognummer": "25334", "http://www.w3.org/2004/02/skos/core#prefLabel": "Wernsdorf 6", "http://rdfs.org/ns/void#inDataset.value": "3727"}, "geometry": {"type": "Point", "coordinates": [13.69, 52.37]}}, {"type": "Feature", "id": "http://w3id.org/bb5kbc/site_256", "name": "Br\u00fcssow 67 (data:site_256)", "dateprops": [], "properties": {"http://www.w3.org/2000/01/rdf-schema#label": "Br\u00fcssow 67", "http://purl.org/dc/terms/identifier": "256", "http://w3id.org/bb5kbc/ont/hatFID": "256", "http://w3id.org/bb5kbc/ont/hatFundstellenID": "76", "http://w3id.org/bb5kbc/ont/hatGenauigkeit": "0.0", "http://w3id.org/bb5kbc/ont/hatKatalognummer": "16446", "http://www.w3.org/2004/02/skos/core#prefLabel": "Br\u00fcssow 67", "http://rdfs.org/ns/void#inDataset.value": "3727"}, "geometry": {"type": "Point", "coordinates": [14.11, 53.42]}}, {"type": "Feature", "id": "http://w3id.org/bb5kbc/site_517", "name": "Jankowo 4 (data:site_517)", "dateprops": [], "properties": {"http://www.w3.org/2000/01/rdf-schema#label": "Jankowo 4", "http://purl.org/dc/terms/identifier": "517", "http://w3id.org/bb5kbc/ont/hatFID": "517", "http://w3id.org/bb5kbc/ont/hatFundstellenID": "200", "http://w3id.org/bb5kbc/ont/hatGenauigkeit": "1500.0", "http://w3id.org/bb5kbc/ont/hatKatalognummer": "54", "http://www.w3.org/2004/02/skos/core#prefLabel": "Jankowo 4", "http://rdfs.org/ns/void#inDataset.value": "3727"}, "geometry": {"type": "Point", "coordinates": [18.08, 52.79]}}, {"type": "Feature", "id": "http://w3id.org/bb5kbc/site_543", "name": "Jankowo 11 (data:site_543)", "dateprops": [], "properties": {"http://www.w3.org/2000/01/rdf-schema#label": "Jankowo 11", "http://purl.org/dc/terms/identifier": "543", "http://w3id.org/bb5kbc/ont/hatFID": "543", "http://w3id.org/bb5kbc/ont/hatFundstellenID": "199", "http://w3id.org/bb5kbc/ont/hatGenauigkeit": "1000.0", "http://w3id.org/bb5kbc/ont/hatKatalognummer": "60", "http://www.w3.org/2004/02/skos/core#prefLabel": "Jankowo 11", "http://rdfs.org/ns/void#inDataset.value": "3727"}, "geometry": {"type": "Point", "coordinates": [18.07, 52.77]}}, {"type": "Feature", "id": "http://w3id.org/bb5kbc/site_169", "name": "Iwno (data:site_169)", "dateprops": [], "properties": {"http://www.w3.org/2000/01/rdf-schema#label": "Iwno", "http://purl.org/dc/terms/identifier": "169", "http://w3id.org/bb5kbc/ont/hatFID": "169", "http://w3id.org/bb5kbc/ont/hatFundstellenID": "197", "http://w3id.org/bb5kbc/ont/hatGenauigkeit": "1000.0", "http://w3id.org/bb5kbc/ont/hatKatalognummer": "49", "http://www.w3.org/2004/02/skos/core#prefLabel": "Iwno", "http://rdfs.org/ns/void#inDataset.value": "3727"}, "geometry": {"type": "Point", "coordinates": [17.43, 53.04]}}, {"type": "Feature", "id": "http://w3id.org/bb5kbc/site_201", "name": "Miechowice 1 (data:site_201)", "dateprops": [], "properties": {"http://www.w3.org/2000/01/rdf-schema#label": "Miechowice 1", "http://purl.org/dc/terms/identifier": "201", "http://w3id.org/bb5kbc/ont/hatFID": "201", "http://w3id.org/bb5kbc/ont/hatFundstellenID": "282", "http://w3id.org/bb5kbc/ont/hatGenauigkeit": "200.0", "http://w3id.org/bb5kbc/ont/hatKatalognummer": "22", "http://www.w3.org/2004/02/skos/core#prefLabel": "Miechowice 1", "http://rdfs.org/ns/void#inDataset.value": "3727"}, "geometry": {"type": "Point", "coordinates": [18.82, 52.62]}}, {"type": "Feature", "id": "http://w3id.org/bb5kbc/site_114", "name": "Karsko/Sch\u00f6ningsburg (data:site_114)", "dateprops": [], "properties": {"http://www.w3.org/2000/01/rdf-schema#label": "Karsko/Sch\u00f6ningsburg", "http://purl.org/dc/terms/identifier": "114", "http://w3id.org/bb5kbc/ont/hatFID": "114", "http://w3id.org/bb5kbc/ont/hatFundstellenID": "209", "http://w3id.org/bb5kbc/ont/hatGenauigkeit": "300.0", "http://www.w3.org/2004/02/skos/core#prefLabel": "Karsko/Sch\u00f6ningsburg", "http://rdfs.org/ns/void#inDataset.value": "3727"}, "geometry": {"type": "Point", "coordinates": [15.12, 53.15]}}, {"type": "Feature", "id": "http://w3id.org/bb5kbc/site_317", "name": "Mittenwalde - 23 (data:site_317)", "dateprops": [], "properties": {"http://www.w3.org/2000/01/rdf-schema#label": "Mittenwalde - 23", "http://purl.org/dc/terms/identifier": "317", "http://w3id.org/bb5kbc/ont/hatFID": "317", "http://w3id.org/bb5kbc/ont/hatFundstellenID": "293", "http://w3id.org/bb5kbc/ont/hatGenauigkeit": "0.0", "http://w3id.org/bb5kbc/ont/hatKatalognummer": "10146", "http://www.w3.org/2004/02/skos/core#prefLabel": "Mittenwalde - 23", "http://rdfs.org/ns/void#inDataset.value": "3727"}, "geometry": {"type": "Point", "coordinates": [13.53, 52.28]}}, {"type": "Feature", "id": "http://w3id.org/bb5kbc/site_512", "name": "Konary 20 (data:site_512)", "dateprops": [], "properties": {"http://www.w3.org/2000/01/rdf-schema#label": "Konary 20", "http://purl.org/dc/terms/identifier": "512", "http://w3id.org/bb5kbc/ont/hatFID": "512", "http://w3id.org/bb5kbc/ont/hatFundstellenID": "228", "http://w3id.org/bb5kbc/ont/hatGenauigkeit": "1000.0", "http://w3id.org/bb5kbc/ont/hatKatalognummer": "68", "http://www.w3.org/2004/02/skos/core#prefLabel": "Konary 20", "http://rdfs.org/ns/void#inDataset.value": "3727"}, "geometry": {"type": "Point", "coordinates": [18.49, 52.73]}}, {"type": "Feature", "id": "http://w3id.org/bb5kbc/site_267", "name": "Prenzlau 23 (data:site_267)", "dateprops": [], "properties": {"http://www.w3.org/2000/01/rdf-schema#label": "Prenzlau 23", "http://purl.org/dc/terms/identifier": "267", "http://w3id.org/bb5kbc/ont/hatFID": "267", "http://w3id.org/bb5kbc/ont/hatFundstellenID": "350", "http://w3id.org/bb5kbc/ont/hatGenauigkeit": "0.0", "http://w3id.org/bb5kbc/ont/hatKatalognummer": "17574", "http://www.w3.org/2004/02/skos/core#prefLabel": "Prenzlau 23", "http://rdfs.org/ns/void#inDataset.value": "3727"}, "geometry": {"type": "Point", "coordinates": [13.87, 53.3]}}, {"type": "Feature", "id": "http://w3id.org/bb5kbc/site_306", "name": "Brandenburg-Altstadt - 7 (data:site_306)", "dateprops": [], "properties": {"http://www.w3.org/2000/01/rdf-schema#label": "Brandenburg-Altstadt - 7", "http://purl.org/dc/terms/identifier": "306", "http://w3id.org/bb5kbc/ont/hatFID": "306", "http://w3id.org/bb5kbc/ont/hatFundstellenID": "70", "http://w3id.org/bb5kbc/ont/hatGenauigkeit": "0.0", "http://w3id.org/bb5kbc/ont/hatKatalognummer": "2464", "http://www.w3.org/2004/02/skos/core#prefLabel": "Brandenburg-Altstadt - 7", "http://rdfs.org/ns/void#inDataset.value": "3727"}, "geometry": {"type": "Point", "coordinates": [12.57, 52.43]}}, {"type": "Feature", "id": "http://w3id.org/bb5kbc/site_473", "name": "G\u00fcnterberg - 13 (data:site_473)", "dateprops": [], "properties": {"http://www.w3.org/2000/01/rdf-schema#label": "G\u00fcnterberg - 13", "http://purl.org/dc/terms/identifier": "473", "http://w3id.org/bb5kbc/ont/hatFID": "473", "http://w3id.org/bb5kbc/ont/hatFundstellenID": "174", "http://w3id.org/bb5kbc/ont/hatGenauigkeit": "0.0", "http://w3id.org/bb5kbc/ont/hatKatalognummer": "532", "http://www.w3.org/2004/02/skos/core#prefLabel": "G\u00fcnterberg - 13", "http://rdfs.org/ns/void#inDataset.value": "3727"}, "geometry": {"type": "Point", "coordinates": [13.98, 53.11]}}, {"type": "Feature", "id": "http://w3id.org/bb5kbc/site_209", "name": "Gustorzyn 1 (data:site_209)", "dateprops": [], "properties": {"http://www.w3.org/2000/01/rdf-schema#label": "Gustorzyn 1", "http://purl.org/dc/terms/identifier": "209", "http://w3id.org/bb5kbc/ont/hatFID": "209", "http://w3id.org/bb5kbc/ont/hatFundstellenID": "175", "http://w3id.org/bb5kbc/ont/hatGenauigkeit": "200.0", "http://w3id.org/bb5kbc/ont/hatKatalognummer": "16", "http://www.w3.org/2004/02/skos/core#prefLabel": "Gustorzyn 1", "http://rdfs.org/ns/void#inDataset.value": "3727"}, "geometry": {"type": "Point", "coordinates": [18.89, 52.65]}}, {"type": "Feature", "id": "http://w3id.org/bb5kbc/site_316", "name": "Reichwalde - 1 (data:site_316)", "dateprops": [], "properties": {"http://www.w3.org/2000/01/rdf-schema#label": "Reichwalde - 1", "http://purl.org/dc/terms/identifier": "316", "http://w3id.org/bb5kbc/ont/hatFID": "316", "http://w3id.org/bb5kbc/ont/hatFundstellenID": "368", "http://w3id.org/bb5kbc/ont/hatGenauigkeit": "0.0", "http://w3id.org/bb5kbc/ont/hatKatalognummer": "11850", "http://www.w3.org/2004/02/skos/core#prefLabel": "Reichwalde - 1", "http://rdfs.org/ns/void#inDataset.value": "3727"}, "geometry": {"type": "Point", "coordinates": [13.72, 51.95]}}, {"type": "Feature", "id": "http://w3id.org/bb5kbc/site_355", "name": "Sommerfeld - 7 (data:site_355)", "dateprops": [], "properties": {"http://www.w3.org/2000/01/rdf-schema#label": "Sommerfeld - 7", "http://purl.org/dc/terms/identifier": "355", "http://w3id.org/bb5kbc/ont/hatFID": "355", "http://w3id.org/bb5kbc/ont/hatFundstellenID": "414", "http://w3id.org/bb5kbc/ont/hatGenauigkeit": "0.0", "http://w3id.org/bb5kbc/ont/hatKatalognummer": "14928", "http://www.w3.org/2004/02/skos/core#prefLabel": "Sommerfeld - 7", "http://rdfs.org/ns/void#inDataset.value": "3727"}, "geometry": {"type": "Point", "coordinates": [13.05, 52.79]}}, {"type": "Feature", "id": "http://w3id.org/bb5kbc/site_521", "name": "Rojewo 6 (data:site_521)", "dateprops": [], "properties": {"http://www.w3.org/2000/01/rdf-schema#label": "Rojewo 6", "http://purl.org/dc/terms/identifier": "521", "http://w3id.org/bb5kbc/ont/hatFID": "521", "http://w3id.org/bb5kbc/ont/hatFundstellenID": "376", "http://w3id.org/bb5kbc/ont/hatGenauigkeit": "1000.0", "http://w3id.org/bb5kbc/ont/hatKatalognummer": "105", "http://www.w3.org/2004/02/skos/core#prefLabel": "Rojewo 6", "http://rdfs.org/ns/void#inDataset.value": "3727"}, "geometry": {"type": "Point", "coordinates": [18.27, 52.91]}}, {"type": "Feature", "id": "http://w3id.org/bb5kbc/site_65", "name": "Meichow 8 (data:site_65)", "dateprops": [], "properties": {"http://www.w3.org/2000/01/rdf-schema#label": "Meichow 8", "http://purl.org/dc/terms/identifier": "65", "http://w3id.org/bb5kbc/ont/hatFID": "65", "http://w3id.org/bb5kbc/ont/hatFundstellenID": "276", "http://w3id.org/bb5kbc/ont/hatGenauigkeit": "0.0", "http://w3id.org/bb5kbc/ont/hatKatalognummer": "36875", "http://www.w3.org/2004/02/skos/core#prefLabel": "Meichow 8", "http://rdfs.org/ns/void#inDataset.value": "3727"}, "geometry": {"type": "Point", "coordinates": [13.97, 53.18]}}, {"type": "Feature", "id": "http://w3id.org/bb5kbc/site_480", "name": "F\u00fcrstenwerder - 14 (data:site_480)", "dateprops": [], "properties": {"http://www.w3.org/2000/01/rdf-schema#label": "F\u00fcrstenwerder - 14", "http://purl.org/dc/terms/identifier": "480", "http://w3id.org/bb5kbc/ont/hatFID": "480", "http://w3id.org/bb5kbc/ont/hatFundstellenID": "134", "http://w3id.org/bb5kbc/ont/hatGenauigkeit": "0.0", "http://w3id.org/bb5kbc/ont/hatKatalognummer": "16815", "http://www.w3.org/2004/02/skos/core#prefLabel": "F\u00fcrstenwerder - 14", "http://rdfs.org/ns/void#inDataset.value": "3727"}, "geometry": {"type": "Point", "coordinates": [13.6, 53.4]}}, {"type": "Feature", "id": "http://w3id.org/bb5kbc/site_88", "name": "Uhyst 13 (data:site_88)", "dateprops": [], "properties": {"http://www.w3.org/2000/01/rdf-schema#label": "Uhyst 13", "http://purl.org/dc/terms/identifier": "88", "http://w3id.org/bb5kbc/ont/hatFID": "88", "http://w3id.org/bb5kbc/ont/hatFundstellenID": "445", "http://w3id.org/bb5kbc/ont/hatGenauigkeit": "200.0", "http://www.w3.org/2004/02/skos/core#prefLabel": "Uhyst 13", "http://rdfs.org/ns/void#inDataset.value": "3727"}, "geometry": {"type": "Point", "coordinates": [14.53, 51.37]}}, {"type": "Feature", "id": "http://w3id.org/bb5kbc/site_262", "name": "Kossenblatt 3 (data:site_262)", "dateprops": [], "properties": {"http://www.w3.org/2000/01/rdf-schema#label": "Kossenblatt 3", "http://purl.org/dc/terms/identifier": "262", "http://w3id.org/bb5kbc/ont/hatFID": "262", "http://w3id.org/bb5kbc/ont/hatFundstellenID": "237", "http://w3id.org/bb5kbc/ont/hatGenauigkeit": "0.0", "http://w3id.org/bb5kbc/ont/hatKatalognummer": "1244", "http://www.w3.org/2004/02/skos/core#prefLabel": "Kossenblatt 3", "http://rdfs.org/ns/void#inDataset.value": "3727"}, "geometry": {"type": "Point", "coordinates": [14.09, 52.13]}}, {"type": "Feature", "id": "http://w3id.org/bb5kbc/site_334", "name": "Sch\u00f6nwalde - 30 (data:site_334)", "dateprops": [], "properties": {"http://www.w3.org/2000/01/rdf-schema#label": "Sch\u00f6nwalde - 30", "http://purl.org/dc/terms/identifier": "334", "http://w3id.org/bb5kbc/ont/hatFID": "334", "http://w3id.org/bb5kbc/ont/hatFundstellenID": "396", "http://w3id.org/bb5kbc/ont/hatGenauigkeit": "0.0", "http://w3id.org/bb5kbc/ont/hatKatalognummer": "12853", "http://www.w3.org/2004/02/skos/core#prefLabel": "Sch\u00f6nwalde - 30", "http://rdfs.org/ns/void#inDataset.value": "3727"}, "geometry": {"type": "Point", "coordinates": [13.1, 52.6]}}, {"type": "Feature", "id": "http://w3id.org/bb5kbc/site_516", "name": "Broniewice 1 (data:site_516)", "dateprops": [], "properties": {"http://www.w3.org/2000/01/rdf-schema#label": "Broniewice 1", "http://purl.org/dc/terms/identifier": "516", "http://w3id.org/bb5kbc/ont/hatFID": "516", "http://w3id.org/bb5kbc/ont/hatFundstellenID": "74", "http://w3id.org/bb5kbc/ont/hatGenauigkeit": "1500.0", "http://w3id.org/bb5kbc/ont/hatKatalognummer": "11", "http://www.w3.org/2004/02/skos/core#prefLabel": "Broniewice 1", "http://rdfs.org/ns/void#inDataset.value": "3727"}, "geometry": {"type": "Point", "coordinates": [18.08, 52.73]}}, {"type": "Feature", "id": "http://w3id.org/bb5kbc/site_215", "name": "Brze\u015b\u0107 Kujawski 4 (data:site_215)", "dateprops": [], "properties": {"http://www.w3.org/2000/01/rdf-schema#label": "Brze\u015b\u0107 Kujawski 4", "http://purl.org/dc/terms/identifier": "215", "http://w3id.org/bb5kbc/ont/hatFID": "215", "http://w3id.org/bb5kbc/ont/hatFundstellenID": "80", "http://w3id.org/bb5kbc/ont/hatGenauigkeit": "200.0", "http://w3id.org/bb5kbc/ont/hatKatalognummer": "2", "http://www.w3.org/2004/02/skos/core#prefLabel": "Brze\u015b\u0107 Kujawski 4", "http://rdfs.org/ns/void#inDataset.value": "3727"}, "geometry": {"type": "Point", "coordinates": [18.92, 52.61]}}, {"type": "Feature", "id": "http://w3id.org/bb5kbc/site_61", "name": "L\u00fcbben Steinkirchen 6 (data:site_61)", "dateprops": [], "properties": {"http://www.w3.org/2000/01/rdf-schema#label": "L\u00fcbben Steinkirchen 6", "http://purl.org/dc/terms/identifier": "61", "http://w3id.org/bb5kbc/ont/hatFID": "61", "http://w3id.org/bb5kbc/ont/hatFundstellenID": "267", "http://w3id.org/bb5kbc/ont/hatGenauigkeit": "0.0", "http://w3id.org/bb5kbc/ont/hatKatalognummer": "11387", "http://www.w3.org/2004/02/skos/core#prefLabel": "L\u00fcbben Steinkirchen 6", "http://rdfs.org/ns/void#inDataset.value": "3727"}, "geometry": {"type": "Point", "coordinates": [13.93, 51.91]}}, {"type": "Feature", "id": "http://w3id.org/bb5kbc/site_264", "name": "Niederlandin 12/5 (13) (data:site_264)", "dateprops": [], "properties": {"http://www.w3.org/2000/01/rdf-schema#label": "Niederlandin 12/5 (13)", "http://purl.org/dc/terms/identifier": "264", "http://w3id.org/bb5kbc/ont/hatFID": "264", "http://w3id.org/bb5kbc/ont/hatFundstellenID": "309", "http://w3id.org/bb5kbc/ont/hatGenauigkeit": "0.0", "http://w3id.org/bb5kbc/ont/hatKatalognummer": "693", "http://www.w3.org/2004/02/skos/core#prefLabel": "Niederlandin 12/5 (13)", "http://rdfs.org/ns/void#inDataset.value": "3727"}, "geometry": {"type": "Point", "coordinates": [14.14, 53.08]}}, {"type": "Feature", "id": "http://w3id.org/bb5kbc/site_445", "name": "Ahrensdorf bei Ludwigsfelde - 10 (data:site_445)", "dateprops": [], "properties": {"http://www.w3.org/2000/01/rdf-schema#label": "Ahrensdorf bei Ludwigsfelde - 10", "http://purl.org/dc/terms/identifier": "445", "http://w3id.org/bb5kbc/ont/hatFID": "445", "http://w3id.org/bb5kbc/ont/hatFundstellenID": "1", "http://w3id.org/bb5kbc/ont/hatGenauigkeit": "0.0", "http://w3id.org/bb5kbc/ont/hatKatalognummer": "23940", "http://www.w3.org/2004/02/skos/core#prefLabel": "Ahrensdorf bei Ludwigsfelde - 10", "http://rdfs.org/ns/void#inDataset.value": "3727"}, "geometry": {"type": "Point", "coordinates": [13.2, 52.31]}}, {"type": "Feature", "id": "http://w3id.org/bb5kbc/site_148", "name": "Alt Guhrau/Stara G\u00f3ra (data:site_148)", "dateprops": [], "properties": {"http://www.w3.org/2000/01/rdf-schema#label": "Alt Guhrau/Stara G\u00f3ra", "http://purl.org/dc/terms/identifier": "148", "http://w3id.org/bb5kbc/ont/hatFID": "148", "http://w3id.org/bb5kbc/ont/hatFundstellenID": "2", "http://w3id.org/bb5kbc/ont/hatGenauigkeit": "3000.0", "http://w3id.org/bb5kbc/ont/hatKatalognummer": "28", "http://www.w3.org/2004/02/skos/core#prefLabel": "Alt Guhrau/Stara G\u00f3ra", "http://rdfs.org/ns/void#inDataset.value": "3727"}, "geometry": {"type": "Point", "coordinates": [16.52, 51.66]}}, {"type": "Feature", "id": "http://w3id.org/bb5kbc/site_59", "name": "Hohenbr\u00fcck 3 (data:site_59)", "dateprops": [], "properties": {"http://www.w3.org/2000/01/rdf-schema#label": "Hohenbr\u00fcck 3", "http://purl.org/dc/terms/identifier": "59", "http://w3id.org/bb5kbc/ont/hatFID": "59", "http://w3id.org/bb5kbc/ont/hatFundstellenID": "190", "http://w3id.org/bb5kbc/ont/hatGenauigkeit": "0.0", "http://w3id.org/bb5kbc/ont/hatKatalognummer": "11208", "http://www.w3.org/2004/02/skos/core#prefLabel": "Hohenbr\u00fcck 3", "http://rdfs.org/ns/void#inDataset.value": "3727"}, "geometry": {"type": "Point", "coordinates": [13.91, 52.1]}}, {"type": "Feature", "id": "http://w3id.org/bb5kbc/site_1", "name": "T\u00fcngeda (data:site_1)", "dateprops": [], "properties": {"http://www.w3.org/2000/01/rdf-schema#label": "T\u00fcngeda", "http://purl.org/dc/terms/identifier": "1", "http://w3id.org/bb5kbc/ont/hatFID": "1", "http://w3id.org/bb5kbc/ont/hatFundstellenID": "444", "http://w3id.org/bb5kbc/ont/hatGenauigkeit": "100.0", "http://w3id.org/bb5kbc/ont/hatKatalognummer": "55", "http://www.w3.org/2004/02/skos/core#prefLabel": "T\u00fcngeda", "http://rdfs.org/ns/void#inDataset.value": "3727"}, "geometry": {"type": "Point", "coordinates": [10.58, 51.03]}}, {"type": "Feature", "id": "http://w3id.org/bb5kbc/site_468", "name": "Angerm\u00fcnde - 24 (data:site_468)", "dateprops": [], "properties": {"http://www.w3.org/2000/01/rdf-schema#label": "Angerm\u00fcnde - 24", "http://purl.org/dc/terms/identifier": "468", "http://w3id.org/bb5kbc/ont/hatFID": "468", "http://w3id.org/bb5kbc/ont/hatFundstellenID": "16", "http://w3id.org/bb5kbc/ont/hatGenauigkeit": "0.0", "http://w3id.org/bb5kbc/ont/hatKatalognummer": "46", "http://www.w3.org/2004/02/skos/core#prefLabel": "Angerm\u00fcnde - 24", "http://rdfs.org/ns/void#inDataset.value": "3727"}, "geometry": {"type": "Point", "coordinates": [13.97, 53.03]}}, {"type": "Feature", "id": "http://w3id.org/bb5kbc/site_103", "name": "Pyritz \u2013 Fechtner Scheune (data:site_103)", "dateprops": [], "properties": {"http://www.w3.org/2000/01/rdf-schema#label": "Pyritz \u2013 Fechtner Scheune", "http://purl.org/dc/terms/identifier": "103", "http://w3id.org/bb5kbc/ont/hatFID": "103", "http://w3id.org/bb5kbc/ont/hatFundstellenID": "356", "http://w3id.org/bb5kbc/ont/hatGenauigkeit": "0.0", "http://www.w3.org/2004/02/skos/core#prefLabel": "Pyritz \u2013 Fechtner Scheune", "http://rdfs.org/ns/void#inDataset.value": "3727"}, "geometry": {"type": "Point", "coordinates": [14.85, 53.13]}}, {"type": "Feature", "id": "http://w3id.org/bb5kbc/site_318", "name": "Waltersdorf bei K\u00f6.Wusterhausen - 14 (data:site_318)", "dateprops": [], "properties": {"http://www.w3.org/2000/01/rdf-schema#label": "Waltersdorf bei K\u00f6.Wusterhausen - 14", "http://purl.org/dc/terms/identifier": "318", "http://w3id.org/bb5kbc/ont/hatFID": "318", "http://w3id.org/bb5kbc/ont/hatFundstellenID": "458", "http://w3id.org/bb5kbc/ont/hatGenauigkeit": "0.0", "http://w3id.org/bb5kbc/ont/hatKatalognummer": "10383", "http://www.w3.org/2004/02/skos/core#prefLabel": "Waltersdorf bei K\u00f6.Wusterhausen - 14", "http://rdfs.org/ns/void#inDataset.value": "3727"}, "geometry": {"type": "Point", "coordinates": [13.59, 52.37]}}, {"type": "Feature", "id": "http://w3id.org/bb5kbc/site_417", "name": "Philippsthal - 3 (data:site_417)", "dateprops": [], "properties": {"http://www.w3.org/2000/01/rdf-schema#label": "Philippsthal - 3", "http://purl.org/dc/terms/identifier": "417", "http://w3id.org/bb5kbc/ont/hatFID": "417", "http://w3id.org/bb5kbc/ont/hatFundstellenID": "325", "http://w3id.org/bb5kbc/ont/hatGenauigkeit": "0.0", "http://w3id.org/bb5kbc/ont/hatKatalognummer": "15694", "http://www.w3.org/2004/02/skos/core#prefLabel": "Philippsthal - 3", "http://rdfs.org/ns/void#inDataset.value": "3727"}, "geometry": {"type": "Point", "coordinates": [13.14, 52.35]}}, {"type": "Feature", "id": "http://w3id.org/bb5kbc/site_23", "name": "Krosigk 1 (data:site_23)", "dateprops": [], "properties": {"http://www.w3.org/2000/01/rdf-schema#label": "Krosigk 1", "http://purl.org/dc/terms/identifier": "23", "http://w3id.org/bb5kbc/ont/hatFID": "23", "http://w3id.org/bb5kbc/ont/hatFundstellenID": "245", "http://w3id.org/bb5kbc/ont/hatGenauigkeit": "100.0", "http://w3id.org/bb5kbc/ont/hatKatalognummer": "395", "http://www.w3.org/2004/02/skos/core#prefLabel": "Krosigk 1", "http://rdfs.org/ns/void#inDataset.value": "3727"}, "geometry": {"type": "Point", "coordinates": [11.93, 51.61]}}, {"type": "Feature", "id": "http://w3id.org/bb5kbc/site_435", "name": "Semlin - 15 (data:site_435)", "dateprops": [], "properties": {"http://www.w3.org/2000/01/rdf-schema#label": "Semlin - 15", "http://purl.org/dc/terms/identifier": "435", "http://w3id.org/bb5kbc/ont/hatFID": "435", "http://w3id.org/bb5kbc/ont/hatFundstellenID": "408", "http://w3id.org/bb5kbc/ont/hatGenauigkeit": "0.0", "http://w3id.org/bb5kbc/ont/hatKatalognummer": "36334", "http://www.w3.org/2004/02/skos/core#prefLabel": "Semlin - 15", "http://rdfs.org/ns/void#inDataset.value": "3727"}, "geometry": {"type": "Point", "coordinates": [11.75, 53.14]}}, {"type": "Feature", "id": "http://w3id.org/bb5kbc/site_518", "name": "Kr\u0105\u017ckowo 5 (data:site_518)", "dateprops": [], "properties": {"http://www.w3.org/2000/01/rdf-schema#label": "Kr\u0105\u017ckowo 5", "http://purl.org/dc/terms/identifier": "518", "http://w3id.org/bb5kbc/ont/hatFID": "518", "http://w3id.org/bb5kbc/ont/hatFundstellenID": "241", "http://w3id.org/bb5kbc/ont/hatGenauigkeit": "1500.0", "http://w3id.org/bb5kbc/ont/hatKatalognummer": "73", "http://www.w3.org/2004/02/skos/core#prefLabel": "Kr\u0105\u017ckowo 5", "http://rdfs.org/ns/void#inDataset.value": "3727"}, "geometry": {"type": "Point", "coordinates": [18.07, 52.95]}}, {"type": "Feature", "id": "http://w3id.org/bb5kbc/site_277", "name": "Zeestow 8 (data:site_277)", "dateprops": [], "properties": {"http://www.w3.org/2000/01/rdf-schema#label": "Zeestow 8", "http://purl.org/dc/terms/identifier": "277", "http://w3id.org/bb5kbc/ont/hatFID": "277", "http://w3id.org/bb5kbc/ont/hatFundstellenID": "495", "http://w3id.org/bb5kbc/ont/hatGenauigkeit": "0.0", "http://w3id.org/bb5kbc/ont/hatKatalognummer": "13013", "http://www.w3.org/2004/02/skos/core#prefLabel": "Zeestow 8", "http://rdfs.org/ns/void#inDataset.value": "3727"}, "geometry": {"type": "Point", "coordinates": [12.96, 52.58]}}, {"type": "Feature", "id": "http://w3id.org/bb5kbc/site_345", "name": "R\u00fcbehorst - 1 (data:site_345)", "dateprops": [], "properties": {"http://www.w3.org/2000/01/rdf-schema#label": "R\u00fcbehorst - 1", "http://purl.org/dc/terms/identifier": "345", "http://w3id.org/bb5kbc/ont/hatFID": "345", "http://w3id.org/bb5kbc/ont/hatFundstellenID": "378", "http://w3id.org/bb5kbc/ont/hatGenauigkeit": "0.0", "http://w3id.org/bb5kbc/ont/hatKatalognummer": "19895", "http://www.w3.org/2004/02/skos/core#prefLabel": "R\u00fcbehorst - 1", "http://rdfs.org/ns/void#inDataset.value": "3727"}, "geometry": {"type": "Point", "coordinates": [12.33, 52.8]}}, {"type": "Feature", "id": "http://w3id.org/bb5kbc/site_28", "name": "Grana 2 (data:site_28)", "dateprops": [], "properties": {"http://www.w3.org/2000/01/rdf-schema#label": "Grana 2", "http://purl.org/dc/terms/identifier": "28", "http://w3id.org/bb5kbc/ont/hatFID": "28", "http://w3id.org/bb5kbc/ont/hatFundstellenID": "158", "http://w3id.org/bb5kbc/ont/hatGenauigkeit": "400.0", "http://w3id.org/bb5kbc/ont/hatKatalognummer": "432", "http://www.w3.org/2004/02/skos/core#prefLabel": "Grana 2", "http://rdfs.org/ns/void#inDataset.value": "3727"}, "geometry": {"type": "Point", "coordinates": [12.11, 51.05]}}, {"type": "Feature", "id": "http://w3id.org/bb5kbc/site_268", "name": "Ribbeck 4 (data:site_268)", "dateprops": [], "properties": {"http://www.w3.org/2000/01/rdf-schema#label": "Ribbeck 4", "http://purl.org/dc/terms/identifier": "268", "http://w3id.org/bb5kbc/ont/hatFID": "268", "http://w3id.org/bb5kbc/ont/hatFundstellenID": "371", "http://w3id.org/bb5kbc/ont/hatGenauigkeit": "0.0", "http://w3id.org/bb5kbc/ont/hatKatalognummer": "12811", "http://www.w3.org/2004/02/skos/core#prefLabel": "Ribbeck 4", "http://rdfs.org/ns/void#inDataset.value": "3727"}, "geometry": {"type": "Point", "coordinates": [12.75, 52.63]}}, {"type": "Feature", "id": "http://w3id.org/bb5kbc/site_437", "name": "Premslin - 33 (data:site_437)", "dateprops": [], "properties": {"http://www.w3.org/2000/01/rdf-schema#label": "Premslin - 33", "http://purl.org/dc/terms/identifier": "437", "http://w3id.org/bb5kbc/ont/hatFID": "437", "http://w3id.org/bb5kbc/ont/hatFundstellenID": "348", "http://w3id.org/bb5kbc/ont/hatGenauigkeit": "0.0", "http://w3id.org/bb5kbc/ont/hatKatalognummer": "44222", "http://www.w3.org/2004/02/skos/core#prefLabel": "Premslin - 33", "http://rdfs.org/ns/void#inDataset.value": "3727"}, "geometry": {"type": "Point", "coordinates": [11.77, 53.13]}}, {"type": "Feature", "id": "http://w3id.org/bb5kbc/site_541", "name": "Jankowo 4 (data:site_541)", "dateprops": [], "properties": {"http://www.w3.org/2000/01/rdf-schema#label": "Jankowo 4", "http://purl.org/dc/terms/identifier": "541", "http://w3id.org/bb5kbc/ont/hatFID": "541", "http://w3id.org/bb5kbc/ont/hatFundstellenID": "200", "http://w3id.org/bb5kbc/ont/hatGenauigkeit": "1500.0", "http://w3id.org/bb5kbc/ont/hatKatalognummer": "54", "http://www.w3.org/2004/02/skos/core#prefLabel": "Jankowo 4", "http://rdfs.org/ns/void#inDataset.value": "3727"}, "geometry": {"type": "Point", "coordinates": [18.08, 52.79]}}, {"type": "Feature", "id": "http://w3id.org/bb5kbc/site_29", "name": "Z\u00f6rbig 8 (data:site_29)", "dateprops": [], "properties": {"http://www.w3.org/2000/01/rdf-schema#label": "Z\u00f6rbig 8", "http://purl.org/dc/terms/identifier": "29", "http://w3id.org/bb5kbc/ont/hatFID": "29", "http://w3id.org/bb5kbc/ont/hatFundstellenID": "505", "http://w3id.org/bb5kbc/ont/hatGenauigkeit": "50.0", "http://w3id.org/bb5kbc/ont/hatKatalognummer": "206", "http://www.w3.org/2004/02/skos/core#prefLabel": "Z\u00f6rbig 8", "http://rdfs.org/ns/void#inDataset.value": "3727"}, "geometry": {"type": "Point", "coordinates": [12.11, 51.63]}}, {"type": "Feature", "id": "http://w3id.org/bb5kbc/site_198", "name": "Konary 1a (data:site_198)", "dateprops": [], "properties": {"http://www.w3.org/2000/01/rdf-schema#label": "Konary 1a", "http://purl.org/dc/terms/identifier": "198", "http://w3id.org/bb5kbc/ont/hatFID": "198", "http://w3id.org/bb5kbc/ont/hatFundstellenID": "227", "http://w3id.org/bb5kbc/ont/hatGenauigkeit": "200.0", "http://w3id.org/bb5kbc/ont/hatKatalognummer": "28", "http://www.w3.org/2004/02/skos/core#prefLabel": "Konary 1a", "http://rdfs.org/ns/void#inDataset.value": "3727"}, "geometry": {"type": "Point", "coordinates": [18.81, 52.63]}}, {"type": "Feature", "id": "http://w3id.org/bb5kbc/site_275", "name": "Wustermark 9 (data:site_275)", "dateprops": [], "properties": {"http://www.w3.org/2000/01/rdf-schema#label": "Wustermark 9", "http://purl.org/dc/terms/identifier": "275", "http://w3id.org/bb5kbc/ont/hatFID": "275", "http://w3id.org/bb5kbc/ont/hatFundstellenID": "483", "http://w3id.org/bb5kbc/ont/hatGenauigkeit": "0.0", "http://w3id.org/bb5kbc/ont/hatKatalognummer": "12961", "http://www.w3.org/2004/02/skos/core#prefLabel": "Wustermark 9", "http://rdfs.org/ns/void#inDataset.value": "3727"}, "geometry": {"type": "Point", "coordinates": [12.95, 52.56]}}, {"type": "Feature", "id": "http://w3id.org/bb5kbc/site_497", "name": "Bandelow - 18 (data:site_497)", "dateprops": [], "properties": {"http://www.w3.org/2000/01/rdf-schema#label": "Bandelow - 18", "http://purl.org/dc/terms/identifier": "497", "http://w3id.org/bb5kbc/ont/hatFID": "497", "http://w3id.org/bb5kbc/ont/hatFundstellenID": "24", "http://w3id.org/bb5kbc/ont/hatGenauigkeit": "0.0", "http://w3id.org/bb5kbc/ont/hatKatalognummer": "16214", "http://www.w3.org/2004/02/skos/core#prefLabel": "Bandelow - 18", "http://rdfs.org/ns/void#inDataset.value": "3727"}, "geometry": {"type": "Point", "coordinates": [13.88, 53.41]}}, {"type": "Feature", "id": "http://w3id.org/bb5kbc/site_489", "name": "Templin - 89 (data:site_489)", "dateprops": [], "properties": {"http://www.w3.org/2000/01/rdf-schema#label": "Templin - 89", "http://purl.org/dc/terms/identifier": "489", "http://w3id.org/bb5kbc/ont/hatFID": "489", "http://w3id.org/bb5kbc/ont/hatFundstellenID": "432", "http://w3id.org/bb5kbc/ont/hatGenauigkeit": "0.0", "http://w3id.org/bb5kbc/ont/hatKatalognummer": "22702", "http://www.w3.org/2004/02/skos/core#prefLabel": "Templin - 89", "http://rdfs.org/ns/void#inDataset.value": "3727"}, "geometry": {"type": "Point", "coordinates": [13.54, 53.09]}}, {"type": "Feature", "id": "http://w3id.org/bb5kbc/site_491", "name": "Lychen - 10 (data:site_491)", "dateprops": [], "properties": {"http://www.w3.org/2000/01/rdf-schema#label": "Lychen - 10", "http://purl.org/dc/terms/identifier": "491", "http://w3id.org/bb5kbc/ont/hatFID": "491", "http://w3id.org/bb5kbc/ont/hatFundstellenID": "271", "http://w3id.org/bb5kbc/ont/hatGenauigkeit": "0.0", "http://w3id.org/bb5kbc/ont/hatKatalognummer": "22318", "http://www.w3.org/2004/02/skos/core#prefLabel": "Lychen - 10", "http://rdfs.org/ns/void#inDataset.value": "3727"}, "geometry": {"type": "Point", "coordinates": [13.3, 53.22]}}, {"type": "Feature", "id": "http://w3id.org/bb5kbc/site_92", "name": "Heinersbr\u00fcck 31 (data:site_92)", "dateprops": [], "properties": {"http://www.w3.org/2000/01/rdf-schema#label": "Heinersbr\u00fcck 31", "http://purl.org/dc/terms/identifier": "92", "http://w3id.org/bb5kbc/ont/hatFID": "92", "http://w3id.org/bb5kbc/ont/hatFundstellenID": "180", "http://w3id.org/bb5kbc/ont/hatGenauigkeit": "0.0", "http://www.w3.org/2004/02/skos/core#prefLabel": "Heinersbr\u00fcck 31", "http://rdfs.org/ns/void#inDataset.value": "3727"}, "geometry": {"type": "Point", "coordinates": [14.54, 51.81]}}, {"type": "Feature", "id": "http://w3id.org/bb5kbc/site_165", "name": "St\u00fcbendorf/\u015acib\u00f3rz (data:site_165)", "dateprops": [], "properties": {"http://www.w3.org/2000/01/rdf-schema#label": "St\u00fcbendorf/\u015acib\u00f3rz", "http://purl.org/dc/terms/identifier": "165", "http://w3id.org/bb5kbc/ont/hatFID": "165", "http://w3id.org/bb5kbc/ont/hatFundstellenID": "427", "http://w3id.org/bb5kbc/ont/hatGenauigkeit": "2000.0", "http://w3id.org/bb5kbc/ont/hatKatalognummer": "4", "http://www.w3.org/2004/02/skos/core#prefLabel": "St\u00fcbendorf/\u015acib\u00f3rz", "http://rdfs.org/ns/void#inDataset.value": "3727"}, "geometry": {"type": "Point", "coordinates": [17.12, 50.45]}}, {"type": "Feature", "id": "http://w3id.org/bb5kbc/site_527", "name": "Dobre 6 (data:site_527)", "dateprops": [], "properties": {"http://www.w3.org/2000/01/rdf-schema#label": "Dobre 6", "http://purl.org/dc/terms/identifier": "527", "http://w3id.org/bb5kbc/ont/hatFID": "527", "http://w3id.org/bb5kbc/ont/hatFundstellenID": "103", "http://w3id.org/bb5kbc/ont/hatGenauigkeit": "1500.0", "http://w3id.org/bb5kbc/ont/hatKatalognummer": "35", "http://www.w3.org/2004/02/skos/core#prefLabel": "Dobre 6", "http://rdfs.org/ns/void#inDataset.value": "3727"}, "geometry": {"type": "Point", "coordinates": [18.56, 52.68]}}, {"type": "Feature", "id": "http://w3id.org/bb5kbc/site_204", "name": "Kuczyna 1 (data:site_204)", "dateprops": [], "properties": {"http://www.w3.org/2000/01/rdf-schema#label": "Kuczyna 1", "http://purl.org/dc/terms/identifier": "204", "http://w3id.org/bb5kbc/ont/hatFID": "204", "http://w3id.org/bb5kbc/ont/hatFundstellenID": "249", "http://w3id.org/bb5kbc/ont/hatGenauigkeit": "200.0", "http://w3id.org/bb5kbc/ont/hatKatalognummer": "20", "http://www.w3.org/2004/02/skos/core#prefLabel": "Kuczyna 1", "http://rdfs.org/ns/void#inDataset.value": "3727"}, "geometry": {"type": "Point", "coordinates": [18.86, 52.62]}}, {"type": "Feature", "id": "http://w3id.org/bb5kbc/site_179", "name": "Zelgno 12 (data:site_179)", "dateprops": [], "properties": {"http://www.w3.org/2000/01/rdf-schema#label": "Zelgno 12", "http://purl.org/dc/terms/identifier": "179", "http://w3id.org/bb5kbc/ont/hatFID": "179", "http://w3id.org/bb5kbc/ont/hatFundstellenID": "499", "http://w3id.org/bb5kbc/ont/hatGenauigkeit": "50.0", "http://www.w3.org/2004/02/skos/core#prefLabel": "Zelgno 12", "http://rdfs.org/ns/void#inDataset.value": "3727"}, "geometry": {"type": "Point", "coordinates": [18.7, 53.2]}}, {"type": "Feature", "id": "http://w3id.org/bb5kbc/site_226", "name": "Sm\u00f3lsk 4 (data:site_226)", "dateprops": [], "properties": {"http://www.w3.org/2000/01/rdf-schema#label": "Sm\u00f3lsk 4", "http://purl.org/dc/terms/identifier": "226", "http://w3id.org/bb5kbc/ont/hatFID": "226", "http://w3id.org/bb5kbc/ont/hatFundstellenID": "411", "http://w3id.org/bb5kbc/ont/hatGenauigkeit": "200.0", "http://w3id.org/bb5kbc/ont/hatKatalognummer": "9", "http://www.w3.org/2004/02/skos/core#prefLabel": "Sm\u00f3lsk 4", "http://rdfs.org/ns/void#inDataset.value": "3727"}, "geometry": {"type": "Point", "coordinates": [18.98, 52.6]}}, {"type": "Feature", "id": "http://w3id.org/bb5kbc/site_324", "name": "Gro\u00df K\u00f6ris - 15 (data:site_324)", "dateprops": [], "properties": {"http://www.w3.org/2000/01/rdf-schema#label": "Gro\u00df K\u00f6ris - 15", "http://purl.org/dc/terms/identifier": "324", "http://w3id.org/bb5kbc/ont/hatFID": "324", "http://w3id.org/bb5kbc/ont/hatFundstellenID": "164", "http://w3id.org/bb5kbc/ont/hatGenauigkeit": "0.0", "http://w3id.org/bb5kbc/ont/hatKatalognummer": "9985", "http://www.w3.org/2004/02/skos/core#prefLabel": "Gro\u00df K\u00f6ris - 15", "http://rdfs.org/ns/void#inDataset.value": "3727"}, "geometry": {"type": "Point", "coordinates": [13.63, 52.17]}}, {"type": "Feature", "id": "http://w3id.org/bb5kbc/site_68", "name": "Herzsprung 7 (data:site_68)", "dateprops": [], "properties": {"http://www.w3.org/2000/01/rdf-schema#label": "Herzsprung 7", "http://purl.org/dc/terms/identifier": "68", "http://w3id.org/bb5kbc/ont/hatFID": "68", "http://w3id.org/bb5kbc/ont/hatFundstellenID": "186", "http://w3id.org/bb5kbc/ont/hatGenauigkeit": "0.0", "http://w3id.org/bb5kbc/ont/hatKatalognummer": "543", "http://www.w3.org/2004/02/skos/core#prefLabel": "Herzsprung 7", "http://rdfs.org/ns/void#inDataset.value": "3727"}, "geometry": {"type": "Point", "coordinates": [14.02, 53.0]}}, {"type": "Feature", "id": "http://w3id.org/bb5kbc/site_291", "name": "Hoppenrade 6 (data:site_291)", "dateprops": [], "properties": {"http://www.w3.org/2000/01/rdf-schema#label": "Hoppenrade 6", "http://purl.org/dc/terms/identifier": "291", "http://w3id.org/bb5kbc/ont/hatFID": "291", "http://w3id.org/bb5kbc/ont/hatFundstellenID": "195", "http://w3id.org/bb5kbc/ont/hatGenauigkeit": "0.0", "http://w3id.org/bb5kbc/ont/hatKatalognummer": "25385", "http://www.w3.org/2004/02/skos/core#prefLabel": "Hoppenrade 6", "http://rdfs.org/ns/void#inDataset.value": "3727"}, "geometry": {"type": "Point", "coordinates": [12.92, 52.54]}}, {"type": "Feature", "id": "http://w3id.org/bb5kbc/site_153", "name": "Racot 18 (data:site_153)", "dateprops": [], "properties": {"http://www.w3.org/2000/01/rdf-schema#label": "Racot 18", "http://purl.org/dc/terms/identifier": "153", "http://w3id.org/bb5kbc/ont/hatFID": "153", "http://w3id.org/bb5kbc/ont/hatFundstellenID": "362", "http://w3id.org/bb5kbc/ont/hatGenauigkeit": "50.0", "http://www.w3.org/2004/02/skos/core#prefLabel": "Racot 18", "http://rdfs.org/ns/void#inDataset.value": "3727"}, "geometry": {"type": "Point", "coordinates": [16.72, 52.07]}}, {"type": "Feature", "id": "http://w3id.org/bb5kbc/site_575", "name": "Heinersbr\u00fcck 31 (data:site_575)", "dateprops": [], "properties": {"http://www.w3.org/2000/01/rdf-schema#label": "Heinersbr\u00fcck 31", "http://purl.org/dc/terms/identifier": "575", "http://w3id.org/bb5kbc/ont/hatFID": "575", "http://w3id.org/bb5kbc/ont/hatFundstellenID": "180", "http://w3id.org/bb5kbc/ont/hatGenauigkeit": "0.0", "http://w3id.org/bb5kbc/ont/hatKatalognummer": "29060", "http://www.w3.org/2004/02/skos/core#prefLabel": "Heinersbr\u00fcck 31", "http://rdfs.org/ns/void#inDataset.value": "3727"}, "geometry": {"type": "Point", "coordinates": [14.54, 51.81]}}, {"type": "Feature", "id": "http://w3id.org/bb5kbc/site_303", "name": "Sch\u00f6nfeld bei Prenzlau 11 (data:site_303)", "dateprops": [], "properties": {"http://www.w3.org/2000/01/rdf-schema#label": "Sch\u00f6nfeld bei Prenzlau 11", "http://purl.org/dc/terms/identifier": "303", "http://w3id.org/bb5kbc/ont/hatFID": "303", "http://w3id.org/bb5kbc/ont/hatFundstellenID": "395", "http://w3id.org/bb5kbc/ont/hatGenauigkeit": "0.0", "http://w3id.org/bb5kbc/ont/hatKatalognummer": "17922", "http://www.w3.org/2004/02/skos/core#prefLabel": "Sch\u00f6nfeld bei Prenzlau 11", "http://rdfs.org/ns/void#inDataset.value": "3727"}, "geometry": {"type": "Point", "coordinates": [13.96, 53.43]}}, {"type": "Feature", "id": "http://w3id.org/bb5kbc/site_151", "name": "Bschanz/Pysz\u0105ca (data:site_151)", "dateprops": [], "properties": {"http://www.w3.org/2000/01/rdf-schema#label": "Bschanz/Pysz\u0105ca", "http://purl.org/dc/terms/identifier": "151", "http://w3id.org/bb5kbc/ont/hatFID": "151", "http://w3id.org/bb5kbc/ont/hatFundstellenID": "83", "http://w3id.org/bb5kbc/ont/hatGenauigkeit": "3000.0", "http://w3id.org/bb5kbc/ont/hatKatalognummer": "20", "http://www.w3.org/2004/02/skos/core#prefLabel": "Bschanz/Pysz\u0105ca", "http://rdfs.org/ns/void#inDataset.value": "3727"}, "geometry": {"type": "Point", "coordinates": [16.68, 51.26]}}, {"type": "Feature", "id": "http://w3id.org/bb5kbc/site_44", "name": "Bochow 15 (data:site_44)", "dateprops": [], "properties": {"http://www.w3.org/2000/01/rdf-schema#label": "Bochow 15", "http://purl.org/dc/terms/identifier": "44", "http://w3id.org/bb5kbc/ont/hatFID": "44", "http://w3id.org/bb5kbc/ont/hatFundstellenID": "55", "http://w3id.org/bb5kbc/ont/hatGenauigkeit": "0.0", "http://w3id.org/bb5kbc/ont/hatKatalognummer": "9587", "http://www.w3.org/2004/02/skos/core#prefLabel": "Bochow 15", "http://rdfs.org/ns/void#inDataset.value": "3727"}, "geometry": {"type": "Point", "coordinates": [13.09, 51.96]}}, {"type": "Feature", "id": "http://w3id.org/bb5kbc/site_87", "name": "Sch\u00f6psdorf 37 (data:site_87)", "dateprops": [], "properties": {"http://www.w3.org/2000/01/rdf-schema#label": "Sch\u00f6psdorf 37", "http://purl.org/dc/terms/identifier": "87", "http://w3id.org/bb5kbc/ont/hatFID": "87", "http://w3id.org/bb5kbc/ont/hatFundstellenID": "398", "http://w3id.org/bb5kbc/ont/hatGenauigkeit": "0.0", "http://www.w3.org/2004/02/skos/core#prefLabel": "Sch\u00f6psdorf 37", "http://rdfs.org/ns/void#inDataset.value": "3727"}, "geometry": {"type": "Point", "coordinates": [14.53, 51.38]}}, {"type": "Feature", "id": "http://w3id.org/bb5kbc/site_217", "name": "Gu\u017alin 3 (data:site_217)", "dateprops": [], "properties": {"http://www.w3.org/2000/01/rdf-schema#label": "Gu\u017alin 3", "http://purl.org/dc/terms/identifier": "217", "http://w3id.org/bb5kbc/ont/hatFID": "217", "http://w3id.org/bb5kbc/ont/hatFundstellenID": "178", "http://w3id.org/bb5kbc/ont/hatGenauigkeit": "200.0", "http://w3id.org/bb5kbc/ont/hatKatalognummer": "8", "http://www.w3.org/2004/02/skos/core#prefLabel": "Gu\u017alin 3", "http://rdfs.org/ns/void#inDataset.value": "3727"}, "geometry": {"type": "Point", "coordinates": [18.92, 52.59]}}, {"type": "Feature", "id": "http://w3id.org/bb5kbc/site_483", "name": "F\u00fcrstenwerder - 88 (data:site_483)", "dateprops": [], "properties": {"http://www.w3.org/2000/01/rdf-schema#label": "F\u00fcrstenwerder - 88", "http://purl.org/dc/terms/identifier": "483", "http://w3id.org/bb5kbc/ont/hatFID": "483", "http://w3id.org/bb5kbc/ont/hatFundstellenID": "135", "http://w3id.org/bb5kbc/ont/hatGenauigkeit": "0.0", "http://w3id.org/bb5kbc/ont/hatKatalognummer": "18312", "http://www.w3.org/2004/02/skos/core#prefLabel": "F\u00fcrstenwerder - 88", "http://rdfs.org/ns/void#inDataset.value": "3727"}, "geometry": {"type": "Point", "coordinates": [13.62, 53.39]}}, {"type": "Feature", "id": "http://w3id.org/bb5kbc/site_166", "name": "Zottwitz/Sobocisko (data:site_166)", "dateprops": [], "properties": {"http://www.w3.org/2000/01/rdf-schema#label": "Zottwitz/Sobocisko", "http://purl.org/dc/terms/identifier": "166", "http://w3id.org/bb5kbc/ont/hatFID": "166", "http://w3id.org/bb5kbc/ont/hatFundstellenID": "507", "http://w3id.org/bb5kbc/ont/hatGenauigkeit": "2000.0", "http://w3id.org/bb5kbc/ont/hatKatalognummer": "10", "http://www.w3.org/2004/02/skos/core#prefLabel": "Zottwitz/Sobocisko", "http://rdfs.org/ns/void#inDataset.value": "3727"}, "geometry": {"type": "Point", "coordinates": [17.19, 50.97]}}, {"type": "Feature", "id": "http://w3id.org/bb5kbc/site_279", "name": "Biesenbrow 4 (data:site_279)", "dateprops": [], "properties": {"http://www.w3.org/2000/01/rdf-schema#label": "Biesenbrow 4", "http://purl.org/dc/terms/identifier": "279", "http://w3id.org/bb5kbc/ont/hatFID": "279", "http://w3id.org/bb5kbc/ont/hatFundstellenID": "38", "http://w3id.org/bb5kbc/ont/hatGenauigkeit": "0.0", "http://w3id.org/bb5kbc/ont/hatKatalognummer": "167", "http://www.w3.org/2004/02/skos/core#prefLabel": "Biesenbrow 4", "http://rdfs.org/ns/void#inDataset.value": "3727"}, "geometry": {"type": "Point", "coordinates": [13.99, 53.11]}}, {"type": "Feature", "id": "http://w3id.org/bb5kbc/site_292", "name": "J\u00fcterbog 31 (data:site_292)", "dateprops": [], "properties": {"http://www.w3.org/2000/01/rdf-schema#label": "J\u00fcterbog 31", "http://purl.org/dc/terms/identifier": "292", "http://w3id.org/bb5kbc/ont/hatFID": "292", "http://w3id.org/bb5kbc/ont/hatFundstellenID": "205", "http://w3id.org/bb5kbc/ont/hatGenauigkeit": "0.0", "http://w3id.org/bb5kbc/ont/hatKatalognummer": "9659", "http://www.w3.org/2004/02/skos/core#prefLabel": "J\u00fcterbog 31", "http://rdfs.org/ns/void#inDataset.value": "3727"}, "geometry": {"type": "Point", "coordinates": [13.05, 51.99]}}, {"type": "Feature", "id": "http://w3id.org/bb5kbc/site_368", "name": "Rieplos - 3 (data:site_368)", "dateprops": [], "properties": {"http://www.w3.org/2000/01/rdf-schema#label": "Rieplos - 3", "http://purl.org/dc/terms/identifier": "368", "http://w3id.org/bb5kbc/ont/hatFID": "368", "http://w3id.org/bb5kbc/ont/hatFundstellenID": "373", "http://w3id.org/bb5kbc/ont/hatGenauigkeit": "0.0", "http://w3id.org/bb5kbc/ont/hatKatalognummer": "1342", "http://www.w3.org/2004/02/skos/core#prefLabel": "Rieplos - 3", "http://rdfs.org/ns/void#inDataset.value": "3727"}, "geometry": {"type": "Point", "coordinates": [13.9, 52.31]}}, {"type": "Feature", "id": "http://w3id.org/bb5kbc/site_160", "name": "Dankwitz/Dankowice (data:site_160)", "dateprops": [], "properties": {"http://www.w3.org/2000/01/rdf-schema#label": "Dankwitz/Dankowice", "http://purl.org/dc/terms/identifier": "160", "http://w3id.org/bb5kbc/ont/hatFID": "160", "http://w3id.org/bb5kbc/ont/hatFundstellenID": "96", "http://w3id.org/bb5kbc/ont/hatGenauigkeit": "2000.0", "http://w3id.org/bb5kbc/ont/hatKatalognummer": "6", "http://www.w3.org/2004/02/skos/core#prefLabel": "Dankwitz/Dankowice", "http://rdfs.org/ns/void#inDataset.value": "3727"}, "geometry": {"type": "Point", "coordinates": [16.87, 50.86]}}, {"type": "Feature", "id": "http://w3id.org/bb5kbc/site_327", "name": "Schmielsdorf - 1 (data:site_327)", "dateprops": [], "properties": {"http://www.w3.org/2000/01/rdf-schema#label": "Schmielsdorf - 1", "http://purl.org/dc/terms/identifier": "327", "http://w3id.org/bb5kbc/ont/hatFID": "327", "http://w3id.org/bb5kbc/ont/hatFundstellenID": "392", "http://w3id.org/bb5kbc/ont/hatGenauigkeit": "0.0", "http://w3id.org/bb5kbc/ont/hatKatalognummer": "8443", "http://www.w3.org/2004/02/skos/core#prefLabel": "Schmielsdorf - 1", "http://rdfs.org/ns/void#inDataset.value": "3727"}, "geometry": {"type": "Point", "coordinates": [13.22, 51.83]}}, {"type": "Feature", "id": "http://w3id.org/bb5kbc/site_116", "name": "Marienspring/Marz\u0119cin (data:site_116)", "dateprops": [], "properties": {"http://www.w3.org/2000/01/rdf-schema#label": "Marienspring/Marz\u0119cin", "http://purl.org/dc/terms/identifier": "116", "http://w3id.org/bb5kbc/ont/hatFID": "116", "http://w3id.org/bb5kbc/ont/hatFundstellenID": "273", "http://w3id.org/bb5kbc/ont/hatGenauigkeit": "2000.0", "http://w3id.org/bb5kbc/ont/hatKatalognummer": "18", "http://www.w3.org/2004/02/skos/core#prefLabel": "Marienspring/Marz\u0119cin", "http://rdfs.org/ns/void#inDataset.value": "3727"}, "geometry": {"type": "Point", "coordinates": [15.14, 52.83]}}, {"type": "Feature", "id": "http://w3id.org/bb5kbc/site_290", "name": "Hohenfinow 10 (data:site_290)", "dateprops": [], "properties": {"http://www.w3.org/2000/01/rdf-schema#label": "Hohenfinow 10", "http://purl.org/dc/terms/identifier": "290", "http://w3id.org/bb5kbc/ont/hatFID": "290", "http://w3id.org/bb5kbc/ont/hatFundstellenID": "192", "http://w3id.org/bb5kbc/ont/hatGenauigkeit": "0.0", "http://w3id.org/bb5kbc/ont/hatKatalognummer": "25062", "http://www.w3.org/2004/02/skos/core#prefLabel": "Hohenfinow 10", "http://rdfs.org/ns/void#inDataset.value": "3727"}, "geometry": {"type": "Point", "coordinates": [13.93, 52.83]}}, {"type": "Feature", "id": "http://w3id.org/bb5kbc/site_288", "name": "Gohlitz 5 (data:site_288)", "dateprops": [], "properties": {"http://www.w3.org/2000/01/rdf-schema#label": "Gohlitz 5", "http://purl.org/dc/terms/identifier": "288", "http://w3id.org/bb5kbc/ont/hatFID": "288", "http://w3id.org/bb5kbc/ont/hatFundstellenID": "148", "http://w3id.org/bb5kbc/ont/hatGenauigkeit": "0.0", "http://w3id.org/bb5kbc/ont/hatKatalognummer": "12540", "http://www.w3.org/2004/02/skos/core#prefLabel": "Gohlitz 5", "http://rdfs.org/ns/void#inDataset.value": "3727"}, "geometry": {"type": "Point", "coordinates": [12.78, 52.54]}}, {"type": "Feature", "id": "http://w3id.org/bb5kbc/site_17", "name": "Magdeburg-Prester 4 (data:site_17)", "dateprops": [], "properties": {"http://www.w3.org/2000/01/rdf-schema#label": "Magdeburg-Prester 4", "http://purl.org/dc/terms/identifier": "17", "http://w3id.org/bb5kbc/ont/hatFID": "17", "http://w3id.org/bb5kbc/ont/hatFundstellenID": "272", "http://w3id.org/bb5kbc/ont/hatGenauigkeit": "100.0", "http://w3id.org/bb5kbc/ont/hatKatalognummer": "478", "http://www.w3.org/2004/02/skos/core#prefLabel": "Magdeburg-Prester 4", "http://rdfs.org/ns/void#inDataset.value": "3727"}, "geometry": {"type": "Point", "coordinates": [11.68, 52.11]}}, {"type": "Feature", "id": "http://w3id.org/bb5kbc/site_193", "name": "Lekarzewice 97/91 (data:site_193)", "dateprops": [], "properties": {"http://www.w3.org/2000/01/rdf-schema#label": "Lekarzewice 97/91", "http://purl.org/dc/terms/identifier": "193", "http://w3id.org/bb5kbc/ont/hatFID": "193", "http://w3id.org/bb5kbc/ont/hatFundstellenID": "257", "http://w3id.org/bb5kbc/ont/hatGenauigkeit": "200.0", "http://w3id.org/bb5kbc/ont/hatKatalognummer": "31", "http://www.w3.org/2004/02/skos/core#prefLabel": "Lekarzewice 97/91", "http://rdfs.org/ns/void#inDataset.value": "3727"}, "geometry": {"type": "Point", "coordinates": [18.8, 52.63]}}, {"type": "Feature", "id": "http://w3id.org/bb5kbc/site_333", "name": "Vietznitz - 4 (data:site_333)", "dateprops": [], "properties": {"http://www.w3.org/2000/01/rdf-schema#label": "Vietznitz - 4", "http://purl.org/dc/terms/identifier": "333", "http://w3id.org/bb5kbc/ont/hatFID": "333", "http://w3id.org/bb5kbc/ont/hatFundstellenID": "451", "http://w3id.org/bb5kbc/ont/hatGenauigkeit": "0.0", "http://w3id.org/bb5kbc/ont/hatKatalognummer": "12890", "http://www.w3.org/2004/02/skos/core#prefLabel": "Vietznitz - 4", "http://rdfs.org/ns/void#inDataset.value": "3727"}, "geometry": {"type": "Point", "coordinates": [12.66, 52.74]}}, {"type": "Feature", "id": "http://w3id.org/bb5kbc/site_20", "name": "Calbe 6 (data:site_20)", "dateprops": [], "properties": {"http://www.w3.org/2000/01/rdf-schema#label": "Calbe 6", "http://purl.org/dc/terms/identifier": "20", "http://w3id.org/bb5kbc/ont/hatFID": "20", "http://w3id.org/bb5kbc/ont/hatFundstellenID": "90", "http://w3id.org/bb5kbc/ont/hatGenauigkeit": "100.0", "http://w3id.org/bb5kbc/ont/hatKatalognummer": "492", "http://www.w3.org/2004/02/skos/core#prefLabel": "Calbe 6", "http://rdfs.org/ns/void#inDataset.value": "3727"}, "geometry": {"type": "Point", "coordinates": [11.77, 51.89]}}, {"type": "Feature", "id": "http://w3id.org/bb5kbc/site_101", "name": "Starosiedle (data:site_101)", "dateprops": [], "properties": {"http://www.w3.org/2000/01/rdf-schema#label": "Starosiedle", "http://purl.org/dc/terms/identifier": "101", "http://w3id.org/bb5kbc/ont/hatFID": "101", "http://w3id.org/bb5kbc/ont/hatFundstellenID": "421", "http://w3id.org/bb5kbc/ont/hatGenauigkeit": "2000.0", "http://w3id.org/bb5kbc/ont/hatKatalognummer": "28", "http://www.w3.org/2004/02/skos/core#prefLabel": "Starosiedle", "http://rdfs.org/ns/void#inDataset.value": "3727"}, "geometry": {"type": "Point", "coordinates": [14.82, 51.86]}}, {"type": "Feature", "id": "http://w3id.org/bb5kbc/site_448", "name": "Gr\u00f6ben - 13 (data:site_448)", "dateprops": [], "properties": {"http://www.w3.org/2000/01/rdf-schema#label": "Gr\u00f6ben - 13", "http://purl.org/dc/terms/identifier": "448", "http://w3id.org/bb5kbc/ont/hatFID": "448", "http://w3id.org/bb5kbc/ont/hatFundstellenID": "159", "http://w3id.org/bb5kbc/ont/hatGenauigkeit": "0.0", "http://w3id.org/bb5kbc/ont/hatKatalognummer": "24152", "http://www.w3.org/2004/02/skos/core#prefLabel": "Gr\u00f6ben - 13", "http://rdfs.org/ns/void#inDataset.value": "3727"}, "geometry": {"type": "Point", "coordinates": [13.16, 52.3]}}, {"type": "Feature", "id": "http://w3id.org/bb5kbc/site_171", "name": "Sch\u00f6nau/Szon\u00f3w (data:site_171)", "dateprops": [], "properties": {"http://www.w3.org/2000/01/rdf-schema#label": "Sch\u00f6nau/Szon\u00f3w", "http://purl.org/dc/terms/identifier": "171", "http://w3id.org/bb5kbc/ont/hatFID": "171", "http://w3id.org/bb5kbc/ont/hatFundstellenID": "393", "http://w3id.org/bb5kbc/ont/hatGenauigkeit": "1500.0", "http://w3id.org/bb5kbc/ont/hatKatalognummer": "3", "http://www.w3.org/2004/02/skos/core#prefLabel": "Sch\u00f6nau/Szon\u00f3w", "http://rdfs.org/ns/void#inDataset.value": "3727"}, "geometry": {"type": "Point", "coordinates": [17.84, 50.3]}}, {"type": "Feature", "id": "http://w3id.org/bb5kbc/site_341", "name": "Sch\u00f6nwalde - 9 (data:site_341)", "dateprops": [], "properties": {"http://www.w3.org/2000/01/rdf-schema#label": "Sch\u00f6nwalde - 9", "http://purl.org/dc/terms/identifier": "341", "http://w3id.org/bb5kbc/ont/hatFID": "341", "http://w3id.org/bb5kbc/ont/hatFundstellenID": "397", "http://w3id.org/bb5kbc/ont/hatGenauigkeit": "0.0", "http://w3id.org/bb5kbc/ont/hatKatalognummer": "12832", "http://www.w3.org/2004/02/skos/core#prefLabel": "Sch\u00f6nwalde - 9", "http://rdfs.org/ns/void#inDataset.value": "3727"}, "geometry": {"type": "Point", "coordinates": [13.13, 52.61]}}, {"type": "Feature", "id": "http://w3id.org/bb5kbc/site_514", "name": "Radziej\u00f3w 12 (data:site_514)", "dateprops": [], "properties": {"http://www.w3.org/2000/01/rdf-schema#label": "Radziej\u00f3w 12", "http://purl.org/dc/terms/identifier": "514", "http://w3id.org/bb5kbc/ont/hatFID": "514", "http://w3id.org/bb5kbc/ont/hatFundstellenID": "363", "http://w3id.org/bb5kbc/ont/hatGenauigkeit": "2000.0", "http://w3id.org/bb5kbc/ont/hatKatalognummer": "104", "http://www.w3.org/2004/02/skos/core#prefLabel": "Radziej\u00f3w 12", "http://rdfs.org/ns/void#inDataset.value": "3727"}, "geometry": {"type": "Point", "coordinates": [18.54, 52.61]}}, {"type": "Feature", "id": "http://w3id.org/bb5kbc/site_323", "name": "Krausnick - 5 (data:site_323)", "dateprops": [], "properties": {"http://www.w3.org/2000/01/rdf-schema#label": "Krausnick - 5", "http://purl.org/dc/terms/identifier": "323", "http://w3id.org/bb5kbc/ont/hatFID": "323", "http://w3id.org/bb5kbc/ont/hatFundstellenID": "240", "http://w3id.org/bb5kbc/ont/hatGenauigkeit": "0.0", "http://w3id.org/bb5kbc/ont/hatKatalognummer": "11226", "http://www.w3.org/2004/02/skos/core#prefLabel": "Krausnick - 5", "http://rdfs.org/ns/void#inDataset.value": "3727"}, "geometry": {"type": "Point", "coordinates": [13.85, 52.03]}}, {"type": "Feature", "id": "http://w3id.org/bb5kbc/site_139", "name": "Schrepau/Krzep\u00f3w (data:site_139)", "dateprops": [], "properties": {"http://www.w3.org/2000/01/rdf-schema#label": "Schrepau/Krzep\u00f3w", "http://purl.org/dc/terms/identifier": "139", "http://w3id.org/bb5kbc/ont/hatFID": "139", "http://w3id.org/bb5kbc/ont/hatFundstellenID": "399", "http://w3id.org/bb5kbc/ont/hatGenauigkeit": "1000.0", "http://w3id.org/bb5kbc/ont/hatKatalognummer": "38", "http://www.w3.org/2004/02/skos/core#prefLabel": "Schrepau/Krzep\u00f3w", "http://rdfs.org/ns/void#inDataset.value": "3727"}, "geometry": {"type": "Point", "coordinates": [16.14, 51.65]}}, {"type": "Feature", "id": "http://w3id.org/bb5kbc/site_197", "name": "Os\u0142onki 1 (data:site_197)", "dateprops": [], "properties": {"http://www.w3.org/2000/01/rdf-schema#label": "Os\u0142onki 1", "http://purl.org/dc/terms/identifier": "197", "http://w3id.org/bb5kbc/ont/hatFID": "197", "http://w3id.org/bb5kbc/ont/hatFundstellenID": "316", "http://w3id.org/bb5kbc/ont/hatGenauigkeit": "200.0", "http://w3id.org/bb5kbc/ont/hatKatalognummer": "26", "http://www.w3.org/2004/02/skos/core#prefLabel": "Os\u0142onki 1", "http://rdfs.org/ns/void#inDataset.value": "3727"}, "geometry": {"type": "Point", "coordinates": [18.81, 52.62]}}, {"type": "Feature", "id": "http://w3id.org/bb5kbc/site_563", "name": "Neuendorf am See 6 (data:site_563)", "dateprops": [], "properties": {"http://www.w3.org/2000/01/rdf-schema#label": "Neuendorf am See 6", "http://purl.org/dc/terms/identifier": "563", "http://w3id.org/bb5kbc/ont/hatFID": "563", "http://w3id.org/bb5kbc/ont/hatFundstellenID": "303", "http://w3id.org/bb5kbc/ont/hatGenauigkeit": "0.0", "http://w3id.org/bb5kbc/ont/hatKatalognummer": "11326", "http://www.w3.org/2004/02/skos/core#prefLabel": "Neuendorf am See 6", "http://rdfs.org/ns/void#inDataset.value": "3727"}, "geometry": {"type": "Point", "coordinates": [13.89, 52.1]}}, {"type": "Feature", "id": "http://w3id.org/bb5kbc/site_304", "name": "Wustermark 44 (data:site_304)", "dateprops": [], "properties": {"http://www.w3.org/2000/01/rdf-schema#label": "Wustermark 44", "http://purl.org/dc/terms/identifier": "304", "http://w3id.org/bb5kbc/ont/hatFID": "304", "http://w3id.org/bb5kbc/ont/hatFundstellenID": "482", "http://w3id.org/bb5kbc/ont/hatGenauigkeit": "0.0", "http://w3id.org/bb5kbc/ont/hatKatalognummer": "63522", "http://www.w3.org/2004/02/skos/core#prefLabel": "Wustermark 44", "http://rdfs.org/ns/void#inDataset.value": "3727"}, "geometry": {"type": "Point", "coordinates": [12.96, 52.56]}}, {"type": "Feature", "id": "http://w3id.org/bb5kbc/site_134", "name": "G\u0142og\u00f3w (data:site_134)", "dateprops": [], "properties": {"http://www.w3.org/2000/01/rdf-schema#label": "G\u0142og\u00f3w", "http://purl.org/dc/terms/identifier": "134", "http://w3id.org/bb5kbc/ont/hatFID": "134", "http://w3id.org/bb5kbc/ont/hatFundstellenID": "144", "http://w3id.org/bb5kbc/ont/hatGenauigkeit": "5000.0", "http://w3id.org/bb5kbc/ont/hatKatalognummer": "34", "http://www.w3.org/2004/02/skos/core#prefLabel": "G\u0142og\u00f3w", "http://rdfs.org/ns/void#inDataset.value": "3727"}, "geometry": {"type": "Point", "coordinates": [16.09, 51.66]}}, {"type": "Feature", "id": "http://w3id.org/bb5kbc/site_45", "name": "Bochow 6 (data:site_45)", "dateprops": [], "properties": {"http://www.w3.org/2000/01/rdf-schema#label": "Bochow 6", "http://purl.org/dc/terms/identifier": "45", "http://w3id.org/bb5kbc/ont/hatFID": "45", "http://w3id.org/bb5kbc/ont/hatFundstellenID": "58", "http://w3id.org/bb5kbc/ont/hatGenauigkeit": "0.0", "http://w3id.org/bb5kbc/ont/hatKatalognummer": "9578", "http://www.w3.org/2004/02/skos/core#prefLabel": "Bochow 6", "http://rdfs.org/ns/void#inDataset.value": "3727"}, "geometry": {"type": "Point", "coordinates": [13.09, 51.96]}}, {"type": "Feature", "id": "http://w3id.org/bb5kbc/site_358", "name": "Birkenwerder - 14 (data:site_358)", "dateprops": [], "properties": {"http://www.w3.org/2000/01/rdf-schema#label": "Birkenwerder - 14", "http://purl.org/dc/terms/identifier": "358", "http://w3id.org/bb5kbc/ont/hatFID": "358", "http://w3id.org/bb5kbc/ont/hatFundstellenID": "41", "http://w3id.org/bb5kbc/ont/hatGenauigkeit": "0.0", "http://w3id.org/bb5kbc/ont/hatKatalognummer": "14655", "http://www.w3.org/2004/02/skos/core#prefLabel": "Birkenwerder - 14", "http://rdfs.org/ns/void#inDataset.value": "3727"}, "geometry": {"type": "Point", "coordinates": [13.25, 52.69]}}, {"type": "Feature", "id": "http://w3id.org/bb5kbc/site_98", "name": "Wierzchno/Wirchenblatt (data:site_98)", "dateprops": [], "properties": {"http://www.w3.org/2000/01/rdf-schema#label": "Wierzchno/Wirchenblatt", "http://purl.org/dc/terms/identifier": "98", "http://w3id.org/bb5kbc/ont/hatFID": "98", "http://w3id.org/bb5kbc/ont/hatFundstellenID": "463", "http://w3id.org/bb5kbc/ont/hatGenauigkeit": "2000.0", "http://w3id.org/bb5kbc/ont/hatKatalognummer": "29", "http://www.w3.org/2004/02/skos/core#prefLabel": "Wierzchno/Wirchenblatt", "http://rdfs.org/ns/void#inDataset.value": "3727"}, "geometry": {"type": "Point", "coordinates": [14.77, 51.85]}}, {"type": "Feature", "id": "http://w3id.org/bb5kbc/site_466", "name": "Felchow - 12 (data:site_466)", "dateprops": [], "properties": {"http://www.w3.org/2000/01/rdf-schema#label": "Felchow - 12", "http://purl.org/dc/terms/identifier": "466", "http://w3id.org/bb5kbc/ont/hatFID": "466", "http://w3id.org/bb5kbc/ont/hatFundstellenID": "115", "http://w3id.org/bb5kbc/ont/hatGenauigkeit": "0.0", "http://w3id.org/bb5kbc/ont/hatKatalognummer": "354", "http://www.w3.org/2004/02/skos/core#prefLabel": "Felchow - 12", "http://rdfs.org/ns/void#inDataset.value": "3727"}, "geometry": {"type": "Point", "coordinates": [14.13, 53.02]}}, {"type": "Feature", "id": "http://w3id.org/bb5kbc/site_522", "name": "Srebrenog\u00f3ra (data:site_522)", "dateprops": [], "properties": {"http://www.w3.org/2000/01/rdf-schema#label": "Srebrenog\u00f3ra", "http://purl.org/dc/terms/identifier": "522", "http://w3id.org/bb5kbc/ont/hatFID": "522", "http://w3id.org/bb5kbc/ont/hatFundstellenID": "417", "http://w3id.org/bb5kbc/ont/hatGenauigkeit": "1000.0", "http://w3id.org/bb5kbc/ont/hatKatalognummer": "115", "http://www.w3.org/2004/02/skos/core#prefLabel": "Srebrenog\u00f3ra", "http://rdfs.org/ns/void#inDataset.value": "3727"}, "geometry": {"type": "Point", "coordinates": [17.51, 52.89]}}, {"type": "Feature", "id": "http://w3id.org/bb5kbc/site_263", "name": "Nauen 21 (data:site_263)", "dateprops": [], "properties": {"http://www.w3.org/2000/01/rdf-schema#label": "Nauen 21", "http://purl.org/dc/terms/identifier": "263", "http://w3id.org/bb5kbc/ont/hatFID": "263", "http://w3id.org/bb5kbc/ont/hatFundstellenID": "298", "http://w3id.org/bb5kbc/ont/hatGenauigkeit": "0.0", "http://w3id.org/bb5kbc/ont/hatKatalognummer": "12669", "http://www.w3.org/2004/02/skos/core#prefLabel": "Nauen 21", "http://rdfs.org/ns/void#inDataset.value": "3727"}, "geometry": {"type": "Point", "coordinates": [12.88, 52.62]}}, {"type": "Feature", "id": "http://w3id.org/bb5kbc/site_185", "name": "Wola Skarbkowa L1/91 (data:site_185)", "dateprops": [], "properties": {"http://www.w3.org/2000/01/rdf-schema#label": "Wola Skarbkowa L1/91", "http://purl.org/dc/terms/identifier": "185", "http://w3id.org/bb5kbc/ont/hatFID": "185", "http://w3id.org/bb5kbc/ont/hatFundstellenID": "471", "http://w3id.org/bb5kbc/ont/hatGenauigkeit": "200.0", "http://w3id.org/bb5kbc/ont/hatKatalognummer": "36", "http://www.w3.org/2004/02/skos/core#prefLabel": "Wola Skarbkowa L1/91", "http://rdfs.org/ns/void#inDataset.value": "3727"}, "geometry": {"type": "Point", "coordinates": [18.77, 52.64]}}, {"type": "Feature", "id": "http://w3id.org/bb5kbc/site_266", "name": "Potsdam 58 (data:site_266)", "dateprops": [], "properties": {"http://www.w3.org/2000/01/rdf-schema#label": "Potsdam 58", "http://purl.org/dc/terms/identifier": "266", "http://w3id.org/bb5kbc/ont/hatFID": "266", "http://w3id.org/bb5kbc/ont/hatFundstellenID": "343", "http://w3id.org/bb5kbc/ont/hatGenauigkeit": "0.0", "http://w3id.org/bb5kbc/ont/hatKatalognummer": "16099", "http://www.w3.org/2004/02/skos/core#prefLabel": "Potsdam 58", "http://rdfs.org/ns/void#inDataset.value": "3727"}, "geometry": {"type": "Point", "coordinates": [13.09, 52.36]}}, {"type": "Feature", "id": "http://w3id.org/bb5kbc/site_418", "name": "Marquardt - 14 (data:site_418)", "dateprops": [], "properties": {"http://www.w3.org/2000/01/rdf-schema#label": "Marquardt - 14", "http://purl.org/dc/terms/identifier": "418", "http://w3id.org/bb5kbc/ont/hatFID": "418", "http://w3id.org/bb5kbc/ont/hatFundstellenID": "274", "http://w3id.org/bb5kbc/ont/hatGenauigkeit": "0.0", "http://w3id.org/bb5kbc/ont/hatKatalognummer": "25452", "http://www.w3.org/2004/02/skos/core#prefLabel": "Marquardt - 14", "http://rdfs.org/ns/void#inDataset.value": "3727"}, "geometry": {"type": "Point", "coordinates": [12.96, 52.46]}}, {"type": "Feature", "id": "http://w3id.org/bb5kbc/site_294", "name": "M\u00f6tzow 11 (data:site_294)", "dateprops": [], "properties": {"http://www.w3.org/2000/01/rdf-schema#label": "M\u00f6tzow 11", "http://purl.org/dc/terms/identifier": "294", "http://w3id.org/bb5kbc/ont/hatFID": "294", "http://w3id.org/bb5kbc/ont/hatFundstellenID": "295", "http://w3id.org/bb5kbc/ont/hatGenauigkeit": "0.0", "http://w3id.org/bb5kbc/ont/hatKatalognummer": "56582", "http://www.w3.org/2004/02/skos/core#prefLabel": "M\u00f6tzow 11", "http://rdfs.org/ns/void#inDataset.value": "3727"}, "geometry": {"type": "Point", "coordinates": [12.6, 52.45]}}, {"type": "Feature", "id": "http://w3id.org/bb5kbc/site_55", "name": "Neuendorf am See 6 (data:site_55)", "dateprops": [], "properties": {"http://www.w3.org/2000/01/rdf-schema#label": "Neuendorf am See 6", "http://purl.org/dc/terms/identifier": "55", "http://w3id.org/bb5kbc/ont/hatFID": "55", "http://w3id.org/bb5kbc/ont/hatFundstellenID": "303", "http://w3id.org/bb5kbc/ont/hatGenauigkeit": "0.0", "http://w3id.org/bb5kbc/ont/hatKatalognummer": "11326", "http://www.w3.org/2004/02/skos/core#prefLabel": "Neuendorf am See 6", "http://rdfs.org/ns/void#inDataset.value": "3727"}, "geometry": {"type": "Point", "coordinates": [13.88, 52.1]}}, {"type": "Feature", "id": "http://w3id.org/bb5kbc/site_450", "name": "Mellensee - 7 (data:site_450)", "dateprops": [], "properties": {"http://www.w3.org/2000/01/rdf-schema#label": "Mellensee - 7", "http://purl.org/dc/terms/identifier": "450", "http://w3id.org/bb5kbc/ont/hatFID": "450", "http://w3id.org/bb5kbc/ont/hatFundstellenID": "277", "http://w3id.org/bb5kbc/ont/hatGenauigkeit": "0.0", "http://w3id.org/bb5kbc/ont/hatKatalognummer": "24420", "http://www.w3.org/2004/02/skos/core#prefLabel": "Mellensee - 7", "http://rdfs.org/ns/void#inDataset.value": "3727"}, "geometry": {"type": "Point", "coordinates": [13.44, 52.18]}}, {"type": "Feature", "id": "http://w3id.org/bb5kbc/site_403", "name": "Potsdam - 57 (data:site_403)", "dateprops": [], "properties": {"http://www.w3.org/2000/01/rdf-schema#label": "Potsdam - 57", "http://purl.org/dc/terms/identifier": "403", "http://w3id.org/bb5kbc/ont/hatFID": "403", "http://w3id.org/bb5kbc/ont/hatFundstellenID": "338", "http://w3id.org/bb5kbc/ont/hatGenauigkeit": "0.0", "http://w3id.org/bb5kbc/ont/hatKatalognummer": "16098", "http://www.w3.org/2004/02/skos/core#prefLabel": "Potsdam - 57", "http://rdfs.org/ns/void#inDataset.value": "3727"}, "geometry": {"type": "Point", "coordinates": [13.07, 52.42]}}, {"type": "Feature", "id": "http://w3id.org/bb5kbc/site_443", "name": "Raakow - 2 (data:site_443)", "dateprops": [], "properties": {"http://www.w3.org/2000/01/rdf-schema#label": "Raakow - 2", "http://purl.org/dc/terms/identifier": "443", "http://w3id.org/bb5kbc/ont/hatFID": "443", "http://w3id.org/bb5kbc/ont/hatFundstellenID": "361", "http://w3id.org/bb5kbc/ont/hatGenauigkeit": "0.0", "http://w3id.org/bb5kbc/ont/hatKatalognummer": "30858", "http://www.w3.org/2004/02/skos/core#prefLabel": "Raakow - 2", "http://rdfs.org/ns/void#inDataset.value": "3727"}, "geometry": {"type": "Point", "coordinates": [14.23, 51.64]}}, {"type": "Feature", "id": "http://w3id.org/bb5kbc/site_176", "name": "Bar\u0142o\u017cno 15 (data:site_176)", "dateprops": [], "properties": {"http://www.w3.org/2000/01/rdf-schema#label": "Bar\u0142o\u017cno 15", "http://purl.org/dc/terms/identifier": "176", "http://w3id.org/bb5kbc/ont/hatFID": "176", "http://w3id.org/bb5kbc/ont/hatFundstellenID": "26", "http://w3id.org/bb5kbc/ont/hatGenauigkeit": "50.0", "http://www.w3.org/2004/02/skos/core#prefLabel": "Bar\u0142o\u017cno 15", "http://rdfs.org/ns/void#inDataset.value": "3727"}, "geometry": {"type": "Point", "coordinates": [18.63, 53.77]}}, {"type": "Feature", "id": "http://w3id.org/bb5kbc/site_494", "name": "Zichow - 1 (data:site_494)", "dateprops": [], "properties": {"http://www.w3.org/2000/01/rdf-schema#label": "Zichow - 1", "http://purl.org/dc/terms/identifier": "494", "http://w3id.org/bb5kbc/ont/hatFID": "494", "http://w3id.org/bb5kbc/ont/hatFundstellenID": "501", "http://w3id.org/bb5kbc/ont/hatGenauigkeit": "0.0", "http://w3id.org/bb5kbc/ont/hatKatalognummer": "41777", "http://www.w3.org/2004/02/skos/core#prefLabel": "Zichow - 1", "http://rdfs.org/ns/void#inDataset.value": "3727"}, "geometry": {"type": "Point", "coordinates": [14.04, 53.19]}}, {"type": "Feature", "id": "http://w3id.org/bb5kbc/site_162", "name": "Schmiedefeld/Ku\u017cniki (data:site_162)", "dateprops": [], "properties": {"http://www.w3.org/2000/01/rdf-schema#label": "Schmiedefeld/Ku\u017cniki", "http://purl.org/dc/terms/identifier": "162", "http://w3id.org/bb5kbc/ont/hatFID": "162", "http://w3id.org/bb5kbc/ont/hatFundstellenID": "391", "http://w3id.org/bb5kbc/ont/hatGenauigkeit": "2000.0", "http://w3id.org/bb5kbc/ont/hatKatalognummer": "15", "http://www.w3.org/2004/02/skos/core#prefLabel": "Schmiedefeld/Ku\u017cniki", "http://rdfs.org/ns/void#inDataset.value": "3727"}, "geometry": {"type": "Point", "coordinates": [16.95, 51.13]}}, {"type": "Feature", "id": "http://w3id.org/bb5kbc/site_141", "name": "Woischau/Wojszyn (data:site_141)", "dateprops": [], "properties": {"http://www.w3.org/2000/01/rdf-schema#label": "Woischau/Wojszyn", "http://purl.org/dc/terms/identifier": "141", "http://w3id.org/bb5kbc/ont/hatFID": "141", "http://w3id.org/bb5kbc/ont/hatFundstellenID": "468", "http://w3id.org/bb5kbc/ont/hatGenauigkeit": "3000.0", "http://w3id.org/bb5kbc/ont/hatKatalognummer": "27", "http://www.w3.org/2004/02/skos/core#prefLabel": "Woischau/Wojszyn", "http://rdfs.org/ns/void#inDataset.value": "3727"}, "geometry": {"type": "Point", "coordinates": [16.19, 51.66]}}, {"type": "Feature", "id": "http://w3id.org/bb5kbc/site_515", "name": "Biskupin 10/I (data:site_515)", "dateprops": [], "properties": {"http://www.w3.org/2000/01/rdf-schema#label": "Biskupin 10/I", "http://purl.org/dc/terms/identifier": "515", "http://w3id.org/bb5kbc/ont/hatFID": "515", "http://w3id.org/bb5kbc/ont/hatFundstellenID": "43", "http://w3id.org/bb5kbc/ont/hatGenauigkeit": "1500.0", "http://w3id.org/bb5kbc/ont/hatKatalognummer": "3", "http://www.w3.org/2004/02/skos/core#prefLabel": "Biskupin 10/I", "http://rdfs.org/ns/void#inDataset.value": "3727"}, "geometry": {"type": "Point", "coordinates": [17.72, 52.79]}}, {"type": "Feature", "id": "http://w3id.org/bb5kbc/site_529", "name": "Polanowice 3 (data:site_529)", "dateprops": [], "properties": {"http://www.w3.org/2000/01/rdf-schema#label": "Polanowice 3", "http://purl.org/dc/terms/identifier": "529", "http://w3id.org/bb5kbc/ont/hatFID": "529", "http://w3id.org/bb5kbc/ont/hatFundstellenID": "334", "http://w3id.org/bb5kbc/ont/hatGenauigkeit": "1500.0", "http://w3id.org/bb5kbc/ont/hatKatalognummer": "99", "http://www.w3.org/2004/02/skos/core#prefLabel": "Polanowice 3", "http://rdfs.org/ns/void#inDataset.value": "3727"}, "geometry": {"type": "Point", "coordinates": [18.28, 52.64]}}, {"type": "Feature", "id": "http://w3id.org/bb5kbc/site_129", "name": "\u017bukowice (data:site_129)", "dateprops": [], "properties": {"http://www.w3.org/2000/01/rdf-schema#label": "\u017bukowice", "http://purl.org/dc/terms/identifier": "129", "http://w3id.org/bb5kbc/ont/hatFID": "129", "http://w3id.org/bb5kbc/ont/hatFundstellenID": "508", "http://w3id.org/bb5kbc/ont/hatGenauigkeit": "3000.0", "http://w3id.org/bb5kbc/ont/hatKatalognummer": "41", "http://www.w3.org/2004/02/skos/core#prefLabel": "\u017bukowice", "http://rdfs.org/ns/void#inDataset.value": "3727"}, "geometry": {"type": "Point", "coordinates": [15.98, 51.67]}}, {"type": "Feature", "id": "http://w3id.org/bb5kbc/site_298", "name": "Niederlandin 8 (data:site_298)", "dateprops": [], "properties": {"http://www.w3.org/2000/01/rdf-schema#label": "Niederlandin 8", "http://purl.org/dc/terms/identifier": "298", "http://w3id.org/bb5kbc/ont/hatFID": "298", "http://w3id.org/bb5kbc/ont/hatFundstellenID": "310", "http://w3id.org/bb5kbc/ont/hatGenauigkeit": "0.0", "http://w3id.org/bb5kbc/ont/hatKatalognummer": "688", "http://www.w3.org/2004/02/skos/core#prefLabel": "Niederlandin 8", "http://rdfs.org/ns/void#inDataset.value": "3727"}, "geometry": {"type": "Point", "coordinates": [14.15, 53.06]}}, {"type": "Feature", "id": "http://w3id.org/bb5kbc/site_231", "name": "Nowe Obezierze 22 (data:site_231)", "dateprops": [], "properties": {"http://www.w3.org/2000/01/rdf-schema#label": "Nowe Obezierze 22", "http://purl.org/dc/terms/identifier": "231", "http://w3id.org/bb5kbc/ont/hatFID": "231", "http://w3id.org/bb5kbc/ont/hatFundstellenID": "312", "http://w3id.org/bb5kbc/ont/hatGenauigkeit": "100.0", "http://www.w3.org/2004/02/skos/core#prefLabel": "Nowe Obezierze 22", "http://rdfs.org/ns/void#inDataset.value": "3727"}, "geometry": {"type": "Point", "coordinates": [14.34, 52.85]}}, {"type": "Feature", "id": "http://w3id.org/bb5kbc/site_386", "name": "Wildberg - 10 (data:site_386)", "dateprops": [], "properties": {"http://www.w3.org/2000/01/rdf-schema#label": "Wildberg - 10", "http://purl.org/dc/terms/identifier": "386", "http://w3id.org/bb5kbc/ont/hatFID": "386", "http://w3id.org/bb5kbc/ont/hatFundstellenID": "465", "http://w3id.org/bb5kbc/ont/hatGenauigkeit": "0.0", "http://w3id.org/bb5kbc/ont/hatKatalognummer": "13457", "http://www.w3.org/2004/02/skos/core#prefLabel": "Wildberg - 10", "http://rdfs.org/ns/void#inDataset.value": "3727"}, "geometry": {"type": "Point", "coordinates": [12.63, 52.86]}}, {"type": "Feature", "id": "http://w3id.org/bb5kbc/site_382", "name": "Herzberg - 4 (data:site_382)", "dateprops": [], "properties": {"http://www.w3.org/2000/01/rdf-schema#label": "Herzberg - 4", "http://purl.org/dc/terms/identifier": "382", "http://w3id.org/bb5kbc/ont/hatFID": "382", "http://w3id.org/bb5kbc/ont/hatFundstellenID": "184", "http://w3id.org/bb5kbc/ont/hatGenauigkeit": "0.0", "http://w3id.org/bb5kbc/ont/hatKatalognummer": "13155", "http://www.w3.org/2004/02/skos/core#prefLabel": "Herzberg - 4", "http://rdfs.org/ns/void#inDataset.value": "3727"}, "geometry": {"type": "Point", "coordinates": [12.96, 52.92]}}, {"type": "Feature", "id": "http://w3id.org/bb5kbc/site_404", "name": "Emstal - 4 (data:site_404)", "dateprops": [], "properties": {"http://www.w3.org/2000/01/rdf-schema#label": "Emstal - 4", "http://purl.org/dc/terms/identifier": "404", "http://w3id.org/bb5kbc/ont/hatFID": "404", "http://w3id.org/bb5kbc/ont/hatFundstellenID": "112", "http://w3id.org/bb5kbc/ont/hatGenauigkeit": "0.0", "http://w3id.org/bb5kbc/ont/hatKatalognummer": "2077", "http://www.w3.org/2004/02/skos/core#prefLabel": "Emstal - 4", "http://rdfs.org/ns/void#inDataset.value": "3727"}, "geometry": {"type": "Point", "coordinates": [12.78, 52.31]}}, {"type": "Feature", "id": "http://w3id.org/bb5kbc/site_367", "name": "L\u00fcbbenau - 5 (data:site_367)", "dateprops": [], "properties": {"http://www.w3.org/2000/01/rdf-schema#label": "L\u00fcbbenau - 5", "http://purl.org/dc/terms/identifier": "367", "http://w3id.org/bb5kbc/ont/hatFID": "367", "http://w3id.org/bb5kbc/ont/hatFundstellenID": "268", "http://w3id.org/bb5kbc/ont/hatGenauigkeit": "0.0", "http://w3id.org/bb5kbc/ont/hatKatalognummer": "3406", "http://www.w3.org/2004/02/skos/core#prefLabel": "L\u00fcbbenau - 5", "http://rdfs.org/ns/void#inDataset.value": "3727"}, "geometry": {"type": "Point", "coordinates": [13.97, 51.87]}}, {"type": "Feature", "id": "http://w3id.org/bb5kbc/site_397", "name": "K\u00f6nigshorst - 3 (data:site_397)", "dateprops": [], "properties": {"http://www.w3.org/2000/01/rdf-schema#label": "K\u00f6nigshorst - 3", "http://purl.org/dc/terms/identifier": "397", "http://w3id.org/bb5kbc/ont/hatFID": "397", "http://w3id.org/bb5kbc/ont/hatFundstellenID": "230", "http://w3id.org/bb5kbc/ont/hatGenauigkeit": "0.0", "http://w3id.org/bb5kbc/ont/hatKatalognummer": "13124", "http://www.w3.org/2004/02/skos/core#prefLabel": "K\u00f6nigshorst - 3", "http://rdfs.org/ns/void#inDataset.value": "3727"}, "geometry": {"type": "Point", "coordinates": [12.74, 52.72]}}, {"type": "Feature", "id": "http://w3id.org/bb5kbc/site_428", "name": "Neuhausen - 1 (data:site_428)", "dateprops": [], "properties": {"http://www.w3.org/2000/01/rdf-schema#label": "Neuhausen - 1", "http://purl.org/dc/terms/identifier": "428", "http://w3id.org/bb5kbc/ont/hatFID": "428", "http://w3id.org/bb5kbc/ont/hatFundstellenID": "304", "http://w3id.org/bb5kbc/ont/hatGenauigkeit": "0.0", "http://w3id.org/bb5kbc/ont/hatKatalognummer": "15126", "http://www.w3.org/2004/02/skos/core#prefLabel": "Neuhausen - 1", "http://rdfs.org/ns/void#inDataset.value": "3727"}, "geometry": {"type": "Point", "coordinates": [11.85, 53.23]}}, {"type": "Feature", "id": "http://w3id.org/bb5kbc/site_75", "name": "Berkholz zu Berkholz-Meyenburg 8 (data:site_75)", "dateprops": [], "properties": {"http://www.w3.org/2000/01/rdf-schema#label": "Berkholz zu Berkholz-Meyenburg 8", "http://purl.org/dc/terms/identifier": "75", "http://w3id.org/bb5kbc/ont/hatFID": "75", "http://w3id.org/bb5kbc/ont/hatFundstellenID": "34", "http://w3id.org/bb5kbc/ont/hatGenauigkeit": "0.0", "http://w3id.org/bb5kbc/ont/hatKatalognummer": "158", "http://www.w3.org/2004/02/skos/core#prefLabel": "Berkholz zu Berkholz-Meyenburg 8", "http://rdfs.org/ns/void#inDataset.value": "3727"}, "geometry": {"type": "Point", "coordinates": [14.19, 53.06]}}, {"type": "Feature", "id": "http://w3id.org/bb5kbc/site_585", "name": "Klinkow 26 (data:site_585)", "dateprops": [], "properties": {"http://www.w3.org/2000/01/rdf-schema#label": "Klinkow 26", "http://purl.org/dc/terms/identifier": "585", "http://w3id.org/bb5kbc/ont/hatFID": "585", "http://w3id.org/bb5kbc/ont/hatFundstellenID": "222", "http://w3id.org/bb5kbc/ont/hatGenauigkeit": "0.0", "http://w3id.org/bb5kbc/ont/hatKatalognummer": "17189", "http://www.w3.org/2004/02/skos/core#prefLabel": "Klinkow 26", "http://rdfs.org/ns/void#inDataset.value": "3727"}, "geometry": {"type": "Point", "coordinates": [13.83, 53.32]}}, {"type": "Feature", "id": "http://w3id.org/bb5kbc/site_248", "name": "Pozna\u0144 - D\u0119biec 2 (data:site_248)", "dateprops": [], "properties": {"http://www.w3.org/2000/01/rdf-schema#label": "Pozna\u0144 - D\u0119biec 2", "http://purl.org/dc/terms/identifier": "248", "http://w3id.org/bb5kbc/ont/hatFID": "248", "http://w3id.org/bb5kbc/ont/hatFundstellenID": "347", "http://w3id.org/bb5kbc/ont/hatGenauigkeit": "200.0", "http://www.w3.org/2004/02/skos/core#prefLabel": "Pozna\u0144 - D\u0119biec 2", "http://rdfs.org/ns/void#inDataset.value": "3727"}, "geometry": {"type": "Point", "coordinates": [16.92, 52.37]}}, {"type": "Feature", "id": "http://w3id.org/bb5kbc/site_534", "name": "Wietrzychowice 1 (data:site_534)", "dateprops": [], "properties": {"http://www.w3.org/2000/01/rdf-schema#label": "Wietrzychowice 1", "http://purl.org/dc/terms/identifier": "534", "http://w3id.org/bb5kbc/ont/hatFID": "534", "http://w3id.org/bb5kbc/ont/hatFundstellenID": "464", "http://w3id.org/bb5kbc/ont/hatGenauigkeit": "1500.0", "http://w3id.org/bb5kbc/ont/hatKatalognummer": "134", "http://www.w3.org/2004/02/skos/core#prefLabel": "Wietrzychowice 1", "http://rdfs.org/ns/void#inDataset.value": "3727"}, "geometry": {"type": "Point", "coordinates": [18.87, 52.41]}}, {"type": "Feature", "id": "http://w3id.org/bb5kbc/site_233", "name": "Frankfurt/Oder unbek. (data:site_233)", "dateprops": [], "properties": {"http://www.w3.org/2000/01/rdf-schema#label": "Frankfurt/Oder unbek.", "http://purl.org/dc/terms/identifier": "233", "http://w3id.org/bb5kbc/ont/hatFID": "233", "http://w3id.org/bb5kbc/ont/hatFundstellenID": "125", "http://w3id.org/bb5kbc/ont/hatGenauigkeit": "5000.0", "http://w3id.org/bb5kbc/ont/hatKatalognummer": "8", "http://www.w3.org/2004/02/skos/core#prefLabel": "Frankfurt/Oder unbek.", "http://rdfs.org/ns/void#inDataset.value": "3727"}, "geometry": {"type": "Point", "coordinates": [14.53, 52.34]}}, {"type": "Feature", "id": "http://w3id.org/bb5kbc/site_485", "name": "Schwedt - 4 (data:site_485)", "dateprops": [], "properties": {"http://www.w3.org/2000/01/rdf-schema#label": "Schwedt - 4", "http://purl.org/dc/terms/identifier": "485", "http://w3id.org/bb5kbc/ont/hatFID": "485", "http://w3id.org/bb5kbc/ont/hatFundstellenID": "402", "http://w3id.org/bb5kbc/ont/hatGenauigkeit": "0.0", "http://w3id.org/bb5kbc/ont/hatKatalognummer": "20933", "http://www.w3.org/2004/02/skos/core#prefLabel": "Schwedt - 4", "http://rdfs.org/ns/void#inDataset.value": "3727"}, "geometry": {"type": "Point", "coordinates": [14.28, 53.08]}}, {"type": "Feature", "id": "http://w3id.org/bb5kbc/site_221", "name": "Pikutkowo 6 (data:site_221)", "dateprops": [], "properties": {"http://www.w3.org/2000/01/rdf-schema#label": "Pikutkowo 6", "http://purl.org/dc/terms/identifier": "221", "http://w3id.org/bb5kbc/ont/hatFID": "221", "http://w3id.org/bb5kbc/ont/hatFundstellenID": "327", "http://w3id.org/bb5kbc/ont/hatGenauigkeit": "200.0", "http://w3id.org/bb5kbc/ont/hatKatalognummer": "13", "http://www.w3.org/2004/02/skos/core#prefLabel": "Pikutkowo 6", "http://rdfs.org/ns/void#inDataset.value": "3727"}, "geometry": {"type": "Point", "coordinates": [18.95, 52.63]}}, {"type": "Feature", "id": "http://w3id.org/bb5kbc/site_270", "name": "Treuenbrietzen 39 (data:site_270)", "dateprops": [], "properties": {"http://www.w3.org/2000/01/rdf-schema#label": "Treuenbrietzen 39", "http://purl.org/dc/terms/identifier": "270", "http://w3id.org/bb5kbc/ont/hatFID": "270", "http://w3id.org/bb5kbc/ont/hatFundstellenID": "442", "http://w3id.org/bb5kbc/ont/hatGenauigkeit": "0.0", "http://w3id.org/bb5kbc/ont/hatKatalognummer": "9787", "http://www.w3.org/2004/02/skos/core#prefLabel": "Treuenbrietzen 39", "http://rdfs.org/ns/void#inDataset.value": "3727"}, "geometry": {"type": "Point", "coordinates": [12.88, 52.1]}}, {"type": "Feature", "id": "http://w3id.org/bb5kbc/site_70", "name": "Gr\u00fcnow bei Sch\u00f6nermark 17/18 (17) (data:site_70)", "dateprops": [], "properties": {"http://www.w3.org/2000/01/rdf-schema#label": "Gr\u00fcnow bei Sch\u00f6nermark 17/18 (17)", "http://purl.org/dc/terms/identifier": "70", "http://w3id.org/bb5kbc/ont/hatFID": "70", "http://w3id.org/bb5kbc/ont/hatFundstellenID": "171", "http://w3id.org/bb5kbc/ont/hatGenauigkeit": "0.0", "http://w3id.org/bb5kbc/ont/hatKatalognummer": "49174", "http://www.w3.org/2004/02/skos/core#prefLabel": "Gr\u00fcnow bei Sch\u00f6nermark 17/18 (17)", "http://rdfs.org/ns/void#inDataset.value": "3727"}, "geometry": {"type": "Point", "coordinates": [14.08, 53.12]}}, {"type": "Feature", "id": "http://w3id.org/bb5kbc/site_234", "name": "Frankfurt/Oder - Danziger Str. (data:site_234)", "dateprops": [], "properties": {"http://www.w3.org/2000/01/rdf-schema#label": "Frankfurt/Oder - Danziger Str.", "http://purl.org/dc/terms/identifier": "234", "http://w3id.org/bb5kbc/ont/hatFID": "234", "http://w3id.org/bb5kbc/ont/hatFundstellenID": "123", "http://w3id.org/bb5kbc/ont/hatGenauigkeit": "100.0", "http://w3id.org/bb5kbc/ont/hatKatalognummer": "8", "http://www.w3.org/2004/02/skos/core#prefLabel": "Frankfurt/Oder - Danziger Str.", "http://rdfs.org/ns/void#inDataset.value": "3727"}, "geometry": {"type": "Point", "coordinates": [14.52, 52.35]}}, {"type": "Feature", "id": "http://w3id.org/bb5kbc/site_205", "name": "Kuczyna 1 (data:site_205)", "dateprops": [], "properties": {"http://www.w3.org/2000/01/rdf-schema#label": "Kuczyna 1", "http://purl.org/dc/terms/identifier": "205", "http://w3id.org/bb5kbc/ont/hatFID": "205", "http://w3id.org/bb5kbc/ont/hatFundstellenID": "249", "http://w3id.org/bb5kbc/ont/hatGenauigkeit": "200.0", "http://w3id.org/bb5kbc/ont/hatKatalognummer": "20", "http://www.w3.org/2004/02/skos/core#prefLabel": "Kuczyna 1", "http://rdfs.org/ns/void#inDataset.value": "3727"}, "geometry": {"type": "Point", "coordinates": [18.86, 52.62]}}, {"type": "Feature", "id": "http://w3id.org/bb5kbc/site_321", "name": "Mittenwalde - 58 (data:site_321)", "dateprops": [], "properties": {"http://www.w3.org/2000/01/rdf-schema#label": "Mittenwalde - 58", "http://purl.org/dc/terms/identifier": "321", "http://w3id.org/bb5kbc/ont/hatFID": "321", "http://w3id.org/bb5kbc/ont/hatFundstellenID": "294", "http://w3id.org/bb5kbc/ont/hatGenauigkeit": "0.0", "http://w3id.org/bb5kbc/ont/hatKatalognummer": "37490", "http://www.w3.org/2004/02/skos/core#prefLabel": "Mittenwalde - 58", "http://rdfs.org/ns/void#inDataset.value": "3727"}, "geometry": {"type": "Point", "coordinates": [13.55, 52.27]}}, {"type": "Feature", "id": "http://w3id.org/bb5kbc/site_374", "name": "K\u00f6tzlin - 9 (data:site_374)", "dateprops": [], "properties": {"http://www.w3.org/2000/01/rdf-schema#label": "K\u00f6tzlin - 9", "http://purl.org/dc/terms/identifier": "374", "http://w3id.org/bb5kbc/ont/hatFID": "374", "http://w3id.org/bb5kbc/ont/hatFundstellenID": "238", "http://w3id.org/bb5kbc/ont/hatGenauigkeit": "0.0", "http://w3id.org/bb5kbc/ont/hatKatalognummer": "10636", "http://www.w3.org/2004/02/skos/core#prefLabel": "K\u00f6tzlin - 9", "http://rdfs.org/ns/void#inDataset.value": "3727"}, "geometry": {"type": "Point", "coordinates": [12.22, 52.91]}}, {"type": "Feature", "id": "http://w3id.org/bb5kbc/site_307", "name": "Brandenburg-Neustadt - 87 (data:site_307)", "dateprops": [], "properties": {"http://www.w3.org/2000/01/rdf-schema#label": "Brandenburg-Neustadt - 87", "http://purl.org/dc/terms/identifier": "307", "http://w3id.org/bb5kbc/ont/hatFID": "307", "http://w3id.org/bb5kbc/ont/hatFundstellenID": "72", "http://w3id.org/bb5kbc/ont/hatGenauigkeit": "0.0", "http://w3id.org/bb5kbc/ont/hatKatalognummer": "2564", "http://www.w3.org/2004/02/skos/core#prefLabel": "Brandenburg-Neustadt - 87", "http://rdfs.org/ns/void#inDataset.value": "3727"}, "geometry": {"type": "Point", "coordinates": [12.54, 52.4]}}, {"type": "Feature", "id": "http://w3id.org/bb5kbc/site_155", "name": "Kuhnau/Kun\u00f3w (data:site_155)", "dateprops": [], "properties": {"http://www.w3.org/2000/01/rdf-schema#label": "Kuhnau/Kun\u00f3w", "http://purl.org/dc/terms/identifier": "155", "http://w3id.org/bb5kbc/ont/hatFID": "155", "http://w3id.org/bb5kbc/ont/hatFundstellenID": "250", "http://w3id.org/bb5kbc/ont/hatGenauigkeit": "1000.0", "http://w3id.org/bb5kbc/ont/hatKatalognummer": "8", "http://www.w3.org/2004/02/skos/core#prefLabel": "Kuhnau/Kun\u00f3w", "http://rdfs.org/ns/void#inDataset.value": "3727"}, "geometry": {"type": "Point", "coordinates": [16.8, 50.9]}}, {"type": "Feature", "id": "http://w3id.org/bb5kbc/site_380", "name": "Wusterhausen (Dosse) - 16 (data:site_380)", "dateprops": [], "properties": {"http://www.w3.org/2000/01/rdf-schema#label": "Wusterhausen (Dosse) - 16", "http://purl.org/dc/terms/identifier": "380", "http://w3id.org/bb5kbc/ont/hatFID": "380", "http://w3id.org/bb5kbc/ont/hatFundstellenID": "479", "http://w3id.org/bb5kbc/ont/hatGenauigkeit": "0.0", "http://w3id.org/bb5kbc/ont/hatKatalognummer": "10870", "http://www.w3.org/2004/02/skos/core#prefLabel": "Wusterhausen (Dosse) - 16", "http://rdfs.org/ns/void#inDataset.value": "3727"}, "geometry": {"type": "Point", "coordinates": [12.48, 52.91]}}, {"type": "Feature", "id": "http://w3id.org/bb5kbc/site_32", "name": "Steckelsdorf 12 (data:site_32)", "dateprops": [], "properties": {"http://www.w3.org/2000/01/rdf-schema#label": "Steckelsdorf 12", "http://purl.org/dc/terms/identifier": "32", "http://w3id.org/bb5kbc/ont/hatFID": "32", "http://w3id.org/bb5kbc/ont/hatFundstellenID": "422", "http://w3id.org/bb5kbc/ont/hatGenauigkeit": "0.0", "http://www.w3.org/2004/02/skos/core#prefLabel": "Steckelsdorf 12", "http://rdfs.org/ns/void#inDataset.value": "3727"}, "geometry": {"type": "Point", "coordinates": [12.3, 52.59]}}, {"type": "Feature", "id": "http://w3id.org/bb5kbc/site_235", "name": "Mierzyn 4 (data:site_235)", "dateprops": [], "properties": {"http://www.w3.org/2000/01/rdf-schema#label": "Mierzyn 4", "http://purl.org/dc/terms/identifier": "235", "http://w3id.org/bb5kbc/ont/hatFID": "235", "http://w3id.org/bb5kbc/ont/hatFundstellenID": "288", "http://w3id.org/bb5kbc/ont/hatGenauigkeit": "100.0", "http://www.w3.org/2004/02/skos/core#prefLabel": "Mierzyn 4", "http://rdfs.org/ns/void#inDataset.value": "3727"}, "geometry": {"type": "Point", "coordinates": [14.44, 53.42]}}, {"type": "Feature", "id": "http://w3id.org/bb5kbc/site_375", "name": "Dreetz - 14 (data:site_375)", "dateprops": [], "properties": {"http://www.w3.org/2000/01/rdf-schema#label": "Dreetz - 14", "http://purl.org/dc/terms/identifier": "375", "http://w3id.org/bb5kbc/ont/hatFID": "375", "http://w3id.org/bb5kbc/ont/hatFundstellenID": "105", "http://w3id.org/bb5kbc/ont/hatGenauigkeit": "0.0", "http://w3id.org/bb5kbc/ont/hatKatalognummer": "10554", "http://www.w3.org/2004/02/skos/core#prefLabel": "Dreetz - 14", "http://rdfs.org/ns/void#inDataset.value": "3727"}, "geometry": {"type": "Point", "coordinates": [12.43, 52.78]}}, {"type": "Feature", "id": "http://w3id.org/bb5kbc/site_419", "name": "Ferch - 11 (data:site_419)", "dateprops": [], "properties": {"http://www.w3.org/2000/01/rdf-schema#label": "Ferch - 11", "http://purl.org/dc/terms/identifier": "419", "http://w3id.org/bb5kbc/ont/hatFID": "419", "http://w3id.org/bb5kbc/ont/hatFundstellenID": "117", "http://w3id.org/bb5kbc/ont/hatGenauigkeit": "0.0", "http://w3id.org/bb5kbc/ont/hatKatalognummer": "27715", "http://www.w3.org/2004/02/skos/core#prefLabel": "Ferch - 11", "http://rdfs.org/ns/void#inDataset.value": "3727"}, "geometry": {"type": "Point", "coordinates": [12.93, 52.33]}}, {"type": "Feature", "id": "http://w3id.org/bb5kbc/site_9", "name": "Gatersleben 24 (data:site_9)", "dateprops": [], "properties": {"http://www.w3.org/2000/01/rdf-schema#label": "Gatersleben 24", "http://purl.org/dc/terms/identifier": "9", "http://w3id.org/bb5kbc/ont/hatFID": "9", "http://w3id.org/bb5kbc/ont/hatFundstellenID": "138", "http://w3id.org/bb5kbc/ont/hatGenauigkeit": "0.0", "http://w3id.org/bb5kbc/ont/hatKatalognummer": "161", "http://www.w3.org/2004/02/skos/core#prefLabel": "Gatersleben 24", "http://rdfs.org/ns/void#inDataset.value": "3727"}, "geometry": {"type": "Point", "coordinates": [11.29, 51.82]}}, {"type": "Feature", "id": "http://w3id.org/bb5kbc/site_465", "name": "Dobberzin - 20 (data:site_465)", "dateprops": [], "properties": {"http://www.w3.org/2000/01/rdf-schema#label": "Dobberzin - 20", "http://purl.org/dc/terms/identifier": "465", "http://w3id.org/bb5kbc/ont/hatFID": "465", "http://w3id.org/bb5kbc/ont/hatFundstellenID": "99", "http://w3id.org/bb5kbc/ont/hatGenauigkeit": "0.0", "http://w3id.org/bb5kbc/ont/hatKatalognummer": "315", "http://www.w3.org/2004/02/skos/core#prefLabel": "Dobberzin - 20", "http://rdfs.org/ns/void#inDataset.value": "3727"}, "geometry": {"type": "Point", "coordinates": [14.05, 53.02]}}, {"type": "Feature", "id": "http://w3id.org/bb5kbc/site_478", "name": "Staffelde - 4 (data:site_478)", "dateprops": [], "properties": {"http://www.w3.org/2000/01/rdf-schema#label": "Staffelde - 4", "http://purl.org/dc/terms/identifier": "478", "http://w3id.org/bb5kbc/ont/hatFID": "478", "http://w3id.org/bb5kbc/ont/hatFundstellenID": "419", "http://w3id.org/bb5kbc/ont/hatGenauigkeit": "0.0", "http://w3id.org/bb5kbc/ont/hatKatalognummer": "854", "http://www.w3.org/2004/02/skos/core#prefLabel": "Staffelde - 4", "http://rdfs.org/ns/void#inDataset.value": "3727"}, "geometry": {"type": "Point", "coordinates": [14.44, 53.27]}}, {"type": "Feature", "id": "http://w3id.org/bb5kbc/site_353", "name": "Badingen - 4 (data:site_353)", "dateprops": [], "properties": {"http://www.w3.org/2000/01/rdf-schema#label": "Badingen - 4", "http://purl.org/dc/terms/identifier": "353", "http://w3id.org/bb5kbc/ont/hatFID": "353", "http://w3id.org/bb5kbc/ont/hatFundstellenID": "21", "http://w3id.org/bb5kbc/ont/hatGenauigkeit": "0.0", "http://w3id.org/bb5kbc/ont/hatKatalognummer": "7547", "http://www.w3.org/2004/02/skos/core#prefLabel": "Badingen - 4", "http://rdfs.org/ns/void#inDataset.value": "3727"}, "geometry": {"type": "Point", "coordinates": [13.25, 53.02]}}, {"type": "Feature", "id": "http://w3id.org/bb5kbc/site_66", "name": "Kerkow 1 (data:site_66)", "dateprops": [], "properties": {"http://www.w3.org/2000/01/rdf-schema#label": "Kerkow 1", "http://purl.org/dc/terms/identifier": "66", "http://w3id.org/bb5kbc/ont/hatFID": "66", "http://w3id.org/bb5kbc/ont/hatFundstellenID": "210", "http://w3id.org/bb5kbc/ont/hatGenauigkeit": "0.0", "http://w3id.org/bb5kbc/ont/hatKatalognummer": "592", "http://www.w3.org/2004/02/skos/core#prefLabel": "Kerkow 1", "http://rdfs.org/ns/void#inDataset.value": "3727"}, "geometry": {"type": "Point", "coordinates": [13.97, 53.05]}}, {"type": "Feature", "id": "http://w3id.org/bb5kbc/site_260", "name": "Friesack 4 (data:site_260)", "dateprops": [], "properties": {"http://www.w3.org/2000/01/rdf-schema#label": "Friesack 4", "http://purl.org/dc/terms/identifier": "260", "http://w3id.org/bb5kbc/ont/hatFID": "260", "http://w3id.org/bb5kbc/ont/hatFundstellenID": "129", "http://w3id.org/bb5kbc/ont/hatGenauigkeit": "0.0", "http://w3id.org/bb5kbc/ont/hatKatalognummer": "12485", "http://www.w3.org/2004/02/skos/core#prefLabel": "Friesack 4", "http://rdfs.org/ns/void#inDataset.value": "3727"}, "geometry": {"type": "Point", "coordinates": [12.54, 52.75]}}, {"type": "Feature", "id": "http://w3id.org/bb5kbc/site_255", "name": "Bornim 8 (data:site_255)", "dateprops": [], "properties": {"http://www.w3.org/2000/01/rdf-schema#label": "Bornim 8", "http://purl.org/dc/terms/identifier": "255", "http://w3id.org/bb5kbc/ont/hatFID": "255", "http://w3id.org/bb5kbc/ont/hatFundstellenID": "63", "http://w3id.org/bb5kbc/ont/hatGenauigkeit": "0.0", "http://w3id.org/bb5kbc/ont/hatKatalognummer": "16004", "http://www.w3.org/2004/02/skos/core#prefLabel": "Bornim 8", "http://rdfs.org/ns/void#inDataset.value": "3727"}, "geometry": {"type": "Point", "coordinates": [13.01, 52.42]}}, {"type": "Feature", "id": "http://w3id.org/bb5kbc/site_178", "name": "Bielawki 5 (data:site_178)", "dateprops": [], "properties": {"http://www.w3.org/2000/01/rdf-schema#label": "Bielawki 5", "http://purl.org/dc/terms/identifier": "178", "http://w3id.org/bb5kbc/ont/hatFID": "178", "http://w3id.org/bb5kbc/ont/hatFundstellenID": "37", "http://w3id.org/bb5kbc/ont/hatGenauigkeit": "50.0", "http://www.w3.org/2004/02/skos/core#prefLabel": "Bielawki 5", "http://rdfs.org/ns/void#inDataset.value": "3727"}, "geometry": {"type": "Point", "coordinates": [18.65, 53.91]}}, {"type": "Feature", "id": "http://w3id.org/bb5kbc/site_34", "name": "Friesack 4 (data:site_34)", "dateprops": [], "properties": {"http://www.w3.org/2000/01/rdf-schema#label": "Friesack 4", "http://purl.org/dc/terms/identifier": "34", "http://w3id.org/bb5kbc/ont/hatFID": "34", "http://w3id.org/bb5kbc/ont/hatFundstellenID": "129", "http://w3id.org/bb5kbc/ont/hatGenauigkeit": "0.0", "http://w3id.org/bb5kbc/ont/hatKatalognummer": "12485", "http://www.w3.org/2004/02/skos/core#prefLabel": "Friesack 4", "http://rdfs.org/ns/void#inDataset.value": "3727"}, "geometry": {"type": "Point", "coordinates": [12.54, 52.75]}}, {"type": "Feature", "id": "http://w3id.org/bb5kbc/site_64", "name": "Meichow 16 (data:site_64)", "dateprops": [], "properties": {"http://www.w3.org/2000/01/rdf-schema#label": "Meichow 16", "http://purl.org/dc/terms/identifier": "64", "http://w3id.org/bb5kbc/ont/hatFID": "64", "http://w3id.org/bb5kbc/ont/hatFundstellenID": "275", "http://w3id.org/bb5kbc/ont/hatGenauigkeit": "0.0", "http://w3id.org/bb5kbc/ont/hatKatalognummer": "40938", "http://www.w3.org/2004/02/skos/core#prefLabel": "Meichow 16", "http://rdfs.org/ns/void#inDataset.value": "3727"}, "geometry": {"type": "Point", "coordinates": [13.96, 53.19]}}, {"type": "Feature", "id": "http://w3id.org/bb5kbc/site_54", "name": "Kaden 4 (data:site_54)", "dateprops": [], "properties": {"http://www.w3.org/2000/01/rdf-schema#label": "Kaden 4", "http://purl.org/dc/terms/identifier": "54", "http://w3id.org/bb5kbc/ont/hatFID": "54", "http://w3id.org/bb5kbc/ont/hatFundstellenID": "207", "http://w3id.org/bb5kbc/ont/hatGenauigkeit": "0.0", "http://w3id.org/bb5kbc/ont/hatKatalognummer": "11688", "http://www.w3.org/2004/02/skos/core#prefLabel": "Kaden 4", "http://rdfs.org/ns/void#inDataset.value": "3727"}, "geometry": {"type": "Point", "coordinates": [13.8, 51.91]}}, {"type": "Feature", "id": "http://w3id.org/bb5kbc/site_421", "name": "Treuenbrietzen - 65 (data:site_421)", "dateprops": [], "properties": {"http://www.w3.org/2000/01/rdf-schema#label": "Treuenbrietzen - 65", "http://purl.org/dc/terms/identifier": "421", "http://w3id.org/bb5kbc/ont/hatFID": "421", "http://w3id.org/bb5kbc/ont/hatFundstellenID": "440", "http://w3id.org/bb5kbc/ont/hatGenauigkeit": "0.0", "http://w3id.org/bb5kbc/ont/hatKatalognummer": "28709", "http://www.w3.org/2004/02/skos/core#prefLabel": "Treuenbrietzen - 65", "http://rdfs.org/ns/void#inDataset.value": "3727"}, "geometry": {"type": "Point", "coordinates": [12.87, 52.07]}}, {"type": "Feature", "id": "http://w3id.org/bb5kbc/site_5", "name": "Bilzingsleben 9 (data:site_5)", "dateprops": [], "properties": {"http://www.w3.org/2000/01/rdf-schema#label": "Bilzingsleben 9", "http://purl.org/dc/terms/identifier": "5", "http://w3id.org/bb5kbc/ont/hatFID": "5", "http://w3id.org/bb5kbc/ont/hatFundstellenID": "40", "http://w3id.org/bb5kbc/ont/hatGenauigkeit": "50.0", "http://w3id.org/bb5kbc/ont/hatKatalognummer": "139", "http://www.w3.org/2004/02/skos/core#prefLabel": "Bilzingsleben 9", "http://rdfs.org/ns/void#inDataset.value": "3727"}, "geometry": {"type": "Point", "coordinates": [11.06, 51.29]}}, {"type": "Feature", "id": "http://w3id.org/bb5kbc/site_96", "name": "Czarnowo 10 (data:site_96)", "dateprops": [], "properties": {"http://www.w3.org/2000/01/rdf-schema#label": "Czarnowo 10", "http://purl.org/dc/terms/identifier": "96", "http://w3id.org/bb5kbc/ont/hatFID": "96", "http://w3id.org/bb5kbc/ont/hatFundstellenID": "95", "http://w3id.org/bb5kbc/ont/hatGenauigkeit": "200.0", "http://w3id.org/bb5kbc/ont/hatKatalognummer": "2", "http://www.w3.org/2004/02/skos/core#prefLabel": "Czarnowo 10", "http://rdfs.org/ns/void#inDataset.value": "3727"}, "geometry": {"type": "Point", "coordinates": [14.73, 53.14]}}, {"type": "Feature", "id": "http://w3id.org/bb5kbc/site_488", "name": "Petersdorf - 9 (data:site_488)", "dateprops": [], "properties": {"http://www.w3.org/2000/01/rdf-schema#label": "Petersdorf - 9", "http://purl.org/dc/terms/identifier": "488", "http://w3id.org/bb5kbc/ont/hatFID": "488", "http://w3id.org/bb5kbc/ont/hatFundstellenID": "324", "http://w3id.org/bb5kbc/ont/hatGenauigkeit": "0.0", "http://w3id.org/bb5kbc/ont/hatKatalognummer": "22403", "http://www.w3.org/2004/02/skos/core#prefLabel": "Petersdorf - 9", "http://rdfs.org/ns/void#inDataset.value": "3727"}, "geometry": {"type": "Point", "coordinates": [13.62, 53.07]}}, {"type": "Feature", "id": "http://w3id.org/bb5kbc/site_348", "name": "Hoppenrade - 2 (data:site_348)", "dateprops": [], "properties": {"http://www.w3.org/2000/01/rdf-schema#label": "Hoppenrade - 2", "http://purl.org/dc/terms/identifier": "348", "http://w3id.org/bb5kbc/ont/hatFID": "348", "http://w3id.org/bb5kbc/ont/hatFundstellenID": "194", "http://w3id.org/bb5kbc/ont/hatGenauigkeit": "0.0", "http://w3id.org/bb5kbc/ont/hatKatalognummer": "12585", "http://www.w3.org/2004/02/skos/core#prefLabel": "Hoppenrade - 2", "http://rdfs.org/ns/void#inDataset.value": "3727"}, "geometry": {"type": "Point", "coordinates": [12.94, 52.52]}}, {"type": "Feature", "id": "http://w3id.org/bb5kbc/site_399", "name": "Potsdam - 13 (data:site_399)", "dateprops": [], "properties": {"http://www.w3.org/2000/01/rdf-schema#label": "Potsdam - 13", "http://purl.org/dc/terms/identifier": "399", "http://w3id.org/bb5kbc/ont/hatFID": "399", "http://w3id.org/bb5kbc/ont/hatFundstellenID": "335", "http://w3id.org/bb5kbc/ont/hatGenauigkeit": "0.0", "http://w3id.org/bb5kbc/ont/hatKatalognummer": "16054", "http://www.w3.org/2004/02/skos/core#prefLabel": "Potsdam - 13", "http://rdfs.org/ns/void#inDataset.value": "3727"}, "geometry": {"type": "Point", "coordinates": [13.08, 52.38]}}, {"type": "Feature", "id": "http://w3id.org/bb5kbc/site_561", "name": "Przylep 5 (data:site_561)", "dateprops": [], "properties": {"http://www.w3.org/2000/01/rdf-schema#label": "Przylep 5", "http://purl.org/dc/terms/identifier": "561", "http://w3id.org/bb5kbc/ont/hatFID": "561", "http://w3id.org/bb5kbc/ont/hatFundstellenID": "353", "http://w3id.org/bb5kbc/ont/hatGenauigkeit": "800.0", "http://w3id.org/bb5kbc/ont/hatKatalognummer": "2", "http://www.w3.org/2004/02/skos/core#prefLabel": "Przylep 5", "http://rdfs.org/ns/void#inDataset.value": "3727"}, "geometry": {"type": "Point", "coordinates": [14.46, 53.41]}}, {"type": "Feature", "id": "http://w3id.org/bb5kbc/site_547", "name": "Tuczno (data:site_547)", "dateprops": [], "properties": {"http://www.w3.org/2000/01/rdf-schema#label": "Tuczno", "http://purl.org/dc/terms/identifier": "547", "http://w3id.org/bb5kbc/ont/hatFID": "547", "http://w3id.org/bb5kbc/ont/hatFundstellenID": "443", "http://w3id.org/bb5kbc/ont/hatGenauigkeit": "1000.0", "http://w3id.org/bb5kbc/ont/hatKatalognummer": "124", "http://www.w3.org/2004/02/skos/core#prefLabel": "Tuczno", "http://rdfs.org/ns/void#inDataset.value": "3727"}, "geometry": {"type": "Point", "coordinates": [18.14, 52.86]}}, {"type": "Feature", "id": "http://w3id.org/bb5kbc/site_510", "name": "Friesack 59 (data:site_510)", "dateprops": [], "properties": {"http://www.w3.org/2000/01/rdf-schema#label": "Friesack 59", "http://purl.org/dc/terms/identifier": "510", "http://w3id.org/bb5kbc/ont/hatFID": "510", "http://w3id.org/bb5kbc/ont/hatFundstellenID": "130", "http://w3id.org/bb5kbc/ont/hatGenauigkeit": "0.0", "http://www.w3.org/2004/02/skos/core#prefLabel": "Friesack 59", "http://rdfs.org/ns/void#inDataset.value": "3727"}, "geometry": {"type": "Point", "coordinates": [12.52, 52.75]}}, {"type": "Feature", "id": "http://w3id.org/bb5kbc/site_482", "name": "Schenkenberg - 19 (data:site_482)", "dateprops": [], "properties": {"http://www.w3.org/2000/01/rdf-schema#label": "Schenkenberg - 19", "http://purl.org/dc/terms/identifier": "482", "http://w3id.org/bb5kbc/ont/hatFID": "482", "http://w3id.org/bb5kbc/ont/hatFundstellenID": "385", "http://w3id.org/bb5kbc/ont/hatGenauigkeit": "0.0", "http://w3id.org/bb5kbc/ont/hatKatalognummer": "17848", "http://www.w3.org/2004/02/skos/core#prefLabel": "Schenkenberg - 19", "http://rdfs.org/ns/void#inDataset.value": "3727"}, "geometry": {"type": "Point", "coordinates": [13.94, 53.35]}}, {"type": "Feature", "id": "http://w3id.org/bb5kbc/site_280", "name": "Blankenburg 8 (data:site_280)", "dateprops": [], "properties": {"http://www.w3.org/2000/01/rdf-schema#label": "Blankenburg 8", "http://purl.org/dc/terms/identifier": "280", "http://w3id.org/bb5kbc/ont/hatFID": "280", "http://w3id.org/bb5kbc/ont/hatFundstellenID": "48", "http://w3id.org/bb5kbc/ont/hatGenauigkeit": "0.0", "http://w3id.org/bb5kbc/ont/hatKatalognummer": "16331", "http://www.w3.org/2004/02/skos/core#prefLabel": "Blankenburg 8", "http://rdfs.org/ns/void#inDataset.value": "3727"}, "geometry": {"type": "Point", "coordinates": [13.95, 53.23]}}, {"type": "Feature", "id": "http://w3id.org/bb5kbc/site_427", "name": "Beelitz - 13 (data:site_427)", "dateprops": [], "properties": {"http://www.w3.org/2000/01/rdf-schema#label": "Beelitz - 13", "http://purl.org/dc/terms/identifier": "427", "http://w3id.org/bb5kbc/ont/hatFID": "427", "http://w3id.org/bb5kbc/ont/hatFundstellenID": "27", "http://w3id.org/bb5kbc/ont/hatGenauigkeit": "0.0", "http://w3id.org/bb5kbc/ont/hatKatalognummer": "15240", "http://www.w3.org/2004/02/skos/core#prefLabel": "Beelitz - 13", "http://rdfs.org/ns/void#inDataset.value": "3727"}, "geometry": {"type": "Point", "coordinates": [12.97, 52.23]}}, {"type": "Feature", "id": "http://w3id.org/bb5kbc/site_195", "name": "Os\u0142onki 2 (data:site_195)", "dateprops": [], "properties": {"http://www.w3.org/2000/01/rdf-schema#label": "Os\u0142onki 2", "http://purl.org/dc/terms/identifier": "195", "http://w3id.org/bb5kbc/ont/hatFID": "195", "http://w3id.org/bb5kbc/ont/hatFundstellenID": "318", "http://w3id.org/bb5kbc/ont/hatGenauigkeit": "200.0", "http://w3id.org/bb5kbc/ont/hatKatalognummer": "27", "http://www.w3.org/2004/02/skos/core#prefLabel": "Os\u0142onki 2", "http://rdfs.org/ns/void#inDataset.value": "3727"}, "geometry": {"type": "Point", "coordinates": [18.8, 52.62]}}, {"type": "Feature", "id": "http://w3id.org/bb5kbc/site_349", "name": "Rhinow - 32 (data:site_349)", "dateprops": [], "properties": {"http://www.w3.org/2000/01/rdf-schema#label": "Rhinow - 32", "http://purl.org/dc/terms/identifier": "349", "http://w3id.org/bb5kbc/ont/hatFID": "349", "http://w3id.org/bb5kbc/ont/hatFundstellenID": "369", "http://w3id.org/bb5kbc/ont/hatGenauigkeit": "0.0", "http://w3id.org/bb5kbc/ont/hatKatalognummer": "59396", "http://www.w3.org/2004/02/skos/core#prefLabel": "Rhinow - 32", "http://rdfs.org/ns/void#inDataset.value": "3727"}, "geometry": {"type": "Point", "coordinates": [12.36, 52.77]}}, {"type": "Feature", "id": "http://w3id.org/bb5kbc/site_157", "name": "Gleinitz/Glinica (data:site_157)", "dateprops": [], "properties": {"http://www.w3.org/2000/01/rdf-schema#label": "Gleinitz/Glinica", "http://purl.org/dc/terms/identifier": "157", "http://w3id.org/bb5kbc/ont/hatFID": "157", "http://w3id.org/bb5kbc/ont/hatFundstellenID": "143", "http://w3id.org/bb5kbc/ont/hatGenauigkeit": "2000.0", "http://w3id.org/bb5kbc/ont/hatKatalognummer": "23", "http://www.w3.org/2004/02/skos/core#prefLabel": "Gleinitz/Glinica", "http://rdfs.org/ns/void#inDataset.value": "3727"}, "geometry": {"type": "Point", "coordinates": [16.84, 50.86]}}, {"type": "Feature", "id": "http://w3id.org/bb5kbc/site_287", "name": "Flemsdorf 6/1 (6) (data:site_287)", "dateprops": [], "properties": {"http://www.w3.org/2000/01/rdf-schema#label": "Flemsdorf 6/1 (6)", "http://purl.org/dc/terms/identifier": "287", "http://w3id.org/bb5kbc/ont/hatFID": "287", "http://w3id.org/bb5kbc/ont/hatFundstellenID": "121", "http://w3id.org/bb5kbc/ont/hatGenauigkeit": "0.0", "http://w3id.org/bb5kbc/ont/hatKatalognummer": "366", "http://www.w3.org/2004/02/skos/core#prefLabel": "Flemsdorf 6/1 (6)", "http://rdfs.org/ns/void#inDataset.value": "3727"}, "geometry": {"type": "Point", "coordinates": [14.17, 53.03]}}, {"type": "Feature", "id": "http://w3id.org/bb5kbc/site_415", "name": "Satzkorn - 2 (data:site_415)", "dateprops": [], "properties": {"http://www.w3.org/2000/01/rdf-schema#label": "Satzkorn - 2", "http://purl.org/dc/terms/identifier": "415", "http://w3id.org/bb5kbc/ont/hatFID": "415", "http://w3id.org/bb5kbc/ont/hatFundstellenID": "382", "http://w3id.org/bb5kbc/ont/hatGenauigkeit": "0.0", "http://w3id.org/bb5kbc/ont/hatKatalognummer": "15789", "http://www.w3.org/2004/02/skos/core#prefLabel": "Satzkorn - 2", "http://rdfs.org/ns/void#inDataset.value": "3727"}, "geometry": {"type": "Point", "coordinates": [13.0, 52.47]}}, {"type": "Feature", "id": "http://w3id.org/bb5kbc/site_202", "name": "Miechowice 4 (data:site_202)", "dateprops": [], "properties": {"http://www.w3.org/2000/01/rdf-schema#label": "Miechowice 4", "http://purl.org/dc/terms/identifier": "202", "http://w3id.org/bb5kbc/ont/hatFID": "202", "http://w3id.org/bb5kbc/ont/hatFundstellenID": "283", "http://w3id.org/bb5kbc/ont/hatGenauigkeit": "200.0", "http://w3id.org/bb5kbc/ont/hatKatalognummer": "23", "http://www.w3.org/2004/02/skos/core#prefLabel": "Miechowice 4", "http://rdfs.org/ns/void#inDataset.value": "3727"}, "geometry": {"type": "Point", "coordinates": [18.82, 52.63]}}, {"type": "Feature", "id": "http://w3id.org/bb5kbc/site_31", "name": "Eythra (data:site_31)", "dateprops": [], "properties": {"http://www.w3.org/2000/01/rdf-schema#label": "Eythra", "http://purl.org/dc/terms/identifier": "31", "http://w3id.org/bb5kbc/ont/hatFID": "31", "http://w3id.org/bb5kbc/ont/hatFundstellenID": "113", "http://w3id.org/bb5kbc/ont/hatGenauigkeit": "0.0", "http://www.w3.org/2004/02/skos/core#prefLabel": "Eythra", "http://rdfs.org/ns/void#inDataset.value": "3727"}, "geometry": {"type": "Point", "coordinates": [12.3, 51.24]}}, {"type": "Feature", "id": "http://w3id.org/bb5kbc/site_359", "name": "Birkenwerder - 7 (data:site_359)", "dateprops": [], "properties": {"http://www.w3.org/2000/01/rdf-schema#label": "Birkenwerder - 7", "http://purl.org/dc/terms/identifier": "359", "http://w3id.org/bb5kbc/ont/hatFID": "359", "http://w3id.org/bb5kbc/ont/hatFundstellenID": "42", "http://w3id.org/bb5kbc/ont/hatGenauigkeit": "0.0", "http://w3id.org/bb5kbc/ont/hatKatalognummer": "14648", "http://www.w3.org/2004/02/skos/core#prefLabel": "Birkenwerder - 7", "http://rdfs.org/ns/void#inDataset.value": "3727"}, "geometry": {"type": "Point", "coordinates": [13.27, 52.69]}}, {"type": "Feature", "id": "http://w3id.org/bb5kbc/site_271", "name": "Wachow 17/4 (17) (data:site_271)", "dateprops": [], "properties": {"http://www.w3.org/2000/01/rdf-schema#label": "Wachow 17/4 (17)", "http://purl.org/dc/terms/identifier": "271", "http://w3id.org/bb5kbc/ont/hatFID": "271", "http://w3id.org/bb5kbc/ont/hatFundstellenID": "452", "http://w3id.org/bb5kbc/ont/hatGenauigkeit": "0.0", "http://w3id.org/bb5kbc/ont/hatKatalognummer": "36409", "http://www.w3.org/2004/02/skos/core#prefLabel": "Wachow 17/4 (17)", "http://rdfs.org/ns/void#inDataset.value": "3727"}, "geometry": {"type": "Point", "coordinates": [12.76, 52.53]}}, {"type": "Feature", "id": "http://w3id.org/bb5kbc/site_293", "name": "Ketzin 14 (data:site_293)", "dateprops": [], "properties": {"http://www.w3.org/2000/01/rdf-schema#label": "Ketzin 14", "http://purl.org/dc/terms/identifier": "293", "http://w3id.org/bb5kbc/ont/hatFID": "293", "http://w3id.org/bb5kbc/ont/hatFundstellenID": "211", "http://w3id.org/bb5kbc/ont/hatGenauigkeit": "0.0", "http://w3id.org/bb5kbc/ont/hatKatalognummer": "12602", "http://www.w3.org/2004/02/skos/core#prefLabel": "Ketzin 14", "http://rdfs.org/ns/void#inDataset.value": "3727"}, "geometry": {"type": "Point", "coordinates": [12.86, 52.47]}}, {"type": "Feature", "id": "http://w3id.org/bb5kbc/site_121", "name": "G\u00f3recko (data:site_121)", "dateprops": [], "properties": {"http://www.w3.org/2000/01/rdf-schema#label": "G\u00f3recko", "http://purl.org/dc/terms/identifier": "121", "http://w3id.org/bb5kbc/ont/hatFID": "121", "http://w3id.org/bb5kbc/ont/hatFundstellenID": "152", "http://w3id.org/bb5kbc/ont/hatGenauigkeit": "1500.0", "http://w3id.org/bb5kbc/ont/hatKatalognummer": "16", "http://www.w3.org/2004/02/skos/core#prefLabel": "G\u00f3recko", "http://rdfs.org/ns/void#inDataset.value": "3727"}, "geometry": {"type": "Point", "coordinates": [15.57, 52.78]}}, {"type": "Feature", "id": "http://w3id.org/bb5kbc/site_224", "name": "Sm\u00f3lsk Y/98 (data:site_224)", "dateprops": [], "properties": {"http://www.w3.org/2000/01/rdf-schema#label": "Sm\u00f3lsk Y/98", "http://purl.org/dc/terms/identifier": "224", "http://w3id.org/bb5kbc/ont/hatFID": "224", "http://w3id.org/bb5kbc/ont/hatFundstellenID": "413", "http://w3id.org/bb5kbc/ont/hatGenauigkeit": "200.0", "http://w3id.org/bb5kbc/ont/hatKatalognummer": "10", "http://www.w3.org/2004/02/skos/core#prefLabel": "Sm\u00f3lsk Y/98", "http://rdfs.org/ns/void#inDataset.value": "3727"}, "geometry": {"type": "Point", "coordinates": [18.98, 52.6]}}, {"type": "Feature", "id": "http://w3id.org/bb5kbc/site_252", "name": "Bad Freienwalde 8 (data:site_252)", "dateprops": [], "properties": {"http://www.w3.org/2000/01/rdf-schema#label": "Bad Freienwalde 8", "http://purl.org/dc/terms/identifier": "252", "http://w3id.org/bb5kbc/ont/hatFID": "252", "http://w3id.org/bb5kbc/ont/hatFundstellenID": "20", "http://w3id.org/bb5kbc/ont/hatGenauigkeit": "0.0", "http://w3id.org/bb5kbc/ont/hatKatalognummer": "1032", "http://www.w3.org/2004/02/skos/core#prefLabel": "Bad Freienwalde 8", "http://rdfs.org/ns/void#inDataset.value": "3727"}, "geometry": {"type": "Point", "coordinates": [14.06, 52.78]}}, {"type": "Feature", "id": "http://w3id.org/bb5kbc/site_297", "name": "Niebede 4 (data:site_297)", "dateprops": [], "properties": {"http://www.w3.org/2000/01/rdf-schema#label": "Niebede 4", "http://purl.org/dc/terms/identifier": "297", "http://w3id.org/bb5kbc/ont/hatFID": "297", "http://w3id.org/bb5kbc/ont/hatFundstellenID": "305", "http://w3id.org/bb5kbc/ont/hatGenauigkeit": "0.0", "http://w3id.org/bb5kbc/ont/hatKatalognummer": "12715", "http://www.w3.org/2004/02/skos/core#prefLabel": "Niebede 4", "http://rdfs.org/ns/void#inDataset.value": "3727"}, "geometry": {"type": "Point", "coordinates": [12.79, 52.54]}}, {"type": "Feature", "id": "http://w3id.org/bb5kbc/site_525", "name": "Krusza Zamkowa 3 (data:site_525)", "dateprops": [], "properties": {"http://www.w3.org/2000/01/rdf-schema#label": "Krusza Zamkowa 3", "http://purl.org/dc/terms/identifier": "525", "http://w3id.org/bb5kbc/ont/hatFID": "525", "http://w3id.org/bb5kbc/ont/hatFundstellenID": "246", "http://w3id.org/bb5kbc/ont/hatGenauigkeit": "1000.0", "http://w3id.org/bb5kbc/ont/hatKatalognummer": "76", "http://www.w3.org/2004/02/skos/core#prefLabel": "Krusza Zamkowa 3", "http://rdfs.org/ns/void#inDataset.value": "3727"}, "geometry": {"type": "Point", "coordinates": [18.23, 52.74]}}, {"type": "Feature", "id": "http://w3id.org/bb5kbc/site_513", "name": "Koscielec Kuj 16 (data:site_513)", "dateprops": [], "properties": {"http://www.w3.org/2000/01/rdf-schema#label": "Koscielec Kuj 16", "http://purl.org/dc/terms/identifier": "513", "http://w3id.org/bb5kbc/ont/hatFID": "513", "http://w3id.org/bb5kbc/ont/hatFundstellenID": "234", "http://w3id.org/bb5kbc/ont/hatGenauigkeit": "1000.0", "http://w3id.org/bb5kbc/ont/hatKatalognummer": "69", "http://www.w3.org/2004/02/skos/core#prefLabel": "Koscielec Kuj 16", "http://rdfs.org/ns/void#inDataset.value": "3727"}, "geometry": {"type": "Point", "coordinates": [18.16, 52.77]}}, {"type": "Feature", "id": "http://w3id.org/bb5kbc/site_168", "name": "Deutsch-Breile/Bry\u0142\u00f3wek (data:site_168)", "dateprops": [], "properties": {"http://www.w3.org/2000/01/rdf-schema#label": "Deutsch-Breile/Bry\u0142\u00f3wek", "http://purl.org/dc/terms/identifier": "168", "http://w3id.org/bb5kbc/ont/hatFID": "168", "http://w3id.org/bb5kbc/ont/hatFundstellenID": "98", "http://w3id.org/bb5kbc/ont/hatGenauigkeit": "1000.0", "http://w3id.org/bb5kbc/ont/hatKatalognummer": "9", "http://www.w3.org/2004/02/skos/core#prefLabel": "Deutsch-Breile/Bry\u0142\u00f3wek", "http://rdfs.org/ns/void#inDataset.value": "3727"}, "geometry": {"type": "Point", "coordinates": [17.27, 50.81]}}, {"type": "Feature", "id": "http://w3id.org/bb5kbc/site_400", "name": "Potsdam - 21 (data:site_400)", "dateprops": [], "properties": {"http://www.w3.org/2000/01/rdf-schema#label": "Potsdam - 21", "http://purl.org/dc/terms/identifier": "400", "http://w3id.org/bb5kbc/ont/hatFID": "400", "http://w3id.org/bb5kbc/ont/hatFundstellenID": "336", "http://w3id.org/bb5kbc/ont/hatGenauigkeit": "0.0", "http://w3id.org/bb5kbc/ont/hatKatalognummer": "16062", "http://www.w3.org/2004/02/skos/core#prefLabel": "Potsdam - 21", "http://rdfs.org/ns/void#inDataset.value": "3727"}, "geometry": {"type": "Point", "coordinates": [13.09, 52.38]}}, {"type": "Feature", "id": "http://w3id.org/bb5kbc/site_111", "name": "\u017bal\u0119cino (data:site_111)", "dateprops": [], "properties": {"http://www.w3.org/2000/01/rdf-schema#label": "\u017bal\u0119cino", "http://purl.org/dc/terms/identifier": "111", "http://w3id.org/bb5kbc/ont/hatFID": "111", "http://w3id.org/bb5kbc/ont/hatFundstellenID": "488", "http://w3id.org/bb5kbc/ont/hatGenauigkeit": "1500.0", "http://w3id.org/bb5kbc/ont/hatKatalognummer": "12", "http://www.w3.org/2004/02/skos/core#prefLabel": "\u017bal\u0119cino", "http://rdfs.org/ns/void#inDataset.value": "3727"}, "geometry": {"type": "Point", "coordinates": [15.08, 53.2]}}, {"type": "Feature", "id": "http://w3id.org/bb5kbc/site_33", "name": "Friesack 4 (data:site_33)", "dateprops": [], "properties": {"http://www.w3.org/2000/01/rdf-schema#label": "Friesack 4", "http://purl.org/dc/terms/identifier": "33", "http://w3id.org/bb5kbc/ont/hatFID": "33", "http://w3id.org/bb5kbc/ont/hatFundstellenID": "129", "http://w3id.org/bb5kbc/ont/hatGenauigkeit": "0.0", "http://w3id.org/bb5kbc/ont/hatKatalognummer": "12485", "http://www.w3.org/2004/02/skos/core#prefLabel": "Friesack 4", "http://rdfs.org/ns/void#inDataset.value": "3727"}, "geometry": {"type": "Point", "coordinates": [12.54, 52.75]}}, {"type": "Feature", "id": "http://w3id.org/bb5kbc/site_77", "name": "Trebatsch/Sabrodt 1 (data:site_77)", "dateprops": [], "properties": {"http://www.w3.org/2000/01/rdf-schema#label": "Trebatsch/Sabrodt 1", "http://purl.org/dc/terms/identifier": "77", "http://w3id.org/bb5kbc/ont/hatFID": "77", "http://w3id.org/bb5kbc/ont/hatFundstellenID": "436", "http://w3id.org/bb5kbc/ont/hatGenauigkeit": "0.0", "http://w3id.org/bb5kbc/ont/hatKatalognummer": "1348", "http://www.w3.org/2004/02/skos/core#prefLabel": "Trebatsch/Sabrodt 1", "http://rdfs.org/ns/void#inDataset.value": "3727"}, "geometry": {"type": "Point", "coordinates": [14.2, 52.09]}}, {"type": "Feature", "id": "http://w3id.org/bb5kbc/site_245", "name": "Drebkau 2 (data:site_245)", "dateprops": [], "properties": {"http://www.w3.org/2000/01/rdf-schema#label": "Drebkau 2", "http://purl.org/dc/terms/identifier": "245", "http://w3id.org/bb5kbc/ont/hatFID": "245", "http://w3id.org/bb5kbc/ont/hatFundstellenID": "104", "http://w3id.org/bb5kbc/ont/hatGenauigkeit": "0.0", "http://w3id.org/bb5kbc/ont/hatKatalognummer": "3761", "http://www.w3.org/2004/02/skos/core#prefLabel": "Drebkau 2", "http://rdfs.org/ns/void#inDataset.value": "3727"}, "geometry": {"type": "Point", "coordinates": [14.23, 51.65]}}, {"type": "Feature", "id": "http://w3id.org/bb5kbc/site_438", "name": "Gro\u00df Linde - 47 (data:site_438)", "dateprops": [], "properties": {"http://www.w3.org/2000/01/rdf-schema#label": "Gro\u00df Linde - 47", "http://purl.org/dc/terms/identifier": "438", "http://w3id.org/bb5kbc/ont/hatFID": "438", "http://w3id.org/bb5kbc/ont/hatFundstellenID": "165", "http://w3id.org/bb5kbc/ont/hatGenauigkeit": "0.0", "http://w3id.org/bb5kbc/ont/hatKatalognummer": "44538", "http://www.w3.org/2004/02/skos/core#prefLabel": "Gro\u00df Linde - 47", "http://rdfs.org/ns/void#inDataset.value": "3727"}, "geometry": {"type": "Point", "coordinates": [11.92, 53.12]}}, {"type": "Feature", "id": "http://w3id.org/bb5kbc/site_590", "name": "Hoppenrade 6 (data:site_590)", "dateprops": [], "properties": {"http://www.w3.org/2000/01/rdf-schema#label": "Hoppenrade 6", "http://purl.org/dc/terms/identifier": "590", "http://w3id.org/bb5kbc/ont/hatFID": "590", "http://w3id.org/bb5kbc/ont/hatFundstellenID": "195", "http://w3id.org/bb5kbc/ont/hatGenauigkeit": "0.0", "http://w3id.org/bb5kbc/ont/hatKatalognummer": "25385", "http://www.w3.org/2004/02/skos/core#prefLabel": "Hoppenrade 6", "http://rdfs.org/ns/void#inDataset.value": "3727"}, "geometry": {"type": "Point", "coordinates": [12.92, 52.54]}}, {"type": "Feature", "id": "http://w3id.org/bb5kbc/site_532", "name": "\u0141ojewo 1 (data:site_532)", "dateprops": [], "properties": {"http://www.w3.org/2000/01/rdf-schema#label": "\u0141ojewo 1", "http://purl.org/dc/terms/identifier": "532", "http://w3id.org/bb5kbc/ont/hatFID": "532", "http://w3id.org/bb5kbc/ont/hatFundstellenID": "264", "http://w3id.org/bb5kbc/ont/hatGenauigkeit": "1500.0", "http://w3id.org/bb5kbc/ont/hatKatalognummer": "84", "http://www.w3.org/2004/02/skos/core#prefLabel": "\u0141ojewo 1", "http://rdfs.org/ns/void#inDataset.value": "3727"}, "geometry": {"type": "Point", "coordinates": [18.31, 52.74]}}, {"type": "Feature", "id": "http://w3id.org/bb5kbc/site_48", "name": "Gro\u00df Kienitz 7 (data:site_48)", "dateprops": [], "properties": {"http://www.w3.org/2000/01/rdf-schema#label": "Gro\u00df Kienitz 7", "http://purl.org/dc/terms/identifier": "48", "http://w3id.org/bb5kbc/ont/hatFID": "48", "http://w3id.org/bb5kbc/ont/hatFundstellenID": "163", "http://w3id.org/bb5kbc/ont/hatGenauigkeit": "0.0", "http://w3id.org/bb5kbc/ont/hatKatalognummer": "24169", "http://www.w3.org/2004/02/skos/core#prefLabel": "Gro\u00df Kienitz 7", "http://rdfs.org/ns/void#inDataset.value": "3727"}, "geometry": {"type": "Point", "coordinates": [13.46, 52.33]}}, {"type": "Feature", "id": "http://w3id.org/bb5kbc/site_276", "name": "Zeestow 14/8 (14) (data:site_276)", "dateprops": [], "properties": {"http://www.w3.org/2000/01/rdf-schema#label": "Zeestow 14/8 (14)", "http://purl.org/dc/terms/identifier": "276", "http://w3id.org/bb5kbc/ont/hatFID": "276", "http://w3id.org/bb5kbc/ont/hatFundstellenID": "494", "http://w3id.org/bb5kbc/ont/hatGenauigkeit": "0.0", "http://w3id.org/bb5kbc/ont/hatKatalognummer": "58851", "http://www.w3.org/2004/02/skos/core#prefLabel": "Zeestow 14/8 (14)", "http://rdfs.org/ns/void#inDataset.value": "3727"}, "geometry": {"type": "Point", "coordinates": [12.96, 52.57]}}, {"type": "Feature", "id": "http://w3id.org/bb5kbc/site_405", "name": "Hohenferchesar - 8 (data:site_405)", "dateprops": [], "properties": {"http://www.w3.org/2000/01/rdf-schema#label": "Hohenferchesar - 8", "http://purl.org/dc/terms/identifier": "405", "http://w3id.org/bb5kbc/ont/hatFID": "405", "http://w3id.org/bb5kbc/ont/hatFundstellenID": "191", "http://w3id.org/bb5kbc/ont/hatGenauigkeit": "0.0", "http://w3id.org/bb5kbc/ont/hatKatalognummer": "2161", "http://www.w3.org/2004/02/skos/core#prefLabel": "Hohenferchesar - 8", "http://rdfs.org/ns/void#inDataset.value": "3727"}, "geometry": {"type": "Point", "coordinates": [12.49, 52.51]}}, {"type": "Feature", "id": "http://w3id.org/bb5kbc/site_21", "name": "Wahlitz 7 (data:site_21)", "dateprops": [], "properties": {"http://www.w3.org/2000/01/rdf-schema#label": "Wahlitz 7", "http://purl.org/dc/terms/identifier": "21", "http://w3id.org/bb5kbc/ont/hatFID": "21", "http://w3id.org/bb5kbc/ont/hatFundstellenID": "456", "http://w3id.org/bb5kbc/ont/hatGenauigkeit": "100.0", "http://w3id.org/bb5kbc/ont/hatKatalognummer": "449", "http://www.w3.org/2004/02/skos/core#prefLabel": "Wahlitz 7", "http://rdfs.org/ns/void#inDataset.value": "3727"}, "geometry": {"type": "Point", "coordinates": [11.79, 52.11]}}, {"type": "Feature", "id": "http://w3id.org/bb5kbc/site_422", "name": "Treuenbrietzen - 66 (data:site_422)", "dateprops": [], "properties": {"http://www.w3.org/2000/01/rdf-schema#label": "Treuenbrietzen - 66", "http://purl.org/dc/terms/identifier": "422", "http://w3id.org/bb5kbc/ont/hatFID": "422", "http://w3id.org/bb5kbc/ont/hatFundstellenID": "441", "http://w3id.org/bb5kbc/ont/hatGenauigkeit": "0.0", "http://w3id.org/bb5kbc/ont/hatKatalognummer": "28710", "http://www.w3.org/2004/02/skos/core#prefLabel": "Treuenbrietzen - 66", "http://rdfs.org/ns/void#inDataset.value": "3727"}, "geometry": {"type": "Point", "coordinates": [12.88, 52.12]}}, {"type": "Feature", "id": "http://w3id.org/bb5kbc/site_378", "name": "Roddahn - 8 (data:site_378)", "dateprops": [], "properties": {"http://www.w3.org/2000/01/rdf-schema#label": "Roddahn - 8", "http://purl.org/dc/terms/identifier": "378", "http://w3id.org/bb5kbc/ont/hatFID": "378", "http://w3id.org/bb5kbc/ont/hatFundstellenID": "374", "http://w3id.org/bb5kbc/ont/hatGenauigkeit": "0.0", "http://w3id.org/bb5kbc/ont/hatKatalognummer": "10781", "http://www.w3.org/2004/02/skos/core#prefLabel": "Roddahn - 8", "http://rdfs.org/ns/void#inDataset.value": "3727"}, "geometry": {"type": "Point", "coordinates": [12.29, 52.83]}}, {"type": "Feature", "id": "http://w3id.org/bb5kbc/site_440", "name": "Hinzdorf - 2 (data:site_440)", "dateprops": [], "properties": {"http://www.w3.org/2000/01/rdf-schema#label": "Hinzdorf - 2", "http://purl.org/dc/terms/identifier": "440", "http://w3id.org/bb5kbc/ont/hatFID": "440", "http://w3id.org/bb5kbc/ont/hatFundstellenID": "187", "http://w3id.org/bb5kbc/ont/hatGenauigkeit": "0.0", "http://w3id.org/bb5kbc/ont/hatKatalognummer": "45346", "http://www.w3.org/2004/02/skos/core#prefLabel": "Hinzdorf - 2", "http://rdfs.org/ns/void#inDataset.value": "3727"}, "geometry": {"type": "Point", "coordinates": [11.83, 52.97]}}, {"type": "Feature", "id": "http://w3id.org/bb5kbc/site_78", "name": "Nowe Objezierze 7 (data:site_78)", "dateprops": [], "properties": {"http://www.w3.org/2000/01/rdf-schema#label": "Nowe Objezierze 7", "http://purl.org/dc/terms/identifier": "78", "http://w3id.org/bb5kbc/ont/hatFID": "78", "http://w3id.org/bb5kbc/ont/hatFundstellenID": "313", "http://w3id.org/bb5kbc/ont/hatGenauigkeit": "0.0", "http://www.w3.org/2004/02/skos/core#prefLabel": "Nowe Objezierze 7", "http://rdfs.org/ns/void#inDataset.value": "3727"}, "geometry": {"type": "Point", "coordinates": [14.32, 52.86]}}, {"type": "Feature", "id": "http://w3id.org/bb5kbc/site_90", "name": "Heinersbr\u00fcck 42 (data:site_90)", "dateprops": [], "properties": {"http://www.w3.org/2000/01/rdf-schema#label": "Heinersbr\u00fcck 42", "http://purl.org/dc/terms/identifier": "90", "http://w3id.org/bb5kbc/ont/hatFID": "90", "http://w3id.org/bb5kbc/ont/hatFundstellenID": "181", "http://w3id.org/bb5kbc/ont/hatGenauigkeit": "0.0", "http://www.w3.org/2004/02/skos/core#prefLabel": "Heinersbr\u00fcck 42", "http://rdfs.org/ns/void#inDataset.value": "3727"}, "geometry": {"type": "Point", "coordinates": [14.54, 51.81]}}, {"type": "Feature", "id": "http://w3id.org/bb5kbc/site_481", "name": "Gollmitz - 6 (data:site_481)", "dateprops": [], "properties": {"http://www.w3.org/2000/01/rdf-schema#label": "Gollmitz - 6", "http://purl.org/dc/terms/identifier": "481", "http://w3id.org/bb5kbc/ont/hatFID": "481", "http://w3id.org/bb5kbc/ont/hatFundstellenID": "150", "http://w3id.org/bb5kbc/ont/hatGenauigkeit": "0.0", "http://w3id.org/bb5kbc/ont/hatKatalognummer": "16890", "http://www.w3.org/2004/02/skos/core#prefLabel": "Gollmitz - 6", "http://rdfs.org/ns/void#inDataset.value": "3727"}, "geometry": {"type": "Point", "coordinates": [13.71, 53.29]}}, {"type": "Feature", "id": "http://w3id.org/bb5kbc/site_447", "name": "Gr\u00f6ben - 4 (data:site_447)", "dateprops": [], "properties": {"http://www.w3.org/2000/01/rdf-schema#label": "Gr\u00f6ben - 4", "http://purl.org/dc/terms/identifier": "447", "http://w3id.org/bb5kbc/ont/hatFID": "447", "http://w3id.org/bb5kbc/ont/hatFundstellenID": "160", "http://w3id.org/bb5kbc/ont/hatGenauigkeit": "0.0", "http://w3id.org/bb5kbc/ont/hatKatalognummer": "24143", "http://www.w3.org/2004/02/skos/core#prefLabel": "Gr\u00f6ben - 4", "http://rdfs.org/ns/void#inDataset.value": "3727"}, "geometry": {"type": "Point", "coordinates": [13.16, 52.28]}}, {"type": "Feature", "id": "http://w3id.org/bb5kbc/site_142", "name": "Priedemost/Przedmo\u015bcie (data:site_142)", "dateprops": [], "properties": {"http://www.w3.org/2000/01/rdf-schema#label": "Priedemost/Przedmo\u015bcie", "http://purl.org/dc/terms/identifier": "142", "http://w3id.org/bb5kbc/ont/hatFID": "142", "http://w3id.org/bb5kbc/ont/hatFundstellenID": "352", "http://w3id.org/bb5kbc/ont/hatGenauigkeit": "4000.0", "http://w3id.org/bb5kbc/ont/hatKatalognummer": "39", "http://www.w3.org/2004/02/skos/core#prefLabel": "Priedemost/Przedmo\u015bcie", "http://rdfs.org/ns/void#inDataset.value": "3727"}, "geometry": {"type": "Point", "coordinates": [16.16, 51.63]}}, {"type": "Feature", "id": "http://w3id.org/bb5kbc/site_154", "name": "Olbersdorf/Olbrachcice Wielkie (data:site_154)", "dateprops": [], "properties": {"http://www.w3.org/2000/01/rdf-schema#label": "Olbersdorf/Olbrachcice Wielkie", "http://purl.org/dc/terms/identifier": "154", "http://w3id.org/bb5kbc/ont/hatFID": "154", "http://w3id.org/bb5kbc/ont/hatFundstellenID": "314", "http://w3id.org/bb5kbc/ont/hatGenauigkeit": "2000.0", "http://w3id.org/bb5kbc/ont/hatKatalognummer": "5", "http://www.w3.org/2004/02/skos/core#prefLabel": "Olbersdorf/Olbrachcice Wielkie", "http://rdfs.org/ns/void#inDataset.value": "3727"}, "geometry": {"type": "Point", "coordinates": [16.78, 50.61]}}, {"type": "Feature", "id": "http://w3id.org/bb5kbc/site_145", "name": "Mertsch\u00fctz/Mierczyce (data:site_145)", "dateprops": [], "properties": {"http://www.w3.org/2000/01/rdf-schema#label": "Mertsch\u00fctz/Mierczyce", "http://purl.org/dc/terms/identifier": "145", "http://w3id.org/bb5kbc/ont/hatFID": "145", "http://w3id.org/bb5kbc/ont/hatFundstellenID": "280", "http://w3id.org/bb5kbc/ont/hatGenauigkeit": "2000.0", "http://w3id.org/bb5kbc/ont/hatKatalognummer": "18", "http://www.w3.org/2004/02/skos/core#prefLabel": "Mertsch\u00fctz/Mierczyce", "http://rdfs.org/ns/void#inDataset.value": "3727"}, "geometry": {"type": "Point", "coordinates": [16.31, 51.09]}}, {"type": "Feature", "id": "http://w3id.org/bb5kbc/site_479", "name": "Wartin - 11 (data:site_479)", "dateprops": [], "properties": {"http://www.w3.org/2000/01/rdf-schema#label": "Wartin - 11", "http://purl.org/dc/terms/identifier": "479", "http://w3id.org/bb5kbc/ont/hatFID": "479", "http://w3id.org/bb5kbc/ont/hatFundstellenID": "460", "http://w3id.org/bb5kbc/ont/hatGenauigkeit": "0.0", "http://w3id.org/bb5kbc/ont/hatKatalognummer": "936", "http://www.w3.org/2004/02/skos/core#prefLabel": "Wartin - 11", "http://rdfs.org/ns/void#inDataset.value": "3727"}, "geometry": {"type": "Point", "coordinates": [14.14, 53.24]}}, {"type": "Feature", "id": "http://w3id.org/bb5kbc/site_501", "name": "Crussow - 7 (data:site_501)", "dateprops": [], "properties": {"http://www.w3.org/2000/01/rdf-schema#label": "Crussow - 7", "http://purl.org/dc/terms/identifier": "501", "http://w3id.org/bb5kbc/ont/hatFID": "501", "http://w3id.org/bb5kbc/ont/hatFundstellenID": "94", "http://w3id.org/bb5kbc/ont/hatGenauigkeit": "0.0", "http://w3id.org/bb5kbc/ont/hatKatalognummer": "57537", "http://www.w3.org/2004/02/skos/core#prefLabel": "Crussow - 7", "http://rdfs.org/ns/void#inDataset.value": "3727"}, "geometry": {"type": "Point", "coordinates": [14.08, 53.0]}}, {"type": "Feature", "id": "http://w3id.org/bb5kbc/site_503", "name": "Gr\u00fcnow bei Prenzlau - 56 (data:site_503)", "dateprops": [], "properties": {"http://www.w3.org/2000/01/rdf-schema#label": "Gr\u00fcnow bei Prenzlau - 56", "http://purl.org/dc/terms/identifier": "503", "http://w3id.org/bb5kbc/ont/hatFID": "503", "http://w3id.org/bb5kbc/ont/hatFundstellenID": "170", "http://w3id.org/bb5kbc/ont/hatGenauigkeit": "0.0", "http://w3id.org/bb5kbc/ont/hatKatalognummer": "58713", "http://www.w3.org/2004/02/skos/core#prefLabel": "Gr\u00fcnow bei Prenzlau - 56", "http://rdfs.org/ns/void#inDataset.value": "3727"}, "geometry": {"type": "Point", "coordinates": [13.93, 53.31]}}, {"type": "Feature", "id": "http://w3id.org/bb5kbc/site_423", "name": "Wildenbruch - 16 (data:site_423)", "dateprops": [], "properties": {"http://www.w3.org/2000/01/rdf-schema#label": "Wildenbruch - 16", "http://purl.org/dc/terms/identifier": "423", "http://w3id.org/bb5kbc/ont/hatFID": "423", "http://w3id.org/bb5kbc/ont/hatFundstellenID": "467", "http://w3id.org/bb5kbc/ont/hatGenauigkeit": "0.0", "http://w3id.org/bb5kbc/ont/hatKatalognummer": "45969", "http://www.w3.org/2004/02/skos/core#prefLabel": "Wildenbruch - 16", "http://rdfs.org/ns/void#inDataset.value": "3727"}, "geometry": {"type": "Point", "coordinates": [13.06, 52.3]}}, {"type": "Feature", "id": "http://w3id.org/bb5kbc/site_99", "name": "Ko\u0142o (data:site_99)", "dateprops": [], "properties": {"http://www.w3.org/2000/01/rdf-schema#label": "Ko\u0142o", "http://purl.org/dc/terms/identifier": "99", "http://w3id.org/bb5kbc/ont/hatFID": "99", "http://w3id.org/bb5kbc/ont/hatFundstellenID": "225", "http://w3id.org/bb5kbc/ont/hatGenauigkeit": "2000.0", "http://w3id.org/bb5kbc/ont/hatKatalognummer": "24", "http://www.w3.org/2004/02/skos/core#prefLabel": "Ko\u0142o", "http://rdfs.org/ns/void#inDataset.value": "3727"}, "geometry": {"type": "Point", "coordinates": [14.78, 51.84]}}, {"type": "Feature", "id": "http://w3id.org/bb5kbc/site_58", "name": "Hohenbr\u00fcck 3 (data:site_58)", "dateprops": [], "properties": {"http://www.w3.org/2000/01/rdf-schema#label": "Hohenbr\u00fcck 3", "http://purl.org/dc/terms/identifier": "58", "http://w3id.org/bb5kbc/ont/hatFID": "58", "http://w3id.org/bb5kbc/ont/hatFundstellenID": "190", "http://w3id.org/bb5kbc/ont/hatGenauigkeit": "0.0", "http://w3id.org/bb5kbc/ont/hatKatalognummer": "11208", "http://www.w3.org/2004/02/skos/core#prefLabel": "Hohenbr\u00fcck 3", "http://rdfs.org/ns/void#inDataset.value": "3727"}, "geometry": {"type": "Point", "coordinates": [13.91, 52.1]}}, {"type": "Feature", "id": "http://w3id.org/bb5kbc/site_338", "name": "Rathenow - 20 (data:site_338)", "dateprops": [], "properties": {"http://www.w3.org/2000/01/rdf-schema#label": "Rathenow - 20", "http://purl.org/dc/terms/identifier": "338", "http://w3id.org/bb5kbc/ont/hatFID": "338", "http://w3id.org/bb5kbc/ont/hatFundstellenID": "364", "http://w3id.org/bb5kbc/ont/hatGenauigkeit": "0.0", "http://w3id.org/bb5kbc/ont/hatKatalognummer": "19784", "http://www.w3.org/2004/02/skos/core#prefLabel": "Rathenow - 20", "http://rdfs.org/ns/void#inDataset.value": "3727"}, "geometry": {"type": "Point", "coordinates": [12.34, 52.6]}}, {"type": "Feature", "id": "http://w3id.org/bb5kbc/site_74", "name": "Berkholz zu Berkholz-Meyenburg 5 (data:site_74)", "dateprops": [], "properties": {"http://www.w3.org/2000/01/rdf-schema#label": "Berkholz zu Berkholz-Meyenburg 5", "http://purl.org/dc/terms/identifier": "74", "http://w3id.org/bb5kbc/ont/hatFID": "74", "http://w3id.org/bb5kbc/ont/hatFundstellenID": "33", "http://w3id.org/bb5kbc/ont/hatGenauigkeit": "0.0", "http://w3id.org/bb5kbc/ont/hatKatalognummer": "155", "http://www.w3.org/2004/02/skos/core#prefLabel": "Berkholz zu Berkholz-Meyenburg 5", "http://rdfs.org/ns/void#inDataset.value": "3727"}, "geometry": {"type": "Point", "coordinates": [14.19, 53.06]}}, {"type": "Feature", "id": "http://w3id.org/bb5kbc/site_244", "name": "Lietzow-Buddelin/Saiser 1 (data:site_244)", "dateprops": [], "properties": {"http://www.w3.org/2000/01/rdf-schema#label": "Lietzow-Buddelin/Saiser 1", "http://purl.org/dc/terms/identifier": "244", "http://w3id.org/bb5kbc/ont/hatFID": "244", "http://w3id.org/bb5kbc/ont/hatFundstellenID": "260", "http://w3id.org/bb5kbc/ont/hatGenauigkeit": "50.0", "http://www.w3.org/2004/02/skos/core#prefLabel": "Lietzow-Buddelin/Saiser 1", "http://rdfs.org/ns/void#inDataset.value": "3727"}, "geometry": {"type": "Point", "coordinates": [13.53, 54.48]}}, {"type": "Feature", "id": "http://w3id.org/bb5kbc/site_553", "name": "Mierzyn 5 (36) (data:site_553)", "dateprops": [], "properties": {"http://www.w3.org/2000/01/rdf-schema#label": "Mierzyn 5 (36)", "http://purl.org/dc/terms/identifier": "553", "http://w3id.org/bb5kbc/ont/hatFID": "553", "http://w3id.org/bb5kbc/ont/hatFundstellenID": "289", "http://w3id.org/bb5kbc/ont/hatGenauigkeit": "800.0", "http://w3id.org/bb5kbc/ont/hatKatalognummer": "7", "http://www.w3.org/2004/02/skos/core#prefLabel": "Mierzyn 5 (36)", "http://rdfs.org/ns/void#inDataset.value": "3727"}, "geometry": {"type": "Point", "coordinates": [14.46, 53.42]}}, {"type": "Feature", "id": "http://w3id.org/bb5kbc/site_550", "name": "Piaski 4 (data:site_550)", "dateprops": [], "properties": {"http://www.w3.org/2000/01/rdf-schema#label": "Piaski 4", "http://purl.org/dc/terms/identifier": "550", "http://w3id.org/bb5kbc/ont/hatFID": "550", "http://w3id.org/bb5kbc/ont/hatFundstellenID": "326", "http://w3id.org/bb5kbc/ont/hatGenauigkeit": "1500.0", "http://w3id.org/bb5kbc/ont/hatKatalognummer": "97", "http://www.w3.org/2004/02/skos/core#prefLabel": "Piaski 4", "http://rdfs.org/ns/void#inDataset.value": "3727"}, "geometry": {"type": "Point", "coordinates": [18.44, 52.68]}}, {"type": "Feature", "id": "http://w3id.org/bb5kbc/site_546", "name": "Ostrowo 3 (data:site_546)", "dateprops": [], "properties": {"http://www.w3.org/2000/01/rdf-schema#label": "Ostrowo 3", "http://purl.org/dc/terms/identifier": "546", "http://w3id.org/bb5kbc/ont/hatFID": "546", "http://w3id.org/bb5kbc/ont/hatFundstellenID": "321", "http://w3id.org/bb5kbc/ont/hatGenauigkeit": "1000.0", "http://w3id.org/bb5kbc/ont/hatKatalognummer": "88", "http://www.w3.org/2004/02/skos/core#prefLabel": "Ostrowo 3", "http://rdfs.org/ns/void#inDataset.value": "3727"}, "geometry": {"type": "Point", "coordinates": [18.1, 52.77]}}, {"type": "Feature", "id": "http://w3id.org/bb5kbc/site_526", "name": "Krusza Zamkowa 30 (data:site_526)", "dateprops": [], "properties": {"http://www.w3.org/2000/01/rdf-schema#label": "Krusza Zamkowa 30", "http://purl.org/dc/terms/identifier": "526", "http://w3id.org/bb5kbc/ont/hatFID": "526", "http://w3id.org/bb5kbc/ont/hatFundstellenID": "247", "http://w3id.org/bb5kbc/ont/hatGenauigkeit": "1500.0", "http://w3id.org/bb5kbc/ont/hatKatalognummer": "82", "http://www.w3.org/2004/02/skos/core#prefLabel": "Krusza Zamkowa 30", "http://rdfs.org/ns/void#inDataset.value": "3727"}, "geometry": {"type": "Point", "coordinates": [18.25, 52.74]}}, {"type": "Feature", "id": "http://w3id.org/bb5kbc/site_371", "name": "Tempelberg - 17 (data:site_371)", "dateprops": [], "properties": {"http://www.w3.org/2000/01/rdf-schema#label": "Tempelberg - 17", "http://purl.org/dc/terms/identifier": "371", "http://w3id.org/bb5kbc/ont/hatFID": "371", "http://w3id.org/bb5kbc/ont/hatFundstellenID": "431", "http://w3id.org/bb5kbc/ont/hatGenauigkeit": "0.0", "http://w3id.org/bb5kbc/ont/hatKatalognummer": "27512", "http://www.w3.org/2004/02/skos/core#prefLabel": "Tempelberg - 17", "http://rdfs.org/ns/void#inDataset.value": "3727"}, "geometry": {"type": "Point", "coordinates": [14.14, 52.45]}}, {"type": "Feature", "id": "http://w3id.org/bb5kbc/site_346", "name": "Vietznitz - 11 (data:site_346)", "dateprops": [], "properties": {"http://www.w3.org/2000/01/rdf-schema#label": "Vietznitz - 11", "http://purl.org/dc/terms/identifier": "346", "http://w3id.org/bb5kbc/ont/hatFID": "346", "http://w3id.org/bb5kbc/ont/hatFundstellenID": "450", "http://w3id.org/bb5kbc/ont/hatGenauigkeit": "0.0", "http://w3id.org/bb5kbc/ont/hatKatalognummer": "12897", "http://www.w3.org/2004/02/skos/core#prefLabel": "Vietznitz - 11", "http://rdfs.org/ns/void#inDataset.value": "3727"}, "geometry": {"type": "Point", "coordinates": [12.63, 52.74]}}, {"type": "Feature", "id": "http://w3id.org/bb5kbc/site_149", "name": "Schlabitz/S\u0142aw\u0119cice (data:site_149)", "dateprops": [], "properties": {"http://www.w3.org/2000/01/rdf-schema#label": "Schlabitz/S\u0142aw\u0119cice", "http://purl.org/dc/terms/identifier": "149", "http://w3id.org/bb5kbc/ont/hatFID": "149", "http://w3id.org/bb5kbc/ont/hatFundstellenID": "387", "http://w3id.org/bb5kbc/ont/hatGenauigkeit": "2000.0", "http://w3id.org/bb5kbc/ont/hatKatalognummer": "29", "http://www.w3.org/2004/02/skos/core#prefLabel": "Schlabitz/S\u0142aw\u0119cice", "http://rdfs.org/ns/void#inDataset.value": "3727"}, "geometry": {"type": "Point", "coordinates": [16.52, 51.7]}}, {"type": "Feature", "id": "http://w3id.org/bb5kbc/site_27", "name": "Wallendorf 14 (data:site_27)", "dateprops": [], "properties": {"http://www.w3.org/2000/01/rdf-schema#label": "Wallendorf 14", "http://purl.org/dc/terms/identifier": "27", "http://w3id.org/bb5kbc/ont/hatFID": "27", "http://w3id.org/bb5kbc/ont/hatFundstellenID": "457", "http://w3id.org/bb5kbc/ont/hatGenauigkeit": "50.0", "http://w3id.org/bb5kbc/ont/hatKatalognummer": "312", "http://www.w3.org/2004/02/skos/core#prefLabel": "Wallendorf 14", "http://rdfs.org/ns/void#inDataset.value": "3727"}, "geometry": {"type": "Point", "coordinates": [12.07, 51.36]}}, {"type": "Feature", "id": "http://w3id.org/bb5kbc/site_2", "name": "Goldbach (data:site_2)", "dateprops": [], "properties": {"http://www.w3.org/2000/01/rdf-schema#label": "Goldbach", "http://purl.org/dc/terms/identifier": "2", "http://w3id.org/bb5kbc/ont/hatFID": "2", "http://w3id.org/bb5kbc/ont/hatFundstellenID": "149", "http://w3id.org/bb5kbc/ont/hatGenauigkeit": "100.0", "http://w3id.org/bb5kbc/ont/hatKatalognummer": "34", "http://www.w3.org/2004/02/skos/core#prefLabel": "Goldbach", "http://rdfs.org/ns/void#inDataset.value": "3727"}, "geometry": {"type": "Point", "coordinates": [10.66, 50.98]}}, {"type": "Feature", "id": "http://w3id.org/bb5kbc/site_6", "name": "Quedlinburg KGA 2 (data:site_6)", "dateprops": [], "properties": {"http://www.w3.org/2000/01/rdf-schema#label": "Quedlinburg KGA 2", "http://purl.org/dc/terms/identifier": "6", "http://w3id.org/bb5kbc/ont/hatFID": "6", "http://w3id.org/bb5kbc/ont/hatFundstellenID": "360", "http://w3id.org/bb5kbc/ont/hatGenauigkeit": "0.0", "http://www.w3.org/2004/02/skos/core#prefLabel": "Quedlinburg KGA 2", "http://rdfs.org/ns/void#inDataset.value": "3727"}, "geometry": {"type": "Point", "coordinates": [11.11, 51.81]}}, {"type": "Feature", "id": "http://w3id.org/bb5kbc/site_385", "name": "Wildberg - 3 (data:site_385)", "dateprops": [], "properties": {"http://www.w3.org/2000/01/rdf-schema#label": "Wildberg - 3", "http://purl.org/dc/terms/identifier": "385", "http://w3id.org/bb5kbc/ont/hatFID": "385", "http://w3id.org/bb5kbc/ont/hatFundstellenID": "466", "http://w3id.org/bb5kbc/ont/hatGenauigkeit": "0.0", "http://w3id.org/bb5kbc/ont/hatKatalognummer": "13450", "http://www.w3.org/2004/02/skos/core#prefLabel": "Wildberg - 3", "http://rdfs.org/ns/void#inDataset.value": "3727"}, "geometry": {"type": "Point", "coordinates": [12.63, 52.87]}}, {"type": "Feature", "id": "http://w3id.org/bb5kbc/site_296", "name": "Neuendorf 14 (data:site_296)", "dateprops": [], "properties": {"http://www.w3.org/2000/01/rdf-schema#label": "Neuendorf 14", "http://purl.org/dc/terms/identifier": "296", "http://w3id.org/bb5kbc/ont/hatFID": "296", "http://w3id.org/bb5kbc/ont/hatFundstellenID": "300", "http://w3id.org/bb5kbc/ont/hatGenauigkeit": "0.0", "http://w3id.org/bb5kbc/ont/hatKatalognummer": "2612", "http://www.w3.org/2004/02/skos/core#prefLabel": "Neuendorf 14", "http://rdfs.org/ns/void#inDataset.value": "3727"}, "geometry": {"type": "Point", "coordinates": [12.49, 52.4]}}, {"type": "Feature", "id": "http://w3id.org/bb5kbc/site_220", "name": "Pikutkowo 6a (data:site_220)", "dateprops": [], "properties": {"http://www.w3.org/2000/01/rdf-schema#label": "Pikutkowo 6a", "http://purl.org/dc/terms/identifier": "220", "http://w3id.org/bb5kbc/ont/hatFID": "220", "http://w3id.org/bb5kbc/ont/hatFundstellenID": "328", "http://w3id.org/bb5kbc/ont/hatGenauigkeit": "200.0", "http://w3id.org/bb5kbc/ont/hatKatalognummer": "14", "http://www.w3.org/2004/02/skos/core#prefLabel": "Pikutkowo 6a", "http://rdfs.org/ns/void#inDataset.value": "3727"}, "geometry": {"type": "Point", "coordinates": [18.95, 52.63]}}, {"type": "Feature", "id": "http://w3id.org/bb5kbc/site_498", "name": "Gr\u00fcnberg - 7 (data:site_498)", "dateprops": [], "properties": {"http://www.w3.org/2000/01/rdf-schema#label": "Gr\u00fcnberg - 7", "http://purl.org/dc/terms/identifier": "498", "http://w3id.org/bb5kbc/ont/hatFID": "498", "http://w3id.org/bb5kbc/ont/hatFundstellenID": "169", "http://w3id.org/bb5kbc/ont/hatGenauigkeit": "0.0", "http://w3id.org/bb5kbc/ont/hatKatalognummer": "17034", "http://www.w3.org/2004/02/skos/core#prefLabel": "Gr\u00fcnberg - 7", "http://rdfs.org/ns/void#inDataset.value": "3727"}, "geometry": {"type": "Point", "coordinates": [14.12, 53.36]}}, {"type": "Feature", "id": "http://w3id.org/bb5kbc/site_584", "name": "Bochow  8 (data:site_584)", "dateprops": [], "properties": {"http://www.w3.org/2000/01/rdf-schema#label": "Bochow  8", "http://purl.org/dc/terms/identifier": "584", "http://w3id.org/bb5kbc/ont/hatFID": "584", "http://w3id.org/bb5kbc/ont/hatFundstellenID": "54", "http://w3id.org/bb5kbc/ont/hatGenauigkeit": "0.0", "http://w3id.org/bb5kbc/ont/hatKatalognummer": "9580", "http://www.w3.org/2004/02/skos/core#prefLabel": "Bochow  8", "http://rdfs.org/ns/void#inDataset.value": "3727"}, "geometry": {"type": "Point", "coordinates": [13.06, 51.96]}}, {"type": "Feature", "id": "http://w3id.org/bb5kbc/site_236", "name": "Mierzyn 2a (data:site_236)", "dateprops": [], "properties": {"http://www.w3.org/2000/01/rdf-schema#label": "Mierzyn 2a", "http://purl.org/dc/terms/identifier": "236", "http://w3id.org/bb5kbc/ont/hatFID": "236", "http://w3id.org/bb5kbc/ont/hatFundstellenID": "287", "http://w3id.org/bb5kbc/ont/hatGenauigkeit": "3000.0", "http://w3id.org/bb5kbc/ont/hatKatalognummer": "12", "http://www.w3.org/2004/02/skos/core#prefLabel": "Mierzyn 2a", "http://rdfs.org/ns/void#inDataset.value": "3727"}, "geometry": {"type": "Point", "coordinates": [14.47, 53.43]}}, {"type": "Feature", "id": "http://w3id.org/bb5kbc/site_565", "name": "Rhinow 30 (data:site_565)", "dateprops": [], "properties": {"http://www.w3.org/2000/01/rdf-schema#label": "Rhinow 30", "http://purl.org/dc/terms/identifier": "565", "http://w3id.org/bb5kbc/ont/hatFID": "565", "http://w3id.org/bb5kbc/ont/hatFundstellenID": "370", "http://w3id.org/bb5kbc/ont/hatGenauigkeit": "0.0", "http://www.w3.org/2004/02/skos/core#prefLabel": "Rhinow 30", "http://rdfs.org/ns/void#inDataset.value": "3727"}, "geometry": {"type": "Point", "coordinates": [12.35, 52.76]}}, {"type": "Feature", "id": "http://w3id.org/bb5kbc/site_69", "name": "Gramzow 23 (data:site_69)", "dateprops": [], "properties": {"http://www.w3.org/2000/01/rdf-schema#label": "Gramzow 23", "http://purl.org/dc/terms/identifier": "69", "http://w3id.org/bb5kbc/ont/hatFID": "69", "http://w3id.org/bb5kbc/ont/hatFundstellenID": "157", "http://w3id.org/bb5kbc/ont/hatGenauigkeit": "0.0", "http://www.w3.org/2004/02/skos/core#prefLabel": "Gramzow 23", "http://rdfs.org/ns/void#inDataset.value": "3727"}, "geometry": {"type": "Point", "coordinates": [14.02, 53.22]}}, {"type": "Feature", "id": "http://w3id.org/bb5kbc/site_442", "name": "Wustrow - 4 (data:site_442)", "dateprops": [], "properties": {"http://www.w3.org/2000/01/rdf-schema#label": "Wustrow - 4", "http://purl.org/dc/terms/identifier": "442", "http://w3id.org/bb5kbc/ont/hatFID": "442", "http://w3id.org/bb5kbc/ont/hatFundstellenID": "484", "http://w3id.org/bb5kbc/ont/hatGenauigkeit": "0.0", "http://w3id.org/bb5kbc/ont/hatKatalognummer": "32169", "http://www.w3.org/2004/02/skos/core#prefLabel": "Wustrow - 4", "http://rdfs.org/ns/void#inDataset.value": "3727"}, "geometry": {"type": "Point", "coordinates": [11.56, 53.07]}}, {"type": "Feature", "id": "http://w3id.org/bb5kbc/site_91", "name": "Heinersbr\u00fcck 42 (data:site_91)", "dateprops": [], "properties": {"http://www.w3.org/2000/01/rdf-schema#label": "Heinersbr\u00fcck 42", "http://purl.org/dc/terms/identifier": "91", "http://w3id.org/bb5kbc/ont/hatFID": "91", "http://w3id.org/bb5kbc/ont/hatFundstellenID": "181", "http://w3id.org/bb5kbc/ont/hatGenauigkeit": "0.0", "http://www.w3.org/2004/02/skos/core#prefLabel": "Heinersbr\u00fcck 42", "http://rdfs.org/ns/void#inDataset.value": "3727"}, "geometry": {"type": "Point", "coordinates": [14.54, 51.81]}}, {"type": "Feature", "id": "http://w3id.org/bb5kbc/site_200", "name": "Miechowice 4a (data:site_200)", "dateprops": [], "properties": {"http://www.w3.org/2000/01/rdf-schema#label": "Miechowice 4a", "http://purl.org/dc/terms/identifier": "200", "http://w3id.org/bb5kbc/ont/hatFID": "200", "http://w3id.org/bb5kbc/ont/hatFundstellenID": "284", "http://w3id.org/bb5kbc/ont/hatGenauigkeit": "200.0", "http://w3id.org/bb5kbc/ont/hatKatalognummer": "24", "http://www.w3.org/2004/02/skos/core#prefLabel": "Miechowice 4a", "http://rdfs.org/ns/void#inDataset.value": "3727"}, "geometry": {"type": "Point", "coordinates": [18.82, 52.63]}}, {"type": "Feature", "id": "http://w3id.org/bb5kbc/site_199", "name": "Os\u0142onki 1a (data:site_199)", "dateprops": [], "properties": {"http://www.w3.org/2000/01/rdf-schema#label": "Os\u0142onki 1a", "http://purl.org/dc/terms/identifier": "199", "http://w3id.org/bb5kbc/ont/hatFID": "199", "http://w3id.org/bb5kbc/ont/hatFundstellenID": "317", "http://w3id.org/bb5kbc/ont/hatGenauigkeit": "200.0", "http://w3id.org/bb5kbc/ont/hatKatalognummer": "25", "http://www.w3.org/2004/02/skos/core#prefLabel": "Os\u0142onki 1a", "http://rdfs.org/ns/void#inDataset.value": "3727"}, "geometry": {"type": "Point", "coordinates": [18.81, 52.62]}}, {"type": "Feature", "id": "http://w3id.org/bb5kbc/site_156", "name": "Gnichwitz/Gniechowice (data:site_156)", "dateprops": [], "properties": {"http://www.w3.org/2000/01/rdf-schema#label": "Gnichwitz/Gniechowice", "http://purl.org/dc/terms/identifier": "156", "http://w3id.org/bb5kbc/ont/hatFID": "156", "http://w3id.org/bb5kbc/ont/hatFundstellenID": "147", "http://w3id.org/bb5kbc/ont/hatGenauigkeit": "3000.0", "http://w3id.org/bb5kbc/ont/hatKatalognummer": "13", "http://www.w3.org/2004/02/skos/core#prefLabel": "Gnichwitz/Gniechowice", "http://rdfs.org/ns/void#inDataset.value": "3727"}, "geometry": {"type": "Point", "coordinates": [16.83, 50.99]}}, {"type": "Feature", "id": "http://w3id.org/bb5kbc/site_39", "name": "Bochow 2 (data:site_39)", "dateprops": [], "properties": {"http://www.w3.org/2000/01/rdf-schema#label": "Bochow 2", "http://purl.org/dc/terms/identifier": "39", "http://w3id.org/bb5kbc/ont/hatFID": "39", "http://w3id.org/bb5kbc/ont/hatFundstellenID": "57", "http://w3id.org/bb5kbc/ont/hatGenauigkeit": "0.0", "http://w3id.org/bb5kbc/ont/hatKatalognummer": "9574", "http://www.w3.org/2004/02/skos/core#prefLabel": "Bochow 2", "http://rdfs.org/ns/void#inDataset.value": "3727"}, "geometry": {"type": "Point", "coordinates": [13.07, 51.96]}}, {"type": "Feature", "id": "http://w3id.org/bb5kbc/site_300", "name": "Potsdam 3/58 (16) (data:site_300)", "dateprops": [], "properties": {"http://www.w3.org/2000/01/rdf-schema#label": "Potsdam 3/58 (16)", "http://purl.org/dc/terms/identifier": "300", "http://w3id.org/bb5kbc/ont/hatFID": "300", "http://w3id.org/bb5kbc/ont/hatFundstellenID": "342", "http://w3id.org/bb5kbc/ont/hatGenauigkeit": "0.0", "http://w3id.org/bb5kbc/ont/hatKatalognummer": "16057", "http://www.w3.org/2004/02/skos/core#prefLabel": "Potsdam 3/58 (16)", "http://rdfs.org/ns/void#inDataset.value": "3727"}, "geometry": {"type": "Point", "coordinates": [13.07, 52.4]}}, {"type": "Feature", "id": "http://w3id.org/bb5kbc/site_362", "name": "Germendorf - 3 (data:site_362)", "dateprops": [], "properties": {"http://www.w3.org/2000/01/rdf-schema#label": "Germendorf - 3", "http://purl.org/dc/terms/identifier": "362", "http://w3id.org/bb5kbc/ont/hatFID": "362", "http://w3id.org/bb5kbc/ont/hatFundstellenID": "142", "http://w3id.org/bb5kbc/ont/hatGenauigkeit": "0.0", "http://w3id.org/bb5kbc/ont/hatKatalognummer": "14698", "http://www.w3.org/2004/02/skos/core#prefLabel": "Germendorf - 3", "http://rdfs.org/ns/void#inDataset.value": "3727"}, "geometry": {"type": "Point", "coordinates": [13.19, 52.75]}}, {"type": "Feature", "id": "http://w3id.org/bb5kbc/site_429", "name": "Pirow - 4 (data:site_429)", "dateprops": [], "properties": {"http://www.w3.org/2000/01/rdf-schema#label": "Pirow - 4", "http://purl.org/dc/terms/identifier": "429", "http://w3id.org/bb5kbc/ont/hatFID": "429", "http://w3id.org/bb5kbc/ont/hatFundstellenID": "331", "http://w3id.org/bb5kbc/ont/hatGenauigkeit": "0.0", "http://w3id.org/bb5kbc/ont/hatKatalognummer": "15141", "http://www.w3.org/2004/02/skos/core#prefLabel": "Pirow - 4", "http://rdfs.org/ns/void#inDataset.value": "3727"}, "geometry": {"type": "Point", "coordinates": [11.89, 53.21]}}, {"type": "Feature", "id": "http://w3id.org/bb5kbc/site_472", "name": "G\u00f6rlsdorf - 4 (data:site_472)", "dateprops": [], "properties": {"http://www.w3.org/2000/01/rdf-schema#label": "G\u00f6rlsdorf - 4", "http://purl.org/dc/terms/identifier": "472", "http://w3id.org/bb5kbc/ont/hatFID": "472", "http://w3id.org/bb5kbc/ont/hatFundstellenID": "153", "http://w3id.org/bb5kbc/ont/hatGenauigkeit": "0.0", "http://w3id.org/bb5kbc/ont/hatKatalognummer": "465", "http://www.w3.org/2004/02/skos/core#prefLabel": "G\u00f6rlsdorf - 4", "http://rdfs.org/ns/void#inDataset.value": "3727"}, "geometry": {"type": "Point", "coordinates": [13.94, 53.04]}}, {"type": "Feature", "id": "http://w3id.org/bb5kbc/site_10", "name": "Mellingen (data:site_10)", "dateprops": [], "properties": {"http://www.w3.org/2000/01/rdf-schema#label": "Mellingen", "http://purl.org/dc/terms/identifier": "10", "http://w3id.org/bb5kbc/ont/hatFID": "10", "http://w3id.org/bb5kbc/ont/hatFundstellenID": "278", "http://w3id.org/bb5kbc/ont/hatGenauigkeit": "100.0", "http://w3id.org/bb5kbc/ont/hatKatalognummer": "96", "http://www.w3.org/2004/02/skos/core#prefLabel": "Mellingen", "http://rdfs.org/ns/void#inDataset.value": "3727"}, "geometry": {"type": "Point", "coordinates": [11.41, 50.93]}}, {"type": "Feature", "id": "http://w3id.org/bb5kbc/site_508", "name": "Friesack 13 (data:site_508)", "dateprops": [], "properties": {"http://www.w3.org/2000/01/rdf-schema#label": "Friesack 13", "http://purl.org/dc/terms/identifier": "508", "http://w3id.org/bb5kbc/ont/hatFID": "508", "http://w3id.org/bb5kbc/ont/hatFundstellenID": "128", "http://w3id.org/bb5kbc/ont/hatGenauigkeit": "0.0", "http://www.w3.org/2004/02/skos/core#prefLabel": "Friesack 13", "http://rdfs.org/ns/void#inDataset.value": "3727"}, "geometry": {"type": "Point", "coordinates": [12.6, 52.75]}}, {"type": "Feature", "id": "http://w3id.org/bb5kbc/site_167", "name": "Jungwitz/Jankowice (data:site_167)", "dateprops": [], "properties": {"http://www.w3.org/2000/01/rdf-schema#label": "Jungwitz/Jankowice", "http://purl.org/dc/terms/identifier": "167", "http://w3id.org/bb5kbc/ont/hatFID": "167", "http://w3id.org/bb5kbc/ont/hatFundstellenID": "204", "http://w3id.org/bb5kbc/ont/hatGenauigkeit": "3000.0", "http://w3id.org/bb5kbc/ont/hatKatalognummer": "11", "http://www.w3.org/2004/02/skos/core#prefLabel": "Jungwitz/Jankowice", "http://rdfs.org/ns/void#inDataset.value": "3727"}, "geometry": {"type": "Point", "coordinates": [17.2, 51.0]}}, {"type": "Feature", "id": "http://w3id.org/bb5kbc/site_181", "name": "Borucin XXXVI/03 (data:site_181)", "dateprops": [], "properties": {"http://www.w3.org/2000/01/rdf-schema#label": "Borucin XXXVI/03", "http://purl.org/dc/terms/identifier": "181", "http://w3id.org/bb5kbc/ont/hatFID": "181", "http://w3id.org/bb5kbc/ont/hatFundstellenID": "67", "http://w3id.org/bb5kbc/ont/hatGenauigkeit": "200.0", "http://w3id.org/bb5kbc/ont/hatKatalognummer": "44", "http://www.w3.org/2004/02/skos/core#prefLabel": "Borucin XXXVI/03", "http://rdfs.org/ns/void#inDataset.value": "3727"}, "geometry": {"type": "Point", "coordinates": [18.72, 52.6]}}, {"type": "Feature", "id": "http://w3id.org/bb5kbc/site_496", "name": "Carmzow - 77 (data:site_496)", "dateprops": [], "properties": {"http://www.w3.org/2000/01/rdf-schema#label": "Carmzow - 77", "http://purl.org/dc/terms/identifier": "496", "http://w3id.org/bb5kbc/ont/hatFID": "496", "http://w3id.org/bb5kbc/ont/hatFundstellenID": "91", "http://w3id.org/bb5kbc/ont/hatGenauigkeit": "0.0", "http://w3id.org/bb5kbc/ont/hatKatalognummer": "37902", "http://www.w3.org/2004/02/skos/core#prefLabel": "Carmzow - 77", "http://rdfs.org/ns/void#inDataset.value": "3727"}, "geometry": {"type": "Point", "coordinates": [14.09, 53.38]}}, {"type": "Feature", "id": "http://w3id.org/bb5kbc/site_203", "name": "Miechowice B/98 (data:site_203)", "dateprops": [], "properties": {"http://www.w3.org/2000/01/rdf-schema#label": "Miechowice B/98", "http://purl.org/dc/terms/identifier": "203", "http://w3id.org/bb5kbc/ont/hatFID": "203", "http://w3id.org/bb5kbc/ont/hatFundstellenID": "285", "http://w3id.org/bb5kbc/ont/hatGenauigkeit": "200.0", "http://w3id.org/bb5kbc/ont/hatKatalognummer": "21", "http://www.w3.org/2004/02/skos/core#prefLabel": "Miechowice B/98", "http://rdfs.org/ns/void#inDataset.value": "3727"}, "geometry": {"type": "Point", "coordinates": [18.82, 52.62]}}, {"type": "Feature", "id": "http://w3id.org/bb5kbc/site_493", "name": "Berkholz zu Berkholz-Meyenburg - 13 (data:site_493)", "dateprops": [], "properties": {"http://www.w3.org/2000/01/rdf-schema#label": "Berkholz zu Berkholz-Meyenburg - 13", "http://purl.org/dc/terms/identifier": "493", "http://w3id.org/bb5kbc/ont/hatFID": "493", "http://w3id.org/bb5kbc/ont/hatFundstellenID": "31", "http://w3id.org/bb5kbc/ont/hatGenauigkeit": "0.0", "http://w3id.org/bb5kbc/ont/hatKatalognummer": "163", "http://www.w3.org/2004/02/skos/core#prefLabel": "Berkholz zu Berkholz-Meyenburg - 13", "http://rdfs.org/ns/void#inDataset.value": "3727"}, "geometry": {"type": "Point", "coordinates": [14.22, 53.05]}}, {"type": "Feature", "id": "http://w3id.org/bb5kbc/site_283", "name": "D\u00f6beritz bei Premnitz 20 (data:site_283)", "dateprops": [], "properties": {"http://www.w3.org/2000/01/rdf-schema#label": "D\u00f6beritz bei Premnitz 20", "http://purl.org/dc/terms/identifier": "283", "http://w3id.org/bb5kbc/ont/hatFID": "283", "http://w3id.org/bb5kbc/ont/hatFundstellenID": "101", "http://w3id.org/bb5kbc/ont/hatGenauigkeit": "0.0", "http://w3id.org/bb5kbc/ont/hatKatalognummer": "19369", "http://www.w3.org/2004/02/skos/core#prefLabel": "D\u00f6beritz bei Premnitz 20", "http://rdfs.org/ns/void#inDataset.value": "3727"}, "geometry": {"type": "Point", "coordinates": [12.39, 52.51]}}, {"type": "Feature", "id": "http://w3id.org/bb5kbc/site_506", "name": "Speichrow 10 (data:site_506)", "dateprops": [], "properties": {"http://www.w3.org/2000/01/rdf-schema#label": "Speichrow 10", "http://purl.org/dc/terms/identifier": "506", "http://w3id.org/bb5kbc/ont/hatFID": "506", "http://w3id.org/bb5kbc/ont/hatFundstellenID": "415", "http://w3id.org/bb5kbc/ont/hatGenauigkeit": "0.0", "http://www.w3.org/2004/02/skos/core#prefLabel": "Speichrow 10", "http://rdfs.org/ns/void#inDataset.value": "3727"}, "geometry": {"type": "Point", "coordinates": [14.19, 52.04]}}, {"type": "Feature", "id": "http://w3id.org/bb5kbc/site_85", "name": "Szczecin-Gumie\u0144ce 17b (data:site_85)", "dateprops": [], "properties": {"http://www.w3.org/2000/01/rdf-schema#label": "Szczecin-Gumie\u0144ce 17b", "http://purl.org/dc/terms/identifier": "85", "http://w3id.org/bb5kbc/ont/hatFID": "85", "http://w3id.org/bb5kbc/ont/hatFundstellenID": "428", "http://w3id.org/bb5kbc/ont/hatGenauigkeit": "800.0", "http://w3id.org/bb5kbc/ont/hatKatalognummer": "3", "http://www.w3.org/2004/02/skos/core#prefLabel": "Szczecin-Gumie\u0144ce 17b", "http://rdfs.org/ns/void#inDataset.value": "3727"}, "geometry": {"type": "Point", "coordinates": [14.49, 53.41]}}, {"type": "Feature", "id": "http://w3id.org/bb5kbc/site_416", "name": "Gollwitz - 1 (data:site_416)", "dateprops": [], "properties": {"http://www.w3.org/2000/01/rdf-schema#label": "Gollwitz - 1", "http://purl.org/dc/terms/identifier": "416", "http://w3id.org/bb5kbc/ont/hatFID": "416", "http://w3id.org/bb5kbc/ont/hatFundstellenID": "151", "http://w3id.org/bb5kbc/ont/hatGenauigkeit": "0.0", "http://w3id.org/bb5kbc/ont/hatKatalognummer": "24693", "http://www.w3.org/2004/02/skos/core#prefLabel": "Gollwitz - 1", "http://rdfs.org/ns/void#inDataset.value": "3727"}, "geometry": {"type": "Point", "coordinates": [12.63, 52.42]}}, {"type": "Feature", "id": "http://w3id.org/bb5kbc/site_538", "name": "Ciechocinek - Wolica (data:site_538)", "dateprops": [], "properties": {"http://www.w3.org/2000/01/rdf-schema#label": "Ciechocinek - Wolica", "http://purl.org/dc/terms/identifier": "538", "http://w3id.org/bb5kbc/ont/hatFID": "538", "http://w3id.org/bb5kbc/ont/hatFundstellenID": "93", "http://w3id.org/bb5kbc/ont/hatGenauigkeit": "1000.0", "http://w3id.org/bb5kbc/ont/hatKatalognummer": "27", "http://www.w3.org/2004/02/skos/core#prefLabel": "Ciechocinek - Wolica", "http://rdfs.org/ns/void#inDataset.value": "3727"}, "geometry": {"type": "Point", "coordinates": [18.79, 52.89]}}, {"type": "Feature", "id": "http://w3id.org/bb5kbc/site_308", "name": "Brandenburg-Altstadt - 41 (data:site_308)", "dateprops": [], "properties": {"http://www.w3.org/2000/01/rdf-schema#label": "Brandenburg-Altstadt - 41", "http://purl.org/dc/terms/identifier": "308", "http://w3id.org/bb5kbc/ont/hatFID": "308", "http://w3id.org/bb5kbc/ont/hatFundstellenID": "69", "http://w3id.org/bb5kbc/ont/hatGenauigkeit": "0.0", "http://w3id.org/bb5kbc/ont/hatKatalognummer": "39176", "http://www.w3.org/2004/02/skos/core#prefLabel": "Brandenburg-Altstadt - 41", "http://rdfs.org/ns/void#inDataset.value": "3727"}, "geometry": {"type": "Point", "coordinates": [12.56, 52.42]}}, {"type": "Feature", "id": "http://w3id.org/bb5kbc/site_574", "name": "Neuendorf am See 13 (data:site_574)", "dateprops": [], "properties": {"http://www.w3.org/2000/01/rdf-schema#label": "Neuendorf am See 13", "http://purl.org/dc/terms/identifier": "574", "http://w3id.org/bb5kbc/ont/hatFID": "574", "http://w3id.org/bb5kbc/ont/hatFundstellenID": "302", "http://w3id.org/bb5kbc/ont/hatGenauigkeit": "0.0", "http://w3id.org/bb5kbc/ont/hatKatalognummer": "49204", "http://www.w3.org/2004/02/skos/core#prefLabel": "Neuendorf am See 13", "http://rdfs.org/ns/void#inDataset.value": "3727"}, "geometry": {"type": "Point", "coordinates": [13.88, 52.1]}}, {"type": "Feature", "id": "http://w3id.org/bb5kbc/site_206", "name": "Wolica Nowa 41/05 (data:site_206)", "dateprops": [], "properties": {"http://www.w3.org/2000/01/rdf-schema#label": "Wolica Nowa 41/05", "http://purl.org/dc/terms/identifier": "206", "http://w3id.org/bb5kbc/ont/hatFID": "206", "http://w3id.org/bb5kbc/ont/hatFundstellenID": "473", "http://w3id.org/bb5kbc/ont/hatGenauigkeit": "200.0", "http://w3id.org/bb5kbc/ont/hatKatalognummer": "18", "http://www.w3.org/2004/02/skos/core#prefLabel": "Wolica Nowa 41/05", "http://rdfs.org/ns/void#inDataset.value": "3727"}, "geometry": {"type": "Point", "coordinates": [18.88, 52.64]}}, {"type": "Feature", "id": "http://w3id.org/bb5kbc/site_459", "name": "Blankensee - 14 (data:site_459)", "dateprops": [], "properties": {"http://www.w3.org/2000/01/rdf-schema#label": "Blankensee - 14", "http://purl.org/dc/terms/identifier": "459", "http://w3id.org/bb5kbc/ont/hatFID": "459", "http://w3id.org/bb5kbc/ont/hatFundstellenID": "50", "http://w3id.org/bb5kbc/ont/hatGenauigkeit": "0.0", "http://w3id.org/bb5kbc/ont/hatKatalognummer": "49357", "http://www.w3.org/2004/02/skos/core#prefLabel": "Blankensee - 14", "http://rdfs.org/ns/void#inDataset.value": "3727"}, "geometry": {"type": "Point", "coordinates": [13.13, 52.24]}}, {"type": "Feature", "id": "http://w3id.org/bb5kbc/site_232", "name": "Frankfurt/Oder - Ebertus Str. (data:site_232)", "dateprops": [], "properties": {"http://www.w3.org/2000/01/rdf-schema#label": "Frankfurt/Oder - Ebertus Str.", "http://purl.org/dc/terms/identifier": "232", "http://w3id.org/bb5kbc/ont/hatFID": "232", "http://w3id.org/bb5kbc/ont/hatFundstellenID": "124", "http://w3id.org/bb5kbc/ont/hatGenauigkeit": "200.0", "http://w3id.org/bb5kbc/ont/hatKatalognummer": "8", "http://www.w3.org/2004/02/skos/core#prefLabel": "Frankfurt/Oder - Ebertus Str.", "http://rdfs.org/ns/void#inDataset.value": "3727"}, "geometry": {"type": "Point", "coordinates": [14.54, 52.34]}}, {"type": "Feature", "id": "http://w3id.org/bb5kbc/site_454", "name": "Zesch - 2 (data:site_454)", "dateprops": [], "properties": {"http://www.w3.org/2000/01/rdf-schema#label": "Zesch - 2", "http://purl.org/dc/terms/identifier": "454", "http://w3id.org/bb5kbc/ont/hatFID": "454", "http://w3id.org/bb5kbc/ont/hatFundstellenID": "500", "http://w3id.org/bb5kbc/ont/hatGenauigkeit": "0.0", "http://w3id.org/bb5kbc/ont/hatKatalognummer": "24625", "http://www.w3.org/2004/02/skos/core#prefLabel": "Zesch - 2", "http://rdfs.org/ns/void#inDataset.value": "3727"}, "geometry": {"type": "Point", "coordinates": [13.52, 52.11]}}, {"type": "Feature", "id": "http://w3id.org/bb5kbc/site_265", "name": "Potsdam 3/13 (3) (data:site_265)", "dateprops": [], "properties": {"http://www.w3.org/2000/01/rdf-schema#label": "Potsdam 3/13 (3)", "http://purl.org/dc/terms/identifier": "265", "http://w3id.org/bb5kbc/ont/hatFID": "265", "http://w3id.org/bb5kbc/ont/hatFundstellenID": "340", "http://w3id.org/bb5kbc/ont/hatGenauigkeit": "0.0", "http://w3id.org/bb5kbc/ont/hatKatalognummer": "43876", "http://www.w3.org/2004/02/skos/core#prefLabel": "Potsdam 3/13 (3)", "http://rdfs.org/ns/void#inDataset.value": "3727"}, "geometry": {"type": "Point", "coordinates": [13.05, 52.4]}}, {"type": "Feature", "id": "http://w3id.org/bb5kbc/site_426", "name": "Kleinmachnow - 3 (data:site_426)", "dateprops": [], "properties": {"http://www.w3.org/2000/01/rdf-schema#label": "Kleinmachnow - 3", "http://purl.org/dc/terms/identifier": "426", "http://w3id.org/bb5kbc/ont/hatFID": "426", "http://w3id.org/bb5kbc/ont/hatFundstellenID": "219", "http://w3id.org/bb5kbc/ont/hatGenauigkeit": "0.0", "http://w3id.org/bb5kbc/ont/hatKatalognummer": "15538", "http://www.w3.org/2004/02/skos/core#prefLabel": "Kleinmachnow - 3", "http://rdfs.org/ns/void#inDataset.value": "3727"}, "geometry": {"type": "Point", "coordinates": [13.21, 52.4]}}, {"type": "Feature", "id": "http://w3id.org/bb5kbc/site_257", "name": "Dyrotz 37 (data:site_257)", "dateprops": [], "properties": {"http://www.w3.org/2000/01/rdf-schema#label": "Dyrotz 37", "http://purl.org/dc/terms/identifier": "257", "http://w3id.org/bb5kbc/ont/hatFID": "257", "http://w3id.org/bb5kbc/ont/hatFundstellenID": "107", "http://w3id.org/bb5kbc/ont/hatGenauigkeit": "0.0", "http://w3id.org/bb5kbc/ont/hatKatalognummer": "12418", "http://www.w3.org/2004/02/skos/core#prefLabel": "Dyrotz 37", "http://rdfs.org/ns/void#inDataset.value": "3727"}, "geometry": {"type": "Point", "coordinates": [12.96, 52.56]}}, {"type": "Feature", "id": "http://w3id.org/bb5kbc/site_278", "name": "Zeestow 8 (data:site_278)", "dateprops": [], "properties": {"http://www.w3.org/2000/01/rdf-schema#label": "Zeestow 8", "http://purl.org/dc/terms/identifier": "278", "http://w3id.org/bb5kbc/ont/hatFID": "278", "http://w3id.org/bb5kbc/ont/hatFundstellenID": "495", "http://w3id.org/bb5kbc/ont/hatGenauigkeit": "0.0", "http://w3id.org/bb5kbc/ont/hatKatalognummer": "13013", "http://www.w3.org/2004/02/skos/core#prefLabel": "Zeestow 8", "http://rdfs.org/ns/void#inDataset.value": "3727"}, "geometry": {"type": "Point", "coordinates": [12.96, 52.58]}}, {"type": "Feature", "id": "http://w3id.org/bb5kbc/site_84", "name": "Boo\u00dfen 2 (data:site_84)", "dateprops": [], "properties": {"http://www.w3.org/2000/01/rdf-schema#label": "Boo\u00dfen 2", "http://purl.org/dc/terms/identifier": "84", "http://w3id.org/bb5kbc/ont/hatFID": "84", "http://w3id.org/bb5kbc/ont/hatFundstellenID": "61", "http://w3id.org/bb5kbc/ont/hatGenauigkeit": "0.0", "http://w3id.org/bb5kbc/ont/hatKatalognummer": "6258", "http://www.w3.org/2004/02/skos/core#prefLabel": "Boo\u00dfen 2", "http://rdfs.org/ns/void#inDataset.value": "3727"}, "geometry": {"type": "Point", "coordinates": [14.49, 52.38]}}, {"type": "Feature", "id": "http://w3id.org/bb5kbc/site_119", "name": "Wojciechowo (data:site_119)", "dateprops": [], "properties": {"http://www.w3.org/2000/01/rdf-schema#label": "Wojciechowo", "http://purl.org/dc/terms/identifier": "119", "http://w3id.org/bb5kbc/ont/hatFID": "119", "http://w3id.org/bb5kbc/ont/hatFundstellenID": "469", "http://w3id.org/bb5kbc/ont/hatGenauigkeit": "1500.0", "http://w3id.org/bb5kbc/ont/hatKatalognummer": "19", "http://www.w3.org/2004/02/skos/core#prefLabel": "Wojciechowo", "http://rdfs.org/ns/void#inDataset.value": "3727"}, "geometry": {"type": "Point", "coordinates": [15.53, 52.44]}}, {"type": "Feature", "id": "http://w3id.org/bb5kbc/site_393", "name": "K\u00f6nigshorst - 4 (data:site_393)", "dateprops": [], "properties": {"http://www.w3.org/2000/01/rdf-schema#label": "K\u00f6nigshorst - 4", "http://purl.org/dc/terms/identifier": "393", "http://w3id.org/bb5kbc/ont/hatFID": "393", "http://w3id.org/bb5kbc/ont/hatFundstellenID": "231", "http://w3id.org/bb5kbc/ont/hatGenauigkeit": "0.0", "http://w3id.org/bb5kbc/ont/hatKatalognummer": "13125", "http://www.w3.org/2004/02/skos/core#prefLabel": "K\u00f6nigshorst - 4", "http://rdfs.org/ns/void#inDataset.value": "3727"}, "geometry": {"type": "Point", "coordinates": [12.73, 52.72]}}, {"type": "Feature", "id": "http://w3id.org/bb5kbc/site_230", "name": "Schmergow (data:site_230)", "dateprops": [], "properties": {"http://www.w3.org/2000/01/rdf-schema#label": "Schmergow", "http://purl.org/dc/terms/identifier": "230", "http://w3id.org/bb5kbc/ont/hatFID": "230", "http://w3id.org/bb5kbc/ont/hatFundstellenID": "390", "http://w3id.org/bb5kbc/ont/hatGenauigkeit": "2000.0", "http://w3id.org/bb5kbc/ont/hatKatalognummer": "34", "http://www.w3.org/2004/02/skos/core#prefLabel": "Schmergow", "http://rdfs.org/ns/void#inDataset.value": "3727"}, "geometry": {"type": "Point", "coordinates": [12.81, 52.46]}}, {"type": "Feature", "id": "http://w3id.org/bb5kbc/site_191", "name": "Os\u0142onki 49/91 (data:site_191)", "dateprops": [], "properties": {"http://www.w3.org/2000/01/rdf-schema#label": "Os\u0142onki 49/91", "http://purl.org/dc/terms/identifier": "191", "http://w3id.org/bb5kbc/ont/hatFID": "191", "http://w3id.org/bb5kbc/ont/hatFundstellenID": "319", "http://w3id.org/bb5kbc/ont/hatGenauigkeit": "200.0", "http://w3id.org/bb5kbc/ont/hatKatalognummer": "38", "http://www.w3.org/2004/02/skos/core#prefLabel": "Os\u0142onki 49/91", "http://rdfs.org/ns/void#inDataset.value": "3727"}, "geometry": {"type": "Point", "coordinates": [18.79, 52.61]}}, {"type": "Feature", "id": "http://w3id.org/bb5kbc/site_312", "name": "Mittenwalde - 11 (data:site_312)", "dateprops": [], "properties": {"http://www.w3.org/2000/01/rdf-schema#label": "Mittenwalde - 11", "http://purl.org/dc/terms/identifier": "312", "http://w3id.org/bb5kbc/ont/hatFID": "312", "http://w3id.org/bb5kbc/ont/hatFundstellenID": "292", "http://w3id.org/bb5kbc/ont/hatGenauigkeit": "0.0", "http://w3id.org/bb5kbc/ont/hatKatalognummer": "10134", "http://www.w3.org/2004/02/skos/core#prefLabel": "Mittenwalde - 11", "http://rdfs.org/ns/void#inDataset.value": "3727"}, "geometry": {"type": "Point", "coordinates": [13.53, 52.26]}}, {"type": "Feature", "id": "http://w3id.org/bb5kbc/site_455", "name": "Zossen - 10 (data:site_455)", "dateprops": [], "properties": {"http://www.w3.org/2000/01/rdf-schema#label": "Zossen - 10", "http://purl.org/dc/terms/identifier": "455", "http://w3id.org/bb5kbc/ont/hatFID": "455", "http://w3id.org/bb5kbc/ont/hatFundstellenID": "506", "http://w3id.org/bb5kbc/ont/hatGenauigkeit": "0.0", "http://w3id.org/bb5kbc/ont/hatKatalognummer": "24643", "http://www.w3.org/2004/02/skos/core#prefLabel": "Zossen - 10", "http://rdfs.org/ns/void#inDataset.value": "3727"}, "geometry": {"type": "Point", "coordinates": [13.47, 52.22]}}, {"type": "Feature", "id": "http://w3id.org/bb5kbc/site_392", "name": "Alt Ruppin - 25 (data:site_392)", "dateprops": [], "properties": {"http://www.w3.org/2000/01/rdf-schema#label": "Alt Ruppin - 25", "http://purl.org/dc/terms/identifier": "392", "http://w3id.org/bb5kbc/ont/hatFID": "392", "http://w3id.org/bb5kbc/ont/hatFundstellenID": "7", "http://w3id.org/bb5kbc/ont/hatGenauigkeit": "0.0", "http://w3id.org/bb5kbc/ont/hatKatalognummer": "53133", "http://www.w3.org/2004/02/skos/core#prefLabel": "Alt Ruppin - 25", "http://rdfs.org/ns/void#inDataset.value": "3727"}, "geometry": {"type": "Point", "coordinates": [12.81, 53.02]}}, {"type": "Feature", "id": "http://w3id.org/bb5kbc/site_361", "name": "Badingen - 7 (data:site_361)", "dateprops": [], "properties": {"http://www.w3.org/2000/01/rdf-schema#label": "Badingen - 7", "http://purl.org/dc/terms/identifier": "361", "http://w3id.org/bb5kbc/ont/hatFID": "361", "http://w3id.org/bb5kbc/ont/hatFundstellenID": "22", "http://w3id.org/bb5kbc/ont/hatGenauigkeit": "0.0", "http://w3id.org/bb5kbc/ont/hatKatalognummer": "28695", "http://www.w3.org/2004/02/skos/core#prefLabel": "Badingen - 7", "http://rdfs.org/ns/void#inDataset.value": "3727"}, "geometry": {"type": "Point", "coordinates": [13.25, 53.01]}}, {"type": "Feature", "id": "http://w3id.org/bb5kbc/site_360", "name": "Burgwall - 1 (data:site_360)", "dateprops": [], "properties": {"http://www.w3.org/2000/01/rdf-schema#label": "Burgwall - 1", "http://purl.org/dc/terms/identifier": "360", "http://w3id.org/bb5kbc/ont/hatFID": "360", "http://w3id.org/bb5kbc/ont/hatFundstellenID": "87", "http://w3id.org/bb5kbc/ont/hatGenauigkeit": "0.0", "http://w3id.org/bb5kbc/ont/hatKatalognummer": "7568", "http://www.w3.org/2004/02/skos/core#prefLabel": "Burgwall - 1", "http://rdfs.org/ns/void#inDataset.value": "3727"}, "geometry": {"type": "Point", "coordinates": [13.31, 53.05]}}, {"type": "Feature", "id": "http://w3id.org/bb5kbc/site_140", "name": "Alt Jauer/Stary Jaw\u00f3r (data:site_140)", "dateprops": [], "properties": {"http://www.w3.org/2000/01/rdf-schema#label": "Alt Jauer/Stary Jaw\u00f3r", "http://purl.org/dc/terms/identifier": "140", "http://w3id.org/bb5kbc/ont/hatFID": "140", "http://w3id.org/bb5kbc/ont/hatFundstellenID": "3", "http://w3id.org/bb5kbc/ont/hatGenauigkeit": "2500.0", "http://w3id.org/bb5kbc/ont/hatKatalognummer": "19", "http://www.w3.org/2004/02/skos/core#prefLabel": "Alt Jauer/Stary Jaw\u00f3r", "http://rdfs.org/ns/void#inDataset.value": "3727"}, "geometry": {"type": "Point", "coordinates": [16.16, 51.08]}}, {"type": "Feature", "id": "http://w3id.org/bb5kbc/site_387", "name": "Zechliner H\u00fctte - 2 (data:site_387)", "dateprops": [], "properties": {"http://www.w3.org/2000/01/rdf-schema#label": "Zechliner H\u00fctte - 2", "http://purl.org/dc/terms/identifier": "387", "http://w3id.org/bb5kbc/ont/hatFID": "387", "http://w3id.org/bb5kbc/ont/hatFundstellenID": "492", "http://w3id.org/bb5kbc/ont/hatGenauigkeit": "0.0", "http://w3id.org/bb5kbc/ont/hatKatalognummer": "13499", "http://www.w3.org/2004/02/skos/core#prefLabel": "Zechliner H\u00fctte - 2", "http://rdfs.org/ns/void#inDataset.value": "3727"}, "geometry": {"type": "Point", "coordinates": [12.86, 53.17]}}, {"type": "Feature", "id": "http://w3id.org/bb5kbc/site_487", "name": "Kreuzkrug - 12 (data:site_487)", "dateprops": [], "properties": {"http://www.w3.org/2000/01/rdf-schema#label": "Kreuzkrug - 12", "http://purl.org/dc/terms/identifier": "487", "http://w3id.org/bb5kbc/ont/hatFID": "487", "http://w3id.org/bb5kbc/ont/hatFundstellenID": "242", "http://w3id.org/bb5kbc/ont/hatGenauigkeit": "0.0", "http://w3id.org/bb5kbc/ont/hatKatalognummer": "22298", "http://www.w3.org/2004/02/skos/core#prefLabel": "Kreuzkrug - 12", "http://rdfs.org/ns/void#inDataset.value": "3727"}, "geometry": {"type": "Point", "coordinates": [13.6, 53.15]}}, {"type": "Feature", "id": "http://w3id.org/bb5kbc/site_564", "name": "F\u00fcrstenwalde 41 (data:site_564)", "dateprops": [], "properties": {"http://www.w3.org/2000/01/rdf-schema#label": "F\u00fcrstenwalde 41", "http://purl.org/dc/terms/identifier": "564", "http://w3id.org/bb5kbc/ont/hatFID": "564", "http://w3id.org/bb5kbc/ont/hatFundstellenID": "132", "http://w3id.org/bb5kbc/ont/hatGenauigkeit": "0.0", "http://www.w3.org/2004/02/skos/core#prefLabel": "F\u00fcrstenwalde 41", "http://rdfs.org/ns/void#inDataset.value": "3727"}, "geometry": {"type": "Point", "coordinates": [13.94, 52.39]}}, {"type": "Feature", "id": "http://w3id.org/bb5kbc/site_18", "name": "Bernburg 5 (data:site_18)", "dateprops": [], "properties": {"http://www.w3.org/2000/01/rdf-schema#label": "Bernburg 5", "http://purl.org/dc/terms/identifier": "18", "http://w3id.org/bb5kbc/ont/hatFID": "18", "http://w3id.org/bb5kbc/ont/hatFundstellenID": "35", "http://w3id.org/bb5kbc/ont/hatGenauigkeit": "50.0", "http://w3id.org/bb5kbc/ont/hatKatalognummer": "186", "http://www.w3.org/2004/02/skos/core#prefLabel": "Bernburg 5", "http://rdfs.org/ns/void#inDataset.value": "3727"}, "geometry": {"type": "Point", "coordinates": [11.71, 51.79]}}, {"type": "Feature", "id": "http://w3id.org/bb5kbc/site_537", "name": "Sipiory (data:site_537)", "dateprops": [], "properties": {"http://www.w3.org/2000/01/rdf-schema#label": "Sipiory", "http://purl.org/dc/terms/identifier": "537", "http://w3id.org/bb5kbc/ont/hatFID": "537", "http://w3id.org/bb5kbc/ont/hatFundstellenID": "410", "http://w3id.org/bb5kbc/ont/hatGenauigkeit": "1000.0", "http://w3id.org/bb5kbc/ont/hatKatalognummer": "112", "http://www.w3.org/2004/02/skos/core#prefLabel": "Sipiory", "http://rdfs.org/ns/void#inDataset.value": "3727"}, "geometry": {"type": "Point", "coordinates": [17.51, 53.07]}}, {"type": "Feature", "id": "http://w3id.org/bb5kbc/site_150", "name": "Guhrau/G\u00f3ra (data:site_150)", "dateprops": [], "properties": {"http://www.w3.org/2000/01/rdf-schema#label": "Guhrau/G\u00f3ra", "http://purl.org/dc/terms/identifier": "150", "http://w3id.org/bb5kbc/ont/hatFID": "150", "http://w3id.org/bb5kbc/ont/hatFundstellenID": "173", "http://w3id.org/bb5kbc/ont/hatGenauigkeit": "3000.0", "http://www.w3.org/2004/02/skos/core#prefLabel": "Guhrau/G\u00f3ra", "http://rdfs.org/ns/void#inDataset.value": "3727"}, "geometry": {"type": "Point", "coordinates": [16.54, 51.67]}}, {"type": "Feature", "id": "http://w3id.org/bb5kbc/site_580", "name": "Potsdam 82 (data:site_580)", "dateprops": [], "properties": {"http://www.w3.org/2000/01/rdf-schema#label": "Potsdam 82", "http://purl.org/dc/terms/identifier": "580", "http://w3id.org/bb5kbc/ont/hatFID": "580", "http://w3id.org/bb5kbc/ont/hatFundstellenID": "344", "http://w3id.org/bb5kbc/ont/hatGenauigkeit": "0.0", "http://w3id.org/bb5kbc/ont/hatKatalognummer": "40884", "http://www.w3.org/2004/02/skos/core#prefLabel": "Potsdam 82", "http://rdfs.org/ns/void#inDataset.value": "3727"}, "geometry": {"type": "Point", "coordinates": [13.07, 52.4]}}, {"type": "Feature", "id": "http://w3id.org/bb5kbc/site_430", "name": "Putlitz - 6 (data:site_430)", "dateprops": [], "properties": {"http://www.w3.org/2000/01/rdf-schema#label": "Putlitz - 6", "http://purl.org/dc/terms/identifier": "430", "http://w3id.org/bb5kbc/ont/hatFID": "430", "http://w3id.org/bb5kbc/ont/hatFundstellenID": "355", "http://w3id.org/bb5kbc/ont/hatGenauigkeit": "0.0", "http://w3id.org/bb5kbc/ont/hatKatalognummer": "19062", "http://www.w3.org/2004/02/skos/core#prefLabel": "Putlitz - 6", "http://rdfs.org/ns/void#inDataset.value": "3727"}, "geometry": {"type": "Point", "coordinates": [12.03, 53.24]}}, {"type": "Feature", "id": "http://w3id.org/bb5kbc/site_588", "name": "Potzlow 36 (data:site_588)", "dateprops": [], "properties": {"http://www.w3.org/2000/01/rdf-schema#label": "Potzlow 36", "http://purl.org/dc/terms/identifier": "588", "http://w3id.org/bb5kbc/ont/hatFID": "588", "http://w3id.org/bb5kbc/ont/hatFundstellenID": "345", "http://w3id.org/bb5kbc/ont/hatGenauigkeit": "0.0", "http://w3id.org/bb5kbc/ont/hatKatalognummer": "31934", "http://www.w3.org/2004/02/skos/core#prefLabel": "Potzlow 36", "http://rdfs.org/ns/void#inDataset.value": "3727"}, "geometry": {"type": "Point", "coordinates": [13.83, 53.22]}}, {"type": "Feature", "id": "http://w3id.org/bb5kbc/site_16", "name": "Barleben 20 (data:site_16)", "dateprops": [], "properties": {"http://www.w3.org/2000/01/rdf-schema#label": "Barleben 20", "http://purl.org/dc/terms/identifier": "16", "http://w3id.org/bb5kbc/ont/hatFID": "16", "http://w3id.org/bb5kbc/ont/hatFundstellenID": "25", "http://w3id.org/bb5kbc/ont/hatGenauigkeit": "0.0", "http://w3id.org/bb5kbc/ont/hatKatalognummer": "523", "http://www.w3.org/2004/02/skos/core#prefLabel": "Barleben 20", "http://rdfs.org/ns/void#inDataset.value": "3727"}, "geometry": {"type": "Point", "coordinates": [11.63, 52.21]}}, {"type": "Feature", "id": "http://w3id.org/bb5kbc/site_414", "name": "Pl\u00f6tzin - 3 (data:site_414)", "dateprops": [], "properties": {"http://www.w3.org/2000/01/rdf-schema#label": "Pl\u00f6tzin - 3", "http://purl.org/dc/terms/identifier": "414", "http://w3id.org/bb5kbc/ont/hatFID": "414", "http://w3id.org/bb5kbc/ont/hatFundstellenID": "333", "http://w3id.org/bb5kbc/ont/hatGenauigkeit": "0.0", "http://w3id.org/bb5kbc/ont/hatKatalognummer": "15736", "http://www.w3.org/2004/02/skos/core#prefLabel": "Pl\u00f6tzin - 3", "http://rdfs.org/ns/void#inDataset.value": "3727"}, "geometry": {"type": "Point", "coordinates": [12.84, 52.39]}}, {"type": "Feature", "id": "http://w3id.org/bb5kbc/site_11", "name": "O\u00dfmanstedt (data:site_11)", "dateprops": [], "properties": {"http://www.w3.org/2000/01/rdf-schema#label": "O\u00dfmanstedt", "http://purl.org/dc/terms/identifier": "11", "http://w3id.org/bb5kbc/ont/hatFID": "11", "http://w3id.org/bb5kbc/ont/hatFundstellenID": "320", "http://w3id.org/bb5kbc/ont/hatGenauigkeit": "50.0", "http://w3id.org/bb5kbc/ont/hatKatalognummer": "10", "http://www.w3.org/2004/02/skos/core#prefLabel": "O\u00dfmanstedt", "http://rdfs.org/ns/void#inDataset.value": "3727"}, "geometry": {"type": "Point", "coordinates": [11.42, 51.02]}}, {"type": "Feature", "id": "http://w3id.org/bb5kbc/site_259", "name": "Frankfurt 108 (data:site_259)", "dateprops": [], "properties": {"http://www.w3.org/2000/01/rdf-schema#label": "Frankfurt 108", "http://purl.org/dc/terms/identifier": "259", "http://w3id.org/bb5kbc/ont/hatFID": "259", "http://w3id.org/bb5kbc/ont/hatFundstellenID": "122", "http://w3id.org/bb5kbc/ont/hatGenauigkeit": "0.0", "http://w3id.org/bb5kbc/ont/hatKatalognummer": "6357", "http://www.w3.org/2004/02/skos/core#prefLabel": "Frankfurt 108", "http://rdfs.org/ns/void#inDataset.value": "3727"}, "geometry": {"type": "Point", "coordinates": [14.52, 52.33]}}, {"type": "Feature", "id": "http://w3id.org/bb5kbc/site_477", "name": "Sch\u00f6nermark - 22 (data:site_477)", "dateprops": [], "properties": {"http://www.w3.org/2000/01/rdf-schema#label": "Sch\u00f6nermark - 22", "http://purl.org/dc/terms/identifier": "477", "http://w3id.org/bb5kbc/ont/hatFID": "477", "http://w3id.org/bb5kbc/ont/hatFundstellenID": "394", "http://w3id.org/bb5kbc/ont/hatGenauigkeit": "0.0", "http://w3id.org/bb5kbc/ont/hatKatalognummer": "818", "http://www.w3.org/2004/02/skos/core#prefLabel": "Sch\u00f6nermark - 22", "http://rdfs.org/ns/void#inDataset.value": "3727"}, "geometry": {"type": "Point", "coordinates": [14.08, 53.11]}}, {"type": "Feature", "id": "http://w3id.org/bb5kbc/site_15", "name": "Jersleben 2 (data:site_15)", "dateprops": [], "properties": {"http://www.w3.org/2000/01/rdf-schema#label": "Jersleben 2", "http://purl.org/dc/terms/identifier": "15", "http://w3id.org/bb5kbc/ont/hatFID": "15", "http://w3id.org/bb5kbc/ont/hatFundstellenID": "201", "http://w3id.org/bb5kbc/ont/hatGenauigkeit": "500.0", "http://w3id.org/bb5kbc/ont/hatKatalognummer": "534", "http://www.w3.org/2004/02/skos/core#prefLabel": "Jersleben 2", "http://rdfs.org/ns/void#inDataset.value": "3727"}, "geometry": {"type": "Point", "coordinates": [11.56, 52.24]}}, {"type": "Feature", "id": "http://w3id.org/bb5kbc/site_524", "name": "\u017begotki 2 (data:site_524)", "dateprops": [], "properties": {"http://www.w3.org/2000/01/rdf-schema#label": "\u017begotki 2", "http://purl.org/dc/terms/identifier": "524", "http://w3id.org/bb5kbc/ont/hatFID": "524", "http://w3id.org/bb5kbc/ont/hatFundstellenID": "496", "http://w3id.org/bb5kbc/ont/hatGenauigkeit": "1500.0", "http://w3id.org/bb5kbc/ont/hatKatalognummer": "137", "http://www.w3.org/2004/02/skos/core#prefLabel": "\u017begotki 2", "http://rdfs.org/ns/void#inDataset.value": "3727"}, "geometry": {"type": "Point", "coordinates": [18.22, 52.68]}}, {"type": "Feature", "id": "http://w3id.org/bb5kbc/site_216", "name": "Brze\u015b\u0107 Kujawski 3 (data:site_216)", "dateprops": [], "properties": {"http://www.w3.org/2000/01/rdf-schema#label": "Brze\u015b\u0107 Kujawski 3", "http://purl.org/dc/terms/identifier": "216", "http://w3id.org/bb5kbc/ont/hatFID": "216", "http://w3id.org/bb5kbc/ont/hatFundstellenID": "79", "http://w3id.org/bb5kbc/ont/hatGenauigkeit": "200.0", "http://w3id.org/bb5kbc/ont/hatKatalognummer": "1", "http://www.w3.org/2004/02/skos/core#prefLabel": "Brze\u015b\u0107 Kujawski 3", "http://rdfs.org/ns/void#inDataset.value": "3727"}, "geometry": {"type": "Point", "coordinates": [18.92, 52.61]}}, {"type": "Feature", "id": "http://w3id.org/bb5kbc/site_12", "name": "Memleben 1 (data:site_12)", "dateprops": [], "properties": {"http://www.w3.org/2000/01/rdf-schema#label": "Memleben 1", "http://purl.org/dc/terms/identifier": "12", "http://w3id.org/bb5kbc/ont/hatFID": "12", "http://w3id.org/bb5kbc/ont/hatFundstellenID": "279", "http://w3id.org/bb5kbc/ont/hatGenauigkeit": "50.0", "http://w3id.org/bb5kbc/ont/hatKatalognummer": "362", "http://www.w3.org/2004/02/skos/core#prefLabel": "Memleben 1", "http://rdfs.org/ns/void#inDataset.value": "3727"}, "geometry": {"type": "Point", "coordinates": [11.5, 51.27]}}, {"type": "Feature", "id": "http://w3id.org/bb5kbc/site_587", "name": "Bietikow 15 (data:site_587)", "dateprops": [], "properties": {"http://www.w3.org/2000/01/rdf-schema#label": "Bietikow 15", "http://purl.org/dc/terms/identifier": "587", "http://w3id.org/bb5kbc/ont/hatFID": "587", "http://w3id.org/bb5kbc/ont/hatFundstellenID": "39", "http://w3id.org/bb5kbc/ont/hatGenauigkeit": "0.0", "http://w3id.org/bb5kbc/ont/hatKatalognummer": "16318", "http://www.w3.org/2004/02/skos/core#prefLabel": "Bietikow 15", "http://rdfs.org/ns/void#inDataset.value": "3727"}, "geometry": {"type": "Point", "coordinates": [13.96, 53.28]}}, {"type": "Feature", "id": "http://w3id.org/bb5kbc/site_453", "name": "Sperenberg - 1 (data:site_453)", "dateprops": [], "properties": {"http://www.w3.org/2000/01/rdf-schema#label": "Sperenberg - 1", "http://purl.org/dc/terms/identifier": "453", "http://w3id.org/bb5kbc/ont/hatFID": "453", "http://w3id.org/bb5kbc/ont/hatFundstellenID": "416", "http://w3id.org/bb5kbc/ont/hatGenauigkeit": "0.0", "http://w3id.org/bb5kbc/ont/hatKatalognummer": "24540", "http://www.w3.org/2004/02/skos/core#prefLabel": "Sperenberg - 1", "http://rdfs.org/ns/void#inDataset.value": "3727"}, "geometry": {"type": "Point", "coordinates": [13.39, 52.14]}}, {"type": "Feature", "id": "http://w3id.org/bb5kbc/site_286", "name": "Flatow 17 (data:site_286)", "dateprops": [], "properties": {"http://www.w3.org/2000/01/rdf-schema#label": "Flatow 17", "http://purl.org/dc/terms/identifier": "286", "http://w3id.org/bb5kbc/ont/hatFID": "286", "http://w3id.org/bb5kbc/ont/hatFundstellenID": "118", "http://w3id.org/bb5kbc/ont/hatGenauigkeit": "0.0", "http://w3id.org/bb5kbc/ont/hatKatalognummer": "48320", "http://www.w3.org/2004/02/skos/core#prefLabel": "Flatow 17", "http://rdfs.org/ns/void#inDataset.value": "3727"}, "geometry": {"type": "Point", "coordinates": [12.91, 52.74]}}, {"type": "Feature", "id": "http://w3id.org/bb5kbc/site_357", "name": "Zehdenick - 33 (data:site_357)", "dateprops": [], "properties": {"http://www.w3.org/2000/01/rdf-schema#label": "Zehdenick - 33", "http://purl.org/dc/terms/identifier": "357", "http://w3id.org/bb5kbc/ont/hatFID": "357", "http://w3id.org/bb5kbc/ont/hatFundstellenID": "498", "http://w3id.org/bb5kbc/ont/hatGenauigkeit": "0.0", "http://w3id.org/bb5kbc/ont/hatKatalognummer": "33359", "http://www.w3.org/2004/02/skos/core#prefLabel": "Zehdenick - 33", "http://rdfs.org/ns/void#inDataset.value": "3727"}, "geometry": {"type": "Point", "coordinates": [13.36, 53.02]}}, {"type": "Feature", "id": "http://w3id.org/bb5kbc/site_35", "name": "Prettin 6 (data:site_35)", "dateprops": [], "properties": {"http://www.w3.org/2000/01/rdf-schema#label": "Prettin 6", "http://purl.org/dc/terms/identifier": "35", "http://w3id.org/bb5kbc/ont/hatFID": "35", "http://w3id.org/bb5kbc/ont/hatFundstellenID": "351", "http://w3id.org/bb5kbc/ont/hatGenauigkeit": "0.0", "http://www.w3.org/2004/02/skos/core#prefLabel": "Prettin 6", "http://rdfs.org/ns/void#inDataset.value": "3727"}, "geometry": {"type": "Point", "coordinates": [12.9, 51.67]}}, {"type": "Feature", "id": "http://w3id.org/bb5kbc/site_539", "name": "Bakowo 3 (data:site_539)", "dateprops": [], "properties": {"http://www.w3.org/2000/01/rdf-schema#label": "Bakowo 3", "http://purl.org/dc/terms/identifier": "539", "http://w3id.org/bb5kbc/ont/hatFID": "539", "http://w3id.org/bb5kbc/ont/hatFundstellenID": "23", "http://w3id.org/bb5kbc/ont/hatGenauigkeit": "1500.0", "http://w3id.org/bb5kbc/ont/hatKatalognummer": "2", "http://www.w3.org/2004/02/skos/core#prefLabel": "Bakowo 3", "http://rdfs.org/ns/void#inDataset.value": "3727"}, "geometry": {"type": "Point", "coordinates": [18.49, 52.76]}}, {"type": "Feature", "id": "http://w3id.org/bb5kbc/site_463", "name": "Kliestow - 20 (data:site_463)", "dateprops": [], "properties": {"http://www.w3.org/2000/01/rdf-schema#label": "Kliestow - 20", "http://purl.org/dc/terms/identifier": "463", "http://w3id.org/bb5kbc/ont/hatFID": "463", "http://w3id.org/bb5kbc/ont/hatFundstellenID": "221", "http://w3id.org/bb5kbc/ont/hatGenauigkeit": "0.0", "http://w3id.org/bb5kbc/ont/hatKatalognummer": "54635", "http://www.w3.org/2004/02/skos/core#prefLabel": "Kliestow - 20", "http://rdfs.org/ns/void#inDataset.value": "3727"}, "geometry": {"type": "Point", "coordinates": [13.2, 52.19]}}, {"type": "Feature", "id": "http://w3id.org/bb5kbc/site_284", "name": "Dyrotz 43 (data:site_284)", "dateprops": [], "properties": {"http://www.w3.org/2000/01/rdf-schema#label": "Dyrotz 43", "http://purl.org/dc/terms/identifier": "284", "http://w3id.org/bb5kbc/ont/hatFID": "284", "http://w3id.org/bb5kbc/ont/hatFundstellenID": "108", "http://w3id.org/bb5kbc/ont/hatGenauigkeit": "0.0", "http://w3id.org/bb5kbc/ont/hatKatalognummer": "30077", "http://www.w3.org/2004/02/skos/core#prefLabel": "Dyrotz 43", "http://rdfs.org/ns/void#inDataset.value": "3727"}, "geometry": {"type": "Point", "coordinates": [12.97, 52.55]}}, {"type": "Feature", "id": "http://w3id.org/bb5kbc/site_123", "name": "Goszczanowiec/Guschterholl\u00e4nder (data:site_123)", "dateprops": [], "properties": {"http://www.w3.org/2000/01/rdf-schema#label": "Goszczanowiec/Guschterholl\u00e4nder", "http://purl.org/dc/terms/identifier": "123", "http://w3id.org/bb5kbc/ont/hatFID": "123", "http://w3id.org/bb5kbc/ont/hatFundstellenID": "154", "http://w3id.org/bb5kbc/ont/hatGenauigkeit": "1500.0", "http://w3id.org/bb5kbc/ont/hatKatalognummer": "15", "http://www.w3.org/2004/02/skos/core#prefLabel": "Goszczanowiec/Guschterholl\u00e4nder", "http://rdfs.org/ns/void#inDataset.value": "3727"}, "geometry": {"type": "Point", "coordinates": [15.62, 52.73]}}, {"type": "Feature", "id": "http://w3id.org/bb5kbc/site_249", "name": "S\u0119dowo 1 (data:site_249)", "dateprops": [], "properties": {"http://www.w3.org/2000/01/rdf-schema#label": "S\u0119dowo 1", "http://purl.org/dc/terms/identifier": "249", "http://w3id.org/bb5kbc/ont/hatFID": "249", "http://w3id.org/bb5kbc/ont/hatFundstellenID": "405", "http://w3id.org/bb5kbc/ont/hatGenauigkeit": "200.0", "http://www.w3.org/2004/02/skos/core#prefLabel": "S\u0119dowo 1", "http://rdfs.org/ns/void#inDataset.value": "3727"}, "geometry": {"type": "Point", "coordinates": [17.98, 52.74]}}, {"type": "Feature", "id": "http://w3id.org/bb5kbc/site_544", "name": "Janikowo 6 (data:site_544)", "dateprops": [], "properties": {"http://www.w3.org/2000/01/rdf-schema#label": "Janikowo 6", "http://purl.org/dc/terms/identifier": "544", "http://w3id.org/bb5kbc/ont/hatFID": "544", "http://w3id.org/bb5kbc/ont/hatFundstellenID": "198", "http://w3id.org/bb5kbc/ont/hatGenauigkeit": "1000.0", "http://w3id.org/bb5kbc/ont/hatKatalognummer": "52", "http://www.w3.org/2004/02/skos/core#prefLabel": "Janikowo 6", "http://rdfs.org/ns/void#inDataset.value": "3727"}, "geometry": {"type": "Point", "coordinates": [18.11, 52.75]}}, {"type": "Feature", "id": "http://w3id.org/bb5kbc/site_131", "name": "Biech\u00f3w (data:site_131)", "dateprops": [], "properties": {"http://www.w3.org/2000/01/rdf-schema#label": "Biech\u00f3w", "http://purl.org/dc/terms/identifier": "131", "http://w3id.org/bb5kbc/ont/hatFID": "131", "http://w3id.org/bb5kbc/ont/hatFundstellenID": "36", "http://w3id.org/bb5kbc/ont/hatGenauigkeit": "3000.0", "http://w3id.org/bb5kbc/ont/hatKatalognummer": "32", "http://www.w3.org/2004/02/skos/core#prefLabel": "Biech\u00f3w", "http://rdfs.org/ns/void#inDataset.value": "3727"}, "geometry": {"type": "Point", "coordinates": [16.02, 51.68]}}, {"type": "Feature", "id": "http://w3id.org/bb5kbc/site_470", "name": "Berkholz zu Berkholz-Meyenburg - 9 (data:site_470)", "dateprops": [], "properties": {"http://www.w3.org/2000/01/rdf-schema#label": "Berkholz zu Berkholz-Meyenburg - 9", "http://purl.org/dc/terms/identifier": "470", "http://w3id.org/bb5kbc/ont/hatFID": "470", "http://w3id.org/bb5kbc/ont/hatFundstellenID": "32", "http://w3id.org/bb5kbc/ont/hatGenauigkeit": "0.0", "http://w3id.org/bb5kbc/ont/hatKatalognummer": "159", "http://www.w3.org/2004/02/skos/core#prefLabel": "Berkholz zu Berkholz-Meyenburg - 9", "http://rdfs.org/ns/void#inDataset.value": "3727"}, "geometry": {"type": "Point", "coordinates": [14.18, 53.06]}}, {"type": "Feature", "id": "http://w3id.org/bb5kbc/site_350", "name": "M\u00fcnchehofe - 3 (data:site_350)", "dateprops": [], "properties": {"http://www.w3.org/2000/01/rdf-schema#label": "M\u00fcnchehofe - 3", "http://purl.org/dc/terms/identifier": "350", "http://w3id.org/bb5kbc/ont/hatFID": "350", "http://w3id.org/bb5kbc/ont/hatFundstellenID": "297", "http://w3id.org/bb5kbc/ont/hatGenauigkeit": "0.0", "http://w3id.org/bb5kbc/ont/hatKatalognummer": "21600", "http://www.w3.org/2004/02/skos/core#prefLabel": "M\u00fcnchehofe - 3", "http://rdfs.org/ns/void#inDataset.value": "3727"}, "geometry": {"type": "Point", "coordinates": [14.12, 52.56]}}, {"type": "Feature", "id": "http://w3id.org/bb5kbc/site_449", "name": "Kummersdorf - 1 (data:site_449)", "dateprops": [], "properties": {"http://www.w3.org/2000/01/rdf-schema#label": "Kummersdorf - 1", "http://purl.org/dc/terms/identifier": "449", "http://w3id.org/bb5kbc/ont/hatFID": "449", "http://w3id.org/bb5kbc/ont/hatFundstellenID": "252", "http://w3id.org/bb5kbc/ont/hatGenauigkeit": "0.0", "http://w3id.org/bb5kbc/ont/hatKatalognummer": "24360", "http://www.w3.org/2004/02/skos/core#prefLabel": "Kummersdorf - 1", "http://rdfs.org/ns/void#inDataset.value": "3727"}, "geometry": {"type": "Point", "coordinates": [13.34, 52.16]}}, {"type": "Feature", "id": "http://w3id.org/bb5kbc/site_56", "name": "Neuendorf am See 6 (data:site_56)", "dateprops": [], "properties": {"http://www.w3.org/2000/01/rdf-schema#label": "Neuendorf am See 6", "http://purl.org/dc/terms/identifier": "56", "http://w3id.org/bb5kbc/ont/hatFID": "56", "http://w3id.org/bb5kbc/ont/hatFundstellenID": "303", "http://w3id.org/bb5kbc/ont/hatGenauigkeit": "0.0", "http://w3id.org/bb5kbc/ont/hatKatalognummer": "11326", "http://www.w3.org/2004/02/skos/core#prefLabel": "Neuendorf am See 6", "http://rdfs.org/ns/void#inDataset.value": "3727"}, "geometry": {"type": "Point", "coordinates": [13.88, 52.1]}}, {"type": "Feature", "id": "http://w3id.org/bb5kbc/site_242", "name": "R\u00f3wnina Dolna III (data:site_242)", "dateprops": [], "properties": {"http://www.w3.org/2000/01/rdf-schema#label": "R\u00f3wnina Dolna III", "http://purl.org/dc/terms/identifier": "242", "http://w3id.org/bb5kbc/ont/hatFID": "242", "http://w3id.org/bb5kbc/ont/hatFundstellenID": "377", "http://w3id.org/bb5kbc/ont/hatGenauigkeit": "50.0", "http://w3id.org/bb5kbc/ont/hatKatalognummer": "4", "http://www.w3.org/2004/02/skos/core#prefLabel": "R\u00f3wnina Dolna III", "http://rdfs.org/ns/void#inDataset.value": "3727"}, "geometry": {"type": "Point", "coordinates": [21.23, 54.19]}}, {"type": "Feature", "id": "http://w3id.org/bb5kbc/site_558", "name": "Mierzyn 9 (data:site_558)", "dateprops": [], "properties": {"http://www.w3.org/2000/01/rdf-schema#label": "Mierzyn 9", "http://purl.org/dc/terms/identifier": "558", "http://w3id.org/bb5kbc/ont/hatFID": "558", "http://w3id.org/bb5kbc/ont/hatFundstellenID": "291", "http://w3id.org/bb5kbc/ont/hatGenauigkeit": "800.0", "http://w3id.org/bb5kbc/ont/hatKatalognummer": "6", "http://www.w3.org/2004/02/skos/core#prefLabel": "Mierzyn 9", "http://rdfs.org/ns/void#inDataset.value": "3727"}, "geometry": {"type": "Point", "coordinates": [14.44, 53.43]}}, {"type": "Feature", "id": "http://w3id.org/bb5kbc/site_47", "name": "Schia\u00df 1 (data:site_47)", "dateprops": [], "properties": {"http://www.w3.org/2000/01/rdf-schema#label": "Schia\u00df 1", "http://purl.org/dc/terms/identifier": "47", "http://w3id.org/bb5kbc/ont/hatFID": "47", "http://w3id.org/bb5kbc/ont/hatFundstellenID": "386", "http://w3id.org/bb5kbc/ont/hatGenauigkeit": "0.0", "http://w3id.org/bb5kbc/ont/hatKatalognummer": "24516", "http://www.w3.org/2004/02/skos/core#prefLabel": "Schia\u00df 1", "http://rdfs.org/ns/void#inDataset.value": "3727"}, "geometry": {"type": "Point", "coordinates": [13.14, 52.26]}}, {"type": "Feature", "id": "http://w3id.org/bb5kbc/site_186", "name": "Redecz Krukowy 20 (data:site_186)", "dateprops": [], "properties": {"http://www.w3.org/2000/01/rdf-schema#label": "Redecz Krukowy 20", "http://purl.org/dc/terms/identifier": "186", "http://w3id.org/bb5kbc/ont/hatFID": "186", "http://w3id.org/bb5kbc/ont/hatFundstellenID": "366", "http://w3id.org/bb5kbc/ont/hatGenauigkeit": "200.0", "http://w3id.org/bb5kbc/ont/hatKatalognummer": "39", "http://www.w3.org/2004/02/skos/core#prefLabel": "Redecz Krukowy 20", "http://rdfs.org/ns/void#inDataset.value": "3727"}, "geometry": {"type": "Point", "coordinates": [18.78, 52.6]}}, {"type": "Feature", "id": "http://w3id.org/bb5kbc/site_138", "name": "G\u0142og\u00f3w-Nosocice/No\u00dfwitz (data:site_138)", "dateprops": [], "properties": {"http://www.w3.org/2000/01/rdf-schema#label": "G\u0142og\u00f3w-Nosocice/No\u00dfwitz", "http://purl.org/dc/terms/identifier": "138", "http://w3id.org/bb5kbc/ont/hatFID": "138", "http://w3id.org/bb5kbc/ont/hatFundstellenID": "145", "http://w3id.org/bb5kbc/ont/hatGenauigkeit": "1000.0", "http://w3id.org/bb5kbc/ont/hatKatalognummer": "35", "http://www.w3.org/2004/02/skos/core#prefLabel": "G\u0142og\u00f3w-Nosocice/No\u00dfwitz", "http://rdfs.org/ns/void#inDataset.value": "3727"}, "geometry": {"type": "Point", "coordinates": [16.13, 51.65]}}, {"type": "Feature", "id": "http://w3id.org/bb5kbc/site_456", "name": "Trebbin - 14 (data:site_456)", "dateprops": [], "properties": {"http://www.w3.org/2000/01/rdf-schema#label": "Trebbin - 14", "http://purl.org/dc/terms/identifier": "456", "http://w3id.org/bb5kbc/ont/hatFID": "456", "http://w3id.org/bb5kbc/ont/hatFundstellenID": "437", "http://w3id.org/bb5kbc/ont/hatGenauigkeit": "0.0", "http://w3id.org/bb5kbc/ont/hatKatalognummer": "30513", "http://www.w3.org/2004/02/skos/core#prefLabel": "Trebbin - 14", "http://rdfs.org/ns/void#inDataset.value": "3727"}, "geometry": {"type": "Point", "coordinates": [13.22, 52.22]}}, {"type": "Feature", "id": "http://w3id.org/bb5kbc/site_471", "name": "Flemsdorf - 19 (data:site_471)", "dateprops": [], "properties": {"http://www.w3.org/2000/01/rdf-schema#label": "Flemsdorf - 19", "http://purl.org/dc/terms/identifier": "471", "http://w3id.org/bb5kbc/ont/hatFID": "471", "http://w3id.org/bb5kbc/ont/hatFundstellenID": "119", "http://w3id.org/bb5kbc/ont/hatGenauigkeit": "0.0", "http://w3id.org/bb5kbc/ont/hatKatalognummer": "379", "http://www.w3.org/2004/02/skos/core#prefLabel": "Flemsdorf - 19", "http://rdfs.org/ns/void#inDataset.value": "3727"}, "geometry": {"type": "Point", "coordinates": [14.17, 53.04]}}, {"type": "Feature", "id": "http://w3id.org/bb5kbc/site_258", "name": "Flemsdorf 10 (data:site_258)", "dateprops": [], "properties": {"http://www.w3.org/2000/01/rdf-schema#label": "Flemsdorf 10", "http://purl.org/dc/terms/identifier": "258", "http://w3id.org/bb5kbc/ont/hatFID": "258", "http://w3id.org/bb5kbc/ont/hatFundstellenID": "120", "http://w3id.org/bb5kbc/ont/hatGenauigkeit": "0.0", "http://w3id.org/bb5kbc/ont/hatKatalognummer": "53473", "http://www.w3.org/2004/02/skos/core#prefLabel": "Flemsdorf 10", "http://rdfs.org/ns/void#inDataset.value": "3727"}, "geometry": {"type": "Point", "coordinates": [14.16, 53.03]}}, {"type": "Feature", "id": "http://w3id.org/bb5kbc/site_342", "name": "Buckow - 4 (data:site_342)", "dateprops": [], "properties": {"http://www.w3.org/2000/01/rdf-schema#label": "Buckow - 4", "http://purl.org/dc/terms/identifier": "342", "http://w3id.org/bb5kbc/ont/hatFID": "342", "http://w3id.org/bb5kbc/ont/hatFundstellenID": "85", "http://w3id.org/bb5kbc/ont/hatGenauigkeit": "0.0", "http://w3id.org/bb5kbc/ont/hatKatalognummer": "24720", "http://www.w3.org/2004/02/skos/core#prefLabel": "Buckow - 4", "http://rdfs.org/ns/void#inDataset.value": "3727"}, "geometry": {"type": "Point", "coordinates": [12.27, 52.59]}}, {"type": "Feature", "id": "http://w3id.org/bb5kbc/site_344", "name": "Strodehne - 19 (data:site_344)", "dateprops": [], "properties": {"http://www.w3.org/2000/01/rdf-schema#label": "Strodehne - 19", "http://purl.org/dc/terms/identifier": "344", "http://w3id.org/bb5kbc/ont/hatFID": "344", "http://w3id.org/bb5kbc/ont/hatFundstellenID": "426", "http://w3id.org/bb5kbc/ont/hatGenauigkeit": "0.0", "http://w3id.org/bb5kbc/ont/hatKatalognummer": "20021", "http://www.w3.org/2004/02/skos/core#prefLabel": "Strodehne - 19", "http://rdfs.org/ns/void#inDataset.value": "3727"}, "geometry": {"type": "Point", "coordinates": [12.24, 52.74]}}, {"type": "Feature", "id": "http://w3id.org/bb5kbc/site_469", "name": "Gellmersdorf - 8 (data:site_469)", "dateprops": [], "properties": {"http://www.w3.org/2000/01/rdf-schema#label": "Gellmersdorf - 8", "http://purl.org/dc/terms/identifier": "469", "http://w3id.org/bb5kbc/ont/hatFID": "469", "http://w3id.org/bb5kbc/ont/hatFundstellenID": "139", "http://w3id.org/bb5kbc/ont/hatGenauigkeit": "0.0", "http://w3id.org/bb5kbc/ont/hatKatalognummer": "450", "http://www.w3.org/2004/02/skos/core#prefLabel": "Gellmersdorf - 8", "http://rdfs.org/ns/void#inDataset.value": "3727"}, "geometry": {"type": "Point", "coordinates": [14.06, 52.96]}}, {"type": "Feature", "id": "http://w3id.org/bb5kbc/site_170", "name": "Bladen/W\u0142odzienin (data:site_170)", "dateprops": [], "properties": {"http://www.w3.org/2000/01/rdf-schema#label": "Bladen/W\u0142odzienin", "http://purl.org/dc/terms/identifier": "170", "http://w3id.org/bb5kbc/ont/hatFID": "170", "http://w3id.org/bb5kbc/ont/hatFundstellenID": "46", "http://w3id.org/bb5kbc/ont/hatGenauigkeit": "2000.0", "http://w3id.org/bb5kbc/ont/hatKatalognummer": "2", "http://www.w3.org/2004/02/skos/core#prefLabel": "Bladen/W\u0142odzienin", "http://rdfs.org/ns/void#inDataset.value": "3727"}, "geometry": {"type": "Point", "coordinates": [17.84, 50.12]}}, {"type": "Feature", "id": "http://w3id.org/bb5kbc/site_177", "name": "Bielawki 5 (data:site_177)", "dateprops": [], "properties": {"http://www.w3.org/2000/01/rdf-schema#label": "Bielawki 5", "http://purl.org/dc/terms/identifier": "177", "http://w3id.org/bb5kbc/ont/hatFID": "177", "http://w3id.org/bb5kbc/ont/hatFundstellenID": "37", "http://w3id.org/bb5kbc/ont/hatGenauigkeit": "50.0", "http://www.w3.org/2004/02/skos/core#prefLabel": "Bielawki 5", "http://rdfs.org/ns/void#inDataset.value": "3727"}, "geometry": {"type": "Point", "coordinates": [18.65, 53.91]}}, {"type": "Feature", "id": "http://w3id.org/bb5kbc/site_73", "name": "Flemsdorf 6/1 (6) (data:site_73)", "dateprops": [], "properties": {"http://www.w3.org/2000/01/rdf-schema#label": "Flemsdorf 6/1 (6)", "http://purl.org/dc/terms/identifier": "73", "http://w3id.org/bb5kbc/ont/hatFID": "73", "http://w3id.org/bb5kbc/ont/hatFundstellenID": "121", "http://w3id.org/bb5kbc/ont/hatGenauigkeit": "0.0", "http://w3id.org/bb5kbc/ont/hatKatalognummer": "366", "http://www.w3.org/2004/02/skos/core#prefLabel": "Flemsdorf 6/1 (6)", "http://rdfs.org/ns/void#inDataset.value": "3727"}, "geometry": {"type": "Point", "coordinates": [14.17, 53.03]}}, {"type": "Feature", "id": "http://w3id.org/bb5kbc/site_183", "name": "Borucin XL/03 (data:site_183)", "dateprops": [], "properties": {"http://www.w3.org/2000/01/rdf-schema#label": "Borucin XL/03", "http://purl.org/dc/terms/identifier": "183", "http://w3id.org/bb5kbc/ont/hatFID": "183", "http://w3id.org/bb5kbc/ont/hatFundstellenID": "65", "http://w3id.org/bb5kbc/ont/hatGenauigkeit": "200.0", "http://w3id.org/bb5kbc/ont/hatKatalognummer": "42", "http://www.w3.org/2004/02/skos/core#prefLabel": "Borucin XL/03", "http://rdfs.org/ns/void#inDataset.value": "3727"}, "geometry": {"type": "Point", "coordinates": [18.73, 52.6]}}, {"type": "Feature", "id": "http://w3id.org/bb5kbc/site_83", "name": "Niederjesar 3 (data:site_83)", "dateprops": [], "properties": {"http://www.w3.org/2000/01/rdf-schema#label": "Niederjesar 3", "http://purl.org/dc/terms/identifier": "83", "http://w3id.org/bb5kbc/ont/hatFID": "83", "http://w3id.org/bb5kbc/ont/hatFundstellenID": "307", "http://w3id.org/bb5kbc/ont/hatGenauigkeit": "0.0", "http://w3id.org/bb5kbc/ont/hatKatalognummer": "21176", "http://www.w3.org/2004/02/skos/core#prefLabel": "Niederjesar 3", "http://rdfs.org/ns/void#inDataset.value": "3727"}, "geometry": {"type": "Point", "coordinates": [14.46, 52.44]}}, {"type": "Feature", "id": "http://w3id.org/bb5kbc/site_174", "name": "Bukowiec (data:site_174)", "dateprops": [], "properties": {"http://www.w3.org/2000/01/rdf-schema#label": "Bukowiec", "http://purl.org/dc/terms/identifier": "174", "http://w3id.org/bb5kbc/ont/hatFID": "174", "http://w3id.org/bb5kbc/ont/hatFundstellenID": "86", "http://w3id.org/bb5kbc/ont/hatGenauigkeit": "2000.0", "http://www.w3.org/2004/02/skos/core#prefLabel": "Bukowiec", "http://rdfs.org/ns/void#inDataset.value": "3727"}, "geometry": {"type": "Point", "coordinates": [18.24, 53.43]}}, {"type": "Feature", "id": "http://w3id.org/bb5kbc/site_326", "name": "Teurow - 1 (data:site_326)", "dateprops": [], "properties": {"http://www.w3.org/2000/01/rdf-schema#label": "Teurow - 1", "http://purl.org/dc/terms/identifier": "326", "http://w3id.org/bb5kbc/ont/hatFID": "326", "http://w3id.org/bb5kbc/ont/hatFundstellenID": "434", "http://w3id.org/bb5kbc/ont/hatGenauigkeit": "0.0", "http://w3id.org/bb5kbc/ont/hatKatalognummer": "10342", "http://www.w3.org/2004/02/skos/core#prefLabel": "Teurow - 1", "http://rdfs.org/ns/void#inDataset.value": "3727"}, "geometry": {"type": "Point", "coordinates": [13.73, 52.09]}}, {"type": "Feature", "id": "http://w3id.org/bb5kbc/site_582", "name": "Kietz 3b (data:site_582)", "dateprops": [], "properties": {"http://www.w3.org/2000/01/rdf-schema#label": "Kietz 3b", "http://purl.org/dc/terms/identifier": "582", "http://w3id.org/bb5kbc/ont/hatFID": "582", "http://w3id.org/bb5kbc/ont/hatFundstellenID": "213", "http://w3id.org/bb5kbc/ont/hatGenauigkeit": "0.0", "http://w3id.org/bb5kbc/ont/hatKatalognummer": "19567", "http://www.w3.org/2004/02/skos/core#prefLabel": "Kietz 3b", "http://rdfs.org/ns/void#inDataset.value": "3727"}, "geometry": {"type": "Point", "coordinates": [12.32, 52.76]}}, {"type": "Feature", "id": "http://w3id.org/bb5kbc/site_381", "name": "Alt Ruppin - 10 (data:site_381)", "dateprops": [], "properties": {"http://www.w3.org/2000/01/rdf-schema#label": "Alt Ruppin - 10", "http://purl.org/dc/terms/identifier": "381", "http://w3id.org/bb5kbc/ont/hatFID": "381", "http://w3id.org/bb5kbc/ont/hatFundstellenID": "4", "http://w3id.org/bb5kbc/ont/hatGenauigkeit": "0.0", "http://w3id.org/bb5kbc/ont/hatKatalognummer": "13047", "http://www.w3.org/2004/02/skos/core#prefLabel": "Alt Ruppin - 10", "http://rdfs.org/ns/void#inDataset.value": "3727"}, "geometry": {"type": "Point", "coordinates": [12.82, 53.02]}}, {"type": "Feature", "id": "http://w3id.org/bb5kbc/site_507", "name": "Leibsch 10 (data:site_507)", "dateprops": [], "properties": {"http://www.w3.org/2000/01/rdf-schema#label": "Leibsch 10", "http://purl.org/dc/terms/identifier": "507", "http://w3id.org/bb5kbc/ont/hatFID": "507", "http://w3id.org/bb5kbc/ont/hatFundstellenID": "255", "http://w3id.org/bb5kbc/ont/hatGenauigkeit": "0.0", "http://www.w3.org/2004/02/skos/core#prefLabel": "Leibsch 10", "http://rdfs.org/ns/void#inDataset.value": "3727"}, "geometry": {"type": "Point", "coordinates": [13.86, 52.09]}}, {"type": "Feature", "id": "http://w3id.org/bb5kbc/site_533", "name": "\u0141ojewo 1 (data:site_533)", "dateprops": [], "properties": {"http://www.w3.org/2000/01/rdf-schema#label": "\u0141ojewo 1", "http://purl.org/dc/terms/identifier": "533", "http://w3id.org/bb5kbc/ont/hatFID": "533", "http://w3id.org/bb5kbc/ont/hatFundstellenID": "264", "http://w3id.org/bb5kbc/ont/hatGenauigkeit": "1500.0", "http://w3id.org/bb5kbc/ont/hatKatalognummer": "86", "http://www.w3.org/2004/02/skos/core#prefLabel": "\u0141ojewo 1", "http://rdfs.org/ns/void#inDataset.value": "3727"}, "geometry": {"type": "Point", "coordinates": [18.3, 52.74]}}, {"type": "Feature", "id": "http://w3id.org/bb5kbc/site_182", "name": "Borucin XLIII/03 (data:site_182)", "dateprops": [], "properties": {"http://www.w3.org/2000/01/rdf-schema#label": "Borucin XLIII/03", "http://purl.org/dc/terms/identifier": "182", "http://w3id.org/bb5kbc/ont/hatFID": "182", "http://w3id.org/bb5kbc/ont/hatFundstellenID": "66", "http://w3id.org/bb5kbc/ont/hatGenauigkeit": "200.0", "http://w3id.org/bb5kbc/ont/hatKatalognummer": "43", "http://www.w3.org/2004/02/skos/core#prefLabel": "Borucin XLIII/03", "http://rdfs.org/ns/void#inDataset.value": "3727"}, "geometry": {"type": "Point", "coordinates": [18.73, 52.6]}}, {"type": "Feature", "id": "http://w3id.org/bb5kbc/site_218", "name": "Gu\u017alin 2 (data:site_218)", "dateprops": [], "properties": {"http://www.w3.org/2000/01/rdf-schema#label": "Gu\u017alin 2", "http://purl.org/dc/terms/identifier": "218", "http://w3id.org/bb5kbc/ont/hatFID": "218", "http://w3id.org/bb5kbc/ont/hatFundstellenID": "177", "http://w3id.org/bb5kbc/ont/hatGenauigkeit": "200.0", "http://w3id.org/bb5kbc/ont/hatKatalognummer": "6", "http://www.w3.org/2004/02/skos/core#prefLabel": "Gu\u017alin 2", "http://rdfs.org/ns/void#inDataset.value": "3727"}, "geometry": {"type": "Point", "coordinates": [18.92, 52.6]}}, {"type": "Feature", "id": "http://w3id.org/bb5kbc/site_536", "name": "Sarnowo 1 (data:site_536)", "dateprops": [], "properties": {"http://www.w3.org/2000/01/rdf-schema#label": "Sarnowo 1", "http://purl.org/dc/terms/identifier": "536", "http://w3id.org/bb5kbc/ont/hatFID": "536", "http://w3id.org/bb5kbc/ont/hatFundstellenID": "381", "http://w3id.org/bb5kbc/ont/hatGenauigkeit": "2000.0", "http://w3id.org/bb5kbc/ont/hatKatalognummer": "108", "http://www.w3.org/2004/02/skos/core#prefLabel": "Sarnowo 1", "http://rdfs.org/ns/void#inDataset.value": "3727"}, "geometry": {"type": "Point", "coordinates": [18.76, 52.47]}}, {"type": "Feature", "id": "http://w3id.org/bb5kbc/site_549", "name": "Ludwinowo 7 (data:site_549)", "dateprops": [], "properties": {"http://www.w3.org/2000/01/rdf-schema#label": "Ludwinowo 7", "http://purl.org/dc/terms/identifier": "549", "http://w3id.org/bb5kbc/ont/hatFID": "549", "http://w3id.org/bb5kbc/ont/hatFundstellenID": "270", "http://w3id.org/bb5kbc/ont/hatGenauigkeit": "50.0", "http://www.w3.org/2004/02/skos/core#prefLabel": "Ludwinowo 7", "http://rdfs.org/ns/void#inDataset.value": "3727"}, "geometry": {"type": "Point", "coordinates": [19.01, 52.57]}}, {"type": "Feature", "id": "http://w3id.org/bb5kbc/site_411", "name": "Geltow - 1 (data:site_411)", "dateprops": [], "properties": {"http://www.w3.org/2000/01/rdf-schema#label": "Geltow - 1", "http://purl.org/dc/terms/identifier": "411", "http://w3id.org/bb5kbc/ont/hatFID": "411", "http://w3id.org/bb5kbc/ont/hatFundstellenID": "140", "http://w3id.org/bb5kbc/ont/hatGenauigkeit": "0.0", "http://w3id.org/bb5kbc/ont/hatKatalognummer": "15410", "http://www.w3.org/2004/02/skos/core#prefLabel": "Geltow - 1", "http://rdfs.org/ns/void#inDataset.value": "3727"}, "geometry": {"type": "Point", "coordinates": [12.96, 52.36]}}, {"type": "Feature", "id": "http://w3id.org/bb5kbc/site_552", "name": "Uhyst 20 (data:site_552)", "dateprops": [], "properties": {"http://www.w3.org/2000/01/rdf-schema#label": "Uhyst 20", "http://purl.org/dc/terms/identifier": "552", "http://w3id.org/bb5kbc/ont/hatFID": "552", "http://w3id.org/bb5kbc/ont/hatFundstellenID": "447", "http://w3id.org/bb5kbc/ont/hatGenauigkeit": "200.0", "http://www.w3.org/2004/02/skos/core#prefLabel": "Uhyst 20", "http://rdfs.org/ns/void#inDataset.value": "3727"}, "geometry": {"type": "Point", "coordinates": [14.53, 51.38]}}, {"type": "Feature", "id": "http://w3id.org/bb5kbc/site_554", "name": "Ustowo 24 (data:site_554)", "dateprops": [], "properties": {"http://www.w3.org/2000/01/rdf-schema#label": "Ustowo 24", "http://purl.org/dc/terms/identifier": "554", "http://w3id.org/bb5kbc/ont/hatFID": "554", "http://w3id.org/bb5kbc/ont/hatFundstellenID": "448", "http://w3id.org/bb5kbc/ont/hatGenauigkeit": "800.0", "http://w3id.org/bb5kbc/ont/hatKatalognummer": "10", "http://www.w3.org/2004/02/skos/core#prefLabel": "Ustowo 24", "http://rdfs.org/ns/void#inDataset.value": "3727"}, "geometry": {"type": "Point", "coordinates": [14.52, 53.39]}}, {"type": "Feature", "id": "http://w3id.org/bb5kbc/site_36", "name": "Rohrbeck 14 (data:site_36)", "dateprops": [], "properties": {"http://www.w3.org/2000/01/rdf-schema#label": "Rohrbeck 14", "http://purl.org/dc/terms/identifier": "36", "http://w3id.org/bb5kbc/ont/hatFID": "36", "http://w3id.org/bb5kbc/ont/hatFundstellenID": "375", "http://w3id.org/bb5kbc/ont/hatGenauigkeit": "0.0", "http://w3id.org/bb5kbc/ont/hatKatalognummer": "9738", "http://www.w3.org/2004/02/skos/core#prefLabel": "Rohrbeck 14", "http://rdfs.org/ns/void#inDataset.value": "3727"}, "geometry": {"type": "Point", "coordinates": [13.03, 51.97]}}, {"type": "Feature", "id": "http://w3id.org/bb5kbc/site_187", "name": "Redecz Krukowy XX/03 (data:site_187)", "dateprops": [], "properties": {"http://www.w3.org/2000/01/rdf-schema#label": "Redecz Krukowy XX/03", "http://purl.org/dc/terms/identifier": "187", "http://w3id.org/bb5kbc/ont/hatFID": "187", "http://w3id.org/bb5kbc/ont/hatFundstellenID": "367", "http://w3id.org/bb5kbc/ont/hatGenauigkeit": "200.0", "http://w3id.org/bb5kbc/ont/hatKatalognummer": "40", "http://www.w3.org/2004/02/skos/core#prefLabel": "Redecz Krukowy XX/03", "http://rdfs.org/ns/void#inDataset.value": "3727"}, "geometry": {"type": "Point", "coordinates": [18.78, 52.59]}}, {"type": "Feature", "id": "http://w3id.org/bb5kbc/site_540", "name": "Chwa\u0142owo 1 (data:site_540)", "dateprops": [], "properties": {"http://www.w3.org/2000/01/rdf-schema#label": "Chwa\u0142owo 1", "http://purl.org/dc/terms/identifier": "540", "http://w3id.org/bb5kbc/ont/hatFID": "540", "http://w3id.org/bb5kbc/ont/hatFundstellenID": "92", "http://w3id.org/bb5kbc/ont/hatGenauigkeit": "1500.0", "http://w3id.org/bb5kbc/ont/hatKatalognummer": "26", "http://www.w3.org/2004/02/skos/core#prefLabel": "Chwa\u0142owo 1", "http://rdfs.org/ns/void#inDataset.value": "3727"}, "geometry": {"type": "Point", "coordinates": [17.9, 52.7]}}, {"type": "Feature", "id": "http://w3id.org/bb5kbc/site_3", "name": "Schlotheim (data:site_3)", "dateprops": [], "properties": {"http://www.w3.org/2000/01/rdf-schema#label": "Schlotheim", "http://purl.org/dc/terms/identifier": "3", "http://w3id.org/bb5kbc/ont/hatFID": "3", "http://w3id.org/bb5kbc/ont/hatFundstellenID": "388", "http://w3id.org/bb5kbc/ont/hatGenauigkeit": "50.0", "http://w3id.org/bb5kbc/ont/hatKatalognummer": "75", "http://www.w3.org/2004/02/skos/core#prefLabel": "Schlotheim", "http://rdfs.org/ns/void#inDataset.value": "3727"}, "geometry": {"type": "Point", "coordinates": [10.66, 51.24]}}, {"type": "Feature", "id": "http://w3id.org/bb5kbc/site_238", "name": "Kosin 6 (data:site_238)", "dateprops": [], "properties": {"http://www.w3.org/2000/01/rdf-schema#label": "Kosin 6", "http://purl.org/dc/terms/identifier": "238", "http://w3id.org/bb5kbc/ont/hatFID": "238", "http://w3id.org/bb5kbc/ont/hatFundstellenID": "236", "http://w3id.org/bb5kbc/ont/hatGenauigkeit": "500.0", "http://www.w3.org/2004/02/skos/core#prefLabel": "Kosin 6", "http://rdfs.org/ns/void#inDataset.value": "3727"}, "geometry": {"type": "Point", "coordinates": [15.06, 53.09]}}, {"type": "Feature", "id": "http://w3id.org/bb5kbc/site_332", "name": "Hertefeld - 1 (data:site_332)", "dateprops": [], "properties": {"http://www.w3.org/2000/01/rdf-schema#label": "Hertefeld - 1", "http://purl.org/dc/terms/identifier": "332", "http://w3id.org/bb5kbc/ont/hatFID": "332", "http://w3id.org/bb5kbc/ont/hatFundstellenID": "183", "http://w3id.org/bb5kbc/ont/hatGenauigkeit": "0.0", "http://w3id.org/bb5kbc/ont/hatKatalognummer": "12579", "http://www.w3.org/2004/02/skos/core#prefLabel": "Hertefeld - 1", "http://rdfs.org/ns/void#inDataset.value": "3727"}, "geometry": {"type": "Point", "coordinates": [12.87, 52.65]}}, {"type": "Feature", "id": "http://w3id.org/bb5kbc/site_366", "name": "Leipe - 1 (data:site_366)", "dateprops": [], "properties": {"http://www.w3.org/2000/01/rdf-schema#label": "Leipe - 1", "http://purl.org/dc/terms/identifier": "366", "http://w3id.org/bb5kbc/ont/hatFID": "366", "http://w3id.org/bb5kbc/ont/hatFundstellenID": "256", "http://w3id.org/bb5kbc/ont/hatGenauigkeit": "0.0", "http://w3id.org/bb5kbc/ont/hatKatalognummer": "38850", "http://www.w3.org/2004/02/skos/core#prefLabel": "Leipe - 1", "http://rdfs.org/ns/void#inDataset.value": "3727"}, "geometry": {"type": "Point", "coordinates": [14.04, 51.86]}}, {"type": "Feature", "id": "http://w3id.org/bb5kbc/site_379", "name": "Wusterhausen (Dosse) - 34 (data:site_379)", "dateprops": [], "properties": {"http://www.w3.org/2000/01/rdf-schema#label": "Wusterhausen (Dosse) - 34", "http://purl.org/dc/terms/identifier": "379", "http://w3id.org/bb5kbc/ont/hatFID": "379", "http://w3id.org/bb5kbc/ont/hatFundstellenID": "478", "http://w3id.org/bb5kbc/ont/hatGenauigkeit": "0.0", "http://w3id.org/bb5kbc/ont/hatKatalognummer": "10888", "http://www.w3.org/2004/02/skos/core#prefLabel": "Wusterhausen (Dosse) - 34", "http://rdfs.org/ns/void#inDataset.value": "3727"}, "geometry": {"type": "Point", "coordinates": [12.46, 52.89]}}, {"type": "Feature", "id": "http://w3id.org/bb5kbc/site_490", "name": "Schwedt - 6 (data:site_490)", "dateprops": [], "properties": {"http://www.w3.org/2000/01/rdf-schema#label": "Schwedt - 6", "http://purl.org/dc/terms/identifier": "490", "http://w3id.org/bb5kbc/ont/hatFID": "490", "http://w3id.org/bb5kbc/ont/hatFundstellenID": "403", "http://w3id.org/bb5kbc/ont/hatGenauigkeit": "0.0", "http://w3id.org/bb5kbc/ont/hatKatalognummer": "20935", "http://www.w3.org/2004/02/skos/core#prefLabel": "Schwedt - 6", "http://rdfs.org/ns/void#inDataset.value": "3727"}, "geometry": {"type": "Point", "coordinates": [14.28, 53.05]}}, {"type": "Feature", "id": "http://w3id.org/bb5kbc/site_390", "name": "Alt Ruppin - 23 (data:site_390)", "dateprops": [], "properties": {"http://www.w3.org/2000/01/rdf-schema#label": "Alt Ruppin - 23", "http://purl.org/dc/terms/identifier": "390", "http://w3id.org/bb5kbc/ont/hatFID": "390", "http://w3id.org/bb5kbc/ont/hatFundstellenID": "5", "http://w3id.org/bb5kbc/ont/hatGenauigkeit": "0.0", "http://w3id.org/bb5kbc/ont/hatKatalognummer": "53129", "http://www.w3.org/2004/02/skos/core#prefLabel": "Alt Ruppin - 23", "http://rdfs.org/ns/void#inDataset.value": "3727"}, "geometry": {"type": "Point", "coordinates": [12.93, 52.98]}}, {"type": "Feature", "id": "http://w3id.org/bb5kbc/site_60", "name": "L\u00fcbben Steinkirchen 6 (data:site_60)", "dateprops": [], "properties": {"http://www.w3.org/2000/01/rdf-schema#label": "L\u00fcbben Steinkirchen 6", "http://purl.org/dc/terms/identifier": "60", "http://w3id.org/bb5kbc/ont/hatFID": "60", "http://w3id.org/bb5kbc/ont/hatFundstellenID": "267", "http://w3id.org/bb5kbc/ont/hatGenauigkeit": "0.0", "http://w3id.org/bb5kbc/ont/hatKatalognummer": "11387", "http://www.w3.org/2004/02/skos/core#prefLabel": "L\u00fcbben Steinkirchen 6", "http://rdfs.org/ns/void#inDataset.value": "3727"}, "geometry": {"type": "Point", "coordinates": [13.93, 51.91]}}, {"type": "Feature", "id": "http://w3id.org/bb5kbc/site_250", "name": "Altfriesack 6 (data:site_250)", "dateprops": [], "properties": {"http://www.w3.org/2000/01/rdf-schema#label": "Altfriesack 6", "http://purl.org/dc/terms/identifier": "250", "http://w3id.org/bb5kbc/ont/hatFID": "250", "http://w3id.org/bb5kbc/ont/hatFundstellenID": "14", "http://w3id.org/bb5kbc/ont/hatGenauigkeit": "0.0", "http://w3id.org/bb5kbc/ont/hatKatalognummer": "13034", "http://www.w3.org/2004/02/skos/core#prefLabel": "Altfriesack 6", "http://rdfs.org/ns/void#inDataset.value": "3727"}, "geometry": {"type": "Point", "coordinates": [12.88, 52.84]}}, {"type": "Feature", "id": "http://w3id.org/bb5kbc/site_282", "name": "Br\u00fcssow 21 (data:site_282)", "dateprops": [], "properties": {"http://www.w3.org/2000/01/rdf-schema#label": "Br\u00fcssow 21", "http://purl.org/dc/terms/identifier": "282", "http://w3id.org/bb5kbc/ont/hatFID": "282", "http://w3id.org/bb5kbc/ont/hatFundstellenID": "75", "http://w3id.org/bb5kbc/ont/hatGenauigkeit": "0.0", "http://w3id.org/bb5kbc/ont/hatKatalognummer": "16400", "http://www.w3.org/2004/02/skos/core#prefLabel": "Br\u00fcssow 21", "http://rdfs.org/ns/void#inDataset.value": "3727"}, "geometry": {"type": "Point", "coordinates": [14.15, 53.4]}}, {"type": "Feature", "id": "http://w3id.org/bb5kbc/site_26", "name": "Merzien 8 (data:site_26)", "dateprops": [], "properties": {"http://www.w3.org/2000/01/rdf-schema#label": "Merzien 8", "http://purl.org/dc/terms/identifier": "26", "http://w3id.org/bb5kbc/ont/hatFID": "26", "http://w3id.org/bb5kbc/ont/hatFundstellenID": "281", "http://w3id.org/bb5kbc/ont/hatGenauigkeit": "0.0", "http://w3id.org/bb5kbc/ont/hatKatalognummer": "266", "http://www.w3.org/2004/02/skos/core#prefLabel": "Merzien 8", "http://rdfs.org/ns/void#inDataset.value": "3727"}, "geometry": {"type": "Point", "coordinates": [12.03, 51.75]}}, {"type": "Feature", "id": "http://w3id.org/bb5kbc/site_589", "name": "Rhinow 30 (data:site_589)", "dateprops": [], "properties": {"http://www.w3.org/2000/01/rdf-schema#label": "Rhinow 30", "http://purl.org/dc/terms/identifier": "589", "http://w3id.org/bb5kbc/ont/hatFID": "589", "http://w3id.org/bb5kbc/ont/hatFundstellenID": "370", "http://w3id.org/bb5kbc/ont/hatGenauigkeit": "0.0", "http://w3id.org/bb5kbc/ont/hatKatalognummer": "19894", "http://www.w3.org/2004/02/skos/core#prefLabel": "Rhinow 30", "http://rdfs.org/ns/void#inDataset.value": "3727"}, "geometry": {"type": "Point", "coordinates": [12.35, 52.76]}}, {"type": "Feature", "id": "http://w3id.org/bb5kbc/site_25", "name": "Schelkau 3 (data:site_25)", "dateprops": [], "properties": {"http://www.w3.org/2000/01/rdf-schema#label": "Schelkau 3", "http://purl.org/dc/terms/identifier": "25", "http://w3id.org/bb5kbc/ont/hatFID": "25", "http://w3id.org/bb5kbc/ont/hatFundstellenID": "384", "http://w3id.org/bb5kbc/ont/hatGenauigkeit": "0.0", "http://w3id.org/bb5kbc/ont/hatKatalognummer": "250", "http://www.w3.org/2004/02/skos/core#prefLabel": "Schelkau 3", "http://rdfs.org/ns/void#inDataset.value": "3727"}, "geometry": {"type": "Point", "coordinates": [12.01, 51.1]}}, {"type": "Feature", "id": "http://w3id.org/bb5kbc/site_413", "name": "Krampnitz - 3 (data:site_413)", "dateprops": [], "properties": {"http://www.w3.org/2000/01/rdf-schema#label": "Krampnitz - 3", "http://purl.org/dc/terms/identifier": "413", "http://w3id.org/bb5kbc/ont/hatFID": "413", "http://w3id.org/bb5kbc/ont/hatFundstellenID": "239", "http://w3id.org/bb5kbc/ont/hatGenauigkeit": "0.0", "http://w3id.org/bb5kbc/ont/hatKatalognummer": "15571", "http://www.w3.org/2004/02/skos/core#prefLabel": "Krampnitz - 3", "http://rdfs.org/ns/void#inDataset.value": "3727"}, "geometry": {"type": "Point", "coordinates": [13.05, 52.46]}}, {"type": "Feature", "id": "http://w3id.org/bb5kbc/site_313", "name": "Schulzendorf - 4 (data:site_313)", "dateprops": [], "properties": {"http://www.w3.org/2000/01/rdf-schema#label": "Schulzendorf - 4", "http://purl.org/dc/terms/identifier": "313", "http://w3id.org/bb5kbc/ont/hatFID": "313", "http://w3id.org/bb5kbc/ont/hatFundstellenID": "400", "http://w3id.org/bb5kbc/ont/hatGenauigkeit": "0.0", "http://w3id.org/bb5kbc/ont/hatKatalognummer": "10276", "http://www.w3.org/2004/02/skos/core#prefLabel": "Schulzendorf - 4", "http://rdfs.org/ns/void#inDataset.value": "3727"}, "geometry": {"type": "Point", "coordinates": [13.59, 52.37]}}, {"type": "Feature", "id": "http://w3id.org/bb5kbc/site_542", "name": "Z\u0142otowo 6 (data:site_542)", "dateprops": [], "properties": {"http://www.w3.org/2000/01/rdf-schema#label": "Z\u0142otowo 6", "http://purl.org/dc/terms/identifier": "542", "http://w3id.org/bb5kbc/ont/hatFID": "542", "http://w3id.org/bb5kbc/ont/hatFundstellenID": "502", "http://w3id.org/bb5kbc/ont/hatGenauigkeit": "1500.0", "http://w3id.org/bb5kbc/ont/hatKatalognummer": "136", "http://www.w3.org/2004/02/skos/core#prefLabel": "Z\u0142otowo 6", "http://rdfs.org/ns/void#inDataset.value": "3727"}, "geometry": {"type": "Point", "coordinates": [18.03, 52.87]}}, {"type": "Feature", "id": "http://w3id.org/bb5kbc/site_273", "name": "Wachow 7 (data:site_273)", "dateprops": [], "properties": {"http://www.w3.org/2000/01/rdf-schema#label": "Wachow 7", "http://purl.org/dc/terms/identifier": "273", "http://w3id.org/bb5kbc/ont/hatFID": "273", "http://w3id.org/bb5kbc/ont/hatFundstellenID": "454", "http://w3id.org/bb5kbc/ont/hatGenauigkeit": "0.0", "http://w3id.org/bb5kbc/ont/hatKatalognummer": "12908", "http://www.w3.org/2004/02/skos/core#prefLabel": "Wachow 7", "http://rdfs.org/ns/void#inDataset.value": "3727"}, "geometry": {"type": "Point", "coordinates": [12.72, 52.53]}}, {"type": "Feature", "id": "http://w3id.org/bb5kbc/site_441", "name": "Kleeste - 1 (data:site_441)", "dateprops": [], "properties": {"http://www.w3.org/2000/01/rdf-schema#label": "Kleeste - 1", "http://purl.org/dc/terms/identifier": "441", "http://w3id.org/bb5kbc/ont/hatFID": "441", "http://w3id.org/bb5kbc/ont/hatFundstellenID": "215", "http://w3id.org/bb5kbc/ont/hatGenauigkeit": "0.0", "http://w3id.org/bb5kbc/ont/hatKatalognummer": "51082", "http://www.w3.org/2004/02/skos/core#prefLabel": "Kleeste - 1", "http://rdfs.org/ns/void#inDataset.value": "3727"}, "geometry": {"type": "Point", "coordinates": [11.83, 53.24]}}, {"type": "Feature", "id": "http://w3id.org/bb5kbc/site_163", "name": "Klein Mochbern/Muchob\u00f3r Ma\u0142y (data:site_163)", "dateprops": [], "properties": {"http://www.w3.org/2000/01/rdf-schema#label": "Klein Mochbern/Muchob\u00f3r Ma\u0142y", "http://purl.org/dc/terms/identifier": "163", "http://w3id.org/bb5kbc/ont/hatFID": "163", "http://w3id.org/bb5kbc/ont/hatFundstellenID": "217", "http://w3id.org/bb5kbc/ont/hatGenauigkeit": "2000.0", "http://w3id.org/bb5kbc/ont/hatKatalognummer": "14", "http://www.w3.org/2004/02/skos/core#prefLabel": "Klein Mochbern/Muchob\u00f3r Ma\u0142y", "http://rdfs.org/ns/void#inDataset.value": "3727"}, "geometry": {"type": "Point", "coordinates": [16.97, 51.11]}}, {"type": "Feature", "id": "http://w3id.org/bb5kbc/site_67", "name": "Angerm\u00fcnde 41 (data:site_67)", "dateprops": [], "properties": {"http://www.w3.org/2000/01/rdf-schema#label": "Angerm\u00fcnde 41", "http://purl.org/dc/terms/identifier": "67", "http://w3id.org/bb5kbc/ont/hatFID": "67", "http://w3id.org/bb5kbc/ont/hatFundstellenID": "18", "http://w3id.org/bb5kbc/ont/hatGenauigkeit": "0.0", "http://w3id.org/bb5kbc/ont/hatKatalognummer": "63", "http://www.w3.org/2004/02/skos/core#prefLabel": "Angerm\u00fcnde 41", "http://rdfs.org/ns/void#inDataset.value": "3727"}, "geometry": {"type": "Point", "coordinates": [14.01, 53.0]}}, {"type": "Feature", "id": "http://w3id.org/bb5kbc/site_192", "name": "Lekarzewice W/91 (data:site_192)", "dateprops": [], "properties": {"http://www.w3.org/2000/01/rdf-schema#label": "Lekarzewice W/91", "http://purl.org/dc/terms/identifier": "192", "http://w3id.org/bb5kbc/ont/hatFID": "192", "http://w3id.org/bb5kbc/ont/hatFundstellenID": "258", "http://w3id.org/bb5kbc/ont/hatGenauigkeit": "200.0", "http://w3id.org/bb5kbc/ont/hatKatalognummer": "32", "http://www.w3.org/2004/02/skos/core#prefLabel": "Lekarzewice W/91", "http://rdfs.org/ns/void#inDataset.value": "3727"}, "geometry": {"type": "Point", "coordinates": [18.79, 52.64]}}, {"type": "Feature", "id": "http://w3id.org/bb5kbc/site_40", "name": "Bochow 16 (data:site_40)", "dateprops": [], "properties": {"http://www.w3.org/2000/01/rdf-schema#label": "Bochow 16", "http://purl.org/dc/terms/identifier": "40", "http://w3id.org/bb5kbc/ont/hatFID": "40", "http://w3id.org/bb5kbc/ont/hatFundstellenID": "56", "http://w3id.org/bb5kbc/ont/hatGenauigkeit": "0.0", "http://w3id.org/bb5kbc/ont/hatKatalognummer": "9588", "http://www.w3.org/2004/02/skos/core#prefLabel": "Bochow 16", "http://rdfs.org/ns/void#inDataset.value": "3727"}, "geometry": {"type": "Point", "coordinates": [13.08, 51.96]}}, {"type": "Feature", "id": "http://w3id.org/bb5kbc/site_305", "name": "Eichhorst - 8 (data:site_305)", "dateprops": [], "properties": {"http://www.w3.org/2000/01/rdf-schema#label": "Eichhorst - 8", "http://purl.org/dc/terms/identifier": "305", "http://w3id.org/bb5kbc/ont/hatFID": "305", "http://w3id.org/bb5kbc/ont/hatFundstellenID": "109", "http://w3id.org/bb5kbc/ont/hatGenauigkeit": "0.0", "http://w3id.org/bb5kbc/ont/hatKatalognummer": "51785", "http://www.w3.org/2004/02/skos/core#prefLabel": "Eichhorst - 8", "http://rdfs.org/ns/void#inDataset.value": "3727"}, "geometry": {"type": "Point", "coordinates": [13.65, 52.91]}}, {"type": "Feature", "id": "http://w3id.org/bb5kbc/site_76", "name": "Klein-Rietz (data:site_76)", "dateprops": [], "properties": {"http://www.w3.org/2000/01/rdf-schema#label": "Klein-Rietz", "http://purl.org/dc/terms/identifier": "76", "http://w3id.org/bb5kbc/ont/hatFID": "76", "http://w3id.org/bb5kbc/ont/hatFundstellenID": "218", "http://w3id.org/bb5kbc/ont/hatGenauigkeit": "0.0", "http://www.w3.org/2004/02/skos/core#prefLabel": "Klein-Rietz", "http://rdfs.org/ns/void#inDataset.value": "3727"}, "geometry": {"type": "Point", "coordinates": [14.2, 52.21]}}, {"type": "Feature", "id": "http://w3id.org/bb5kbc/site_384", "name": "L\u00fcchfeld - 2 (data:site_384)", "dateprops": [], "properties": {"http://www.w3.org/2000/01/rdf-schema#label": "L\u00fcchfeld - 2", "http://purl.org/dc/terms/identifier": "384", "http://w3id.org/bb5kbc/ont/hatFID": "384", "http://w3id.org/bb5kbc/ont/hatFundstellenID": "269", "http://w3id.org/bb5kbc/ont/hatGenauigkeit": "0.0", "http://w3id.org/bb5kbc/ont/hatKatalognummer": "13284", "http://www.w3.org/2004/02/skos/core#prefLabel": "L\u00fcchfeld - 2", "http://rdfs.org/ns/void#inDataset.value": "3727"}, "geometry": {"type": "Point", "coordinates": [12.68, 52.87]}}, {"type": "Feature", "id": "http://w3id.org/bb5kbc/site_579", "name": "Potsdam 16 (data:site_579)", "dateprops": [], "properties": {"http://www.w3.org/2000/01/rdf-schema#label": "Potsdam 16", "http://purl.org/dc/terms/identifier": "579", "http://w3id.org/bb5kbc/ont/hatFID": "579", "http://w3id.org/bb5kbc/ont/hatFundstellenID": "339", "http://w3id.org/bb5kbc/ont/hatGenauigkeit": "0.0", "http://w3id.org/bb5kbc/ont/hatKatalognummer": "16057", "http://www.w3.org/2004/02/skos/core#prefLabel": "Potsdam 16", "http://rdfs.org/ns/void#inDataset.value": "3727"}, "geometry": {"type": "Point", "coordinates": [13.07, 52.4]}}, {"type": "Feature", "id": "http://w3id.org/bb5kbc/site_395", "name": "Zechliner H\u00fctte - 7 (data:site_395)", "dateprops": [], "properties": {"http://www.w3.org/2000/01/rdf-schema#label": "Zechliner H\u00fctte - 7", "http://purl.org/dc/terms/identifier": "395", "http://w3id.org/bb5kbc/ont/hatFID": "395", "http://w3id.org/bb5kbc/ont/hatFundstellenID": "493", "http://w3id.org/bb5kbc/ont/hatGenauigkeit": "0.0", "http://w3id.org/bb5kbc/ont/hatKatalognummer": "13504", "http://www.w3.org/2004/02/skos/core#prefLabel": "Zechliner H\u00fctte - 7", "http://rdfs.org/ns/void#inDataset.value": "3727"}, "geometry": {"type": "Point", "coordinates": [12.85, 53.17]}}, {"type": "Feature", "id": "http://w3id.org/bb5kbc/site_476", "name": "Schmargendorf - 3 (data:site_476)", "dateprops": [], "properties": {"http://www.w3.org/2000/01/rdf-schema#label": "Schmargendorf - 3", "http://purl.org/dc/terms/identifier": "476", "http://w3id.org/bb5kbc/ont/hatFID": "476", "http://w3id.org/bb5kbc/ont/hatFundstellenID": "389", "http://w3id.org/bb5kbc/ont/hatGenauigkeit": "0.0", "http://w3id.org/bb5kbc/ont/hatKatalognummer": "769", "http://www.w3.org/2004/02/skos/core#prefLabel": "Schmargendorf - 3", "http://rdfs.org/ns/void#inDataset.value": "3727"}, "geometry": {"type": "Point", "coordinates": [13.98, 52.98]}}, {"type": "Feature", "id": "http://w3id.org/bb5kbc/site_100", "name": "Stargard Gubi\u0144ski (data:site_100)", "dateprops": [], "properties": {"http://www.w3.org/2000/01/rdf-schema#label": "Stargard Gubi\u0144ski", "http://purl.org/dc/terms/identifier": "100", "http://w3id.org/bb5kbc/ont/hatFID": "100", "http://w3id.org/bb5kbc/ont/hatFundstellenID": "420", "http://w3id.org/bb5kbc/ont/hatGenauigkeit": "2000.0", "http://w3id.org/bb5kbc/ont/hatKatalognummer": "27", "http://www.w3.org/2004/02/skos/core#prefLabel": "Stargard Gubi\u0144ski", "http://rdfs.org/ns/void#inDataset.value": "3727"}, "geometry": {"type": "Point", "coordinates": [14.79, 51.88]}}, {"type": "Feature", "id": "http://w3id.org/bb5kbc/site_128", "name": "Zameczno (data:site_128)", "dateprops": [], "properties": {"http://www.w3.org/2000/01/rdf-schema#label": "Zameczno", "http://purl.org/dc/terms/identifier": "128", "http://w3id.org/bb5kbc/ont/hatFID": "128", "http://w3id.org/bb5kbc/ont/hatFundstellenID": "489", "http://w3id.org/bb5kbc/ont/hatGenauigkeit": "1000.0", "http://w3id.org/bb5kbc/ont/hatKatalognummer": "40", "http://www.w3.org/2004/02/skos/core#prefLabel": "Zameczno", "http://rdfs.org/ns/void#inDataset.value": "3727"}, "geometry": {"type": "Point", "coordinates": [15.93, 51.67]}}, {"type": "Feature", "id": "http://w3id.org/bb5kbc/site_227", "name": "Kruszynek 6 (data:site_227)", "dateprops": [], "properties": {"http://www.w3.org/2000/01/rdf-schema#label": "Kruszynek 6", "http://purl.org/dc/terms/identifier": "227", "http://w3id.org/bb5kbc/ont/hatFID": "227", "http://w3id.org/bb5kbc/ont/hatFundstellenID": "248", "http://w3id.org/bb5kbc/ont/hatGenauigkeit": "3000.0", "http://www.w3.org/2004/02/skos/core#prefLabel": "Kruszynek 6", "http://rdfs.org/ns/void#inDataset.value": "3727"}, "geometry": {"type": "Point", "coordinates": [19.0, 52.57]}}, {"type": "Feature", "id": "http://w3id.org/bb5kbc/site_38", "name": "Bochow 2 (data:site_38)", "dateprops": [], "properties": {"http://www.w3.org/2000/01/rdf-schema#label": "Bochow 2", "http://purl.org/dc/terms/identifier": "38", "http://w3id.org/bb5kbc/ont/hatFID": "38", "http://w3id.org/bb5kbc/ont/hatFundstellenID": "57", "http://w3id.org/bb5kbc/ont/hatGenauigkeit": "0.0", "http://w3id.org/bb5kbc/ont/hatKatalognummer": "9574", "http://www.w3.org/2004/02/skos/core#prefLabel": "Bochow 2", "http://rdfs.org/ns/void#inDataset.value": "3727"}, "geometry": {"type": "Point", "coordinates": [13.07, 51.96]}}, {"type": "Feature", "id": "http://w3id.org/bb5kbc/site_439", "name": "Tacken - 12 (data:site_439)", "dateprops": [], "properties": {"http://www.w3.org/2000/01/rdf-schema#label": "Tacken - 12", "http://purl.org/dc/terms/identifier": "439", "http://w3id.org/bb5kbc/ont/hatFID": "439", "http://w3id.org/bb5kbc/ont/hatFundstellenID": "430", "http://w3id.org/bb5kbc/ont/hatGenauigkeit": "0.0", "http://w3id.org/bb5kbc/ont/hatKatalognummer": "44780", "http://www.w3.org/2004/02/skos/core#prefLabel": "Tacken - 12", "http://rdfs.org/ns/void#inDataset.value": "3727"}, "geometry": {"type": "Point", "coordinates": [12.01, 53.18]}}, {"type": "Feature", "id": "http://w3id.org/bb5kbc/site_125", "name": "Wojnowo (data:site_125)", "dateprops": [], "properties": {"http://www.w3.org/2000/01/rdf-schema#label": "Wojnowo", "http://purl.org/dc/terms/identifier": "125", "http://w3id.org/bb5kbc/ont/hatFID": "125", "http://w3id.org/bb5kbc/ont/hatFundstellenID": "470", "http://w3id.org/bb5kbc/ont/hatGenauigkeit": "1500.0", "http://w3id.org/bb5kbc/ont/hatKatalognummer": "30", "http://www.w3.org/2004/02/skos/core#prefLabel": "Wojnowo", "http://rdfs.org/ns/void#inDataset.value": "3727"}, "geometry": {"type": "Point", "coordinates": [15.79, 52.1]}}, {"type": "Feature", "id": "http://w3id.org/bb5kbc/site_328", "name": "Elsterwerda - 28 (data:site_328)", "dateprops": [], "properties": {"http://www.w3.org/2000/01/rdf-schema#label": "Elsterwerda - 28", "http://purl.org/dc/terms/identifier": "328", "http://w3id.org/bb5kbc/ont/hatFID": "328", "http://w3id.org/bb5kbc/ont/hatFundstellenID": "110", "http://w3id.org/bb5kbc/ont/hatGenauigkeit": "0.0", "http://w3id.org/bb5kbc/ont/hatKatalognummer": "11001", "http://www.w3.org/2004/02/skos/core#prefLabel": "Elsterwerda - 28", "http://rdfs.org/ns/void#inDataset.value": "3727"}, "geometry": {"type": "Point", "coordinates": [13.54, 51.47]}}, {"type": "Feature", "id": "http://w3id.org/bb5kbc/site_535", "name": "Byczyna (data:site_535)", "dateprops": [], "properties": {"http://www.w3.org/2000/01/rdf-schema#label": "Byczyna", "http://purl.org/dc/terms/identifier": "535", "http://w3id.org/bb5kbc/ont/hatFID": "535", "http://w3id.org/bb5kbc/ont/hatFundstellenID": "88", "http://w3id.org/bb5kbc/ont/hatGenauigkeit": "1500.0", "http://w3id.org/bb5kbc/ont/hatKatalognummer": "22", "http://www.w3.org/2004/02/skos/core#prefLabel": "Byczyna", "http://rdfs.org/ns/void#inDataset.value": "3727"}, "geometry": {"type": "Point", "coordinates": [18.62, 52.67]}}, {"type": "Feature", "id": "http://w3id.org/bb5kbc/site_8", "name": "Quedlinburg KGA 1 (data:site_8)", "dateprops": [], "properties": {"http://www.w3.org/2000/01/rdf-schema#label": "Quedlinburg KGA 1", "http://purl.org/dc/terms/identifier": "8", "http://w3id.org/bb5kbc/ont/hatFID": "8", "http://w3id.org/bb5kbc/ont/hatFundstellenID": "359", "http://w3id.org/bb5kbc/ont/hatGenauigkeit": "0.0", "http://www.w3.org/2004/02/skos/core#prefLabel": "Quedlinburg KGA 1", "http://rdfs.org/ns/void#inDataset.value": "3727"}, "geometry": {"type": "Point", "coordinates": [11.18, 51.81]}}, {"type": "Feature", "id": "http://w3id.org/bb5kbc/site_43", "name": "Bochow 7 (data:site_43)", "dateprops": [], "properties": {"http://www.w3.org/2000/01/rdf-schema#label": "Bochow 7", "http://purl.org/dc/terms/identifier": "43", "http://w3id.org/bb5kbc/ont/hatFID": "43", "http://w3id.org/bb5kbc/ont/hatFundstellenID": "60", "http://w3id.org/bb5kbc/ont/hatGenauigkeit": "0.0", "http://w3id.org/bb5kbc/ont/hatKatalognummer": "9579", "http://www.w3.org/2004/02/skos/core#prefLabel": "Bochow 7", "http://rdfs.org/ns/void#inDataset.value": "3727"}, "geometry": {"type": "Point", "coordinates": [13.09, 51.97]}}, {"type": "Feature", "id": "http://w3id.org/bb5kbc/site_196", "name": "Konary 1 (data:site_196)", "dateprops": [], "properties": {"http://www.w3.org/2000/01/rdf-schema#label": "Konary 1", "http://purl.org/dc/terms/identifier": "196", "http://w3id.org/bb5kbc/ont/hatFID": "196", "http://w3id.org/bb5kbc/ont/hatFundstellenID": "226", "http://w3id.org/bb5kbc/ont/hatGenauigkeit": "200.0", "http://w3id.org/bb5kbc/ont/hatKatalognummer": "29", "http://www.w3.org/2004/02/skos/core#prefLabel": "Konary 1", "http://rdfs.org/ns/void#inDataset.value": "3727"}, "geometry": {"type": "Point", "coordinates": [18.81, 52.63]}}, {"type": "Feature", "id": "http://w3id.org/bb5kbc/site_93", "name": "Gubin (data:site_93)", "dateprops": [], "properties": {"http://www.w3.org/2000/01/rdf-schema#label": "Gubin", "http://purl.org/dc/terms/identifier": "93", "http://w3id.org/bb5kbc/ont/hatFID": "93", "http://w3id.org/bb5kbc/ont/hatFundstellenID": "172", "http://w3id.org/bb5kbc/ont/hatGenauigkeit": "4000.0", "http://w3id.org/bb5kbc/ont/hatKatalognummer": "21", "http://www.w3.org/2004/02/skos/core#prefLabel": "Gubin", "http://rdfs.org/ns/void#inDataset.value": "3727"}, "geometry": {"type": "Point", "coordinates": [14.73, 51.96]}}, {"type": "Feature", "id": "http://w3id.org/bb5kbc/site_126", "name": "Bytom Odrza\u0144ski (data:site_126)", "dateprops": [], "properties": {"http://www.w3.org/2000/01/rdf-schema#label": "Bytom Odrza\u0144ski", "http://purl.org/dc/terms/identifier": "126", "http://w3id.org/bb5kbc/ont/hatFID": "126", "http://w3id.org/bb5kbc/ont/hatFundstellenID": "89", "http://w3id.org/bb5kbc/ont/hatGenauigkeit": "2500.0", "http://w3id.org/bb5kbc/ont/hatKatalognummer": "20", "http://www.w3.org/2004/02/skos/core#prefLabel": "Bytom Odrza\u0144ski", "http://rdfs.org/ns/void#inDataset.value": "3727"}, "geometry": {"type": "Point", "coordinates": [15.82, 51.73]}}, {"type": "Feature", "id": "http://w3id.org/bb5kbc/site_559", "name": "Ustowo/Kamieniec (data:site_559)", "dateprops": [], "properties": {"http://www.w3.org/2000/01/rdf-schema#label": "Ustowo/Kamieniec", "http://purl.org/dc/terms/identifier": "559", "http://w3id.org/bb5kbc/ont/hatFID": "559", "http://w3id.org/bb5kbc/ont/hatFundstellenID": "449", "http://w3id.org/bb5kbc/ont/hatGenauigkeit": "800.0", "http://w3id.org/bb5kbc/ont/hatKatalognummer": "5", "http://www.w3.org/2004/02/skos/core#prefLabel": "Ustowo/Kamieniec", "http://rdfs.org/ns/void#inDataset.value": "3727"}, "geometry": {"type": "Point", "coordinates": [14.49, 53.35]}}, {"type": "Feature", "id": "http://w3id.org/bb5kbc/site_343", "name": "Wansdorf - 7 (data:site_343)", "dateprops": [], "properties": {"http://www.w3.org/2000/01/rdf-schema#label": "Wansdorf - 7", "http://purl.org/dc/terms/identifier": "343", "http://w3id.org/bb5kbc/ont/hatFID": "343", "http://w3id.org/bb5kbc/ont/hatFundstellenID": "459", "http://w3id.org/bb5kbc/ont/hatGenauigkeit": "0.0", "http://w3id.org/bb5kbc/ont/hatKatalognummer": "12929", "http://www.w3.org/2004/02/skos/core#prefLabel": "Wansdorf - 7", "http://rdfs.org/ns/void#inDataset.value": "3727"}, "geometry": {"type": "Point", "coordinates": [13.07, 52.63]}}, {"type": "Feature", "id": "http://w3id.org/bb5kbc/site_246", "name": "Mi\u0119dzyrzecz 11 (data:site_246)", "dateprops": [], "properties": {"http://www.w3.org/2000/01/rdf-schema#label": "Mi\u0119dzyrzecz 11", "http://purl.org/dc/terms/identifier": "246", "http://w3id.org/bb5kbc/ont/hatFID": "246", "http://w3id.org/bb5kbc/ont/hatFundstellenID": "286", "http://w3id.org/bb5kbc/ont/hatGenauigkeit": "50.0", "http://www.w3.org/2004/02/skos/core#prefLabel": "Mi\u0119dzyrzecz 11", "http://rdfs.org/ns/void#inDataset.value": "3727"}, "geometry": {"type": "Point", "coordinates": [15.56, 52.45]}}, {"type": "Feature", "id": "http://w3id.org/bb5kbc/site_22", "name": "Gr\u00f6bitz 10 (data:site_22)", "dateprops": [], "properties": {"http://www.w3.org/2000/01/rdf-schema#label": "Gr\u00f6bitz 10", "http://purl.org/dc/terms/identifier": "22", "http://w3id.org/bb5kbc/ont/hatFID": "22", "http://w3id.org/bb5kbc/ont/hatFundstellenID": "161", "http://w3id.org/bb5kbc/ont/hatGenauigkeit": "0.0", "http://w3id.org/bb5kbc/ont/hatKatalognummer": "415", "http://www.w3.org/2004/02/skos/core#prefLabel": "Gr\u00f6bitz 10", "http://rdfs.org/ns/void#inDataset.value": "3727"}, "geometry": {"type": "Point", "coordinates": [11.92, 51.13]}}, {"type": "Feature", "id": "http://w3id.org/bb5kbc/site_363", "name": "Kappe - 8 (data:site_363)", "dateprops": [], "properties": {"http://www.w3.org/2000/01/rdf-schema#label": "Kappe - 8", "http://purl.org/dc/terms/identifier": "363", "http://w3id.org/bb5kbc/ont/hatFID": "363", "http://w3id.org/bb5kbc/ont/hatFundstellenID": "208", "http://w3id.org/bb5kbc/ont/hatGenauigkeit": "0.0", "http://w3id.org/bb5kbc/ont/hatKatalognummer": "33363", "http://www.w3.org/2004/02/skos/core#prefLabel": "Kappe - 8", "http://rdfs.org/ns/void#inDataset.value": "3727"}, "geometry": {"type": "Point", "coordinates": [13.42, 52.95]}}, {"type": "Feature", "id": "http://w3id.org/bb5kbc/site_431", "name": "Kleinow - 3 (data:site_431)", "dateprops": [], "properties": {"http://www.w3.org/2000/01/rdf-schema#label": "Kleinow - 3", "http://purl.org/dc/terms/identifier": "431", "http://w3id.org/bb5kbc/ont/hatFID": "431", "http://w3id.org/bb5kbc/ont/hatFundstellenID": "220", "http://w3id.org/bb5kbc/ont/hatGenauigkeit": "0.0", "http://w3id.org/bb5kbc/ont/hatKatalognummer": "15102", "http://www.w3.org/2004/02/skos/core#prefLabel": "Kleinow - 3", "http://rdfs.org/ns/void#inDataset.value": "3727"}, "geometry": {"type": "Point", "coordinates": [11.97, 53.05]}}, {"type": "Feature", "id": "http://w3id.org/bb5kbc/site_159", "name": "Jordansm\u00fchl/Jordan\u00f3w \u015al\u0105ski (data:site_159)", "dateprops": [], "properties": {"http://www.w3.org/2000/01/rdf-schema#label": "Jordansm\u00fchl/Jordan\u00f3w \u015al\u0105ski", "http://purl.org/dc/terms/identifier": "159", "http://w3id.org/bb5kbc/ont/hatFID": "159", "http://w3id.org/bb5kbc/ont/hatFundstellenID": "203", "http://w3id.org/bb5kbc/ont/hatGenauigkeit": "3000.0", "http://w3id.org/bb5kbc/ont/hatKatalognummer": "7", "http://www.w3.org/2004/02/skos/core#prefLabel": "Jordansm\u00fchl/Jordan\u00f3w \u015al\u0105ski", "http://rdfs.org/ns/void#inDataset.value": "3727"}, "geometry": {"type": "Point", "coordinates": [16.87, 50.86]}}, {"type": "Feature", "id": "http://w3id.org/bb5kbc/site_315", "name": "Zaue - 13 (data:site_315)", "dateprops": [], "properties": {"http://www.w3.org/2000/01/rdf-schema#label": "Zaue - 13", "http://purl.org/dc/terms/identifier": "315", "http://w3id.org/bb5kbc/ont/hatFID": "315", "http://w3id.org/bb5kbc/ont/hatFundstellenID": "490", "http://w3id.org/bb5kbc/ont/hatGenauigkeit": "0.0", "http://w3id.org/bb5kbc/ont/hatKatalognummer": "11425", "http://www.w3.org/2004/02/skos/core#prefLabel": "Zaue - 13", "http://rdfs.org/ns/void#inDataset.value": "3727"}, "geometry": {"type": "Point", "coordinates": [14.19, 52.05]}}, {"type": "Feature", "id": "http://w3id.org/bb5kbc/site_383", "name": "Langen - 1 (data:site_383)", "dateprops": [], "properties": {"http://www.w3.org/2000/01/rdf-schema#label": "Langen - 1", "http://purl.org/dc/terms/identifier": "383", "http://w3id.org/bb5kbc/ont/hatFID": "383", "http://w3id.org/bb5kbc/ont/hatFundstellenID": "254", "http://w3id.org/bb5kbc/ont/hatGenauigkeit": "0.0", "http://w3id.org/bb5kbc/ont/hatKatalognummer": "13236", "http://www.w3.org/2004/02/skos/core#prefLabel": "Langen - 1", "http://rdfs.org/ns/void#inDataset.value": "3727"}, "geometry": {"type": "Point", "coordinates": [12.8, 52.83]}}, {"type": "Feature", "id": "http://w3id.org/bb5kbc/site_370", "name": "F\u00fcrstenwalde-S\u00fcd - 5 (data:site_370)", "dateprops": [], "properties": {"http://www.w3.org/2000/01/rdf-schema#label": "F\u00fcrstenwalde-S\u00fcd - 5", "http://purl.org/dc/terms/identifier": "370", "http://w3id.org/bb5kbc/ont/hatFID": "370", "http://w3id.org/bb5kbc/ont/hatFundstellenID": "133", "http://w3id.org/bb5kbc/ont/hatGenauigkeit": "0.0", "http://w3id.org/bb5kbc/ont/hatKatalognummer": "6614", "http://www.w3.org/2004/02/skos/core#prefLabel": "F\u00fcrstenwalde-S\u00fcd - 5", "http://rdfs.org/ns/void#inDataset.value": "3727"}, "geometry": {"type": "Point", "coordinates": [14.09, 52.33]}}, {"type": "Feature", "id": "http://w3id.org/bb5kbc/site_369", "name": "F\u00fcrstenwalde - 5 (data:site_369)", "dateprops": [], "properties": {"http://www.w3.org/2000/01/rdf-schema#label": "F\u00fcrstenwalde - 5", "http://purl.org/dc/terms/identifier": "369", "http://w3id.org/bb5kbc/ont/hatFID": "369", "http://w3id.org/bb5kbc/ont/hatFundstellenID": "131", "http://w3id.org/bb5kbc/ont/hatGenauigkeit": "0.0", "http://w3id.org/bb5kbc/ont/hatKatalognummer": "6606", "http://www.w3.org/2004/02/skos/core#prefLabel": "F\u00fcrstenwalde - 5", "http://rdfs.org/ns/void#inDataset.value": "3727"}, "geometry": {"type": "Point", "coordinates": [14.05, 52.36]}}, {"type": "Feature", "id": "http://w3id.org/bb5kbc/site_412", "name": "Geltow - 9 (data:site_412)", "dateprops": [], "properties": {"http://www.w3.org/2000/01/rdf-schema#label": "Geltow - 9", "http://purl.org/dc/terms/identifier": "412", "http://w3id.org/bb5kbc/ont/hatFID": "412", "http://w3id.org/bb5kbc/ont/hatFundstellenID": "141", "http://w3id.org/bb5kbc/ont/hatGenauigkeit": "0.0", "http://w3id.org/bb5kbc/ont/hatKatalognummer": "15417", "http://www.w3.org/2004/02/skos/core#prefLabel": "Geltow - 9", "http://rdfs.org/ns/void#inDataset.value": "3727"}, "geometry": {"type": "Point", "coordinates": [12.98, 52.37]}}, {"type": "Feature", "id": "http://w3id.org/bb5kbc/site_486", "name": "Knehden - 8 (data:site_486)", "dateprops": [], "properties": {"http://www.w3.org/2000/01/rdf-schema#label": "Knehden - 8", "http://purl.org/dc/terms/identifier": "486", "http://w3id.org/bb5kbc/ont/hatFID": "486", "http://w3id.org/bb5kbc/ont/hatFundstellenID": "223", "http://w3id.org/bb5kbc/ont/hatGenauigkeit": "0.0", "http://w3id.org/bb5kbc/ont/hatKatalognummer": "22277", "http://www.w3.org/2004/02/skos/core#prefLabel": "Knehden - 8", "http://rdfs.org/ns/void#inDataset.value": "3727"}, "geometry": {"type": "Point", "coordinates": [13.53, 53.14]}}, {"type": "Feature", "id": "http://w3id.org/bb5kbc/site_581", "name": "Trebus 1 (data:site_581)", "dateprops": [], "properties": {"http://www.w3.org/2000/01/rdf-schema#label": "Trebus 1", "http://purl.org/dc/terms/identifier": "581", "http://w3id.org/bb5kbc/ont/hatFID": "581", "http://w3id.org/bb5kbc/ont/hatFundstellenID": "439", "http://w3id.org/bb5kbc/ont/hatGenauigkeit": "0.0", "http://w3id.org/bb5kbc/ont/hatKatalognummer": "27469", "http://www.w3.org/2004/02/skos/core#prefLabel": "Trebus 1", "http://rdfs.org/ns/void#inDataset.value": "3727"}, "geometry": {"type": "Point", "coordinates": [14.05, 52.41]}}, {"type": "Feature", "id": "http://w3id.org/bb5kbc/site_492", "name": "Dobberzin - 9 (data:site_492)", "dateprops": [], "properties": {"http://www.w3.org/2000/01/rdf-schema#label": "Dobberzin - 9", "http://purl.org/dc/terms/identifier": "492", "http://w3id.org/bb5kbc/ont/hatFID": "492", "http://w3id.org/bb5kbc/ont/hatFundstellenID": "100", "http://w3id.org/bb5kbc/ont/hatGenauigkeit": "0.0", "http://w3id.org/bb5kbc/ont/hatKatalognummer": "305", "http://www.w3.org/2004/02/skos/core#prefLabel": "Dobberzin - 9", "http://rdfs.org/ns/void#inDataset.value": "3727"}, "geometry": {"type": "Point", "coordinates": [14.05, 53.02]}}, {"type": "Feature", "id": "http://w3id.org/bb5kbc/site_147", "name": "K\u00f6ben/Chobienia (Runda) (data:site_147)", "dateprops": [], "properties": {"http://www.w3.org/2000/01/rdf-schema#label": "K\u00f6ben/Chobienia (Runda)", "http://purl.org/dc/terms/identifier": "147", "http://w3id.org/bb5kbc/ont/hatFID": "147", "http://w3id.org/bb5kbc/ont/hatFundstellenID": "224", "http://w3id.org/bb5kbc/ont/hatGenauigkeit": "2500.0", "http://w3id.org/bb5kbc/ont/hatKatalognummer": "22", "http://www.w3.org/2004/02/skos/core#prefLabel": "K\u00f6ben/Chobienia (Runda)", "http://rdfs.org/ns/void#inDataset.value": "3727"}, "geometry": {"type": "Point", "coordinates": [16.45, 51.54]}}, {"type": "Feature", "id": "http://w3id.org/bb5kbc/site_347", "name": "Wustermark - 2 (data:site_347)", "dateprops": [], "properties": {"http://www.w3.org/2000/01/rdf-schema#label": "Wustermark - 2", "http://purl.org/dc/terms/identifier": "347", "http://w3id.org/bb5kbc/ont/hatFID": "347", "http://w3id.org/bb5kbc/ont/hatFundstellenID": "481", "http://w3id.org/bb5kbc/ont/hatGenauigkeit": "0.0", "http://w3id.org/bb5kbc/ont/hatKatalognummer": "12954", "http://www.w3.org/2004/02/skos/core#prefLabel": "Wustermark - 2", "http://rdfs.org/ns/void#inDataset.value": "3727"}, "geometry": {"type": "Point", "coordinates": [12.95, 52.54]}}, {"type": "Feature", "id": "http://w3id.org/bb5kbc/site_81", "name": "Gartz ? (data:site_81)", "dateprops": [], "properties": {"http://www.w3.org/2000/01/rdf-schema#label": "Gartz ?", "http://purl.org/dc/terms/identifier": "81", "http://w3id.org/bb5kbc/ont/hatFID": "81", "http://w3id.org/bb5kbc/ont/hatFundstellenID": "137", "http://w3id.org/bb5kbc/ont/hatGenauigkeit": "3000.0", "http://www.w3.org/2004/02/skos/core#prefLabel": "Gartz ?", "http://rdfs.org/ns/void#inDataset.value": "3727"}, "geometry": {"type": "Point", "coordinates": [14.39, 53.21]}}, {"type": "Feature", "id": "http://w3id.org/bb5kbc/site_372", "name": "Schwerin - 11 (data:site_372)", "dateprops": [], "properties": {"http://www.w3.org/2000/01/rdf-schema#label": "Schwerin - 11", "http://purl.org/dc/terms/identifier": "372", "http://w3id.org/bb5kbc/ont/hatFID": "372", "http://w3id.org/bb5kbc/ont/hatFundstellenID": "404", "http://w3id.org/bb5kbc/ont/hatGenauigkeit": "0.0", "http://w3id.org/bb5kbc/ont/hatKatalognummer": "34518", "http://www.w3.org/2004/02/skos/core#prefLabel": "Schwerin - 11", "http://rdfs.org/ns/void#inDataset.value": "3727"}, "geometry": {"type": "Point", "coordinates": [13.86, 52.19]}}, {"type": "Feature", "id": "http://w3id.org/bb5kbc/site_336", "name": "Wagenitz - 6 (data:site_336)", "dateprops": [], "properties": {"http://www.w3.org/2000/01/rdf-schema#label": "Wagenitz - 6", "http://purl.org/dc/terms/identifier": "336", "http://w3id.org/bb5kbc/ont/hatFID": "336", "http://w3id.org/bb5kbc/ont/hatFundstellenID": "455", "http://w3id.org/bb5kbc/ont/hatGenauigkeit": "0.0", "http://w3id.org/bb5kbc/ont/hatKatalognummer": "12920", "http://www.w3.org/2004/02/skos/core#prefLabel": "Wagenitz - 6", "http://rdfs.org/ns/void#inDataset.value": "3727"}, "geometry": {"type": "Point", "coordinates": [12.64, 52.65]}}, {"type": "Feature", "id": "http://w3id.org/bb5kbc/site_241", "name": "Trebatsch/Sabrodt 1 (data:site_241)", "dateprops": [], "properties": {"http://www.w3.org/2000/01/rdf-schema#label": "Trebatsch/Sabrodt 1", "http://purl.org/dc/terms/identifier": "241", "http://w3id.org/bb5kbc/ont/hatFID": "241", "http://w3id.org/bb5kbc/ont/hatFundstellenID": "436", "http://w3id.org/bb5kbc/ont/hatGenauigkeit": "0.0", "http://w3id.org/bb5kbc/ont/hatKatalognummer": "1348", "http://www.w3.org/2004/02/skos/core#prefLabel": "Trebatsch/Sabrodt 1", "http://rdfs.org/ns/void#inDataset.value": "3727"}, "geometry": {"type": "Point", "coordinates": [14.2, 52.09]}}, {"type": "Feature", "id": "http://w3id.org/bb5kbc/site_562", "name": "Mierzyn 6 (data:site_562)", "dateprops": [], "properties": {"http://www.w3.org/2000/01/rdf-schema#label": "Mierzyn 6", "http://purl.org/dc/terms/identifier": "562", "http://w3id.org/bb5kbc/ont/hatFID": "562", "http://w3id.org/bb5kbc/ont/hatFundstellenID": "290", "http://w3id.org/bb5kbc/ont/hatGenauigkeit": "800.0", "http://w3id.org/bb5kbc/ont/hatKatalognummer": "1", "http://www.w3.org/2004/02/skos/core#prefLabel": "Mierzyn 6", "http://rdfs.org/ns/void#inDataset.value": "3727"}, "geometry": {"type": "Point", "coordinates": [14.46, 53.44]}}, {"type": "Feature", "id": "http://w3id.org/bb5kbc/site_436", "name": "Perleberg - 16 (data:site_436)", "dateprops": [], "properties": {"http://www.w3.org/2000/01/rdf-schema#label": "Perleberg - 16", "http://purl.org/dc/terms/identifier": "436", "http://w3id.org/bb5kbc/ont/hatFID": "436", "http://w3id.org/bb5kbc/ont/hatFundstellenID": "323", "http://w3id.org/bb5kbc/ont/hatGenauigkeit": "0.0", "http://w3id.org/bb5kbc/ont/hatKatalognummer": "39788", "http://www.w3.org/2004/02/skos/core#prefLabel": "Perleberg - 16", "http://rdfs.org/ns/void#inDataset.value": "3727"}, "geometry": {"type": "Point", "coordinates": [11.82, 53.03]}}, {"type": "Feature", "id": "http://w3id.org/bb5kbc/site_208", "name": "Wolica Nowa (Pol\u00f3wka) 1 (data:site_208)", "dateprops": [], "properties": {"http://www.w3.org/2000/01/rdf-schema#label": "Wolica Nowa (Pol\u00f3wka) 1", "http://purl.org/dc/terms/identifier": "208", "http://w3id.org/bb5kbc/ont/hatFID": "208", "http://w3id.org/bb5kbc/ont/hatFundstellenID": "472", "http://w3id.org/bb5kbc/ont/hatGenauigkeit": "200.0", "http://w3id.org/bb5kbc/ont/hatKatalognummer": "17", "http://www.w3.org/2004/02/skos/core#prefLabel": "Wolica Nowa (Pol\u00f3wka) 1", "http://rdfs.org/ns/void#inDataset.value": "3727"}, "geometry": {"type": "Point", "coordinates": [18.88, 52.65]}}, {"type": "Feature", "id": "http://w3id.org/bb5kbc/site_467", "name": "Felchow - 13 (data:site_467)", "dateprops": [], "properties": {"http://www.w3.org/2000/01/rdf-schema#label": "Felchow - 13", "http://purl.org/dc/terms/identifier": "467", "http://w3id.org/bb5kbc/ont/hatFID": "467", "http://w3id.org/bb5kbc/ont/hatFundstellenID": "116", "http://w3id.org/bb5kbc/ont/hatGenauigkeit": "0.0", "http://w3id.org/bb5kbc/ont/hatKatalognummer": "355", "http://www.w3.org/2004/02/skos/core#prefLabel": "Felchow - 13", "http://rdfs.org/ns/void#inDataset.value": "3727"}, "geometry": {"type": "Point", "coordinates": [14.12, 53.04]}}, {"type": "Feature", "id": "http://w3id.org/bb5kbc/site_432", "name": "Sadenbeck - 6 (data:site_432)", "dateprops": [], "properties": {"http://www.w3.org/2000/01/rdf-schema#label": "Sadenbeck - 6", "http://purl.org/dc/terms/identifier": "432", "http://w3id.org/bb5kbc/ont/hatFID": "432", "http://w3id.org/bb5kbc/ont/hatFundstellenID": "380", "http://w3id.org/bb5kbc/ont/hatGenauigkeit": "0.0", "http://w3id.org/bb5kbc/ont/hatKatalognummer": "19101", "http://www.w3.org/2004/02/skos/core#prefLabel": "Sadenbeck - 6", "http://rdfs.org/ns/void#inDataset.value": "3727"}, "geometry": {"type": "Point", "coordinates": [12.25, 53.2]}}, {"type": "Feature", "id": "http://w3id.org/bb5kbc/site_24", "name": "Korbetha 4 (data:site_24)", "dateprops": [], "properties": {"http://www.w3.org/2000/01/rdf-schema#label": "Korbetha 4", "http://purl.org/dc/terms/identifier": "24", "http://w3id.org/bb5kbc/ont/hatFID": "24", "http://w3id.org/bb5kbc/ont/hatFundstellenID": "233", "http://w3id.org/bb5kbc/ont/hatGenauigkeit": "50.0", "http://w3id.org/bb5kbc/ont/hatKatalognummer": "294", "http://www.w3.org/2004/02/skos/core#prefLabel": "Korbetha 4", "http://rdfs.org/ns/void#inDataset.value": "3727"}, "geometry": {"type": "Point", "coordinates": [11.97, 51.4]}}, {"type": "Feature", "id": "http://w3id.org/bb5kbc/site_311", "name": "Gr\u00e4bendorf - 8 (data:site_311)", "dateprops": [], "properties": {"http://www.w3.org/2000/01/rdf-schema#label": "Gr\u00e4bendorf - 8", "http://purl.org/dc/terms/identifier": "311", "http://w3id.org/bb5kbc/ont/hatFID": "311", "http://w3id.org/bb5kbc/ont/hatFundstellenID": "156", "http://w3id.org/bb5kbc/ont/hatGenauigkeit": "0.0", "http://w3id.org/bb5kbc/ont/hatKatalognummer": "9952", "http://www.w3.org/2004/02/skos/core#prefLabel": "Gr\u00e4bendorf - 8", "http://rdfs.org/ns/void#inDataset.value": "3727"}, "geometry": {"type": "Point", "coordinates": [13.71, 52.24]}}, {"type": "Feature", "id": "http://w3id.org/bb5kbc/site_13", "name": "L\u00f6derburg (data:site_13)", "dateprops": [], "properties": {"http://www.w3.org/2000/01/rdf-schema#label": "L\u00f6derburg", "http://purl.org/dc/terms/identifier": "13", "http://w3id.org/bb5kbc/ont/hatFID": "13", "http://w3id.org/bb5kbc/ont/hatFundstellenID": "261", "http://w3id.org/bb5kbc/ont/hatGenauigkeit": "250.0", "http://w3id.org/bb5kbc/ont/hatKatalognummer": "506", "http://www.w3.org/2004/02/skos/core#prefLabel": "L\u00f6derburg", "http://rdfs.org/ns/void#inDataset.value": "3727"}, "geometry": {"type": "Point", "coordinates": [11.54, 51.88]}}, {"type": "Feature", "id": "http://w3id.org/bb5kbc/site_161", "name": "Stabelwitz/Stab\u0142owice (data:site_161)", "dateprops": [], "properties": {"http://www.w3.org/2000/01/rdf-schema#label": "Stabelwitz/Stab\u0142owice", "http://purl.org/dc/terms/identifier": "161", "http://w3id.org/bb5kbc/ont/hatFID": "161", "http://w3id.org/bb5kbc/ont/hatFundstellenID": "418", "http://w3id.org/bb5kbc/ont/hatGenauigkeit": "2500.0", "http://w3id.org/bb5kbc/ont/hatKatalognummer": "16", "http://www.w3.org/2004/02/skos/core#prefLabel": "Stabelwitz/Stab\u0142owice", "http://rdfs.org/ns/void#inDataset.value": "3727"}, "geometry": {"type": "Point", "coordinates": [16.89, 51.15]}}, {"type": "Feature", "id": "http://w3id.org/bb5kbc/site_322", "name": "Hohenbr\u00fcck - 2 (data:site_322)", "dateprops": [], "properties": {"http://www.w3.org/2000/01/rdf-schema#label": "Hohenbr\u00fcck - 2", "http://purl.org/dc/terms/identifier": "322", "http://w3id.org/bb5kbc/ont/hatFID": "322", "http://w3id.org/bb5kbc/ont/hatFundstellenID": "188", "http://w3id.org/bb5kbc/ont/hatGenauigkeit": "0.0", "http://w3id.org/bb5kbc/ont/hatKatalognummer": "11207", "http://www.w3.org/2004/02/skos/core#prefLabel": "Hohenbr\u00fcck - 2", "http://rdfs.org/ns/void#inDataset.value": "3727"}, "geometry": {"type": "Point", "coordinates": [13.89, 52.09]}}, {"type": "Feature", "id": "http://w3id.org/bb5kbc/site_188", "name": "Zagajewice 1 (data:site_188)", "dateprops": [], "properties": {"http://www.w3.org/2000/01/rdf-schema#label": "Zagajewice 1", "http://purl.org/dc/terms/identifier": "188", "http://w3id.org/bb5kbc/ont/hatFID": "188", "http://w3id.org/bb5kbc/ont/hatFundstellenID": "485", "http://w3id.org/bb5kbc/ont/hatGenauigkeit": "200.0", "http://w3id.org/bb5kbc/ont/hatKatalognummer": "33", "http://www.w3.org/2004/02/skos/core#prefLabel": "Zagajewice 1", "http://rdfs.org/ns/void#inDataset.value": "3727"}, "geometry": {"type": "Point", "coordinates": [18.78, 52.63]}}, {"type": "Feature", "id": "http://w3id.org/bb5kbc/site_49", "name": "Selchow 7 (data:site_49)", "dateprops": [], "properties": {"http://www.w3.org/2000/01/rdf-schema#label": "Selchow 7", "http://purl.org/dc/terms/identifier": "49", "http://w3id.org/bb5kbc/ont/hatFID": "49", "http://w3id.org/bb5kbc/ont/hatFundstellenID": "407", "http://w3id.org/bb5kbc/ont/hatGenauigkeit": "0.0", "http://w3id.org/bb5kbc/ont/hatKatalognummer": "10304", "http://www.w3.org/2004/02/skos/core#prefLabel": "Selchow 7", "http://rdfs.org/ns/void#inDataset.value": "3727"}, "geometry": {"type": "Point", "coordinates": [13.47, 52.35]}}, {"type": "Feature", "id": "http://w3id.org/bb5kbc/site_211", "name": "Brze\u015b\u0107 Kujawski 5a (data:site_211)", "dateprops": [], "properties": {"http://www.w3.org/2000/01/rdf-schema#label": "Brze\u015b\u0107 Kujawski 5a", "http://purl.org/dc/terms/identifier": "211", "http://w3id.org/bb5kbc/ont/hatFID": "211", "http://w3id.org/bb5kbc/ont/hatFundstellenID": "82", "http://w3id.org/bb5kbc/ont/hatGenauigkeit": "200.0", "http://w3id.org/bb5kbc/ont/hatKatalognummer": "4", "http://www.w3.org/2004/02/skos/core#prefLabel": "Brze\u015b\u0107 Kujawski 5a", "http://rdfs.org/ns/void#inDataset.value": "3727"}, "geometry": {"type": "Point", "coordinates": [18.91, 52.61]}}, {"type": "Feature", "id": "http://w3id.org/bb5kbc/site_504", "name": "Kienberg 1 (data:site_504)", "dateprops": [], "properties": {"http://www.w3.org/2000/01/rdf-schema#label": "Kienberg 1", "http://purl.org/dc/terms/identifier": "504", "http://w3id.org/bb5kbc/ont/hatFID": "504", "http://w3id.org/bb5kbc/ont/hatFundstellenID": "212", "http://w3id.org/bb5kbc/ont/hatGenauigkeit": "0.0", "http://www.w3.org/2004/02/skos/core#prefLabel": "Kienberg 1", "http://rdfs.org/ns/void#inDataset.value": "3727"}, "geometry": {"type": "Point", "coordinates": [12.9, 52.66]}}, {"type": "Feature", "id": "http://w3id.org/bb5kbc/site_475", "name": "Niederlandin - 15 (data:site_475)", "dateprops": [], "properties": {"http://www.w3.org/2000/01/rdf-schema#label": "Niederlandin - 15", "http://purl.org/dc/terms/identifier": "475", "http://w3id.org/bb5kbc/ont/hatFID": "475", "http://w3id.org/bb5kbc/ont/hatFundstellenID": "308", "http://w3id.org/bb5kbc/ont/hatGenauigkeit": "0.0", "http://w3id.org/bb5kbc/ont/hatKatalognummer": "695", "http://www.w3.org/2004/02/skos/core#prefLabel": "Niederlandin - 15", "http://rdfs.org/ns/void#inDataset.value": "3727"}, "geometry": {"type": "Point", "coordinates": [14.14, 53.08]}}, {"type": "Feature", "id": "http://w3id.org/bb5kbc/site_79", "name": "Platkow 13 (data:site_79)", "dateprops": [], "properties": {"http://www.w3.org/2000/01/rdf-schema#label": "Platkow 13", "http://purl.org/dc/terms/identifier": "79", "http://w3id.org/bb5kbc/ont/hatFID": "79", "http://w3id.org/bb5kbc/ont/hatFundstellenID": "332", "http://w3id.org/bb5kbc/ont/hatGenauigkeit": "0.0", "http://www.w3.org/2004/02/skos/core#prefLabel": "Platkow 13", "http://rdfs.org/ns/void#inDataset.value": "3727"}, "geometry": {"type": "Point", "coordinates": [14.33, 52.61]}}, {"type": "Feature", "id": "http://w3id.org/bb5kbc/site_253", "name": "Beeskow 5 (data:site_253)", "dateprops": [], "properties": {"http://www.w3.org/2000/01/rdf-schema#label": "Beeskow 5", "http://purl.org/dc/terms/identifier": "253", "http://w3id.org/bb5kbc/ont/hatFID": "253", "http://w3id.org/bb5kbc/ont/hatFundstellenID": "28", "http://w3id.org/bb5kbc/ont/hatGenauigkeit": "0.0", "http://w3id.org/bb5kbc/ont/hatKatalognummer": "1126", "http://www.w3.org/2004/02/skos/core#prefLabel": "Beeskow 5", "http://rdfs.org/ns/void#inDataset.value": "3727"}, "geometry": {"type": "Point", "coordinates": [14.3, 52.17]}}, {"type": "Feature", "id": "http://w3id.org/bb5kbc/site_301", "name": "Rohrbeck 14 (data:site_301)", "dateprops": [], "properties": {"http://www.w3.org/2000/01/rdf-schema#label": "Rohrbeck 14", "http://purl.org/dc/terms/identifier": "301", "http://w3id.org/bb5kbc/ont/hatFID": "301", "http://w3id.org/bb5kbc/ont/hatFundstellenID": "375", "http://w3id.org/bb5kbc/ont/hatGenauigkeit": "0.0", "http://w3id.org/bb5kbc/ont/hatKatalognummer": "9738", "http://www.w3.org/2004/02/skos/core#prefLabel": "Rohrbeck 14", "http://rdfs.org/ns/void#inDataset.value": "3727"}, "geometry": {"type": "Point", "coordinates": [13.03, 51.97]}}, {"type": "Feature", "id": "http://w3id.org/bb5kbc/site_89", "name": "Uhyst 19 (data:site_89)", "dateprops": [], "properties": {"http://www.w3.org/2000/01/rdf-schema#label": "Uhyst 19", "http://purl.org/dc/terms/identifier": "89", "http://w3id.org/bb5kbc/ont/hatFID": "89", "http://w3id.org/bb5kbc/ont/hatFundstellenID": "446", "http://w3id.org/bb5kbc/ont/hatGenauigkeit": "200.0", "http://www.w3.org/2004/02/skos/core#prefLabel": "Uhyst 19", "http://rdfs.org/ns/void#inDataset.value": "3727"}, "geometry": {"type": "Point", "coordinates": [14.53, 51.37]}}, {"type": "Feature", "id": "http://w3id.org/bb5kbc/site_107", "name": "Pyritz \u2013 Weinberg (data:site_107)", "dateprops": [], "properties": {"http://www.w3.org/2000/01/rdf-schema#label": "Pyritz \u2013 Weinberg", "http://purl.org/dc/terms/identifier": "107", "http://w3id.org/bb5kbc/ont/hatFID": "107", "http://w3id.org/bb5kbc/ont/hatFundstellenID": "357", "http://w3id.org/bb5kbc/ont/hatGenauigkeit": "100.0", "http://www.w3.org/2004/02/skos/core#prefLabel": "Pyritz \u2013 Weinberg", "http://rdfs.org/ns/void#inDataset.value": "3727"}, "geometry": {"type": "Point", "coordinates": [14.9, 53.15]}}, {"type": "Feature", "id": "http://w3id.org/bb5kbc/site_389", "name": "Wulkow bei Alt Ruppin - 3 (data:site_389)", "dateprops": [], "properties": {"http://www.w3.org/2000/01/rdf-schema#label": "Wulkow bei Alt Ruppin - 3", "http://purl.org/dc/terms/identifier": "389", "http://w3id.org/bb5kbc/ont/hatFID": "389", "http://w3id.org/bb5kbc/ont/hatFundstellenID": "476", "http://w3id.org/bb5kbc/ont/hatGenauigkeit": "0.0", "http://w3id.org/bb5kbc/ont/hatKatalognummer": "53123", "http://www.w3.org/2004/02/skos/core#prefLabel": "Wulkow bei Alt Ruppin - 3", "http://rdfs.org/ns/void#inDataset.value": "3727"}, "geometry": {"type": "Point", "coordinates": [12.95, 52.93]}}, {"type": "Feature", "id": "http://w3id.org/bb5kbc/site_180", "name": "Ko\u015bcielna Wie\u015b 1 (data:site_180)", "dateprops": [], "properties": {"http://www.w3.org/2000/01/rdf-schema#label": "Ko\u015bcielna Wie\u015b 1", "http://purl.org/dc/terms/identifier": "180", "http://w3id.org/bb5kbc/ont/hatFID": "180", "http://w3id.org/bb5kbc/ont/hatFundstellenID": "235", "http://w3id.org/bb5kbc/ont/hatGenauigkeit": "200.0", "http://w3id.org/bb5kbc/ont/hatKatalognummer": "37", "http://www.w3.org/2004/02/skos/core#prefLabel": "Ko\u015bcielna Wie\u015b 1", "http://rdfs.org/ns/void#inDataset.value": "3727"}, "geometry": {"type": "Point", "coordinates": [18.72, 52.67]}}, {"type": "Feature", "id": "http://w3id.org/bb5kbc/site_511", "name": "Inowroclaw - M\u0105twy 5/3 (data:site_511)", "dateprops": [], "properties": {"http://www.w3.org/2000/01/rdf-schema#label": "Inowroclaw - M\u0105twy 5/3", "http://purl.org/dc/terms/identifier": "511", "http://w3id.org/bb5kbc/ont/hatFID": "511", "http://w3id.org/bb5kbc/ont/hatFundstellenID": "196", "http://w3id.org/bb5kbc/ont/hatGenauigkeit": "1500.0", "http://w3id.org/bb5kbc/ont/hatKatalognummer": "47", "http://www.w3.org/2004/02/skos/core#prefLabel": "Inowroclaw - M\u0105twy 5/3", "http://rdfs.org/ns/void#inDataset.value": "3727"}, "geometry": {"type": "Point", "coordinates": [18.26, 52.74]}}, {"type": "Feature", "id": "http://w3id.org/bb5kbc/site_269", "name": "Ribbeck 9/21 (9) (data:site_269)", "dateprops": [], "properties": {"http://www.w3.org/2000/01/rdf-schema#label": "Ribbeck 9/21 (9)", "http://purl.org/dc/terms/identifier": "269", "http://w3id.org/bb5kbc/ont/hatFID": "269", "http://w3id.org/bb5kbc/ont/hatFundstellenID": "372", "http://w3id.org/bb5kbc/ont/hatGenauigkeit": "0.0", "http://w3id.org/bb5kbc/ont/hatKatalognummer": "58581", "http://www.w3.org/2004/02/skos/core#prefLabel": "Ribbeck 9/21 (9)", "http://rdfs.org/ns/void#inDataset.value": "3727"}, "geometry": {"type": "Point", "coordinates": [12.75, 52.63]}}, {"type": "Feature", "id": "http://w3id.org/bb5kbc/site_189", "name": "Zagajewice A1/91 (data:site_189)", "dateprops": [], "properties": {"http://www.w3.org/2000/01/rdf-schema#label": "Zagajewice A1/91", "http://purl.org/dc/terms/identifier": "189", "http://w3id.org/bb5kbc/ont/hatFID": "189", "http://w3id.org/bb5kbc/ont/hatFundstellenID": "486", "http://w3id.org/bb5kbc/ont/hatGenauigkeit": "200.0", "http://w3id.org/bb5kbc/ont/hatKatalognummer": "35", "http://www.w3.org/2004/02/skos/core#prefLabel": "Zagajewice A1/91", "http://rdfs.org/ns/void#inDataset.value": "3727"}, "geometry": {"type": "Point", "coordinates": [18.78, 52.64]}}, {"type": "Feature", "id": "http://w3id.org/bb5kbc/site_254", "name": "Blankenburg 26 (data:site_254)", "dateprops": [], "properties": {"http://www.w3.org/2000/01/rdf-schema#label": "Blankenburg 26", "http://purl.org/dc/terms/identifier": "254", "http://w3id.org/bb5kbc/ont/hatFID": "254", "http://w3id.org/bb5kbc/ont/hatFundstellenID": "47", "http://w3id.org/bb5kbc/ont/hatGenauigkeit": "0.0", "http://w3id.org/bb5kbc/ont/hatKatalognummer": "16349", "http://www.w3.org/2004/02/skos/core#prefLabel": "Blankenburg 26", "http://rdfs.org/ns/void#inDataset.value": "3727"}, "geometry": {"type": "Point", "coordinates": [13.94, 53.22]}}, {"type": "Feature", "id": "http://w3id.org/bb5kbc/site_261", "name": "Kirchm\u00f6ser 34 (data:site_261)", "dateprops": [], "properties": {"http://www.w3.org/2000/01/rdf-schema#label": "Kirchm\u00f6ser 34", "http://purl.org/dc/terms/identifier": "261", "http://w3id.org/bb5kbc/ont/hatFID": "261", "http://w3id.org/bb5kbc/ont/hatFundstellenID": "214", "http://w3id.org/bb5kbc/ont/hatGenauigkeit": "0.0", "http://w3id.org/bb5kbc/ont/hatKatalognummer": "63130", "http://www.w3.org/2004/02/skos/core#prefLabel": "Kirchm\u00f6ser 34", "http://rdfs.org/ns/void#inDataset.value": "3727"}, "geometry": {"type": "Point", "coordinates": [12.43, 52.38]}}, {"type": "Feature", "id": "http://w3id.org/bb5kbc/site_409", "name": "Bergholz-Rehbr\u00fccke - 8 (data:site_409)", "dateprops": [], "properties": {"http://www.w3.org/2000/01/rdf-schema#label": "Bergholz-Rehbr\u00fccke - 8", "http://purl.org/dc/terms/identifier": "409", "http://w3id.org/bb5kbc/ont/hatFID": "409", "http://w3id.org/bb5kbc/ont/hatFundstellenID": "30", "http://w3id.org/bb5kbc/ont/hatGenauigkeit": "0.0", "http://w3id.org/bb5kbc/ont/hatKatalognummer": "15275", "http://www.w3.org/2004/02/skos/core#prefLabel": "Bergholz-Rehbr\u00fccke - 8", "http://rdfs.org/ns/void#inDataset.value": "3727"}, "geometry": {"type": "Point", "coordinates": [13.09, 52.35]}}, {"type": "Feature", "id": "http://w3id.org/bb5kbc/site_210", "name": "Brze\u015b\u0107 Kujawski 17 (data:site_210)", "dateprops": [], "properties": {"http://www.w3.org/2000/01/rdf-schema#label": "Brze\u015b\u0107 Kujawski 17", "http://purl.org/dc/terms/identifier": "210", "http://w3id.org/bb5kbc/ont/hatFID": "210", "http://w3id.org/bb5kbc/ont/hatFundstellenID": "78", "http://w3id.org/bb5kbc/ont/hatGenauigkeit": "200.0", "http://w3id.org/bb5kbc/ont/hatKatalognummer": "15", "http://www.w3.org/2004/02/skos/core#prefLabel": "Brze\u015b\u0107 Kujawski 17", "http://rdfs.org/ns/void#inDataset.value": "3727"}, "geometry": {"type": "Point", "coordinates": [18.9, 52.62]}}, {"type": "Feature", "id": "http://w3id.org/bb5kbc/site_7", "name": "Quedlinburg 24 (data:site_7)", "dateprops": [], "properties": {"http://www.w3.org/2000/01/rdf-schema#label": "Quedlinburg 24", "http://purl.org/dc/terms/identifier": "7", "http://w3id.org/bb5kbc/ont/hatFID": "7", "http://w3id.org/bb5kbc/ont/hatFundstellenID": "358", "http://w3id.org/bb5kbc/ont/hatGenauigkeit": "50.0", "http://w3id.org/bb5kbc/ont/hatKatalognummer": "380", "http://www.w3.org/2004/02/skos/core#prefLabel": "Quedlinburg 24", "http://rdfs.org/ns/void#inDataset.value": "3727"}, "geometry": {"type": "Point", "coordinates": [11.17, 51.81]}}, {"type": "Feature", "id": "http://w3id.org/bb5kbc/site_207", "name": "Falborz 1 (data:site_207)", "dateprops": [], "properties": {"http://www.w3.org/2000/01/rdf-schema#label": "Falborz 1", "http://purl.org/dc/terms/identifier": "207", "http://w3id.org/bb5kbc/ont/hatFID": "207", "http://w3id.org/bb5kbc/ont/hatFundstellenID": "114", "http://w3id.org/bb5kbc/ont/hatGenauigkeit": "200.0", "http://w3id.org/bb5kbc/ont/hatKatalognummer": "19", "http://www.w3.org/2004/02/skos/core#prefLabel": "Falborz 1", "http://rdfs.org/ns/void#inDataset.value": "3727"}, "geometry": {"type": "Point", "coordinates": [18.88, 52.61]}}, {"type": "Feature", "id": "http://w3id.org/bb5kbc/site_433", "name": "Babekuhl - 5 (data:site_433)", "dateprops": [], "properties": {"http://www.w3.org/2000/01/rdf-schema#label": "Babekuhl - 5", "http://purl.org/dc/terms/identifier": "433", "http://w3id.org/bb5kbc/ont/hatFID": "433", "http://w3id.org/bb5kbc/ont/hatFundstellenID": "19", "http://w3id.org/bb5kbc/ont/hatGenauigkeit": "0.0", "http://w3id.org/bb5kbc/ont/hatKatalognummer": "31427", "http://www.w3.org/2004/02/skos/core#prefLabel": "Babekuhl - 5", "http://rdfs.org/ns/void#inDataset.value": "3727"}, "geometry": {"type": "Point", "coordinates": [11.62, 53.07]}}, {"type": "Feature", "id": "http://w3id.org/bb5kbc/site_408", "name": "Alt T\u00f6plitz - 21 (data:site_408)", "dateprops": [], "properties": {"http://www.w3.org/2000/01/rdf-schema#label": "Alt T\u00f6plitz - 21", "http://purl.org/dc/terms/identifier": "408", "http://w3id.org/bb5kbc/ont/hatFID": "408", "http://w3id.org/bb5kbc/ont/hatFundstellenID": "11", "http://w3id.org/bb5kbc/ont/hatGenauigkeit": "0.0", "http://w3id.org/bb5kbc/ont/hatKatalognummer": "15225", "http://www.w3.org/2004/02/skos/core#prefLabel": "Alt T\u00f6plitz - 21", "http://rdfs.org/ns/void#inDataset.value": "3727"}, "geometry": {"type": "Point", "coordinates": [12.93, 52.42]}}, {"type": "Feature", "id": "http://w3id.org/bb5kbc/site_295", "name": "Nauen 68 (data:site_295)", "dateprops": [], "properties": {"http://www.w3.org/2000/01/rdf-schema#label": "Nauen 68", "http://purl.org/dc/terms/identifier": "295", "http://w3id.org/bb5kbc/ont/hatFID": "295", "http://w3id.org/bb5kbc/ont/hatFundstellenID": "299", "http://w3id.org/bb5kbc/ont/hatGenauigkeit": "0.0", "http://w3id.org/bb5kbc/ont/hatKatalognummer": "48811", "http://www.w3.org/2004/02/skos/core#prefLabel": "Nauen 68", "http://rdfs.org/ns/void#inDataset.value": "3727"}, "geometry": {"type": "Point", "coordinates": [12.98, 52.62]}}, {"type": "Feature", "id": "http://w3id.org/bb5kbc/site_340", "name": "Strodehne - 1 (data:site_340)", "dateprops": [], "properties": {"http://www.w3.org/2000/01/rdf-schema#label": "Strodehne - 1", "http://purl.org/dc/terms/identifier": "340", "http://w3id.org/bb5kbc/ont/hatFID": "340", "http://w3id.org/bb5kbc/ont/hatFundstellenID": "425", "http://w3id.org/bb5kbc/ont/hatGenauigkeit": "0.0", "http://w3id.org/bb5kbc/ont/hatKatalognummer": "20003", "http://www.w3.org/2004/02/skos/core#prefLabel": "Strodehne - 1", "http://rdfs.org/ns/void#inDataset.value": "3727"}, "geometry": {"type": "Point", "coordinates": [12.23, 52.74]}}, {"type": "Feature", "id": "http://w3id.org/bb5kbc/site_339", "name": "Rathenow-Neue Schleuse - 9 (data:site_339)", "dateprops": [], "properties": {"http://www.w3.org/2000/01/rdf-schema#label": "Rathenow-Neue Schleuse - 9", "http://purl.org/dc/terms/identifier": "339", "http://w3id.org/bb5kbc/ont/hatFID": "339", "http://w3id.org/bb5kbc/ont/hatFundstellenID": "365", "http://w3id.org/bb5kbc/ont/hatGenauigkeit": "0.0", "http://w3id.org/bb5kbc/ont/hatKatalognummer": "19863", "http://www.w3.org/2004/02/skos/core#prefLabel": "Rathenow-Neue Schleuse - 9", "http://rdfs.org/ns/void#inDataset.value": "3727"}, "geometry": {"type": "Point", "coordinates": [12.31, 52.61]}}, {"type": "Feature", "id": "http://w3id.org/bb5kbc/site_407", "name": "Alt T\u00f6plitz - 7 (data:site_407)", "dateprops": [], "properties": {"http://www.w3.org/2000/01/rdf-schema#label": "Alt T\u00f6plitz - 7", "http://purl.org/dc/terms/identifier": "407", "http://w3id.org/bb5kbc/ont/hatFID": "407", "http://w3id.org/bb5kbc/ont/hatFundstellenID": "12", "http://w3id.org/bb5kbc/ont/hatGenauigkeit": "0.0", "http://w3id.org/bb5kbc/ont/hatKatalognummer": "15211", "http://www.w3.org/2004/02/skos/core#prefLabel": "Alt T\u00f6plitz - 7", "http://rdfs.org/ns/void#inDataset.value": "3727"}, "geometry": {"type": "Point", "coordinates": [12.91, 52.44]}}, {"type": "Feature", "id": "http://w3id.org/bb5kbc/site_551", "name": "Uhyst 13 (data:site_551)", "dateprops": [], "properties": {"http://www.w3.org/2000/01/rdf-schema#label": "Uhyst 13", "http://purl.org/dc/terms/identifier": "551", "http://w3id.org/bb5kbc/ont/hatFID": "551", "http://w3id.org/bb5kbc/ont/hatFundstellenID": "445", "http://w3id.org/bb5kbc/ont/hatGenauigkeit": "200.0", "http://www.w3.org/2004/02/skos/core#prefLabel": "Uhyst 13", "http://rdfs.org/ns/void#inDataset.value": "3727"}, "geometry": {"type": "Point", "coordinates": [14.53, 51.37]}}, {"type": "Feature", "id": "http://w3id.org/bb5kbc/site_86", "name": "Gr\u00f6tsch 8 (data:site_86)", "dateprops": [], "properties": {"http://www.w3.org/2000/01/rdf-schema#label": "Gr\u00f6tsch 8", "http://purl.org/dc/terms/identifier": "86", "http://w3id.org/bb5kbc/ont/hatFID": "86", "http://w3id.org/bb5kbc/ont/hatFundstellenID": "167", "http://w3id.org/bb5kbc/ont/hatGenauigkeit": "0.0", "http://w3id.org/bb5kbc/ont/hatKatalognummer": "24974", "http://www.w3.org/2004/02/skos/core#prefLabel": "Gr\u00f6tsch 8", "http://rdfs.org/ns/void#inDataset.value": "3727"}, "geometry": {"type": "Point", "coordinates": [14.52, 51.8]}}, {"type": "Feature", "id": "http://w3id.org/bb5kbc/site_175", "name": "Kulmsee/Che\u0142m\u017ca (data:site_175)", "dateprops": [], "properties": {"http://www.w3.org/2000/01/rdf-schema#label": "Kulmsee/Che\u0142m\u017ca", "http://purl.org/dc/terms/identifier": "175", "http://w3id.org/bb5kbc/ont/hatFID": "175", "http://w3id.org/bb5kbc/ont/hatFundstellenID": "251", "http://w3id.org/bb5kbc/ont/hatGenauigkeit": "2500.0", "http://w3id.org/bb5kbc/ont/hatKatalognummer": "48", "http://www.w3.org/2004/02/skos/core#prefLabel": "Kulmsee/Che\u0142m\u017ca", "http://rdfs.org/ns/void#inDataset.value": "3727"}, "geometry": {"type": "Point", "coordinates": [18.61, 53.19]}}, {"type": "Feature", "id": "http://w3id.org/bb5kbc/site_152", "name": "Racot 18 (data:site_152)", "dateprops": [], "properties": {"http://www.w3.org/2000/01/rdf-schema#label": "Racot 18", "http://purl.org/dc/terms/identifier": "152", "http://w3id.org/bb5kbc/ont/hatFID": "152", "http://w3id.org/bb5kbc/ont/hatFundstellenID": "362", "http://w3id.org/bb5kbc/ont/hatGenauigkeit": "50.0", "http://www.w3.org/2004/02/skos/core#prefLabel": "Racot 18", "http://rdfs.org/ns/void#inDataset.value": "3727"}, "geometry": {"type": "Point", "coordinates": [16.72, 52.07]}}, {"type": "Feature", "id": "http://w3id.org/bb5kbc/site_396", "name": "Lohm - 10 (data:site_396)", "dateprops": [], "properties": {"http://www.w3.org/2000/01/rdf-schema#label": "Lohm - 10", "http://purl.org/dc/terms/identifier": "396", "http://w3id.org/bb5kbc/ont/hatFID": "396", "http://w3id.org/bb5kbc/ont/hatFundstellenID": "262", "http://w3id.org/bb5kbc/ont/hatGenauigkeit": "0.0", "http://w3id.org/bb5kbc/ont/hatKatalognummer": "10713", "http://www.w3.org/2004/02/skos/core#prefLabel": "Lohm - 10", "http://rdfs.org/ns/void#inDataset.value": "3727"}, "geometry": {"type": "Point", "coordinates": [12.3, 52.84]}}, {"type": "Feature", "id": "http://w3id.org/bb5kbc/site_461", "name": "Blankensee - 16 (data:site_461)", "dateprops": [], "properties": {"http://www.w3.org/2000/01/rdf-schema#label": "Blankensee - 16", "http://purl.org/dc/terms/identifier": "461", "http://w3id.org/bb5kbc/ont/hatFID": "461", "http://w3id.org/bb5kbc/ont/hatFundstellenID": "52", "http://w3id.org/bb5kbc/ont/hatGenauigkeit": "0.0", "http://w3id.org/bb5kbc/ont/hatKatalognummer": "49360", "http://www.w3.org/2004/02/skos/core#prefLabel": "Blankensee - 16", "http://rdfs.org/ns/void#inDataset.value": "3727"}, "geometry": {"type": "Point", "coordinates": [13.14, 52.24]}}, {"type": "Feature", "id": "http://w3id.org/bb5kbc/site_460", "name": "Blankensee - 15 (data:site_460)", "dateprops": [], "properties": {"http://www.w3.org/2000/01/rdf-schema#label": "Blankensee - 15", "http://purl.org/dc/terms/identifier": "460", "http://w3id.org/bb5kbc/ont/hatFID": "460", "http://w3id.org/bb5kbc/ont/hatFundstellenID": "51", "http://w3id.org/bb5kbc/ont/hatGenauigkeit": "0.0", "http://w3id.org/bb5kbc/ont/hatKatalognummer": "49359", "http://www.w3.org/2004/02/skos/core#prefLabel": "Blankensee - 15", "http://rdfs.org/ns/void#inDataset.value": "3727"}, "geometry": {"type": "Point", "coordinates": [13.14, 52.23]}}, {"type": "Feature", "id": "http://w3id.org/bb5kbc/site_351", "name": "Friedersdorf - 6 (data:site_351)", "dateprops": [], "properties": {"http://www.w3.org/2000/01/rdf-schema#label": "Friedersdorf - 6", "http://purl.org/dc/terms/identifier": "351", "http://w3id.org/bb5kbc/ont/hatFID": "351", "http://w3id.org/bb5kbc/ont/hatFundstellenID": "126", "http://w3id.org/bb5kbc/ont/hatGenauigkeit": "0.0", "http://w3id.org/bb5kbc/ont/hatKatalognummer": "34683", "http://www.w3.org/2004/02/skos/core#prefLabel": "Friedersdorf - 6", "http://rdfs.org/ns/void#inDataset.value": "3727"}, "geometry": {"type": "Point", "coordinates": [14.39, 52.51]}}, {"type": "Feature", "id": "http://w3id.org/bb5kbc/site_120", "name": "Niederguhren/Kije (data:site_120)", "dateprops": [], "properties": {"http://www.w3.org/2000/01/rdf-schema#label": "Niederguhren/Kije", "http://purl.org/dc/terms/identifier": "120", "http://w3id.org/bb5kbc/ont/hatFID": "120", "http://w3id.org/bb5kbc/ont/hatFundstellenID": "306", "http://w3id.org/bb5kbc/ont/hatGenauigkeit": "1000.0", "http://www.w3.org/2004/02/skos/core#prefLabel": "Niederguhren/Kije", "http://rdfs.org/ns/void#inDataset.value": "3727"}, "geometry": {"type": "Point", "coordinates": [15.54, 52.1]}}, {"type": "Feature", "id": "http://w3id.org/bb5kbc/site_172", "name": "Piotrowice (data:site_172)", "dateprops": [], "properties": {"http://www.w3.org/2000/01/rdf-schema#label": "Piotrowice", "http://purl.org/dc/terms/identifier": "172", "http://w3id.org/bb5kbc/ont/hatFID": "172", "http://w3id.org/bb5kbc/ont/hatFundstellenID": "330", "http://w3id.org/bb5kbc/ont/hatGenauigkeit": "1500.0", "http://w3id.org/bb5kbc/ont/hatKatalognummer": "46", "http://www.w3.org/2004/02/skos/core#prefLabel": "Piotrowice", "http://rdfs.org/ns/void#inDataset.value": "3727"}, "geometry": {"type": "Point", "coordinates": [17.89, 52.32]}}, {"type": "Feature", "id": "http://w3id.org/bb5kbc/site_94", "name": "Kaaso/Koz\u00f3w (data:site_94)", "dateprops": [], "properties": {"http://www.w3.org/2000/01/rdf-schema#label": "Kaaso/Koz\u00f3w", "http://purl.org/dc/terms/identifier": "94", "http://w3id.org/bb5kbc/ont/hatFID": "94", "http://w3id.org/bb5kbc/ont/hatFundstellenID": "206", "http://w3id.org/bb5kbc/ont/hatGenauigkeit": "0.0", "http://www.w3.org/2004/02/skos/core#prefLabel": "Kaaso/Koz\u00f3w", "http://rdfs.org/ns/void#inDataset.value": "3727"}, "geometry": {"type": "Point", "coordinates": [14.74, 51.86]}}, {"type": "Feature", "id": "http://w3id.org/bb5kbc/site_243", "name": "\u0141omy (data:site_243)", "dateprops": [], "properties": {"http://www.w3.org/2000/01/rdf-schema#label": "\u0141omy", "http://purl.org/dc/terms/identifier": "243", "http://w3id.org/bb5kbc/ont/hatFID": "243", "http://w3id.org/bb5kbc/ont/hatFundstellenID": "266", "http://w3id.org/bb5kbc/ont/hatGenauigkeit": "2000.0", "http://w3id.org/bb5kbc/ont/hatKatalognummer": "25", "http://www.w3.org/2004/02/skos/core#prefLabel": "\u0141omy", "http://rdfs.org/ns/void#inDataset.value": "3727"}, "geometry": {"type": "Point", "coordinates": [14.8, 52.06]}}, {"type": "Feature", "id": "http://w3id.org/bb5kbc/site_299", "name": "Potsdam 3/15 (3) (data:site_299)", "dateprops": [], "properties": {"http://www.w3.org/2000/01/rdf-schema#label": "Potsdam 3/15 (3)", "http://purl.org/dc/terms/identifier": "299", "http://w3id.org/bb5kbc/ont/hatFID": "299", "http://w3id.org/bb5kbc/ont/hatFundstellenID": "341", "http://w3id.org/bb5kbc/ont/hatGenauigkeit": "0.0", "http://w3id.org/bb5kbc/ont/hatKatalognummer": "46520", "http://www.w3.org/2004/02/skos/core#prefLabel": "Potsdam 3/15 (3)", "http://rdfs.org/ns/void#inDataset.value": "3727"}, "geometry": {"type": "Point", "coordinates": [13.07, 52.4]}}, {"type": "Feature", "id": "http://w3id.org/bb5kbc/site_144", "name": "Dry\u017cyna (data:site_144)", "dateprops": [], "properties": {"http://www.w3.org/2000/01/rdf-schema#label": "Dry\u017cyna", "http://purl.org/dc/terms/identifier": "144", "http://w3id.org/bb5kbc/ont/hatFID": "144", "http://w3id.org/bb5kbc/ont/hatFundstellenID": "106", "http://w3id.org/bb5kbc/ont/hatGenauigkeit": "2000.0", "http://w3id.org/bb5kbc/ont/hatKatalognummer": "31", "http://www.w3.org/2004/02/skos/core#prefLabel": "Dry\u017cyna", "http://rdfs.org/ns/void#inDataset.value": "3727"}, "geometry": {"type": "Point", "coordinates": [16.28, 51.71]}}, {"type": "Feature", "id": "http://w3id.org/bb5kbc/site_237", "name": "Mierzyn 6 (data:site_237)", "dateprops": [], "properties": {"http://www.w3.org/2000/01/rdf-schema#label": "Mierzyn 6", "http://purl.org/dc/terms/identifier": "237", "http://w3id.org/bb5kbc/ont/hatFID": "237", "http://w3id.org/bb5kbc/ont/hatFundstellenID": "290", "http://w3id.org/bb5kbc/ont/hatGenauigkeit": "3000.0", "http://w3id.org/bb5kbc/ont/hatKatalognummer": "12", "http://www.w3.org/2004/02/skos/core#prefLabel": "Mierzyn 6", "http://rdfs.org/ns/void#inDataset.value": "3727"}, "geometry": {"type": "Point", "coordinates": [14.47, 53.43]}}, {"type": "Feature", "id": "http://w3id.org/bb5kbc/site_310", "name": "Gr\u00e4bendorf - 7 (data:site_310)", "dateprops": [], "properties": {"http://www.w3.org/2000/01/rdf-schema#label": "Gr\u00e4bendorf - 7", "http://purl.org/dc/terms/identifier": "310", "http://w3id.org/bb5kbc/ont/hatFID": "310", "http://w3id.org/bb5kbc/ont/hatFundstellenID": "155", "http://w3id.org/bb5kbc/ont/hatGenauigkeit": "0.0", "http://w3id.org/bb5kbc/ont/hatKatalognummer": "9951", "http://www.w3.org/2004/02/skos/core#prefLabel": "Gr\u00e4bendorf - 7", "http://rdfs.org/ns/void#inDataset.value": "3727"}, "geometry": {"type": "Point", "coordinates": [13.76, 52.22]}}, {"type": "Feature", "id": "http://w3id.org/bb5kbc/site_434", "name": "Lenzen - 33 (data:site_434)", "dateprops": [], "properties": {"http://www.w3.org/2000/01/rdf-schema#label": "Lenzen - 33", "http://purl.org/dc/terms/identifier": "434", "http://w3id.org/bb5kbc/ont/hatFID": "434", "http://w3id.org/bb5kbc/ont/hatFundstellenID": "259", "http://w3id.org/bb5kbc/ont/hatGenauigkeit": "0.0", "http://w3id.org/bb5kbc/ont/hatKatalognummer": "32942", "http://www.w3.org/2004/02/skos/core#prefLabel": "Lenzen - 33", "http://rdfs.org/ns/void#inDataset.value": "3727"}, "geometry": {"type": "Point", "coordinates": [11.5, 53.1]}}, {"type": "Feature", "id": "http://w3id.org/bb5kbc/site_228", "name": "R\u00f3wnina Dolna III (data:site_228)", "dateprops": [], "properties": {"http://www.w3.org/2000/01/rdf-schema#label": "R\u00f3wnina Dolna III", "http://purl.org/dc/terms/identifier": "228", "http://w3id.org/bb5kbc/ont/hatFID": "228", "http://w3id.org/bb5kbc/ont/hatFundstellenID": "377", "http://w3id.org/bb5kbc/ont/hatGenauigkeit": "50.0", "http://w3id.org/bb5kbc/ont/hatKatalognummer": "4", "http://www.w3.org/2004/02/skos/core#prefLabel": "R\u00f3wnina Dolna III", "http://rdfs.org/ns/void#inDataset.value": "3727"}, "geometry": {"type": "Point", "coordinates": [21.23, 54.19]}}, {"type": "Feature", "id": "http://w3id.org/bb5kbc/site_586", "name": "Schwaneberg 27 (data:site_586)", "dateprops": [], "properties": {"http://www.w3.org/2000/01/rdf-schema#label": "Schwaneberg 27", "http://purl.org/dc/terms/identifier": "586", "http://w3id.org/bb5kbc/ont/hatFID": "586", "http://w3id.org/bb5kbc/ont/hatFundstellenID": "401", "http://w3id.org/bb5kbc/ont/hatGenauigkeit": "0.0", "http://w3id.org/bb5kbc/ont/hatKatalognummer": "18010", "http://www.w3.org/2004/02/skos/core#prefLabel": "Schwaneberg 27", "http://rdfs.org/ns/void#inDataset.value": "3727"}, "geometry": {"type": "Point", "coordinates": [14.12, 53.33]}}, {"type": "Feature", "id": "http://w3id.org/bb5kbc/site_72", "name": "Flemsdorf 6/1 (6) (data:site_72)", "dateprops": [], "properties": {"http://www.w3.org/2000/01/rdf-schema#label": "Flemsdorf 6/1 (6)", "http://purl.org/dc/terms/identifier": "72", "http://w3id.org/bb5kbc/ont/hatFID": "72", "http://w3id.org/bb5kbc/ont/hatFundstellenID": "121", "http://w3id.org/bb5kbc/ont/hatGenauigkeit": "0.0", "http://w3id.org/bb5kbc/ont/hatKatalognummer": "366", "http://www.w3.org/2004/02/skos/core#prefLabel": "Flemsdorf 6/1 (6)", "http://rdfs.org/ns/void#inDataset.value": "3727"}, "geometry": {"type": "Point", "coordinates": [14.17, 53.03]}}, {"type": "Feature", "id": "http://w3id.org/bb5kbc/site_30", "name": "Trebnitz (data:site_30)", "dateprops": [], "properties": {"http://www.w3.org/2000/01/rdf-schema#label": "Trebnitz", "http://purl.org/dc/terms/identifier": "30", "http://w3id.org/bb5kbc/ont/hatFID": "30", "http://w3id.org/bb5kbc/ont/hatFundstellenID": "438", "http://w3id.org/bb5kbc/ont/hatGenauigkeit": "100.0", "http://w3id.org/bb5kbc/ont/hatKatalognummer": "117", "http://www.w3.org/2004/02/skos/core#prefLabel": "Trebnitz", "http://rdfs.org/ns/void#inDataset.value": "3727"}, "geometry": {"type": "Point", "coordinates": [12.14, 50.9]}}, {"type": "Feature", "id": "http://w3id.org/bb5kbc/site_337", "name": "Friedrichsbruch - 3 (data:site_337)", "dateprops": [], "properties": {"http://www.w3.org/2000/01/rdf-schema#label": "Friedrichsbruch - 3", "http://purl.org/dc/terms/identifier": "337", "http://w3id.org/bb5kbc/ont/hatFID": "337", "http://w3id.org/bb5kbc/ont/hatFundstellenID": "127", "http://w3id.org/bb5kbc/ont/hatGenauigkeit": "0.0", "http://w3id.org/bb5kbc/ont/hatKatalognummer": "19409", "http://www.w3.org/2004/02/skos/core#prefLabel": "Friedrichsbruch - 3", "http://rdfs.org/ns/void#inDataset.value": "3727"}, "geometry": {"type": "Point", "coordinates": [12.39, 52.8]}}, {"type": "Feature", "id": "http://w3id.org/bb5kbc/site_402", "name": "Potsdam - 31 (data:site_402)", "dateprops": [], "properties": {"http://www.w3.org/2000/01/rdf-schema#label": "Potsdam - 31", "http://purl.org/dc/terms/identifier": "402", "http://w3id.org/bb5kbc/ont/hatFID": "402", "http://w3id.org/bb5kbc/ont/hatFundstellenID": "337", "http://w3id.org/bb5kbc/ont/hatGenauigkeit": "0.0", "http://w3id.org/bb5kbc/ont/hatKatalognummer": "16072", "http://www.w3.org/2004/02/skos/core#prefLabel": "Potsdam - 31", "http://rdfs.org/ns/void#inDataset.value": "3727"}, "geometry": {"type": "Point", "coordinates": [13.05, 52.39]}}, {"type": "Feature", "id": "http://w3id.org/bb5kbc/site_50", "name": "Gallun 4 (data:site_50)", "dateprops": [], "properties": {"http://www.w3.org/2000/01/rdf-schema#label": "Gallun 4", "http://purl.org/dc/terms/identifier": "50", "http://w3id.org/bb5kbc/ont/hatFID": "50", "http://w3id.org/bb5kbc/ont/hatFundstellenID": "136", "http://w3id.org/bb5kbc/ont/hatGenauigkeit": "0.0", "http://w3id.org/bb5kbc/ont/hatKatalognummer": "9937", "http://www.w3.org/2004/02/skos/core#prefLabel": "Gallun 4", "http://rdfs.org/ns/void#inDataset.value": "3727"}, "geometry": {"type": "Point", "coordinates": [13.56, 52.25]}}, {"type": "Feature", "id": "http://w3id.org/bb5kbc/site_376", "name": "Kyritz - 36 (data:site_376)", "dateprops": [], "properties": {"http://www.w3.org/2000/01/rdf-schema#label": "Kyritz - 36", "http://purl.org/dc/terms/identifier": "376", "http://w3id.org/bb5kbc/ont/hatFID": "376", "http://w3id.org/bb5kbc/ont/hatFundstellenID": "253", "http://w3id.org/bb5kbc/ont/hatGenauigkeit": "0.0", "http://w3id.org/bb5kbc/ont/hatKatalognummer": "10687", "http://www.w3.org/2004/02/skos/core#prefLabel": "Kyritz - 36", "http://rdfs.org/ns/void#inDataset.value": "3727"}, "geometry": {"type": "Point", "coordinates": [12.41, 52.98]}}, {"type": "Feature", "id": "http://w3id.org/bb5kbc/site_505", "name": "Woltersdorf 3 (data:site_505)", "dateprops": [], "properties": {"http://www.w3.org/2000/01/rdf-schema#label": "Woltersdorf 3", "http://purl.org/dc/terms/identifier": "505", "http://w3id.org/bb5kbc/ont/hatFID": "505", "http://w3id.org/bb5kbc/ont/hatFundstellenID": "475", "http://w3id.org/bb5kbc/ont/hatGenauigkeit": "0.0", "http://www.w3.org/2004/02/skos/core#prefLabel": "Woltersdorf 3", "http://rdfs.org/ns/void#inDataset.value": "3727"}, "geometry": {"type": "Point", "coordinates": [12.38, 52.39]}}, {"type": "Feature", "id": "http://w3id.org/bb5kbc/site_523", "name": "Szelwjewo 1 (data:site_523)", "dateprops": [], "properties": {"http://www.w3.org/2000/01/rdf-schema#label": "Szelwjewo 1", "http://purl.org/dc/terms/identifier": "523", "http://w3id.org/bb5kbc/ont/hatFID": "523", "http://w3id.org/bb5kbc/ont/hatFundstellenID": "429", "http://w3id.org/bb5kbc/ont/hatGenauigkeit": "1000.0", "http://w3id.org/bb5kbc/ont/hatKatalognummer": "120", "http://www.w3.org/2004/02/skos/core#prefLabel": "Szelwjewo 1", "http://rdfs.org/ns/void#inDataset.value": "3727"}, "geometry": {"type": "Point", "coordinates": [17.75, 52.74]}}, {"type": "Feature", "id": "http://w3id.org/bb5kbc/site_194", "name": "Konary R/91 (data:site_194)", "dateprops": [], "properties": {"http://www.w3.org/2000/01/rdf-schema#label": "Konary R/91", "http://purl.org/dc/terms/identifier": "194", "http://w3id.org/bb5kbc/ont/hatFID": "194", "http://w3id.org/bb5kbc/ont/hatFundstellenID": "229", "http://w3id.org/bb5kbc/ont/hatGenauigkeit": "200.0", "http://w3id.org/bb5kbc/ont/hatKatalognummer": "30", "http://www.w3.org/2004/02/skos/core#prefLabel": "Konary R/91", "http://rdfs.org/ns/void#inDataset.value": "3727"}, "geometry": {"type": "Point", "coordinates": [18.8, 52.63]}}, {"type": "Feature", "id": "http://w3id.org/bb5kbc/site_495", "name": "Herzfelde - 32 (data:site_495)", "dateprops": [], "properties": {"http://www.w3.org/2000/01/rdf-schema#label": "Herzfelde - 32", "http://purl.org/dc/terms/identifier": "495", "http://w3id.org/bb5kbc/ont/hatFID": "495", "http://w3id.org/bb5kbc/ont/hatFundstellenID": "185", "http://w3id.org/bb5kbc/ont/hatGenauigkeit": "0.0", "http://w3id.org/bb5kbc/ont/hatKatalognummer": "37659", "http://www.w3.org/2004/02/skos/core#prefLabel": "Herzfelde - 32", "http://rdfs.org/ns/void#inDataset.value": "3727"}, "geometry": {"type": "Point", "coordinates": [13.63, 53.19]}}, {"type": "Feature", "id": "http://w3id.org/bb5kbc/site_146", "name": "Steinau an der Oder/\u015acinawa (data:site_146)", "dateprops": [], "properties": {"http://www.w3.org/2000/01/rdf-schema#label": "Steinau an der Oder/\u015acinawa", "http://purl.org/dc/terms/identifier": "146", "http://w3id.org/bb5kbc/ont/hatFID": "146", "http://w3id.org/bb5kbc/ont/hatFundstellenID": "423", "http://w3id.org/bb5kbc/ont/hatGenauigkeit": "2500.0", "http://w3id.org/bb5kbc/ont/hatKatalognummer": "21", "http://www.w3.org/2004/02/skos/core#prefLabel": "Steinau an der Oder/\u015acinawa", "http://rdfs.org/ns/void#inDataset.value": "3727"}, "geometry": {"type": "Point", "coordinates": [16.43, 51.41]}}, {"type": "Feature", "id": "http://w3id.org/bb5kbc/site_319", "name": "Deutsch Wusterhausen - 15 (data:site_319)", "dateprops": [], "properties": {"http://www.w3.org/2000/01/rdf-schema#label": "Deutsch Wusterhausen - 15", "http://purl.org/dc/terms/identifier": "319", "http://w3id.org/bb5kbc/ont/hatFID": "319", "http://w3id.org/bb5kbc/ont/hatFundstellenID": "97", "http://w3id.org/bb5kbc/ont/hatGenauigkeit": "0.0", "http://w3id.org/bb5kbc/ont/hatKatalognummer": "30636", "http://www.w3.org/2004/02/skos/core#prefLabel": "Deutsch Wusterhausen - 15", "http://rdfs.org/ns/void#inDataset.value": "3727"}, "geometry": {"type": "Point", "coordinates": [13.61, 52.29]}}, {"type": "Feature", "id": "http://w3id.org/bb5kbc/site_97", "name": "Jeziory Dolne (data:site_97)", "dateprops": [], "properties": {"http://www.w3.org/2000/01/rdf-schema#label": "Jeziory Dolne", "http://purl.org/dc/terms/identifier": "97", "http://w3id.org/bb5kbc/ont/hatFID": "97", "http://w3id.org/bb5kbc/ont/hatFundstellenID": "202", "http://w3id.org/bb5kbc/ont/hatGenauigkeit": "1500.0", "http://w3id.org/bb5kbc/ont/hatKatalognummer": "22", "http://www.w3.org/2004/02/skos/core#prefLabel": "Jeziory Dolne", "http://rdfs.org/ns/void#inDataset.value": "3727"}, "geometry": {"type": "Point", "coordinates": [14.75, 51.8]}}, {"type": "Feature", "id": "http://w3id.org/bb5kbc/site_424", "name": "Alt T\u00f6plitz - 10 (data:site_424)", "dateprops": [], "properties": {"http://www.w3.org/2000/01/rdf-schema#label": "Alt T\u00f6plitz - 10", "http://purl.org/dc/terms/identifier": "424", "http://w3id.org/bb5kbc/ont/hatFID": "424", "http://w3id.org/bb5kbc/ont/hatFundstellenID": "8", "http://w3id.org/bb5kbc/ont/hatGenauigkeit": "0.0", "http://w3id.org/bb5kbc/ont/hatKatalognummer": "15214", "http://www.w3.org/2004/02/skos/core#prefLabel": "Alt T\u00f6plitz - 10", "http://rdfs.org/ns/void#inDataset.value": "3727"}, "geometry": {"type": "Point", "coordinates": [12.91, 52.43]}}, {"type": "Feature", "id": "http://w3id.org/bb5kbc/site_444", "name": "Blankensee - 4 (data:site_444)", "dateprops": [], "properties": {"http://www.w3.org/2000/01/rdf-schema#label": "Blankensee - 4", "http://purl.org/dc/terms/identifier": "444", "http://w3id.org/bb5kbc/ont/hatFID": "444", "http://w3id.org/bb5kbc/ont/hatFundstellenID": "53", "http://w3id.org/bb5kbc/ont/hatGenauigkeit": "0.0", "http://w3id.org/bb5kbc/ont/hatKatalognummer": "12051", "http://www.w3.org/2004/02/skos/core#prefLabel": "Blankensee - 4", "http://rdfs.org/ns/void#inDataset.value": "3727"}, "geometry": {"type": "Point", "coordinates": [13.14, 52.24]}}, {"type": "Feature", "id": "http://w3id.org/bb5kbc/site_164", "name": "Gro\u00df Tschansch/Ksi\u0119\u017ce Wielkie (data:site_164)", "dateprops": [], "properties": {"http://www.w3.org/2000/01/rdf-schema#label": "Gro\u00df Tschansch/Ksi\u0119\u017ce Wielkie", "http://purl.org/dc/terms/identifier": "164", "http://w3id.org/bb5kbc/ont/hatFID": "164", "http://w3id.org/bb5kbc/ont/hatFundstellenID": "166", "http://w3id.org/bb5kbc/ont/hatGenauigkeit": "2000.0", "http://w3id.org/bb5kbc/ont/hatKatalognummer": "17", "http://www.w3.org/2004/02/skos/core#prefLabel": "Gro\u00df Tschansch/Ksi\u0119\u017ce Wielkie", "http://rdfs.org/ns/void#inDataset.value": "3727"}, "geometry": {"type": "Point", "coordinates": [17.09, 51.07]}}, {"type": "Feature", "id": "http://w3id.org/bb5kbc/site_136", "name": "G\u0142og\u00f3w-\u017bark\u00f3w (data:site_136)", "dateprops": [], "properties": {"http://www.w3.org/2000/01/rdf-schema#label": "G\u0142og\u00f3w-\u017bark\u00f3w", "http://purl.org/dc/terms/identifier": "136", "http://w3id.org/bb5kbc/ont/hatFID": "136", "http://w3id.org/bb5kbc/ont/hatFundstellenID": "146", "http://w3id.org/bb5kbc/ont/hatGenauigkeit": "2000.0", "http://w3id.org/bb5kbc/ont/hatKatalognummer": "37", "http://www.w3.org/2004/02/skos/core#prefLabel": "G\u0142og\u00f3w-\u017bark\u00f3w", "http://rdfs.org/ns/void#inDataset.value": "3727"}, "geometry": {"type": "Point", "coordinates": [16.11, 51.65]}}, {"type": "Feature", "id": "http://w3id.org/bb5kbc/site_184", "name": "Borucin T/06 (data:site_184)", "dateprops": [], "properties": {"http://www.w3.org/2000/01/rdf-schema#label": "Borucin T/06", "http://purl.org/dc/terms/identifier": "184", "http://w3id.org/bb5kbc/ont/hatFID": "184", "http://w3id.org/bb5kbc/ont/hatFundstellenID": "64", "http://w3id.org/bb5kbc/ont/hatGenauigkeit": "200.0", "http://w3id.org/bb5kbc/ont/hatKatalognummer": "41", "http://www.w3.org/2004/02/skos/core#prefLabel": "Borucin T/06", "http://rdfs.org/ns/void#inDataset.value": "3727"}, "geometry": {"type": "Point", "coordinates": [18.74, 52.59]}}, {"type": "Feature", "id": "http://w3id.org/bb5kbc/site_530", "name": "Bo\u017cejewice 25 (data:site_530)", "dateprops": [], "properties": {"http://www.w3.org/2000/01/rdf-schema#label": "Bo\u017cejewice 25", "http://purl.org/dc/terms/identifier": "530", "http://w3id.org/bb5kbc/ont/hatFID": "530", "http://w3id.org/bb5kbc/ont/hatFundstellenID": "68", "http://w3id.org/bb5kbc/ont/hatGenauigkeit": "1500.0", "http://w3id.org/bb5kbc/ont/hatKatalognummer": "10", "http://www.w3.org/2004/02/skos/core#prefLabel": "Bo\u017cejewice 25", "http://rdfs.org/ns/void#inDataset.value": "3727"}, "geometry": {"type": "Point", "coordinates": [18.25, 52.69]}}, {"type": "Feature", "id": "http://w3id.org/bb5kbc/site_464", "name": "Angerm\u00fcnde - 79 (data:site_464)", "dateprops": [], "properties": {"http://www.w3.org/2000/01/rdf-schema#label": "Angerm\u00fcnde - 79", "http://purl.org/dc/terms/identifier": "464", "http://w3id.org/bb5kbc/ont/hatFID": "464", "http://w3id.org/bb5kbc/ont/hatFundstellenID": "17", "http://w3id.org/bb5kbc/ont/hatGenauigkeit": "0.0", "http://w3id.org/bb5kbc/ont/hatKatalognummer": "101", "http://www.w3.org/2004/02/skos/core#prefLabel": "Angerm\u00fcnde - 79", "http://rdfs.org/ns/void#inDataset.value": "3727"}, "geometry": {"type": "Point", "coordinates": [14.01, 53.02]}}, {"type": "Feature", "id": "http://w3id.org/bb5kbc/site_251", "name": "Altranft 6 (data:site_251)", "dateprops": [], "properties": {"http://www.w3.org/2000/01/rdf-schema#label": "Altranft 6", "http://purl.org/dc/terms/identifier": "251", "http://w3id.org/bb5kbc/ont/hatFID": "251", "http://w3id.org/bb5kbc/ont/hatFundstellenID": "15", "http://w3id.org/bb5kbc/ont/hatGenauigkeit": "0.0", "http://w3id.org/bb5kbc/ont/hatKatalognummer": "1011", "http://www.w3.org/2004/02/skos/core#prefLabel": "Altranft 6", "http://rdfs.org/ns/void#inDataset.value": "3727"}, "geometry": {"type": "Point", "coordinates": [14.09, 52.77]}}, {"type": "Feature", "id": "http://w3id.org/bb5kbc/site_80", "name": "Seelow 20 (data:site_80)", "dateprops": [], "properties": {"http://www.w3.org/2000/01/rdf-schema#label": "Seelow 20", "http://purl.org/dc/terms/identifier": "80", "http://w3id.org/bb5kbc/ont/hatFID": "80", "http://w3id.org/bb5kbc/ont/hatFundstellenID": "406", "http://w3id.org/bb5kbc/ont/hatGenauigkeit": "0.0", "http://w3id.org/bb5kbc/ont/hatKatalognummer": "55005", "http://www.w3.org/2004/02/skos/core#prefLabel": "Seelow 20", "http://rdfs.org/ns/void#inDataset.value": "3727"}, "geometry": {"type": "Point", "coordinates": [14.38, 52.55]}}, {"type": "Feature", "id": "http://w3id.org/bb5kbc/site_285", "name": "Elsterwerda 10 (data:site_285)", "dateprops": [], "properties": {"http://www.w3.org/2000/01/rdf-schema#label": "Elsterwerda 10", "http://purl.org/dc/terms/identifier": "285", "http://w3id.org/bb5kbc/ont/hatFID": "285", "http://w3id.org/bb5kbc/ont/hatFundstellenID": "111", "http://w3id.org/bb5kbc/ont/hatGenauigkeit": "0.0", "http://w3id.org/bb5kbc/ont/hatKatalognummer": "10983", "http://www.w3.org/2004/02/skos/core#prefLabel": "Elsterwerda 10", "http://rdfs.org/ns/void#inDataset.value": "3727"}, "geometry": {"type": "Point", "coordinates": [13.56, 51.44]}}, {"type": "Feature", "id": "http://w3id.org/bb5kbc/site_57", "name": "Neuendorf am See 13 (data:site_57)", "dateprops": [], "properties": {"http://www.w3.org/2000/01/rdf-schema#label": "Neuendorf am See 13", "http://purl.org/dc/terms/identifier": "57", "http://w3id.org/bb5kbc/ont/hatFID": "57", "http://w3id.org/bb5kbc/ont/hatFundstellenID": "302", "http://w3id.org/bb5kbc/ont/hatGenauigkeit": "0.0", "http://w3id.org/bb5kbc/ont/hatKatalognummer": "49204", "http://www.w3.org/2004/02/skos/core#prefLabel": "Neuendorf am See 13", "http://rdfs.org/ns/void#inDataset.value": "3727"}, "geometry": {"type": "Point", "coordinates": [13.88, 52.1]}}, {"type": "Feature", "id": "http://w3id.org/bb5kbc/site_398", "name": "K\u00f6nigshorst - 5 (data:site_398)", "dateprops": [], "properties": {"http://www.w3.org/2000/01/rdf-schema#label": "K\u00f6nigshorst - 5", "http://purl.org/dc/terms/identifier": "398", "http://w3id.org/bb5kbc/ont/hatFID": "398", "http://w3id.org/bb5kbc/ont/hatFundstellenID": "232", "http://w3id.org/bb5kbc/ont/hatGenauigkeit": "0.0", "http://w3id.org/bb5kbc/ont/hatKatalognummer": "13126", "http://www.w3.org/2004/02/skos/core#prefLabel": "K\u00f6nigshorst - 5", "http://rdfs.org/ns/void#inDataset.value": "3727"}, "geometry": {"type": "Point", "coordinates": [12.75, 52.71]}}, {"type": "Feature", "id": "http://w3id.org/bb5kbc/site_548", "name": "Ludwinowo 7 (data:site_548)", "dateprops": [], "properties": {"http://www.w3.org/2000/01/rdf-schema#label": "Ludwinowo 7", "http://purl.org/dc/terms/identifier": "548", "http://w3id.org/bb5kbc/ont/hatFID": "548", "http://w3id.org/bb5kbc/ont/hatFundstellenID": "270", "http://w3id.org/bb5kbc/ont/hatGenauigkeit": "50.0", "http://www.w3.org/2004/02/skos/core#prefLabel": "Ludwinowo 7", "http://rdfs.org/ns/void#inDataset.value": "3727"}, "geometry": {"type": "Point", "coordinates": [19.01, 52.57]}}], "numberMatched": 540, "numberReturned": 540, "bbox": [10.58, 50.08, 21.23, 54.48], "crs": "http://www.opengis.net/def/crs/EPSG/0/4326"}