{"type": "FeatureCollection", "id": "https://fuzzy-sl.wikibase.cloud/entity/Q15", "name": "medium", "features": [{"type": "Feature", "id": "http://w3id.org/bb5kbc/site_548", "name": "", "dateprops": [], "properties": {"http://fuzzy-sl.squirrel.link/ontology/certaintyLevel": ["https://fuzzy-sl.wikibase.cloud/entity/Q15"], "http://fuzzy-sl.squirrel.link/ontology/hasLocationType": ["https://fuzzy-sl.wikibase.cloud/entity/Q80"], "http://fuzzy-sl.squirrel.link/ontology/representativeGeometry": ["http://w3id.org/bb5kbc/site_548_geom"], "http://purl.org/dc/terms/identifier": ["548"], "http://rdfs.org/ns/void#inDataset": ["http://w3id.org/bb5kbc/Brandenburg_5000_BC_Data"], "http://w3id.org/bb5kbc/ont/hatFID": ["548"], "http://w3id.org/bb5kbc/ont/hatFundstellenID": ["270"], "http://w3id.org/bb5kbc/ont/hatFundstellenart": ["http://w3id.org/bb5kbc/fundstellenart_1972902b"], "http://w3id.org/bb5kbc/ont/hatGenauigkeit": ["50.0"], "http://w3id.org/bb5kbc/ont/hatKulturelleZuordnung": ["http://w3id.org/bb5kbc/site_548_culture"], "http://w3id.org/bb5kbc/ont/hatPublikation": ["http://w3id.org/bb5kbc/pub_aa96c11a"], "http://w3id.org/bb5kbc/ont/inGemeinde": ["http://w3id.org/bb5kbc/gemeinde_c08ec2bf"], "http://w3id.org/bb5kbc/ont/wurdeEntdecktDurch": ["http://w3id.org/bb5kbc/site_548_discovery"], "http://w3id.org/bb5kbc/ont/wurdeGeoreferenziertDurch": ["http://w3id.org/bb5kbc/site_548_activity"], "http://www.opengis.net/ont/geosparql#hasGeometry": ["http://w3id.org/bb5kbc/site_548_geom"], "http://www.w3.org/1999/02/22-rdf-syntax-ns#type": ["http://w3id.org/bb5kbc/ont/Fundstelle"], "http://www.w3.org/2000/01/rdf-schema#label": ["Ludwinowo 7"], "http://www.w3.org/2004/02/skos/core#prefLabel": ["Ludwinowo 7"]}, "geometry": {"type": "Point", "coordinates": [19.01, 52.57]}}, {"type": "Feature", "id": "http://w3id.org/bb5kbc/site_218", "name": "", "dateprops": [], "properties": {"http://fuzzy-sl.squirrel.link/ontology/certaintyLevel": ["https://fuzzy-sl.wikibase.cloud/entity/Q15"], "http://fuzzy-sl.squirrel.link/ontology/hasLocationType": ["https://fuzzy-sl.wikibase.cloud/entity/Q80"], "http://fuzzy-sl.squirrel.link/ontology/representativeGeometry": ["http://w3id.org/bb5kbc/site_218_geom"], "http://purl.org/dc/terms/identifier": ["218"], "http://rdfs.org/ns/void#inDataset": ["http://w3id.org/bb5kbc/Brandenburg_5000_BC_Data"], "http://w3id.org/bb5kbc/ont/hatFID": ["218"], "http://w3id.org/bb5kbc/ont/hatFundstellenID": ["177"], "http://w3id.org/bb5kbc/ont/hatFundstellenart": ["http://w3id.org/bb5kbc/fundstellenart_376218bc"], "http://w3id.org/bb5kbc/ont/hatGenauigkeit": ["200.0"], "http://w3id.org/bb5kbc/ont/hatKatalognummer": ["6"], "http://w3id.org/bb5kbc/ont/hatKulturelleZuordnung": ["http://w3id.org/bb5kbc/site_218_culture"], "http://w3id.org/bb5kbc/ont/hatPublikation": ["http://w3id.org/bb5kbc/pub_f53d5dd0"], "http://w3id.org/bb5kbc/ont/inGemeinde": ["http://w3id.org/bb5kbc/gemeinde_8d17a3ac"], "http://w3id.org/bb5kbc/ont/wurdeGeoreferenziertDurch": ["http://w3id.org/bb5kbc/site_218_activity"], "http://www.opengis.net/ont/geosparql#hasGeometry": ["http://w3id.org/bb5kbc/site_218_geom"], "http://www.w3.org/1999/02/22-rdf-syntax-ns#type": ["http://w3id.org/bb5kbc/ont/Fundstelle"], "http://www.w3.org/2000/01/rdf-schema#label": ["Gu\u017alin 2"], "http://www.w3.org/2004/02/skos/core#prefLabel": ["Gu\u017alin 2"]}, "geometry": {"type": "Point", "coordinates": [18.92, 52.6]}}, {"type": "Feature", "id": "http://w3id.org/bb5kbc/site_183", "name": "", "dateprops": [], "properties": {"http://fuzzy-sl.squirrel.link/ontology/certaintyLevel": ["https://fuzzy-sl.wikibase.cloud/entity/Q15"], "http://fuzzy-sl.squirrel.link/ontology/hasLocationType": ["https://fuzzy-sl.wikibase.cloud/entity/Q80"], "http://fuzzy-sl.squirrel.link/ontology/representativeGeometry": ["http://w3id.org/bb5kbc/site_183_geom"], "http://purl.org/dc/terms/identifier": ["183"], "http://rdfs.org/ns/void#inDataset": ["http://w3id.org/bb5kbc/Brandenburg_5000_BC_Data"], "http://w3id.org/bb5kbc/ont/hatFID": ["183"], "http://w3id.org/bb5kbc/ont/hatFundstellenID": ["65"], "http://w3id.org/bb5kbc/ont/hatFundstellenart": ["http://w3id.org/bb5kbc/fundstellenart_376218bc"], "http://w3id.org/bb5kbc/ont/hatGenauigkeit": ["200.0"], "http://w3id.org/bb5kbc/ont/hatKatalognummer": ["42"], "http://w3id.org/bb5kbc/ont/hatKulturelleZuordnung": ["http://w3id.org/bb5kbc/site_183_culture"], "http://w3id.org/bb5kbc/ont/hatPublikation": ["http://w3id.org/bb5kbc/pub_f53d5dd0"], "http://w3id.org/bb5kbc/ont/inGemeinde": ["http://w3id.org/bb5kbc/gemeinde_91c3fb1f"], "http://w3id.org/bb5kbc/ont/wurdeGeoreferenziertDurch": ["http://w3id.org/bb5kbc/site_183_activity"], "http://www.opengis.net/ont/geosparql#hasGeometry": ["http://w3id.org/bb5kbc/site_183_geom"], "http://www.w3.org/1999/02/22-rdf-syntax-ns#type": ["http://w3id.org/bb5kbc/ont/Fundstelle"], "http://www.w3.org/2000/01/rdf-schema#label": ["Borucin XL/03"], "http://www.w3.org/2004/02/skos/core#prefLabel": ["Borucin XL/03"]}, "geometry": {"type": "Point", "coordinates": [18.73, 52.6]}}, {"type": "Feature", "id": "http://w3id.org/bb5kbc/site_114", "name": "", "dateprops": [], "properties": {"http://fuzzy-sl.squirrel.link/ontology/certaintyLevel": ["https://fuzzy-sl.wikibase.cloud/entity/Q15"], "http://fuzzy-sl.squirrel.link/ontology/hasLocationType": ["https://fuzzy-sl.wikibase.cloud/entity/Q80"], "http://fuzzy-sl.squirrel.link/ontology/representativeGeometry": ["http://w3id.org/bb5kbc/site_114_geom"], "http://purl.org/dc/terms/identifier": ["114"], "http://rdfs.org/ns/void#inDataset": ["http://w3id.org/bb5kbc/Brandenburg_5000_BC_Data"], "http://w3id.org/bb5kbc/ont/hatFID": ["114"], "http://w3id.org/bb5kbc/ont/hatFundstellenID": ["209"], "http://w3id.org/bb5kbc/ont/hatFundstellenart": ["http://w3id.org/bb5kbc/fundstellenart_b635ceb0"], "http://w3id.org/bb5kbc/ont/hatGenauigkeit": ["300.0"], "http://w3id.org/bb5kbc/ont/hatKulturelleZuordnung": ["http://w3id.org/bb5kbc/site_114_culture"], "http://w3id.org/bb5kbc/ont/hatPublikation": ["http://w3id.org/bb5kbc/pub_f5ed98b4"], "http://w3id.org/bb5kbc/ont/inGemeinde": ["http://w3id.org/bb5kbc/gemeinde_b2c5ee81"], "http://w3id.org/bb5kbc/ont/wurdeEntdecktDurch": ["http://w3id.org/bb5kbc/site_114_discovery"], "http://w3id.org/bb5kbc/ont/wurdeGeoreferenziertDurch": ["http://w3id.org/bb5kbc/site_114_activity"], "http://www.opengis.net/ont/geosparql#hasGeometry": ["http://w3id.org/bb5kbc/site_114_geom"], "http://www.w3.org/1999/02/22-rdf-syntax-ns#type": ["http://w3id.org/bb5kbc/ont/Fundstelle"], "http://www.w3.org/2000/01/rdf-schema#label": ["Karsko/Sch\u00f6ningsburg"], "http://www.w3.org/2004/02/skos/core#prefLabel": ["Karsko/Sch\u00f6ningsburg"]}, "geometry": {"type": "Point", "coordinates": [15.12, 53.15]}}, {"type": "Feature", "id": "http://w3id.org/bb5kbc/site_177", "name": "", "dateprops": [], "properties": {"http://fuzzy-sl.squirrel.link/ontology/certaintyLevel": ["https://fuzzy-sl.wikibase.cloud/entity/Q15"], "http://fuzzy-sl.squirrel.link/ontology/hasLocationType": ["https://fuzzy-sl.wikibase.cloud/entity/Q80"], "http://fuzzy-sl.squirrel.link/ontology/representativeGeometry": ["http://w3id.org/bb5kbc/site_177_geom"], "http://purl.org/dc/terms/identifier": ["177"], "http://rdfs.org/ns/void#inDataset": ["http://w3id.org/bb5kbc/Brandenburg_5000_BC_Data"], "http://w3id.org/bb5kbc/ont/hatFID": ["177"], "http://w3id.org/bb5kbc/ont/hatFundstellenID": ["37"], "http://w3id.org/bb5kbc/ont/hatFundstellenart": ["http://w3id.org/bb5kbc/fundstellenart_376218bc"], "http://w3id.org/bb5kbc/ont/hatGenauigkeit": ["50.0"], "http://w3id.org/bb5kbc/ont/hatKulturelleZuordnung": ["http://w3id.org/bb5kbc/site_177_culture"], "http://w3id.org/bb5kbc/ont/hatPublikation": ["http://w3id.org/bb5kbc/pub_67ee6ee4"], "http://w3id.org/bb5kbc/ont/inGemeinde": ["http://w3id.org/bb5kbc/gemeinde_8c7fd844"], "http://w3id.org/bb5kbc/ont/wurdeEntdecktDurch": ["http://w3id.org/bb5kbc/site_177_discovery"], "http://w3id.org/bb5kbc/ont/wurdeGeoreferenziertDurch": ["http://w3id.org/bb5kbc/site_177_activity"], "http://www.opengis.net/ont/geosparql#hasGeometry": ["http://w3id.org/bb5kbc/site_177_geom"], "http://www.w3.org/1999/02/22-rdf-syntax-ns#type": ["http://w3id.org/bb5kbc/ont/Fundstelle"], "http://www.w3.org/2000/01/rdf-schema#label": ["Bielawki 5"], "http://www.w3.org/2004/02/skos/core#prefLabel": ["Bielawki 5"]}, "geometry": {"type": "Point", "coordinates": [18.65, 53.91]}}, {"type": "Feature", "id": "http://w3id.org/bb5kbc/site_208", "name": "", "dateprops": [], "properties": {"http://fuzzy-sl.squirrel.link/ontology/certaintyLevel": ["https://fuzzy-sl.wikibase.cloud/entity/Q15"], "http://fuzzy-sl.squirrel.link/ontology/hasLocationType": ["https://fuzzy-sl.wikibase.cloud/entity/Q80"], "http://fuzzy-sl.squirrel.link/ontology/representativeGeometry": ["http://w3id.org/bb5kbc/site_208_geom"], "http://purl.org/dc/terms/identifier": ["208"], "http://rdfs.org/ns/void#inDataset": ["http://w3id.org/bb5kbc/Brandenburg_5000_BC_Data"], "http://w3id.org/bb5kbc/ont/hatFID": ["208"], "http://w3id.org/bb5kbc/ont/hatFundstellenID": ["472"], "http://w3id.org/bb5kbc/ont/hatFundstellenart": ["http://w3id.org/bb5kbc/fundstellenart_376218bc"], "http://w3id.org/bb5kbc/ont/hatGenauigkeit": ["200.0"], "http://w3id.org/bb5kbc/ont/hatKatalognummer": ["17"], "http://w3id.org/bb5kbc/ont/hatKulturelleZuordnung": ["http://w3id.org/bb5kbc/site_208_culture"], "http://w3id.org/bb5kbc/ont/hatPublikation": ["http://w3id.org/bb5kbc/pub_f53d5dd0"], "http://w3id.org/bb5kbc/ont/inGemeinde": ["http://w3id.org/bb5kbc/gemeinde_8d17a3ac"], "http://w3id.org/bb5kbc/ont/wurdeGeoreferenziertDurch": ["http://w3id.org/bb5kbc/site_208_activity"], "http://www.opengis.net/ont/geosparql#hasGeometry": ["http://w3id.org/bb5kbc/site_208_geom"], "http://www.w3.org/1999/02/22-rdf-syntax-ns#type": ["http://w3id.org/bb5kbc/ont/Fundstelle"], "http://www.w3.org/2000/01/rdf-schema#label": ["Wolica Nowa (Pol\u00f3wka) 1"], "http://www.w3.org/2004/02/skos/core#prefLabel": ["Wolica Nowa (Pol\u00f3wka) 1"]}, "geometry": {"type": "Point", "coordinates": [18.88, 52.65]}}, {"type": "Feature", "id": "http://w3id.org/bb5kbc/site_178", "name": "", "dateprops": [], "properties": {"http://fuzzy-sl.squirrel.link/ontology/certaintyLevel": ["https://fuzzy-sl.wikibase.cloud/entity/Q15"], "http://fuzzy-sl.squirrel.link/ontology/hasLocationType": ["https://fuzzy-sl.wikibase.cloud/entity/Q80"], "http://fuzzy-sl.squirrel.link/ontology/representativeGeometry": ["http://w3id.org/bb5kbc/site_178_geom"], "http://purl.org/dc/terms/identifier": ["178"], "http://rdfs.org/ns/void#inDataset": ["http://w3id.org/bb5kbc/Brandenburg_5000_BC_Data"], "http://w3id.org/bb5kbc/ont/hatFID": ["178"], "http://w3id.org/bb5kbc/ont/hatFundstellenID": ["37"], "http://w3id.org/bb5kbc/ont/hatFundstellenart": ["http://w3id.org/bb5kbc/fundstellenart_376218bc"], "http://w3id.org/bb5kbc/ont/hatGenauigkeit": ["50.0"], "http://w3id.org/bb5kbc/ont/hatKulturelleZuordnung": ["http://w3id.org/bb5kbc/site_178_culture"], "http://w3id.org/bb5kbc/ont/hatPublikation": ["http://w3id.org/bb5kbc/pub_67ee6ee4"], "http://w3id.org/bb5kbc/ont/inGemeinde": ["http://w3id.org/bb5kbc/gemeinde_8c7fd844"], "http://w3id.org/bb5kbc/ont/wurdeEntdecktDurch": ["http://w3id.org/bb5kbc/site_178_discovery"], "http://w3id.org/bb5kbc/ont/wurdeGeoreferenziertDurch": ["http://w3id.org/bb5kbc/site_178_activity"], "http://www.opengis.net/ont/geosparql#hasGeometry": ["http://w3id.org/bb5kbc/site_178_geom"], "http://www.w3.org/1999/02/22-rdf-syntax-ns#type": ["http://w3id.org/bb5kbc/ont/Fundstelle"], "http://www.w3.org/2000/01/rdf-schema#label": ["Bielawki 5"], "http://www.w3.org/2004/02/skos/core#prefLabel": ["Bielawki 5"]}, "geometry": {"type": "Point", "coordinates": [18.65, 53.91]}}, {"type": "Feature", "id": "http://w3id.org/bb5kbc/site_23", "name": "", "dateprops": [], "properties": {"http://fuzzy-sl.squirrel.link/ontology/certaintyLevel": ["https://fuzzy-sl.wikibase.cloud/entity/Q15"], "http://fuzzy-sl.squirrel.link/ontology/hasLocationType": ["https://fuzzy-sl.wikibase.cloud/entity/Q80"], "http://fuzzy-sl.squirrel.link/ontology/representativeGeometry": ["http://w3id.org/bb5kbc/site_23_geom"], "http://purl.org/dc/terms/identifier": ["23"], "http://rdfs.org/ns/void#inDataset": ["http://w3id.org/bb5kbc/Brandenburg_5000_BC_Data"], "http://w3id.org/bb5kbc/ont/hatFID": ["23"], "http://w3id.org/bb5kbc/ont/hatFundstellenID": ["245"], "http://w3id.org/bb5kbc/ont/hatFundstellenart": ["http://w3id.org/bb5kbc/fundstellenart_376218bc"], "http://w3id.org/bb5kbc/ont/hatGenauigkeit": ["100.0"], "http://w3id.org/bb5kbc/ont/hatKatalognummer": ["395"], "http://w3id.org/bb5kbc/ont/hatKulturelleZuordnung": ["http://w3id.org/bb5kbc/site_23_culture"], "http://w3id.org/bb5kbc/ont/hatPublikation": ["http://w3id.org/bb5kbc/pub_c5110572"], "http://w3id.org/bb5kbc/ont/inGemeinde": ["http://w3id.org/bb5kbc/gemeinde_1296d84a"], "http://w3id.org/bb5kbc/ont/wurdeEntdecktDurch": ["http://w3id.org/bb5kbc/site_23_discovery"], "http://w3id.org/bb5kbc/ont/wurdeGeoreferenziertDurch": ["http://w3id.org/bb5kbc/site_23_activity"], "http://www.opengis.net/ont/geosparql#hasGeometry": ["http://w3id.org/bb5kbc/site_23_geom"], "http://www.w3.org/1999/02/22-rdf-syntax-ns#type": ["http://w3id.org/bb5kbc/ont/Fundstelle"], "http://www.w3.org/2000/01/rdf-schema#label": ["Krosigk 1"], "http://www.w3.org/2004/02/skos/core#prefLabel": ["Krosigk 1"]}, "geometry": {"type": "Point", "coordinates": [11.93, 51.61]}}, {"type": "Feature", "id": "http://w3id.org/bb5kbc/site_234", "name": "", "dateprops": [], "properties": {"http://fuzzy-sl.squirrel.link/ontology/certaintyLevel": ["https://fuzzy-sl.wikibase.cloud/entity/Q15"], "http://fuzzy-sl.squirrel.link/ontology/hasLocationType": ["https://fuzzy-sl.wikibase.cloud/entity/Q80"], "http://fuzzy-sl.squirrel.link/ontology/representativeGeometry": ["http://w3id.org/bb5kbc/site_234_geom"], "http://purl.org/dc/terms/identifier": ["234"], "http://rdfs.org/ns/void#inDataset": ["http://w3id.org/bb5kbc/Brandenburg_5000_BC_Data"], "http://w3id.org/bb5kbc/ont/hatFID": ["234"], "http://w3id.org/bb5kbc/ont/hatFundstellenID": ["123"], "http://w3id.org/bb5kbc/ont/hatFundstellenart": ["http://w3id.org/bb5kbc/fundstellenart_376218bc"], "http://w3id.org/bb5kbc/ont/hatGenauigkeit": ["100.0"], "http://w3id.org/bb5kbc/ont/hatKatalognummer": ["8"], "http://w3id.org/bb5kbc/ont/hatKulturelleZuordnung": ["http://w3id.org/bb5kbc/site_234_culture"], "http://w3id.org/bb5kbc/ont/hatPublikation": ["http://w3id.org/bb5kbc/pub_b7c68a6f"], "http://w3id.org/bb5kbc/ont/inGemeinde": ["http://w3id.org/bb5kbc/gemeinde_4bb6d2e8"], "http://w3id.org/bb5kbc/ont/wurdeGeoreferenziertDurch": ["http://w3id.org/bb5kbc/site_234_activity"], "http://www.opengis.net/ont/geosparql#hasGeometry": ["http://w3id.org/bb5kbc/site_234_geom"], "http://www.w3.org/1999/02/22-rdf-syntax-ns#type": ["http://w3id.org/bb5kbc/ont/Fundstelle"], "http://www.w3.org/2000/01/rdf-schema#label": ["Frankfurt/Oder - Danziger Str."], "http://www.w3.org/2004/02/skos/core#prefLabel": ["Frankfurt/Oder - Danziger Str."]}, "geometry": {"type": "Point", "coordinates": [14.52, 52.35]}}, {"type": "Feature", "id": "http://w3id.org/bb5kbc/site_239", "name": "", "dateprops": [], "properties": {"http://fuzzy-sl.squirrel.link/ontology/certaintyLevel": ["https://fuzzy-sl.wikibase.cloud/entity/Q15"], "http://fuzzy-sl.squirrel.link/ontology/hasLocationType": ["https://fuzzy-sl.wikibase.cloud/entity/Q80"], "http://fuzzy-sl.squirrel.link/ontology/representativeGeometry": ["http://w3id.org/bb5kbc/site_239_geom"], "http://purl.org/dc/terms/identifier": ["239"], "http://rdfs.org/ns/void#inDataset": ["http://w3id.org/bb5kbc/Brandenburg_5000_BC_Data"], "http://w3id.org/bb5kbc/ont/hatFID": ["239"], "http://w3id.org/bb5kbc/ont/hatFundstellenID": ["379"], "http://w3id.org/bb5kbc/ont/hatFundstellenart": ["http://w3id.org/bb5kbc/fundstellenart_376218bc"], "http://w3id.org/bb5kbc/ont/hatGenauigkeit": ["100.0"], "http://w3id.org/bb5kbc/ont/hatKulturelleZuordnung": ["http://w3id.org/bb5kbc/site_239_culture"], "http://w3id.org/bb5kbc/ont/hatPublikation": ["http://w3id.org/bb5kbc/pub_b7c68a6f"], "http://w3id.org/bb5kbc/ont/inGemeinde": ["http://w3id.org/bb5kbc/gemeinde_55c656bb"], "http://w3id.org/bb5kbc/ont/wurdeEntdecktDurch": ["http://w3id.org/bb5kbc/site_239_discovery"], "http://w3id.org/bb5kbc/ont/wurdeGeoreferenziertDurch": ["http://w3id.org/bb5kbc/site_239_activity"], "http://www.opengis.net/ont/geosparql#hasGeometry": ["http://w3id.org/bb5kbc/site_239_geom"], "http://www.w3.org/1999/02/22-rdf-syntax-ns#type": ["http://w3id.org/bb5kbc/ont/Fundstelle"], "http://www.w3.org/2000/01/rdf-schema#label": ["Ryszewko 2/Klein-Rieschow"], "http://www.w3.org/2004/02/skos/core#prefLabel": ["Ryszewko 2/Klein-Rieschow"]}, "geometry": {"type": "Point", "coordinates": [14.85, 53.2]}}, {"type": "Feature", "id": "http://w3id.org/bb5kbc/site_221", "name": "", "dateprops": [], "properties": {"http://fuzzy-sl.squirrel.link/ontology/certaintyLevel": ["https://fuzzy-sl.wikibase.cloud/entity/Q15"], "http://fuzzy-sl.squirrel.link/ontology/hasLocationType": ["https://fuzzy-sl.wikibase.cloud/entity/Q80"], "http://fuzzy-sl.squirrel.link/ontology/representativeGeometry": ["http://w3id.org/bb5kbc/site_221_geom"], "http://purl.org/dc/terms/identifier": ["221"], "http://rdfs.org/ns/void#inDataset": ["http://w3id.org/bb5kbc/Brandenburg_5000_BC_Data"], "http://w3id.org/bb5kbc/ont/hatFID": ["221"], "http://w3id.org/bb5kbc/ont/hatFundstellenID": ["327"], "http://w3id.org/bb5kbc/ont/hatFundstellenart": ["http://w3id.org/bb5kbc/fundstellenart_376218bc"], "http://w3id.org/bb5kbc/ont/hatGenauigkeit": ["200.0"], "http://w3id.org/bb5kbc/ont/hatKatalognummer": ["13"], "http://w3id.org/bb5kbc/ont/hatKulturelleZuordnung": ["http://w3id.org/bb5kbc/site_221_culture"], "http://w3id.org/bb5kbc/ont/hatPublikation": ["http://w3id.org/bb5kbc/pub_f53d5dd0"], "http://w3id.org/bb5kbc/ont/inGemeinde": ["http://w3id.org/bb5kbc/gemeinde_8d17a3ac"], "http://w3id.org/bb5kbc/ont/wurdeGeoreferenziertDurch": ["http://w3id.org/bb5kbc/site_221_activity"], "http://www.opengis.net/ont/geosparql#hasGeometry": ["http://w3id.org/bb5kbc/site_221_geom"], "http://www.w3.org/1999/02/22-rdf-syntax-ns#type": ["http://w3id.org/bb5kbc/ont/Fundstelle"], "http://www.w3.org/2000/01/rdf-schema#label": ["Pikutkowo 6"], "http://www.w3.org/2004/02/skos/core#prefLabel": ["Pikutkowo 6"]}, "geometry": {"type": "Point", "coordinates": [18.95, 52.63]}}, {"type": "Feature", "id": "http://w3id.org/bb5kbc/site_204", "name": "", "dateprops": [], "properties": {"http://fuzzy-sl.squirrel.link/ontology/certaintyLevel": ["https://fuzzy-sl.wikibase.cloud/entity/Q15"], "http://fuzzy-sl.squirrel.link/ontology/hasLocationType": ["https://fuzzy-sl.wikibase.cloud/entity/Q80"], "http://fuzzy-sl.squirrel.link/ontology/representativeGeometry": ["http://w3id.org/bb5kbc/site_204_geom"], "http://purl.org/dc/terms/identifier": ["204"], "http://rdfs.org/ns/void#inDataset": ["http://w3id.org/bb5kbc/Brandenburg_5000_BC_Data"], "http://w3id.org/bb5kbc/ont/hatFID": ["204"], "http://w3id.org/bb5kbc/ont/hatFundstellenID": ["249"], "http://w3id.org/bb5kbc/ont/hatFundstellenart": ["http://w3id.org/bb5kbc/fundstellenart_376218bc"], "http://w3id.org/bb5kbc/ont/hatGenauigkeit": ["200.0"], "http://w3id.org/bb5kbc/ont/hatKatalognummer": ["20"], "http://w3id.org/bb5kbc/ont/hatKulturelleZuordnung": ["http://w3id.org/bb5kbc/site_204_culture"], "http://w3id.org/bb5kbc/ont/hatPublikation": ["http://w3id.org/bb5kbc/pub_f53d5dd0"], "http://w3id.org/bb5kbc/ont/inGemeinde": ["http://w3id.org/bb5kbc/gemeinde_8d17a3ac"], "http://w3id.org/bb5kbc/ont/wurdeGeoreferenziertDurch": ["http://w3id.org/bb5kbc/site_204_activity"], "http://www.opengis.net/ont/geosparql#hasGeometry": ["http://w3id.org/bb5kbc/site_204_geom"], "http://www.w3.org/1999/02/22-rdf-syntax-ns#type": ["http://w3id.org/bb5kbc/ont/Fundstelle"], "http://www.w3.org/2000/01/rdf-schema#label": ["Kuczyna 1"], "http://www.w3.org/2004/02/skos/core#prefLabel": ["Kuczyna 1"]}, "geometry": {"type": "Point", "coordinates": [18.86, 52.62]}}, {"type": "Feature", "id": "http://w3id.org/bb5kbc/site_249", "name": "", "dateprops": [], "properties": {"http://fuzzy-sl.squirrel.link/ontology/certaintyLevel": ["https://fuzzy-sl.wikibase.cloud/entity/Q15"], "http://fuzzy-sl.squirrel.link/ontology/hasLocationType": ["https://fuzzy-sl.wikibase.cloud/entity/Q80"], "http://fuzzy-sl.squirrel.link/ontology/representativeGeometry": ["http://w3id.org/bb5kbc/site_249_geom"], "http://purl.org/dc/terms/identifier": ["249"], "http://rdfs.org/ns/void#inDataset": ["http://w3id.org/bb5kbc/Brandenburg_5000_BC_Data"], "http://w3id.org/bb5kbc/ont/hatFID": ["249"], "http://w3id.org/bb5kbc/ont/hatFundstellenID": ["405"], "http://w3id.org/bb5kbc/ont/hatFundstellenart": ["http://w3id.org/bb5kbc/fundstellenart_b635ceb0"], "http://w3id.org/bb5kbc/ont/hatGenauigkeit": ["200.0"], "http://w3id.org/bb5kbc/ont/hatKulturelleZuordnung": ["http://w3id.org/bb5kbc/site_249_culture"], "http://w3id.org/bb5kbc/ont/hatPublikation": ["http://w3id.org/bb5kbc/pub_920f260d"], "http://w3id.org/bb5kbc/ont/inGemeinde": ["http://w3id.org/bb5kbc/gemeinde_3ff72526"], "http://w3id.org/bb5kbc/ont/wurdeEntdecktDurch": ["http://w3id.org/bb5kbc/site_249_discovery"], "http://w3id.org/bb5kbc/ont/wurdeGeoreferenziertDurch": ["http://w3id.org/bb5kbc/site_249_activity"], "http://www.opengis.net/ont/geosparql#hasGeometry": ["http://w3id.org/bb5kbc/site_249_geom"], "http://www.w3.org/1999/02/22-rdf-syntax-ns#type": ["http://w3id.org/bb5kbc/ont/Fundstelle"], "http://www.w3.org/2000/01/rdf-schema#label": ["S\u0119dowo 1"], "http://www.w3.org/2004/02/skos/core#prefLabel": ["S\u0119dowo 1"]}, "geometry": {"type": "Point", "coordinates": [17.98, 52.74]}}, {"type": "Feature", "id": "http://w3id.org/bb5kbc/site_231", "name": "", "dateprops": [], "properties": {"http://fuzzy-sl.squirrel.link/ontology/certaintyLevel": ["https://fuzzy-sl.wikibase.cloud/entity/Q15"], "http://fuzzy-sl.squirrel.link/ontology/hasLocationType": ["https://fuzzy-sl.wikibase.cloud/entity/Q80"], "http://fuzzy-sl.squirrel.link/ontology/representativeGeometry": ["http://w3id.org/bb5kbc/site_231_geom"], "http://purl.org/dc/terms/identifier": ["231"], "http://rdfs.org/ns/void#inDataset": ["http://w3id.org/bb5kbc/Brandenburg_5000_BC_Data"], "http://w3id.org/bb5kbc/ont/hatFID": ["231"], "http://w3id.org/bb5kbc/ont/hatFundstellenID": ["312"], "http://w3id.org/bb5kbc/ont/hatFundstellenart": ["http://w3id.org/bb5kbc/fundstellenart_1972902b", "http://w3id.org/bb5kbc/fundstellenart_5df80d7e"], "http://w3id.org/bb5kbc/ont/hatGenauigkeit": ["100.0"], "http://w3id.org/bb5kbc/ont/hatKulturelleZuordnung": ["http://w3id.org/bb5kbc/site_231_culture"], "http://w3id.org/bb5kbc/ont/hatPublikation": ["http://w3id.org/bb5kbc/pub_87c3d133"], "http://w3id.org/bb5kbc/ont/inGemeinde": ["http://w3id.org/bb5kbc/gemeinde_b74dc437"], "http://w3id.org/bb5kbc/ont/wurdeEntdecktDurch": ["http://w3id.org/bb5kbc/site_231_discovery"], "http://w3id.org/bb5kbc/ont/wurdeGeoreferenziertDurch": ["http://w3id.org/bb5kbc/site_231_activity"], "http://www.opengis.net/ont/geosparql#hasGeometry": ["http://w3id.org/bb5kbc/site_231_geom"], "http://www.w3.org/1999/02/22-rdf-syntax-ns#type": ["http://w3id.org/bb5kbc/ont/Fundstelle"], "http://www.w3.org/2000/01/rdf-schema#label": ["Nowe Obezierze 22"], "http://www.w3.org/2004/02/skos/core#prefLabel": ["Nowe Obezierze 22"]}, "geometry": {"type": "Point", "coordinates": [14.34, 52.85]}}, {"type": "Feature", "id": "http://w3id.org/bb5kbc/site_196", "name": "", "dateprops": [], "properties": {"http://fuzzy-sl.squirrel.link/ontology/certaintyLevel": ["https://fuzzy-sl.wikibase.cloud/entity/Q15"], "http://fuzzy-sl.squirrel.link/ontology/hasLocationType": ["https://fuzzy-sl.wikibase.cloud/entity/Q80"], "http://fuzzy-sl.squirrel.link/ontology/representativeGeometry": ["http://w3id.org/bb5kbc/site_196_geom"], "http://purl.org/dc/terms/identifier": ["196"], "http://rdfs.org/ns/void#inDataset": ["http://w3id.org/bb5kbc/Brandenburg_5000_BC_Data"], "http://w3id.org/bb5kbc/ont/hatFID": ["196"], "http://w3id.org/bb5kbc/ont/hatFundstellenID": ["226"], "http://w3id.org/bb5kbc/ont/hatFundstellenart": ["http://w3id.org/bb5kbc/fundstellenart_376218bc"], "http://w3id.org/bb5kbc/ont/hatGenauigkeit": ["200.0"], "http://w3id.org/bb5kbc/ont/hatKatalognummer": ["29"], "http://w3id.org/bb5kbc/ont/hatKulturelleZuordnung": ["http://w3id.org/bb5kbc/site_196_culture"], "http://w3id.org/bb5kbc/ont/hatPublikation": ["http://w3id.org/bb5kbc/pub_f53d5dd0"], "http://w3id.org/bb5kbc/ont/inGemeinde": ["http://w3id.org/bb5kbc/gemeinde_91c3fb1f"], "http://w3id.org/bb5kbc/ont/wurdeGeoreferenziertDurch": ["http://w3id.org/bb5kbc/site_196_activity"], "http://www.opengis.net/ont/geosparql#hasGeometry": ["http://w3id.org/bb5kbc/site_196_geom"], "http://www.w3.org/1999/02/22-rdf-syntax-ns#type": ["http://w3id.org/bb5kbc/ont/Fundstelle"], "http://www.w3.org/2000/01/rdf-schema#label": ["Konary 1"], "http://www.w3.org/2004/02/skos/core#prefLabel": ["Konary 1"]}, "geometry": {"type": "Point", "coordinates": [18.81, 52.63]}}, {"type": "Feature", "id": "http://w3id.org/bb5kbc/site_215", "name": "", "dateprops": [], "properties": {"http://fuzzy-sl.squirrel.link/ontology/certaintyLevel": ["https://fuzzy-sl.wikibase.cloud/entity/Q15"], "http://fuzzy-sl.squirrel.link/ontology/hasLocationType": ["https://fuzzy-sl.wikibase.cloud/entity/Q80"], "http://fuzzy-sl.squirrel.link/ontology/representativeGeometry": ["http://w3id.org/bb5kbc/site_215_geom"], "http://purl.org/dc/terms/identifier": ["215"], "http://rdfs.org/ns/void#inDataset": ["http://w3id.org/bb5kbc/Brandenburg_5000_BC_Data"], "http://w3id.org/bb5kbc/ont/hatFID": ["215"], "http://w3id.org/bb5kbc/ont/hatFundstellenID": ["80"], "http://w3id.org/bb5kbc/ont/hatFundstellenart": ["http://w3id.org/bb5kbc/fundstellenart_376218bc"], "http://w3id.org/bb5kbc/ont/hatGenauigkeit": ["200.0"], "http://w3id.org/bb5kbc/ont/hatKatalognummer": ["2"], "http://w3id.org/bb5kbc/ont/hatKulturelleZuordnung": ["http://w3id.org/bb5kbc/site_215_culture"], "http://w3id.org/bb5kbc/ont/hatPublikation": ["http://w3id.org/bb5kbc/pub_f53d5dd0"], "http://w3id.org/bb5kbc/ont/inGemeinde": ["http://w3id.org/bb5kbc/gemeinde_8d17a3ac"], "http://w3id.org/bb5kbc/ont/wurdeEntdecktDurch": ["http://w3id.org/bb5kbc/site_215_discovery"], "http://w3id.org/bb5kbc/ont/wurdeGeoreferenziertDurch": ["http://w3id.org/bb5kbc/site_215_activity"], "http://www.opengis.net/ont/geosparql#hasGeometry": ["http://w3id.org/bb5kbc/site_215_geom"], "http://www.w3.org/1999/02/22-rdf-syntax-ns#type": ["http://w3id.org/bb5kbc/ont/Fundstelle"], "http://www.w3.org/2000/01/rdf-schema#label": ["Brze\u015b\u0107 Kujawski 4"], "http://www.w3.org/2004/02/skos/core#prefLabel": ["Brze\u015b\u0107 Kujawski 4"]}, "geometry": {"type": "Point", "coordinates": [18.92, 52.61]}}, {"type": "Feature", "id": "http://w3id.org/bb5kbc/site_2", "name": "", "dateprops": [], "properties": {"http://fuzzy-sl.squirrel.link/ontology/certaintyLevel": ["https://fuzzy-sl.wikibase.cloud/entity/Q15"], "http://fuzzy-sl.squirrel.link/ontology/hasLocationType": ["https://fuzzy-sl.wikibase.cloud/entity/Q80"], "http://fuzzy-sl.squirrel.link/ontology/representativeGeometry": ["http://w3id.org/bb5kbc/site_2_geom"], "http://purl.org/dc/terms/identifier": ["2"], "http://rdfs.org/ns/void#inDataset": ["http://w3id.org/bb5kbc/Brandenburg_5000_BC_Data"], "http://w3id.org/bb5kbc/ont/hatFID": ["2"], "http://w3id.org/bb5kbc/ont/hatFundstellenID": ["149"], "http://w3id.org/bb5kbc/ont/hatFundstellenart": ["http://w3id.org/bb5kbc/fundstellenart_376218bc"], "http://w3id.org/bb5kbc/ont/hatGenauigkeit": ["100.0"], "http://w3id.org/bb5kbc/ont/hatKatalognummer": ["34"], "http://w3id.org/bb5kbc/ont/hatKulturelleZuordnung": ["http://w3id.org/bb5kbc/site_2_culture"], "http://w3id.org/bb5kbc/ont/hatPublikation": ["http://w3id.org/bb5kbc/pub_c5110572"], "http://w3id.org/bb5kbc/ont/inGemeinde": ["http://w3id.org/bb5kbc/gemeinde_fff454c7"], "http://w3id.org/bb5kbc/ont/wurdeEntdecktDurch": ["http://w3id.org/bb5kbc/site_2_discovery"], "http://w3id.org/bb5kbc/ont/wurdeGeoreferenziertDurch": ["http://w3id.org/bb5kbc/site_2_activity"], "http://www.opengis.net/ont/geosparql#hasGeometry": ["http://w3id.org/bb5kbc/site_2_geom"], "http://www.w3.org/1999/02/22-rdf-syntax-ns#type": ["http://w3id.org/bb5kbc/ont/Fundstelle"], "http://www.w3.org/2000/01/rdf-schema#label": ["Goldbach"], "http://www.w3.org/2004/02/skos/core#prefLabel": ["Goldbach"]}, "geometry": {"type": "Point", "coordinates": [10.66, 50.98]}}, {"type": "Feature", "id": "http://w3id.org/bb5kbc/site_3", "name": "", "dateprops": [], "properties": {"http://fuzzy-sl.squirrel.link/ontology/certaintyLevel": ["https://fuzzy-sl.wikibase.cloud/entity/Q15"], "http://fuzzy-sl.squirrel.link/ontology/hasLocationType": ["https://fuzzy-sl.wikibase.cloud/entity/Q80"], "http://fuzzy-sl.squirrel.link/ontology/representativeGeometry": ["http://w3id.org/bb5kbc/site_3_geom"], "http://purl.org/dc/terms/identifier": ["3"], "http://rdfs.org/ns/void#inDataset": ["http://w3id.org/bb5kbc/Brandenburg_5000_BC_Data"], "http://w3id.org/bb5kbc/ont/hatFID": ["3"], "http://w3id.org/bb5kbc/ont/hatFundstellenID": ["388"], "http://w3id.org/bb5kbc/ont/hatFundstellenart": ["http://w3id.org/bb5kbc/fundstellenart_376218bc"], "http://w3id.org/bb5kbc/ont/hatGenauigkeit": ["50.0"], "http://w3id.org/bb5kbc/ont/hatKatalognummer": ["75"], "http://w3id.org/bb5kbc/ont/hatKulturelleZuordnung": ["http://w3id.org/bb5kbc/site_3_culture"], "http://w3id.org/bb5kbc/ont/hatPublikation": ["http://w3id.org/bb5kbc/pub_c5110572"], "http://w3id.org/bb5kbc/ont/inGemeinde": ["http://w3id.org/bb5kbc/gemeinde_d84a5f7a"], "http://w3id.org/bb5kbc/ont/wurdeEntdecktDurch": ["http://w3id.org/bb5kbc/site_3_discovery"], "http://w3id.org/bb5kbc/ont/wurdeGeoreferenziertDurch": ["http://w3id.org/bb5kbc/site_3_activity"], "http://www.opengis.net/ont/geosparql#hasGeometry": ["http://w3id.org/bb5kbc/site_3_geom"], "http://www.w3.org/1999/02/22-rdf-syntax-ns#type": ["http://w3id.org/bb5kbc/ont/Fundstelle"], "http://www.w3.org/2000/01/rdf-schema#label": ["Schlotheim"], "http://www.w3.org/2004/02/skos/core#prefLabel": ["Schlotheim"]}, "geometry": {"type": "Point", "coordinates": [10.66, 51.24]}}, {"type": "Feature", "id": "http://w3id.org/bb5kbc/site_223", "name": "", "dateprops": [], "properties": {"http://fuzzy-sl.squirrel.link/ontology/certaintyLevel": ["https://fuzzy-sl.wikibase.cloud/entity/Q15"], "http://fuzzy-sl.squirrel.link/ontology/hasLocationType": ["https://fuzzy-sl.wikibase.cloud/entity/Q80"], "http://fuzzy-sl.squirrel.link/ontology/representativeGeometry": ["http://w3id.org/bb5kbc/site_223_geom"], "http://purl.org/dc/terms/identifier": ["223"], "http://rdfs.org/ns/void#inDataset": ["http://w3id.org/bb5kbc/Brandenburg_5000_BC_Data"], "http://w3id.org/bb5kbc/ont/hatFID": ["223"], "http://w3id.org/bb5kbc/ont/hatFundstellenID": ["412"], "http://w3id.org/bb5kbc/ont/hatFundstellenart": ["http://w3id.org/bb5kbc/fundstellenart_376218bc"], "http://w3id.org/bb5kbc/ont/hatGenauigkeit": ["200.0"], "http://w3id.org/bb5kbc/ont/hatKatalognummer": ["11"], "http://w3id.org/bb5kbc/ont/hatKulturelleZuordnung": ["http://w3id.org/bb5kbc/site_223_culture"], "http://w3id.org/bb5kbc/ont/hatPublikation": ["http://w3id.org/bb5kbc/pub_f53d5dd0"], "http://w3id.org/bb5kbc/ont/inGemeinde": ["http://w3id.org/bb5kbc/gemeinde_0376cd79"], "http://w3id.org/bb5kbc/ont/wurdeGeoreferenziertDurch": ["http://w3id.org/bb5kbc/site_223_activity"], "http://www.opengis.net/ont/geosparql#hasGeometry": ["http://w3id.org/bb5kbc/site_223_geom"], "http://www.w3.org/1999/02/22-rdf-syntax-ns#type": ["http://w3id.org/bb5kbc/ont/Fundstelle"], "http://www.w3.org/2000/01/rdf-schema#label": ["Sm\u00f3lsk U/98"], "http://www.w3.org/2004/02/skos/core#prefLabel": ["Sm\u00f3lsk U/98"]}, "geometry": {"type": "Point", "coordinates": [18.98, 52.61]}}, {"type": "Feature", "id": "http://w3id.org/bb5kbc/site_219", "name": "", "dateprops": [], "properties": {"http://fuzzy-sl.squirrel.link/ontology/certaintyLevel": ["https://fuzzy-sl.wikibase.cloud/entity/Q15"], "http://fuzzy-sl.squirrel.link/ontology/hasLocationType": ["https://fuzzy-sl.wikibase.cloud/entity/Q80"], "http://fuzzy-sl.squirrel.link/ontology/representativeGeometry": ["http://w3id.org/bb5kbc/site_219_geom"], "http://purl.org/dc/terms/identifier": ["219"], "http://rdfs.org/ns/void#inDataset": ["http://w3id.org/bb5kbc/Brandenburg_5000_BC_Data"], "http://w3id.org/bb5kbc/ont/hatFID": ["219"], "http://w3id.org/bb5kbc/ont/hatFundstellenID": ["176"], "http://w3id.org/bb5kbc/ont/hatFundstellenart": ["http://w3id.org/bb5kbc/fundstellenart_376218bc"], "http://w3id.org/bb5kbc/ont/hatGenauigkeit": ["200.0"], "http://w3id.org/bb5kbc/ont/hatKatalognummer": ["7"], "http://w3id.org/bb5kbc/ont/hatKulturelleZuordnung": ["http://w3id.org/bb5kbc/site_219_culture"], "http://w3id.org/bb5kbc/ont/hatPublikation": ["http://w3id.org/bb5kbc/pub_f53d5dd0"], "http://w3id.org/bb5kbc/ont/inGemeinde": ["http://w3id.org/bb5kbc/gemeinde_8d17a3ac"], "http://w3id.org/bb5kbc/ont/wurdeGeoreferenziertDurch": ["http://w3id.org/bb5kbc/site_219_activity"], "http://www.opengis.net/ont/geosparql#hasGeometry": ["http://w3id.org/bb5kbc/site_219_geom"], "http://www.w3.org/1999/02/22-rdf-syntax-ns#type": ["http://w3id.org/bb5kbc/ont/Fundstelle"], "http://www.w3.org/2000/01/rdf-schema#label": ["Gu\u017alin 1"], "http://www.w3.org/2004/02/skos/core#prefLabel": ["Gu\u017alin 1"]}, "geometry": {"type": "Point", "coordinates": [18.93, 52.6]}}, {"type": "Feature", "id": "http://w3id.org/bb5kbc/site_192", "name": "", "dateprops": [], "properties": {"http://fuzzy-sl.squirrel.link/ontology/certaintyLevel": ["https://fuzzy-sl.wikibase.cloud/entity/Q15"], "http://fuzzy-sl.squirrel.link/ontology/hasLocationType": ["https://fuzzy-sl.wikibase.cloud/entity/Q80"], "http://fuzzy-sl.squirrel.link/ontology/representativeGeometry": ["http://w3id.org/bb5kbc/site_192_geom"], "http://purl.org/dc/terms/identifier": ["192"], "http://rdfs.org/ns/void#inDataset": ["http://w3id.org/bb5kbc/Brandenburg_5000_BC_Data"], "http://w3id.org/bb5kbc/ont/hatFID": ["192"], "http://w3id.org/bb5kbc/ont/hatFundstellenID": ["258"], "http://w3id.org/bb5kbc/ont/hatFundstellenart": ["http://w3id.org/bb5kbc/fundstellenart_376218bc"], "http://w3id.org/bb5kbc/ont/hatGenauigkeit": ["200.0"], "http://w3id.org/bb5kbc/ont/hatKatalognummer": ["32"], "http://w3id.org/bb5kbc/ont/hatKulturelleZuordnung": ["http://w3id.org/bb5kbc/site_192_culture"], "http://w3id.org/bb5kbc/ont/hatPublikation": ["http://w3id.org/bb5kbc/pub_f53d5dd0"], "http://w3id.org/bb5kbc/ont/inGemeinde": ["http://w3id.org/bb5kbc/gemeinde_91c3fb1f"], "http://w3id.org/bb5kbc/ont/wurdeGeoreferenziertDurch": ["http://w3id.org/bb5kbc/site_192_activity"], "http://www.opengis.net/ont/geosparql#hasGeometry": ["http://w3id.org/bb5kbc/site_192_geom"], "http://www.w3.org/1999/02/22-rdf-syntax-ns#type": ["http://w3id.org/bb5kbc/ont/Fundstelle"], "http://www.w3.org/2000/01/rdf-schema#label": ["Lekarzewice W/91"], "http://www.w3.org/2004/02/skos/core#prefLabel": ["Lekarzewice W/91"]}, "geometry": {"type": "Point", "coordinates": [18.79, 52.64]}}, {"type": "Feature", "id": "http://w3id.org/bb5kbc/site_220", "name": "", "dateprops": [], "properties": {"http://fuzzy-sl.squirrel.link/ontology/certaintyLevel": ["https://fuzzy-sl.wikibase.cloud/entity/Q15"], "http://fuzzy-sl.squirrel.link/ontology/hasLocationType": ["https://fuzzy-sl.wikibase.cloud/entity/Q80"], "http://fuzzy-sl.squirrel.link/ontology/representativeGeometry": ["http://w3id.org/bb5kbc/site_220_geom"], "http://purl.org/dc/terms/identifier": ["220"], "http://rdfs.org/ns/void#inDataset": ["http://w3id.org/bb5kbc/Brandenburg_5000_BC_Data"], "http://w3id.org/bb5kbc/ont/hatFID": ["220"], "http://w3id.org/bb5kbc/ont/hatFundstellenID": ["328"], "http://w3id.org/bb5kbc/ont/hatFundstellenart": ["http://w3id.org/bb5kbc/fundstellenart_376218bc"], "http://w3id.org/bb5kbc/ont/hatGenauigkeit": ["200.0"], "http://w3id.org/bb5kbc/ont/hatKatalognummer": ["14"], "http://w3id.org/bb5kbc/ont/hatKulturelleZuordnung": ["http://w3id.org/bb5kbc/site_220_culture"], "http://w3id.org/bb5kbc/ont/hatPublikation": ["http://w3id.org/bb5kbc/pub_f53d5dd0"], "http://w3id.org/bb5kbc/ont/inGemeinde": ["http://w3id.org/bb5kbc/gemeinde_8d17a3ac"], "http://w3id.org/bb5kbc/ont/wurdeGeoreferenziertDurch": ["http://w3id.org/bb5kbc/site_220_activity"], "http://www.opengis.net/ont/geosparql#hasGeometry": ["http://w3id.org/bb5kbc/site_220_geom"], "http://www.w3.org/1999/02/22-rdf-syntax-ns#type": ["http://w3id.org/bb5kbc/ont/Fundstelle"], "http://www.w3.org/2000/01/rdf-schema#label": ["Pikutkowo 6a"], "http://www.w3.org/2004/02/skos/core#prefLabel": ["Pikutkowo 6a"]}, "geometry": {"type": "Point", "coordinates": [18.95, 52.63]}}, {"type": "Feature", "id": "http://w3id.org/bb5kbc/site_182", "name": "", "dateprops": [], "properties": {"http://fuzzy-sl.squirrel.link/ontology/certaintyLevel": ["https://fuzzy-sl.wikibase.cloud/entity/Q15"], "http://fuzzy-sl.squirrel.link/ontology/hasLocationType": ["https://fuzzy-sl.wikibase.cloud/entity/Q80"], "http://fuzzy-sl.squirrel.link/ontology/representativeGeometry": ["http://w3id.org/bb5kbc/site_182_geom"], "http://purl.org/dc/terms/identifier": ["182"], "http://rdfs.org/ns/void#inDataset": ["http://w3id.org/bb5kbc/Brandenburg_5000_BC_Data"], "http://w3id.org/bb5kbc/ont/hatFID": ["182"], "http://w3id.org/bb5kbc/ont/hatFundstellenID": ["66"], "http://w3id.org/bb5kbc/ont/hatFundstellenart": ["http://w3id.org/bb5kbc/fundstellenart_376218bc"], "http://w3id.org/bb5kbc/ont/hatGenauigkeit": ["200.0"], "http://w3id.org/bb5kbc/ont/hatKatalognummer": ["43"], "http://w3id.org/bb5kbc/ont/hatKulturelleZuordnung": ["http://w3id.org/bb5kbc/site_182_culture"], "http://w3id.org/bb5kbc/ont/hatPublikation": ["http://w3id.org/bb5kbc/pub_f53d5dd0"], "http://w3id.org/bb5kbc/ont/inGemeinde": ["http://w3id.org/bb5kbc/gemeinde_91c3fb1f"], "http://w3id.org/bb5kbc/ont/wurdeGeoreferenziertDurch": ["http://w3id.org/bb5kbc/site_182_activity"], "http://www.opengis.net/ont/geosparql#hasGeometry": ["http://w3id.org/bb5kbc/site_182_geom"], "http://www.w3.org/1999/02/22-rdf-syntax-ns#type": ["http://w3id.org/bb5kbc/ont/Fundstelle"], "http://www.w3.org/2000/01/rdf-schema#label": ["Borucin XLIII/03"], "http://www.w3.org/2004/02/skos/core#prefLabel": ["Borucin XLIII/03"]}, "geometry": {"type": "Point", "coordinates": [18.73, 52.6]}}, {"type": "Feature", "id": "http://w3id.org/bb5kbc/site_21", "name": "", "dateprops": [], "properties": {"http://fuzzy-sl.squirrel.link/ontology/certaintyLevel": ["https://fuzzy-sl.wikibase.cloud/entity/Q15"], "http://fuzzy-sl.squirrel.link/ontology/hasLocationType": ["https://fuzzy-sl.wikibase.cloud/entity/Q80"], "http://fuzzy-sl.squirrel.link/ontology/representativeGeometry": ["http://w3id.org/bb5kbc/site_21_geom"], "http://purl.org/dc/terms/identifier": ["21"], "http://rdfs.org/ns/void#inDataset": ["http://w3id.org/bb5kbc/Brandenburg_5000_BC_Data"], "http://w3id.org/bb5kbc/ont/hatFID": ["21"], "http://w3id.org/bb5kbc/ont/hatFundstellenID": ["456"], "http://w3id.org/bb5kbc/ont/hatFundstellenart": ["http://w3id.org/bb5kbc/fundstellenart_376218bc"], "http://w3id.org/bb5kbc/ont/hatGenauigkeit": ["100.0"], "http://w3id.org/bb5kbc/ont/hatKatalognummer": ["449"], "http://w3id.org/bb5kbc/ont/hatKulturelleZuordnung": ["http://w3id.org/bb5kbc/site_21_culture"], "http://w3id.org/bb5kbc/ont/hatPublikation": ["http://w3id.org/bb5kbc/pub_c5110572"], "http://w3id.org/bb5kbc/ont/inGemeinde": ["http://w3id.org/bb5kbc/gemeinde_3633ef94"], "http://w3id.org/bb5kbc/ont/wurdeEntdecktDurch": ["http://w3id.org/bb5kbc/site_21_discovery"], "http://w3id.org/bb5kbc/ont/wurdeGeoreferenziertDurch": ["http://w3id.org/bb5kbc/site_21_activity"], "http://www.opengis.net/ont/geosparql#hasGeometry": ["http://w3id.org/bb5kbc/site_21_geom"], "http://www.w3.org/1999/02/22-rdf-syntax-ns#type": ["http://w3id.org/bb5kbc/ont/Fundstelle"], "http://www.w3.org/2000/01/rdf-schema#label": ["Wahlitz 7"], "http://www.w3.org/2004/02/skos/core#prefLabel": ["Wahlitz 7"]}, "geometry": {"type": "Point", "coordinates": [11.79, 52.11]}}, {"type": "Feature", "id": "http://w3id.org/bb5kbc/site_202", "name": "", "dateprops": [], "properties": {"http://fuzzy-sl.squirrel.link/ontology/certaintyLevel": ["https://fuzzy-sl.wikibase.cloud/entity/Q15"], "http://fuzzy-sl.squirrel.link/ontology/hasLocationType": ["https://fuzzy-sl.wikibase.cloud/entity/Q80"], "http://fuzzy-sl.squirrel.link/ontology/representativeGeometry": ["http://w3id.org/bb5kbc/site_202_geom"], "http://purl.org/dc/terms/identifier": ["202"], "http://rdfs.org/ns/void#inDataset": ["http://w3id.org/bb5kbc/Brandenburg_5000_BC_Data"], "http://w3id.org/bb5kbc/ont/hatFID": ["202"], "http://w3id.org/bb5kbc/ont/hatFundstellenID": ["283"], "http://w3id.org/bb5kbc/ont/hatFundstellenart": ["http://w3id.org/bb5kbc/fundstellenart_376218bc"], "http://w3id.org/bb5kbc/ont/hatGenauigkeit": ["200.0"], "http://w3id.org/bb5kbc/ont/hatKatalognummer": ["23"], "http://w3id.org/bb5kbc/ont/hatKulturelleZuordnung": ["http://w3id.org/bb5kbc/site_202_culture"], "http://w3id.org/bb5kbc/ont/hatPublikation": ["http://w3id.org/bb5kbc/pub_f53d5dd0"], "http://w3id.org/bb5kbc/ont/inGemeinde": ["http://w3id.org/bb5kbc/gemeinde_8d17a3ac"], "http://w3id.org/bb5kbc/ont/wurdeGeoreferenziertDurch": ["http://w3id.org/bb5kbc/site_202_activity"], "http://www.opengis.net/ont/geosparql#hasGeometry": ["http://w3id.org/bb5kbc/site_202_geom"], "http://www.w3.org/1999/02/22-rdf-syntax-ns#type": ["http://w3id.org/bb5kbc/ont/Fundstelle"], "http://www.w3.org/2000/01/rdf-schema#label": ["Miechowice 4"], "http://www.w3.org/2004/02/skos/core#prefLabel": ["Miechowice 4"]}, "geometry": {"type": "Point", "coordinates": [18.82, 52.63]}}, {"type": "Feature", "id": "http://w3id.org/bb5kbc/site_96", "name": "", "dateprops": [], "properties": {"http://fuzzy-sl.squirrel.link/ontology/certaintyLevel": ["https://fuzzy-sl.wikibase.cloud/entity/Q15"], "http://fuzzy-sl.squirrel.link/ontology/hasLocationType": ["https://fuzzy-sl.wikibase.cloud/entity/Q80"], "http://fuzzy-sl.squirrel.link/ontology/representativeGeometry": ["http://w3id.org/bb5kbc/site_96_geom"], "http://purl.org/dc/terms/identifier": ["96"], "http://rdfs.org/ns/void#inDataset": ["http://w3id.org/bb5kbc/Brandenburg_5000_BC_Data"], "http://w3id.org/bb5kbc/ont/hatFID": ["96"], "http://w3id.org/bb5kbc/ont/hatFundstellenID": ["95"], "http://w3id.org/bb5kbc/ont/hatFundstellenart": ["http://w3id.org/bb5kbc/fundstellenart_1972902b"], "http://w3id.org/bb5kbc/ont/hatGenauigkeit": ["200.0"], "http://w3id.org/bb5kbc/ont/hatKatalognummer": ["2"], "http://w3id.org/bb5kbc/ont/hatKulturelleZuordnung": ["http://w3id.org/bb5kbc/site_96_culture"], "http://w3id.org/bb5kbc/ont/hatPublikation": ["http://w3id.org/bb5kbc/pub_f5ed98b4"], "http://w3id.org/bb5kbc/ont/inGemeinde": ["http://w3id.org/bb5kbc/gemeinde_8f511de3"], "http://w3id.org/bb5kbc/ont/wurdeEntdecktDurch": ["http://w3id.org/bb5kbc/site_96_discovery"], "http://w3id.org/bb5kbc/ont/wurdeGeoreferenziertDurch": ["http://w3id.org/bb5kbc/site_96_activity"], "http://www.opengis.net/ont/geosparql#hasGeometry": ["http://w3id.org/bb5kbc/site_96_geom"], "http://www.w3.org/1999/02/22-rdf-syntax-ns#type": ["http://w3id.org/bb5kbc/ont/Fundstelle"], "http://www.w3.org/2000/01/rdf-schema#label": ["Czarnowo 10"], "http://www.w3.org/2004/02/skos/core#prefLabel": ["Czarnowo 10"]}, "geometry": {"type": "Point", "coordinates": [14.73, 53.14]}}, {"type": "Feature", "id": "http://w3id.org/bb5kbc/site_197", "name": "", "dateprops": [], "properties": {"http://fuzzy-sl.squirrel.link/ontology/certaintyLevel": ["https://fuzzy-sl.wikibase.cloud/entity/Q15"], "http://fuzzy-sl.squirrel.link/ontology/hasLocationType": ["https://fuzzy-sl.wikibase.cloud/entity/Q80"], "http://fuzzy-sl.squirrel.link/ontology/representativeGeometry": ["http://w3id.org/bb5kbc/site_197_geom"], "http://purl.org/dc/terms/identifier": ["197"], "http://rdfs.org/ns/void#inDataset": ["http://w3id.org/bb5kbc/Brandenburg_5000_BC_Data"], "http://w3id.org/bb5kbc/ont/hatFID": ["197"], "http://w3id.org/bb5kbc/ont/hatFundstellenID": ["316"], "http://w3id.org/bb5kbc/ont/hatFundstellenart": ["http://w3id.org/bb5kbc/fundstellenart_376218bc"], "http://w3id.org/bb5kbc/ont/hatGenauigkeit": ["200.0"], "http://w3id.org/bb5kbc/ont/hatKatalognummer": ["26"], "http://w3id.org/bb5kbc/ont/hatKulturelleZuordnung": ["http://w3id.org/bb5kbc/site_197_culture"], "http://w3id.org/bb5kbc/ont/hatPublikation": ["http://w3id.org/bb5kbc/pub_f53d5dd0"], "http://w3id.org/bb5kbc/ont/inGemeinde": ["http://w3id.org/bb5kbc/gemeinde_91c3fb1f"], "http://w3id.org/bb5kbc/ont/wurdeEntdecktDurch": ["http://w3id.org/bb5kbc/site_197_discovery"], "http://w3id.org/bb5kbc/ont/wurdeGeoreferenziertDurch": ["http://w3id.org/bb5kbc/site_197_activity"], "http://www.opengis.net/ont/geosparql#hasGeometry": ["http://w3id.org/bb5kbc/site_197_geom"], "http://www.w3.org/1999/02/22-rdf-syntax-ns#type": ["http://w3id.org/bb5kbc/ont/Fundstelle"], "http://www.w3.org/2000/01/rdf-schema#label": ["Os\u0142onki 1"], "http://www.w3.org/2004/02/skos/core#prefLabel": ["Os\u0142onki 1"]}, "geometry": {"type": "Point", "coordinates": [18.81, 52.62]}}, {"type": "Feature", "id": "http://w3id.org/bb5kbc/site_209", "name": "", "dateprops": [], "properties": {"http://fuzzy-sl.squirrel.link/ontology/certaintyLevel": ["https://fuzzy-sl.wikibase.cloud/entity/Q15"], "http://fuzzy-sl.squirrel.link/ontology/hasLocationType": ["https://fuzzy-sl.wikibase.cloud/entity/Q80"], "http://fuzzy-sl.squirrel.link/ontology/representativeGeometry": ["http://w3id.org/bb5kbc/site_209_geom"], "http://purl.org/dc/terms/identifier": ["209"], "http://rdfs.org/ns/void#inDataset": ["http://w3id.org/bb5kbc/Brandenburg_5000_BC_Data"], "http://w3id.org/bb5kbc/ont/hatFID": ["209"], "http://w3id.org/bb5kbc/ont/hatFundstellenID": ["175"], "http://w3id.org/bb5kbc/ont/hatFundstellenart": ["http://w3id.org/bb5kbc/fundstellenart_376218bc"], "http://w3id.org/bb5kbc/ont/hatGenauigkeit": ["200.0"], "http://w3id.org/bb5kbc/ont/hatKatalognummer": ["16"], "http://w3id.org/bb5kbc/ont/hatKulturelleZuordnung": ["http://w3id.org/bb5kbc/site_209_culture"], "http://w3id.org/bb5kbc/ont/hatPublikation": ["http://w3id.org/bb5kbc/pub_f53d5dd0"], "http://w3id.org/bb5kbc/ont/inGemeinde": ["http://w3id.org/bb5kbc/gemeinde_8d17a3ac"], "http://w3id.org/bb5kbc/ont/wurdeGeoreferenziertDurch": ["http://w3id.org/bb5kbc/site_209_activity"], "http://www.opengis.net/ont/geosparql#hasGeometry": ["http://w3id.org/bb5kbc/site_209_geom"], "http://www.w3.org/1999/02/22-rdf-syntax-ns#type": ["http://w3id.org/bb5kbc/ont/Fundstelle"], "http://www.w3.org/2000/01/rdf-schema#label": ["Gustorzyn 1"], "http://www.w3.org/2004/02/skos/core#prefLabel": ["Gustorzyn 1"]}, "geometry": {"type": "Point", "coordinates": [18.89, 52.65]}}, {"type": "Feature", "id": "http://w3id.org/bb5kbc/site_184", "name": "", "dateprops": [], "properties": {"http://fuzzy-sl.squirrel.link/ontology/certaintyLevel": ["https://fuzzy-sl.wikibase.cloud/entity/Q15"], "http://fuzzy-sl.squirrel.link/ontology/hasLocationType": ["https://fuzzy-sl.wikibase.cloud/entity/Q80"], "http://fuzzy-sl.squirrel.link/ontology/representativeGeometry": ["http://w3id.org/bb5kbc/site_184_geom"], "http://purl.org/dc/terms/identifier": ["184"], "http://rdfs.org/ns/void#inDataset": ["http://w3id.org/bb5kbc/Brandenburg_5000_BC_Data"], "http://w3id.org/bb5kbc/ont/hatFID": ["184"], "http://w3id.org/bb5kbc/ont/hatFundstellenID": ["64"], "http://w3id.org/bb5kbc/ont/hatFundstellenart": ["http://w3id.org/bb5kbc/fundstellenart_376218bc"], "http://w3id.org/bb5kbc/ont/hatGenauigkeit": ["200.0"], "http://w3id.org/bb5kbc/ont/hatKatalognummer": ["41"], "http://w3id.org/bb5kbc/ont/hatKulturelleZuordnung": ["http://w3id.org/bb5kbc/site_184_culture"], "http://w3id.org/bb5kbc/ont/hatPublikation": ["http://w3id.org/bb5kbc/pub_f53d5dd0"], "http://w3id.org/bb5kbc/ont/inGemeinde": ["http://w3id.org/bb5kbc/gemeinde_91c3fb1f"], "http://w3id.org/bb5kbc/ont/wurdeGeoreferenziertDurch": ["http://w3id.org/bb5kbc/site_184_activity"], "http://www.opengis.net/ont/geosparql#hasGeometry": ["http://w3id.org/bb5kbc/site_184_geom"], "http://www.w3.org/1999/02/22-rdf-syntax-ns#type": ["http://w3id.org/bb5kbc/ont/Fundstelle"], "http://www.w3.org/2000/01/rdf-schema#label": ["Borucin T/06"], "http://www.w3.org/2004/02/skos/core#prefLabel": ["Borucin T/06"]}, "geometry": {"type": "Point", "coordinates": [18.74, 52.59]}}, {"type": "Feature", "id": "http://w3id.org/bb5kbc/site_180", "name": "", "dateprops": [], "properties": {"http://fuzzy-sl.squirrel.link/ontology/certaintyLevel": ["https://fuzzy-sl.wikibase.cloud/entity/Q15"], "http://fuzzy-sl.squirrel.link/ontology/hasLocationType": ["https://fuzzy-sl.wikibase.cloud/entity/Q80"], "http://fuzzy-sl.squirrel.link/ontology/representativeGeometry": ["http://w3id.org/bb5kbc/site_180_geom"], "http://purl.org/dc/terms/identifier": ["180"], "http://rdfs.org/ns/void#inDataset": ["http://w3id.org/bb5kbc/Brandenburg_5000_BC_Data"], "http://w3id.org/bb5kbc/ont/hatFID": ["180"], "http://w3id.org/bb5kbc/ont/hatFundstellenID": ["235"], "http://w3id.org/bb5kbc/ont/hatFundstellenart": ["http://w3id.org/bb5kbc/fundstellenart_376218bc"], "http://w3id.org/bb5kbc/ont/hatGenauigkeit": ["200.0"], "http://w3id.org/bb5kbc/ont/hatKatalognummer": ["37"], "http://w3id.org/bb5kbc/ont/hatKulturelleZuordnung": ["http://w3id.org/bb5kbc/site_180_culture"], "http://w3id.org/bb5kbc/ont/hatPublikation": ["http://w3id.org/bb5kbc/pub_f53d5dd0"], "http://w3id.org/bb5kbc/ont/inGemeinde": ["http://w3id.org/bb5kbc/gemeinde_91c3fb1f"], "http://w3id.org/bb5kbc/ont/wurdeGeoreferenziertDurch": ["http://w3id.org/bb5kbc/site_180_activity"], "http://www.opengis.net/ont/geosparql#hasGeometry": ["http://w3id.org/bb5kbc/site_180_geom"], "http://www.w3.org/1999/02/22-rdf-syntax-ns#type": ["http://w3id.org/bb5kbc/ont/Fundstelle"], "http://www.w3.org/2000/01/rdf-schema#label": ["Ko\u015bcielna Wie\u015b 1"], "http://www.w3.org/2004/02/skos/core#prefLabel": ["Ko\u015bcielna Wie\u015b 1"]}, "geometry": {"type": "Point", "coordinates": [18.72, 52.67]}}, {"type": "Feature", "id": "http://w3id.org/bb5kbc/site_176", "name": "", "dateprops": [], "properties": {"http://fuzzy-sl.squirrel.link/ontology/certaintyLevel": ["https://fuzzy-sl.wikibase.cloud/entity/Q15"], "http://fuzzy-sl.squirrel.link/ontology/hasLocationType": ["https://fuzzy-sl.wikibase.cloud/entity/Q80"], "http://fuzzy-sl.squirrel.link/ontology/representativeGeometry": ["http://w3id.org/bb5kbc/site_176_geom"], "http://purl.org/dc/terms/identifier": ["176"], "http://rdfs.org/ns/void#inDataset": ["http://w3id.org/bb5kbc/Brandenburg_5000_BC_Data"], "http://w3id.org/bb5kbc/ont/hatFID": ["176"], "http://w3id.org/bb5kbc/ont/hatFundstellenID": ["26"], "http://w3id.org/bb5kbc/ont/hatFundstellenart": ["http://w3id.org/bb5kbc/fundstellenart_376218bc"], "http://w3id.org/bb5kbc/ont/hatGenauigkeit": ["50.0"], "http://w3id.org/bb5kbc/ont/hatKulturelleZuordnung": ["http://w3id.org/bb5kbc/site_176_culture"], "http://w3id.org/bb5kbc/ont/hatPublikation": ["http://w3id.org/bb5kbc/pub_7d001871"], "http://w3id.org/bb5kbc/ont/inGemeinde": ["http://w3id.org/bb5kbc/gemeinde_a72e9166"], "http://w3id.org/bb5kbc/ont/wurdeEntdecktDurch": ["http://w3id.org/bb5kbc/site_176_discovery"], "http://w3id.org/bb5kbc/ont/wurdeGeoreferenziertDurch": ["http://w3id.org/bb5kbc/site_176_activity"], "http://www.opengis.net/ont/geosparql#hasGeometry": ["http://w3id.org/bb5kbc/site_176_geom"], "http://www.w3.org/1999/02/22-rdf-syntax-ns#type": ["http://w3id.org/bb5kbc/ont/Fundstelle"], "http://www.w3.org/2000/01/rdf-schema#label": ["Bar\u0142o\u017cno 15"], "http://www.w3.org/2004/02/skos/core#prefLabel": ["Bar\u0142o\u017cno 15"]}, "geometry": {"type": "Point", "coordinates": [18.63, 53.77]}}, {"type": "Feature", "id": "http://w3id.org/bb5kbc/site_226", "name": "", "dateprops": [], "properties": {"http://fuzzy-sl.squirrel.link/ontology/certaintyLevel": ["https://fuzzy-sl.wikibase.cloud/entity/Q15"], "http://fuzzy-sl.squirrel.link/ontology/hasLocationType": ["https://fuzzy-sl.wikibase.cloud/entity/Q80"], "http://fuzzy-sl.squirrel.link/ontology/representativeGeometry": ["http://w3id.org/bb5kbc/site_226_geom"], "http://purl.org/dc/terms/identifier": ["226"], "http://rdfs.org/ns/void#inDataset": ["http://w3id.org/bb5kbc/Brandenburg_5000_BC_Data"], "http://w3id.org/bb5kbc/ont/hatFID": ["226"], "http://w3id.org/bb5kbc/ont/hatFundstellenID": ["411"], "http://w3id.org/bb5kbc/ont/hatFundstellenart": ["http://w3id.org/bb5kbc/fundstellenart_376218bc"], "http://w3id.org/bb5kbc/ont/hatGenauigkeit": ["200.0"], "http://w3id.org/bb5kbc/ont/hatKatalognummer": ["9"], "http://w3id.org/bb5kbc/ont/hatKulturelleZuordnung": ["http://w3id.org/bb5kbc/site_226_culture"], "http://w3id.org/bb5kbc/ont/hatPublikation": ["http://w3id.org/bb5kbc/pub_f53d5dd0"], "http://w3id.org/bb5kbc/ont/inGemeinde": ["http://w3id.org/bb5kbc/gemeinde_0376cd79"], "http://w3id.org/bb5kbc/ont/wurdeGeoreferenziertDurch": ["http://w3id.org/bb5kbc/site_226_activity"], "http://www.opengis.net/ont/geosparql#hasGeometry": ["http://w3id.org/bb5kbc/site_226_geom"], "http://www.w3.org/1999/02/22-rdf-syntax-ns#type": ["http://w3id.org/bb5kbc/ont/Fundstelle"], "http://www.w3.org/2000/01/rdf-schema#label": ["Sm\u00f3lsk 4"], "http://www.w3.org/2004/02/skos/core#prefLabel": ["Sm\u00f3lsk 4"]}, "geometry": {"type": "Point", "coordinates": [18.98, 52.6]}}, {"type": "Feature", "id": "http://w3id.org/bb5kbc/site_207", "name": "", "dateprops": [], "properties": {"http://fuzzy-sl.squirrel.link/ontology/certaintyLevel": ["https://fuzzy-sl.wikibase.cloud/entity/Q15"], "http://fuzzy-sl.squirrel.link/ontology/hasLocationType": ["https://fuzzy-sl.wikibase.cloud/entity/Q80"], "http://fuzzy-sl.squirrel.link/ontology/representativeGeometry": ["http://w3id.org/bb5kbc/site_207_geom"], "http://purl.org/dc/terms/identifier": ["207"], "http://rdfs.org/ns/void#inDataset": ["http://w3id.org/bb5kbc/Brandenburg_5000_BC_Data"], "http://w3id.org/bb5kbc/ont/hatFID": ["207"], "http://w3id.org/bb5kbc/ont/hatFundstellenID": ["114"], "http://w3id.org/bb5kbc/ont/hatFundstellenart": ["http://w3id.org/bb5kbc/fundstellenart_376218bc"], "http://w3id.org/bb5kbc/ont/hatGenauigkeit": ["200.0"], "http://w3id.org/bb5kbc/ont/hatKatalognummer": ["19"], "http://w3id.org/bb5kbc/ont/hatKulturelleZuordnung": ["http://w3id.org/bb5kbc/site_207_culture"], "http://w3id.org/bb5kbc/ont/hatPublikation": ["http://w3id.org/bb5kbc/pub_f53d5dd0"], "http://w3id.org/bb5kbc/ont/inGemeinde": ["http://w3id.org/bb5kbc/gemeinde_8d17a3ac"], "http://w3id.org/bb5kbc/ont/wurdeGeoreferenziertDurch": ["http://w3id.org/bb5kbc/site_207_activity"], "http://www.opengis.net/ont/geosparql#hasGeometry": ["http://w3id.org/bb5kbc/site_207_geom"], "http://www.w3.org/1999/02/22-rdf-syntax-ns#type": ["http://w3id.org/bb5kbc/ont/Fundstelle"], "http://www.w3.org/2000/01/rdf-schema#label": ["Falborz 1"], "http://www.w3.org/2004/02/skos/core#prefLabel": ["Falborz 1"]}, "geometry": {"type": "Point", "coordinates": [18.88, 52.61]}}, {"type": "Feature", "id": "http://w3id.org/bb5kbc/site_198", "name": "", "dateprops": [], "properties": {"http://fuzzy-sl.squirrel.link/ontology/certaintyLevel": ["https://fuzzy-sl.wikibase.cloud/entity/Q15"], "http://fuzzy-sl.squirrel.link/ontology/hasLocationType": ["https://fuzzy-sl.wikibase.cloud/entity/Q80"], "http://fuzzy-sl.squirrel.link/ontology/representativeGeometry": ["http://w3id.org/bb5kbc/site_198_geom"], "http://purl.org/dc/terms/identifier": ["198"], "http://rdfs.org/ns/void#inDataset": ["http://w3id.org/bb5kbc/Brandenburg_5000_BC_Data"], "http://w3id.org/bb5kbc/ont/hatFID": ["198"], "http://w3id.org/bb5kbc/ont/hatFundstellenID": ["227"], "http://w3id.org/bb5kbc/ont/hatFundstellenart": ["http://w3id.org/bb5kbc/fundstellenart_376218bc"], "http://w3id.org/bb5kbc/ont/hatGenauigkeit": ["200.0"], "http://w3id.org/bb5kbc/ont/hatKatalognummer": ["28"], "http://w3id.org/bb5kbc/ont/hatKulturelleZuordnung": ["http://w3id.org/bb5kbc/site_198_culture"], "http://w3id.org/bb5kbc/ont/hatPublikation": ["http://w3id.org/bb5kbc/pub_f53d5dd0"], "http://w3id.org/bb5kbc/ont/inGemeinde": ["http://w3id.org/bb5kbc/gemeinde_91c3fb1f"], "http://w3id.org/bb5kbc/ont/wurdeGeoreferenziertDurch": ["http://w3id.org/bb5kbc/site_198_activity"], "http://www.opengis.net/ont/geosparql#hasGeometry": ["http://w3id.org/bb5kbc/site_198_geom"], "http://www.w3.org/1999/02/22-rdf-syntax-ns#type": ["http://w3id.org/bb5kbc/ont/Fundstelle"], "http://www.w3.org/2000/01/rdf-schema#label": ["Konary 1a"], "http://www.w3.org/2004/02/skos/core#prefLabel": ["Konary 1a"]}, "geometry": {"type": "Point", "coordinates": [18.81, 52.63]}}, {"type": "Feature", "id": "http://w3id.org/bb5kbc/site_224", "name": "", "dateprops": [], "properties": {"http://fuzzy-sl.squirrel.link/ontology/certaintyLevel": ["https://fuzzy-sl.wikibase.cloud/entity/Q15"], "http://fuzzy-sl.squirrel.link/ontology/hasLocationType": ["https://fuzzy-sl.wikibase.cloud/entity/Q80"], "http://fuzzy-sl.squirrel.link/ontology/representativeGeometry": ["http://w3id.org/bb5kbc/site_224_geom"], "http://purl.org/dc/terms/identifier": ["224"], "http://rdfs.org/ns/void#inDataset": ["http://w3id.org/bb5kbc/Brandenburg_5000_BC_Data"], "http://w3id.org/bb5kbc/ont/hatFID": ["224"], "http://w3id.org/bb5kbc/ont/hatFundstellenID": ["413"], "http://w3id.org/bb5kbc/ont/hatFundstellenart": ["http://w3id.org/bb5kbc/fundstellenart_376218bc"], "http://w3id.org/bb5kbc/ont/hatGenauigkeit": ["200.0"], "http://w3id.org/bb5kbc/ont/hatKatalognummer": ["10"], "http://w3id.org/bb5kbc/ont/hatKulturelleZuordnung": ["http://w3id.org/bb5kbc/site_224_culture"], "http://w3id.org/bb5kbc/ont/hatPublikation": ["http://w3id.org/bb5kbc/pub_f53d5dd0"], "http://w3id.org/bb5kbc/ont/inGemeinde": ["http://w3id.org/bb5kbc/gemeinde_0376cd79"], "http://w3id.org/bb5kbc/ont/wurdeGeoreferenziertDurch": ["http://w3id.org/bb5kbc/site_224_activity"], "http://www.opengis.net/ont/geosparql#hasGeometry": ["http://w3id.org/bb5kbc/site_224_geom"], "http://www.w3.org/1999/02/22-rdf-syntax-ns#type": ["http://w3id.org/bb5kbc/ont/Fundstelle"], "http://www.w3.org/2000/01/rdf-schema#label": ["Sm\u00f3lsk Y/98"], "http://www.w3.org/2004/02/skos/core#prefLabel": ["Sm\u00f3lsk Y/98"]}, "geometry": {"type": "Point", "coordinates": [18.98, 52.6]}}, {"type": "Feature", "id": "http://w3id.org/bb5kbc/site_210", "name": "", "dateprops": [], "properties": {"http://fuzzy-sl.squirrel.link/ontology/certaintyLevel": ["https://fuzzy-sl.wikibase.cloud/entity/Q15"], "http://fuzzy-sl.squirrel.link/ontology/hasLocationType": ["https://fuzzy-sl.wikibase.cloud/entity/Q80"], "http://fuzzy-sl.squirrel.link/ontology/representativeGeometry": ["http://w3id.org/bb5kbc/site_210_geom"], "http://purl.org/dc/terms/identifier": ["210"], "http://rdfs.org/ns/void#inDataset": ["http://w3id.org/bb5kbc/Brandenburg_5000_BC_Data"], "http://w3id.org/bb5kbc/ont/hatFID": ["210"], "http://w3id.org/bb5kbc/ont/hatFundstellenID": ["78"], "http://w3id.org/bb5kbc/ont/hatFundstellenart": ["http://w3id.org/bb5kbc/fundstellenart_376218bc"], "http://w3id.org/bb5kbc/ont/hatGenauigkeit": ["200.0"], "http://w3id.org/bb5kbc/ont/hatKatalognummer": ["15"], "http://w3id.org/bb5kbc/ont/hatKulturelleZuordnung": ["http://w3id.org/bb5kbc/site_210_culture"], "http://w3id.org/bb5kbc/ont/hatPublikation": ["http://w3id.org/bb5kbc/pub_f53d5dd0"], "http://w3id.org/bb5kbc/ont/inGemeinde": ["http://w3id.org/bb5kbc/gemeinde_8d17a3ac"], "http://w3id.org/bb5kbc/ont/wurdeGeoreferenziertDurch": ["http://w3id.org/bb5kbc/site_210_activity"], "http://www.opengis.net/ont/geosparql#hasGeometry": ["http://w3id.org/bb5kbc/site_210_geom"], "http://www.w3.org/1999/02/22-rdf-syntax-ns#type": ["http://w3id.org/bb5kbc/ont/Fundstelle"], "http://www.w3.org/2000/01/rdf-schema#label": ["Brze\u015b\u0107 Kujawski 17"], "http://www.w3.org/2004/02/skos/core#prefLabel": ["Brze\u015b\u0107 Kujawski 17"]}, "geometry": {"type": "Point", "coordinates": [18.9, 52.62]}}, {"type": "Feature", "id": "http://w3id.org/bb5kbc/site_190", "name": "", "dateprops": [], "properties": {"http://fuzzy-sl.squirrel.link/ontology/certaintyLevel": ["https://fuzzy-sl.wikibase.cloud/entity/Q15"], "http://fuzzy-sl.squirrel.link/ontology/hasLocationType": ["https://fuzzy-sl.wikibase.cloud/entity/Q80"], "http://fuzzy-sl.squirrel.link/ontology/representativeGeometry": ["http://w3id.org/bb5kbc/site_190_geom"], "http://purl.org/dc/terms/identifier": ["190"], "http://rdfs.org/ns/void#inDataset": ["http://w3id.org/bb5kbc/Brandenburg_5000_BC_Data"], "http://w3id.org/bb5kbc/ont/hatFID": ["190"], "http://w3id.org/bb5kbc/ont/hatFundstellenID": ["487"], "http://w3id.org/bb5kbc/ont/hatFundstellenart": ["http://w3id.org/bb5kbc/fundstellenart_376218bc"], "http://w3id.org/bb5kbc/ont/hatGenauigkeit": ["200.0"], "http://w3id.org/bb5kbc/ont/hatKatalognummer": ["34"], "http://w3id.org/bb5kbc/ont/hatKulturelleZuordnung": ["http://w3id.org/bb5kbc/site_190_culture"], "http://w3id.org/bb5kbc/ont/hatPublikation": ["http://w3id.org/bb5kbc/pub_f53d5dd0"], "http://w3id.org/bb5kbc/ont/inGemeinde": ["http://w3id.org/bb5kbc/gemeinde_91c3fb1f"], "http://w3id.org/bb5kbc/ont/wurdeGeoreferenziertDurch": ["http://w3id.org/bb5kbc/site_190_activity"], "http://www.opengis.net/ont/geosparql#hasGeometry": ["http://w3id.org/bb5kbc/site_190_geom"], "http://www.w3.org/1999/02/22-rdf-syntax-ns#type": ["http://w3id.org/bb5kbc/ont/Fundstelle"], "http://www.w3.org/2000/01/rdf-schema#label": ["Zagajewice Z/06"], "http://www.w3.org/2004/02/skos/core#prefLabel": ["Zagajewice Z/06"]}, "geometry": {"type": "Point", "coordinates": [18.79, 52.64]}}, {"type": "Feature", "id": "http://w3id.org/bb5kbc/site_232", "name": "", "dateprops": [], "properties": {"http://fuzzy-sl.squirrel.link/ontology/certaintyLevel": ["https://fuzzy-sl.wikibase.cloud/entity/Q15"], "http://fuzzy-sl.squirrel.link/ontology/hasLocationType": ["https://fuzzy-sl.wikibase.cloud/entity/Q80"], "http://fuzzy-sl.squirrel.link/ontology/representativeGeometry": ["http://w3id.org/bb5kbc/site_232_geom"], "http://purl.org/dc/terms/identifier": ["232"], "http://rdfs.org/ns/void#inDataset": ["http://w3id.org/bb5kbc/Brandenburg_5000_BC_Data"], "http://w3id.org/bb5kbc/ont/hatFID": ["232"], "http://w3id.org/bb5kbc/ont/hatFundstellenID": ["124"], "http://w3id.org/bb5kbc/ont/hatFundstellenart": ["http://w3id.org/bb5kbc/fundstellenart_376218bc"], "http://w3id.org/bb5kbc/ont/hatGenauigkeit": ["200.0"], "http://w3id.org/bb5kbc/ont/hatKatalognummer": ["8"], "http://w3id.org/bb5kbc/ont/hatKulturelleZuordnung": ["http://w3id.org/bb5kbc/site_232_culture"], "http://w3id.org/bb5kbc/ont/hatPublikation": ["http://w3id.org/bb5kbc/pub_b7c68a6f"], "http://w3id.org/bb5kbc/ont/inGemeinde": ["http://w3id.org/bb5kbc/gemeinde_4bb6d2e8"], "http://w3id.org/bb5kbc/ont/wurdeGeoreferenziertDurch": ["http://w3id.org/bb5kbc/site_232_activity"], "http://www.opengis.net/ont/geosparql#hasGeometry": ["http://w3id.org/bb5kbc/site_232_geom"], "http://www.w3.org/1999/02/22-rdf-syntax-ns#type": ["http://w3id.org/bb5kbc/ont/Fundstelle"], "http://www.w3.org/2000/01/rdf-schema#label": ["Frankfurt/Oder - Ebertus Str."], "http://www.w3.org/2004/02/skos/core#prefLabel": ["Frankfurt/Oder - Ebertus Str."]}, "geometry": {"type": "Point", "coordinates": [14.54, 52.34]}}, {"type": "Feature", "id": "http://w3id.org/bb5kbc/site_222", "name": "", "dateprops": [], "properties": {"http://fuzzy-sl.squirrel.link/ontology/certaintyLevel": ["https://fuzzy-sl.wikibase.cloud/entity/Q15"], "http://fuzzy-sl.squirrel.link/ontology/hasLocationType": ["https://fuzzy-sl.wikibase.cloud/entity/Q80"], "http://fuzzy-sl.squirrel.link/ontology/representativeGeometry": ["http://w3id.org/bb5kbc/site_222_geom"], "http://purl.org/dc/terms/identifier": ["222"], "http://rdfs.org/ns/void#inDataset": ["http://w3id.org/bb5kbc/Brandenburg_5000_BC_Data"], "http://w3id.org/bb5kbc/ont/hatFID": ["222"], "http://w3id.org/bb5kbc/ont/hatFundstellenID": ["329"], "http://w3id.org/bb5kbc/ont/hatFundstellenart": ["http://w3id.org/bb5kbc/fundstellenart_376218bc"], "http://w3id.org/bb5kbc/ont/hatGenauigkeit": ["200.0"], "http://w3id.org/bb5kbc/ont/hatKatalognummer": ["12"], "http://w3id.org/bb5kbc/ont/hatKulturelleZuordnung": ["http://w3id.org/bb5kbc/site_222_culture"], "http://w3id.org/bb5kbc/ont/hatPublikation": ["http://w3id.org/bb5kbc/pub_f53d5dd0"], "http://w3id.org/bb5kbc/ont/inGemeinde": ["http://w3id.org/bb5kbc/gemeinde_8d17a3ac"], "http://w3id.org/bb5kbc/ont/wurdeGeoreferenziertDurch": ["http://w3id.org/bb5kbc/site_222_activity"], "http://www.opengis.net/ont/geosparql#hasGeometry": ["http://w3id.org/bb5kbc/site_222_geom"], "http://www.w3.org/1999/02/22-rdf-syntax-ns#type": ["http://w3id.org/bb5kbc/ont/Fundstelle"], "http://www.w3.org/2000/01/rdf-schema#label": ["Pikutkowo 88 (motorway)"], "http://www.w3.org/2004/02/skos/core#prefLabel": ["Pikutkowo 88 (motorway)"]}, "geometry": {"type": "Point", "coordinates": [18.97, 52.62]}}, {"type": "Feature", "id": "http://w3id.org/bb5kbc/site_235", "name": "", "dateprops": [], "properties": {"http://fuzzy-sl.squirrel.link/ontology/certaintyLevel": ["https://fuzzy-sl.wikibase.cloud/entity/Q15"], "http://fuzzy-sl.squirrel.link/ontology/hasLocationType": ["https://fuzzy-sl.wikibase.cloud/entity/Q80"], "http://fuzzy-sl.squirrel.link/ontology/representativeGeometry": ["http://w3id.org/bb5kbc/site_235_geom"], "http://purl.org/dc/terms/identifier": ["235"], "http://rdfs.org/ns/void#inDataset": ["http://w3id.org/bb5kbc/Brandenburg_5000_BC_Data"], "http://w3id.org/bb5kbc/ont/hatFID": ["235"], "http://w3id.org/bb5kbc/ont/hatFundstellenID": ["288"], "http://w3id.org/bb5kbc/ont/hatFundstellenart": ["http://w3id.org/bb5kbc/fundstellenart_376218bc"], "http://w3id.org/bb5kbc/ont/hatGenauigkeit": ["100.0"], "http://w3id.org/bb5kbc/ont/hatKulturelleZuordnung": ["http://w3id.org/bb5kbc/site_235_culture"], "http://w3id.org/bb5kbc/ont/hatPublikation": ["http://w3id.org/bb5kbc/pub_7aa848bc"], "http://w3id.org/bb5kbc/ont/inGemeinde": ["http://w3id.org/bb5kbc/gemeinde_b2684065"], "http://w3id.org/bb5kbc/ont/wurdeEntdecktDurch": ["http://w3id.org/bb5kbc/site_235_discovery"], "http://w3id.org/bb5kbc/ont/wurdeGeoreferenziertDurch": ["http://w3id.org/bb5kbc/site_235_activity"], "http://www.opengis.net/ont/geosparql#hasGeometry": ["http://w3id.org/bb5kbc/site_235_geom"], "http://www.w3.org/1999/02/22-rdf-syntax-ns#type": ["http://w3id.org/bb5kbc/ont/Fundstelle"], "http://www.w3.org/2000/01/rdf-schema#label": ["Mierzyn 4"], "http://www.w3.org/2004/02/skos/core#prefLabel": ["Mierzyn 4"]}, "geometry": {"type": "Point", "coordinates": [14.44, 53.42]}}, {"type": "Feature", "id": "http://w3id.org/bb5kbc/site_5", "name": "", "dateprops": [], "properties": {"http://fuzzy-sl.squirrel.link/ontology/certaintyLevel": ["https://fuzzy-sl.wikibase.cloud/entity/Q15"], "http://fuzzy-sl.squirrel.link/ontology/hasLocationType": ["https://fuzzy-sl.wikibase.cloud/entity/Q80"], "http://fuzzy-sl.squirrel.link/ontology/representativeGeometry": ["http://w3id.org/bb5kbc/site_5_geom"], "http://purl.org/dc/terms/identifier": ["5"], "http://rdfs.org/ns/void#inDataset": ["http://w3id.org/bb5kbc/Brandenburg_5000_BC_Data"], "http://w3id.org/bb5kbc/ont/hatFID": ["5"], "http://w3id.org/bb5kbc/ont/hatFundstellenID": ["40"], "http://w3id.org/bb5kbc/ont/hatFundstellenart": ["http://w3id.org/bb5kbc/fundstellenart_376218bc"], "http://w3id.org/bb5kbc/ont/hatGenauigkeit": ["50.0"], "http://w3id.org/bb5kbc/ont/hatKatalognummer": ["139"], "http://w3id.org/bb5kbc/ont/hatKulturelleZuordnung": ["http://w3id.org/bb5kbc/site_5_culture"], "http://w3id.org/bb5kbc/ont/hatPublikation": ["http://w3id.org/bb5kbc/pub_c5110572"], "http://w3id.org/bb5kbc/ont/inGemeinde": ["http://w3id.org/bb5kbc/gemeinde_878496f5"], "http://w3id.org/bb5kbc/ont/wurdeEntdecktDurch": ["http://w3id.org/bb5kbc/site_5_discovery"], "http://w3id.org/bb5kbc/ont/wurdeGeoreferenziertDurch": ["http://w3id.org/bb5kbc/site_5_activity"], "http://www.opengis.net/ont/geosparql#hasGeometry": ["http://w3id.org/bb5kbc/site_5_geom"], "http://www.w3.org/1999/02/22-rdf-syntax-ns#type": ["http://w3id.org/bb5kbc/ont/Fundstelle"], "http://www.w3.org/2000/01/rdf-schema#label": ["Bilzingsleben 9"], "http://www.w3.org/2004/02/skos/core#prefLabel": ["Bilzingsleben 9"]}, "geometry": {"type": "Point", "coordinates": [11.06, 51.29]}}, {"type": "Feature", "id": "http://w3id.org/bb5kbc/site_186", "name": "", "dateprops": [], "properties": {"http://fuzzy-sl.squirrel.link/ontology/certaintyLevel": ["https://fuzzy-sl.wikibase.cloud/entity/Q15"], "http://fuzzy-sl.squirrel.link/ontology/hasLocationType": ["https://fuzzy-sl.wikibase.cloud/entity/Q80"], "http://fuzzy-sl.squirrel.link/ontology/representativeGeometry": ["http://w3id.org/bb5kbc/site_186_geom"], "http://purl.org/dc/terms/identifier": ["186"], "http://rdfs.org/ns/void#inDataset": ["http://w3id.org/bb5kbc/Brandenburg_5000_BC_Data"], "http://w3id.org/bb5kbc/ont/hatFID": ["186"], "http://w3id.org/bb5kbc/ont/hatFundstellenID": ["366"], "http://w3id.org/bb5kbc/ont/hatFundstellenart": ["http://w3id.org/bb5kbc/fundstellenart_376218bc"], "http://w3id.org/bb5kbc/ont/hatGenauigkeit": ["200.0"], "http://w3id.org/bb5kbc/ont/hatKatalognummer": ["39"], "http://w3id.org/bb5kbc/ont/hatKulturelleZuordnung": ["http://w3id.org/bb5kbc/site_186_culture"], "http://w3id.org/bb5kbc/ont/hatPublikation": ["http://w3id.org/bb5kbc/pub_f53d5dd0"], "http://w3id.org/bb5kbc/ont/inGemeinde": ["http://w3id.org/bb5kbc/gemeinde_8d17a3ac"], "http://w3id.org/bb5kbc/ont/wurdeGeoreferenziertDurch": ["http://w3id.org/bb5kbc/site_186_activity"], "http://www.opengis.net/ont/geosparql#hasGeometry": ["http://w3id.org/bb5kbc/site_186_geom"], "http://www.w3.org/1999/02/22-rdf-syntax-ns#type": ["http://w3id.org/bb5kbc/ont/Fundstelle"], "http://www.w3.org/2000/01/rdf-schema#label": ["Redecz Krukowy 20"], "http://www.w3.org/2004/02/skos/core#prefLabel": ["Redecz Krukowy 20"]}, "geometry": {"type": "Point", "coordinates": [18.78, 52.6]}}, {"type": "Feature", "id": "http://w3id.org/bb5kbc/site_11", "name": "", "dateprops": [], "properties": {"http://fuzzy-sl.squirrel.link/ontology/certaintyLevel": ["https://fuzzy-sl.wikibase.cloud/entity/Q15"], "http://fuzzy-sl.squirrel.link/ontology/hasLocationType": ["https://fuzzy-sl.wikibase.cloud/entity/Q80"], "http://fuzzy-sl.squirrel.link/ontology/representativeGeometry": ["http://w3id.org/bb5kbc/site_11_geom"], "http://purl.org/dc/terms/identifier": ["11"], "http://rdfs.org/ns/void#inDataset": ["http://w3id.org/bb5kbc/Brandenburg_5000_BC_Data"], "http://w3id.org/bb5kbc/ont/hatFID": ["11"], "http://w3id.org/bb5kbc/ont/hatFundstellenID": ["320"], "http://w3id.org/bb5kbc/ont/hatFundstellenart": ["http://w3id.org/bb5kbc/fundstellenart_376218bc"], "http://w3id.org/bb5kbc/ont/hatGenauigkeit": ["50.0"], "http://w3id.org/bb5kbc/ont/hatKatalognummer": ["10"], "http://w3id.org/bb5kbc/ont/hatKulturelleZuordnung": ["http://w3id.org/bb5kbc/site_11_culture"], "http://w3id.org/bb5kbc/ont/hatPublikation": ["http://w3id.org/bb5kbc/pub_c5110572"], "http://w3id.org/bb5kbc/ont/inGemeinde": ["http://w3id.org/bb5kbc/gemeinde_00f8780e"], "http://w3id.org/bb5kbc/ont/wurdeEntdecktDurch": ["http://w3id.org/bb5kbc/site_11_discovery"], "http://w3id.org/bb5kbc/ont/wurdeGeoreferenziertDurch": ["http://w3id.org/bb5kbc/site_11_activity"], "http://www.opengis.net/ont/geosparql#hasGeometry": ["http://w3id.org/bb5kbc/site_11_geom"], "http://www.w3.org/1999/02/22-rdf-syntax-ns#type": ["http://w3id.org/bb5kbc/ont/Fundstelle"], "http://www.w3.org/2000/01/rdf-schema#label": ["O\u00dfmanstedt"], "http://www.w3.org/2004/02/skos/core#prefLabel": ["O\u00dfmanstedt"]}, "geometry": {"type": "Point", "coordinates": [11.42, 51.02]}}, {"type": "Feature", "id": "http://w3id.org/bb5kbc/site_89", "name": "", "dateprops": [], "properties": {"http://fuzzy-sl.squirrel.link/ontology/certaintyLevel": ["https://fuzzy-sl.wikibase.cloud/entity/Q15"], "http://fuzzy-sl.squirrel.link/ontology/hasLocationType": ["https://fuzzy-sl.wikibase.cloud/entity/Q80"], "http://fuzzy-sl.squirrel.link/ontology/representativeGeometry": ["http://w3id.org/bb5kbc/site_89_geom"], "http://purl.org/dc/terms/identifier": ["89"], "http://rdfs.org/ns/void#inDataset": ["http://w3id.org/bb5kbc/Brandenburg_5000_BC_Data"], "http://w3id.org/bb5kbc/ont/hatFID": ["89"], "http://w3id.org/bb5kbc/ont/hatFundstellenID": ["446"], "http://w3id.org/bb5kbc/ont/hatFundstellenart": ["http://w3id.org/bb5kbc/fundstellenart_376218bc"], "http://w3id.org/bb5kbc/ont/hatGenauigkeit": ["200.0"], "http://w3id.org/bb5kbc/ont/hatKulturelleZuordnung": ["http://w3id.org/bb5kbc/site_89_culture"], "http://w3id.org/bb5kbc/ont/hatPublikation": ["http://w3id.org/bb5kbc/pub_7f0902ba"], "http://w3id.org/bb5kbc/ont/inGemeinde": ["http://w3id.org/bb5kbc/gemeinde_697fa2ca"], "http://w3id.org/bb5kbc/ont/wurdeEntdecktDurch": ["http://w3id.org/bb5kbc/site_89_discovery"], "http://w3id.org/bb5kbc/ont/wurdeGeoreferenziertDurch": ["http://w3id.org/bb5kbc/site_89_activity"], "http://www.opengis.net/ont/geosparql#hasGeometry": ["http://w3id.org/bb5kbc/site_89_geom"], "http://www.w3.org/1999/02/22-rdf-syntax-ns#type": ["http://w3id.org/bb5kbc/ont/Fundstelle"], "http://www.w3.org/2000/01/rdf-schema#label": ["Uhyst 19"], "http://www.w3.org/2004/02/skos/core#prefLabel": ["Uhyst 19"]}, "geometry": {"type": "Point", "coordinates": [14.53, 51.37]}}, {"type": "Feature", "id": "http://w3id.org/bb5kbc/site_211", "name": "", "dateprops": [], "properties": {"http://fuzzy-sl.squirrel.link/ontology/certaintyLevel": ["https://fuzzy-sl.wikibase.cloud/entity/Q15"], "http://fuzzy-sl.squirrel.link/ontology/hasLocationType": ["https://fuzzy-sl.wikibase.cloud/entity/Q80"], "http://fuzzy-sl.squirrel.link/ontology/representativeGeometry": ["http://w3id.org/bb5kbc/site_211_geom"], "http://purl.org/dc/terms/identifier": ["211"], "http://rdfs.org/ns/void#inDataset": ["http://w3id.org/bb5kbc/Brandenburg_5000_BC_Data"], "http://w3id.org/bb5kbc/ont/hatFID": ["211"], "http://w3id.org/bb5kbc/ont/hatFundstellenID": ["82"], "http://w3id.org/bb5kbc/ont/hatFundstellenart": ["http://w3id.org/bb5kbc/fundstellenart_376218bc"], "http://w3id.org/bb5kbc/ont/hatGenauigkeit": ["200.0"], "http://w3id.org/bb5kbc/ont/hatKatalognummer": ["4"], "http://w3id.org/bb5kbc/ont/hatKulturelleZuordnung": ["http://w3id.org/bb5kbc/site_211_culture"], "http://w3id.org/bb5kbc/ont/hatPublikation": ["http://w3id.org/bb5kbc/pub_f53d5dd0"], "http://w3id.org/bb5kbc/ont/inGemeinde": ["http://w3id.org/bb5kbc/gemeinde_8d17a3ac"], "http://w3id.org/bb5kbc/ont/wurdeGeoreferenziertDurch": ["http://w3id.org/bb5kbc/site_211_activity"], "http://www.opengis.net/ont/geosparql#hasGeometry": ["http://w3id.org/bb5kbc/site_211_geom"], "http://www.w3.org/1999/02/22-rdf-syntax-ns#type": ["http://w3id.org/bb5kbc/ont/Fundstelle"], "http://www.w3.org/2000/01/rdf-schema#label": ["Brze\u015b\u0107 Kujawski 5a"], "http://www.w3.org/2004/02/skos/core#prefLabel": ["Brze\u015b\u0107 Kujawski 5a"]}, "geometry": {"type": "Point", "coordinates": [18.91, 52.61]}}, {"type": "Feature", "id": "http://w3id.org/bb5kbc/site_247", "name": "", "dateprops": [], "properties": {"http://fuzzy-sl.squirrel.link/ontology/certaintyLevel": ["https://fuzzy-sl.wikibase.cloud/entity/Q15"], "http://fuzzy-sl.squirrel.link/ontology/hasLocationType": ["https://fuzzy-sl.wikibase.cloud/entity/Q80"], "http://fuzzy-sl.squirrel.link/ontology/representativeGeometry": ["http://w3id.org/bb5kbc/site_247_geom"], "http://purl.org/dc/terms/identifier": ["247"], "http://rdfs.org/ns/void#inDataset": ["http://w3id.org/bb5kbc/Brandenburg_5000_BC_Data"], "http://w3id.org/bb5kbc/ont/hatFID": ["247"], "http://w3id.org/bb5kbc/ont/hatFundstellenID": ["346"], "http://w3id.org/bb5kbc/ont/hatFundstellenart": ["http://w3id.org/bb5kbc/fundstellenart_376218bc"], "http://w3id.org/bb5kbc/ont/hatGenauigkeit": ["200.0"], "http://w3id.org/bb5kbc/ont/hatKulturelleZuordnung": ["http://w3id.org/bb5kbc/site_247_culture"], "http://w3id.org/bb5kbc/ont/hatPublikation": ["http://w3id.org/bb5kbc/pub_920f260d"], "http://w3id.org/bb5kbc/ont/inGemeinde": ["http://w3id.org/bb5kbc/gemeinde_71d32acb"], "http://w3id.org/bb5kbc/ont/wurdeEntdecktDurch": ["http://w3id.org/bb5kbc/site_247_discovery"], "http://w3id.org/bb5kbc/ont/wurdeGeoreferenziertDurch": ["http://w3id.org/bb5kbc/site_247_activity"], "http://www.opengis.net/ont/geosparql#hasGeometry": ["http://w3id.org/bb5kbc/site_247_geom"], "http://www.w3.org/1999/02/22-rdf-syntax-ns#type": ["http://w3id.org/bb5kbc/ont/Fundstelle"], "http://www.w3.org/2000/01/rdf-schema#label": ["Pozna\u0144 - D\u0119biec 1"], "http://www.w3.org/2004/02/skos/core#prefLabel": ["Pozna\u0144 - D\u0119biec 1"]}, "geometry": {"type": "Point", "coordinates": [16.92, 52.38]}}, {"type": "Feature", "id": "http://w3id.org/bb5kbc/site_199", "name": "", "dateprops": [], "properties": {"http://fuzzy-sl.squirrel.link/ontology/certaintyLevel": ["https://fuzzy-sl.wikibase.cloud/entity/Q15"], "http://fuzzy-sl.squirrel.link/ontology/hasLocationType": ["https://fuzzy-sl.wikibase.cloud/entity/Q80"], "http://fuzzy-sl.squirrel.link/ontology/representativeGeometry": ["http://w3id.org/bb5kbc/site_199_geom"], "http://purl.org/dc/terms/identifier": ["199"], "http://rdfs.org/ns/void#inDataset": ["http://w3id.org/bb5kbc/Brandenburg_5000_BC_Data"], "http://w3id.org/bb5kbc/ont/hatFID": ["199"], "http://w3id.org/bb5kbc/ont/hatFundstellenID": ["317"], "http://w3id.org/bb5kbc/ont/hatFundstellenart": ["http://w3id.org/bb5kbc/fundstellenart_376218bc"], "http://w3id.org/bb5kbc/ont/hatGenauigkeit": ["200.0"], "http://w3id.org/bb5kbc/ont/hatKatalognummer": ["25"], "http://w3id.org/bb5kbc/ont/hatKulturelleZuordnung": ["http://w3id.org/bb5kbc/site_199_culture"], "http://w3id.org/bb5kbc/ont/hatPublikation": ["http://w3id.org/bb5kbc/pub_f53d5dd0"], "http://w3id.org/bb5kbc/ont/inGemeinde": ["http://w3id.org/bb5kbc/gemeinde_91c3fb1f"], "http://w3id.org/bb5kbc/ont/wurdeGeoreferenziertDurch": ["http://w3id.org/bb5kbc/site_199_activity"], "http://www.opengis.net/ont/geosparql#hasGeometry": ["http://w3id.org/bb5kbc/site_199_geom"], "http://www.w3.org/1999/02/22-rdf-syntax-ns#type": ["http://w3id.org/bb5kbc/ont/Fundstelle"], "http://www.w3.org/2000/01/rdf-schema#label": ["Os\u0142onki 1a"], "http://www.w3.org/2004/02/skos/core#prefLabel": ["Os\u0142onki 1a"]}, "geometry": {"type": "Point", "coordinates": [18.81, 52.62]}}, {"type": "Feature", "id": "http://w3id.org/bb5kbc/site_7", "name": "", "dateprops": [], "properties": {"http://fuzzy-sl.squirrel.link/ontology/certaintyLevel": ["https://fuzzy-sl.wikibase.cloud/entity/Q15"], "http://fuzzy-sl.squirrel.link/ontology/hasLocationType": ["https://fuzzy-sl.wikibase.cloud/entity/Q80"], "http://fuzzy-sl.squirrel.link/ontology/representativeGeometry": ["http://w3id.org/bb5kbc/site_7_geom"], "http://purl.org/dc/terms/identifier": ["7"], "http://rdfs.org/ns/void#inDataset": ["http://w3id.org/bb5kbc/Brandenburg_5000_BC_Data"], "http://w3id.org/bb5kbc/ont/hatFID": ["7"], "http://w3id.org/bb5kbc/ont/hatFundstellenID": ["358"], "http://w3id.org/bb5kbc/ont/hatFundstellenart": ["http://w3id.org/bb5kbc/fundstellenart_376218bc"], "http://w3id.org/bb5kbc/ont/hatGenauigkeit": ["50.0"], "http://w3id.org/bb5kbc/ont/hatKatalognummer": ["380"], "http://w3id.org/bb5kbc/ont/hatKulturelleZuordnung": ["http://w3id.org/bb5kbc/site_7_culture"], "http://w3id.org/bb5kbc/ont/hatPublikation": ["http://w3id.org/bb5kbc/pub_c5110572"], "http://w3id.org/bb5kbc/ont/inGemeinde": ["http://w3id.org/bb5kbc/gemeinde_e324c365"], "http://w3id.org/bb5kbc/ont/wurdeEntdecktDurch": ["http://w3id.org/bb5kbc/site_7_discovery"], "http://w3id.org/bb5kbc/ont/wurdeGeoreferenziertDurch": ["http://w3id.org/bb5kbc/site_7_activity"], "http://www.opengis.net/ont/geosparql#hasGeometry": ["http://w3id.org/bb5kbc/site_7_geom"], "http://www.w3.org/1999/02/22-rdf-syntax-ns#type": ["http://w3id.org/bb5kbc/ont/Fundstelle"], "http://www.w3.org/2000/01/rdf-schema#label": ["Quedlinburg 24"], "http://www.w3.org/2004/02/skos/core#prefLabel": ["Quedlinburg 24"]}, "geometry": {"type": "Point", "coordinates": [11.17, 51.81]}}, {"type": "Feature", "id": "http://w3id.org/bb5kbc/site_88", "name": "", "dateprops": [], "properties": {"http://fuzzy-sl.squirrel.link/ontology/certaintyLevel": ["https://fuzzy-sl.wikibase.cloud/entity/Q15"], "http://fuzzy-sl.squirrel.link/ontology/hasLocationType": ["https://fuzzy-sl.wikibase.cloud/entity/Q80"], "http://fuzzy-sl.squirrel.link/ontology/representativeGeometry": ["http://w3id.org/bb5kbc/site_88_geom"], "http://purl.org/dc/terms/identifier": ["88"], "http://rdfs.org/ns/void#inDataset": ["http://w3id.org/bb5kbc/Brandenburg_5000_BC_Data"], "http://w3id.org/bb5kbc/ont/hatFID": ["88"], "http://w3id.org/bb5kbc/ont/hatFundstellenID": ["445"], "http://w3id.org/bb5kbc/ont/hatFundstellenart": ["http://w3id.org/bb5kbc/fundstellenart_376218bc"], "http://w3id.org/bb5kbc/ont/hatGenauigkeit": ["200.0"], "http://w3id.org/bb5kbc/ont/hatKulturelleZuordnung": ["http://w3id.org/bb5kbc/site_88_culture"], "http://w3id.org/bb5kbc/ont/hatPublikation": ["http://w3id.org/bb5kbc/pub_7f0902ba"], "http://w3id.org/bb5kbc/ont/inGemeinde": ["http://w3id.org/bb5kbc/gemeinde_697fa2ca"], "http://w3id.org/bb5kbc/ont/wurdeEntdecktDurch": ["http://w3id.org/bb5kbc/site_88_discovery"], "http://w3id.org/bb5kbc/ont/wurdeGeoreferenziertDurch": ["http://w3id.org/bb5kbc/site_88_activity"], "http://www.opengis.net/ont/geosparql#hasGeometry": ["http://w3id.org/bb5kbc/site_88_geom"], "http://www.w3.org/1999/02/22-rdf-syntax-ns#type": ["http://w3id.org/bb5kbc/ont/Fundstelle"], "http://www.w3.org/2000/01/rdf-schema#label": ["Uhyst 13"], "http://www.w3.org/2004/02/skos/core#prefLabel": ["Uhyst 13"]}, "geometry": {"type": "Point", "coordinates": [14.53, 51.37]}}, {"type": "Feature", "id": "http://w3id.org/bb5kbc/site_193", "name": "", "dateprops": [], "properties": {"http://fuzzy-sl.squirrel.link/ontology/certaintyLevel": ["https://fuzzy-sl.wikibase.cloud/entity/Q15"], "http://fuzzy-sl.squirrel.link/ontology/hasLocationType": ["https://fuzzy-sl.wikibase.cloud/entity/Q80"], "http://fuzzy-sl.squirrel.link/ontology/representativeGeometry": ["http://w3id.org/bb5kbc/site_193_geom"], "http://purl.org/dc/terms/identifier": ["193"], "http://rdfs.org/ns/void#inDataset": ["http://w3id.org/bb5kbc/Brandenburg_5000_BC_Data"], "http://w3id.org/bb5kbc/ont/hatFID": ["193"], "http://w3id.org/bb5kbc/ont/hatFundstellenID": ["257"], "http://w3id.org/bb5kbc/ont/hatFundstellenart": ["http://w3id.org/bb5kbc/fundstellenart_376218bc"], "http://w3id.org/bb5kbc/ont/hatGenauigkeit": ["200.0"], "http://w3id.org/bb5kbc/ont/hatKatalognummer": ["31"], "http://w3id.org/bb5kbc/ont/hatKulturelleZuordnung": ["http://w3id.org/bb5kbc/site_193_culture"], "http://w3id.org/bb5kbc/ont/hatPublikation": ["http://w3id.org/bb5kbc/pub_f53d5dd0"], "http://w3id.org/bb5kbc/ont/inGemeinde": ["http://w3id.org/bb5kbc/gemeinde_91c3fb1f"], "http://w3id.org/bb5kbc/ont/wurdeGeoreferenziertDurch": ["http://w3id.org/bb5kbc/site_193_activity"], "http://www.opengis.net/ont/geosparql#hasGeometry": ["http://w3id.org/bb5kbc/site_193_geom"], "http://www.w3.org/1999/02/22-rdf-syntax-ns#type": ["http://w3id.org/bb5kbc/ont/Fundstelle"], "http://www.w3.org/2000/01/rdf-schema#label": ["Lekarzewice 97/91"], "http://www.w3.org/2004/02/skos/core#prefLabel": ["Lekarzewice 97/91"]}, "geometry": {"type": "Point", "coordinates": [18.8, 52.63]}}, {"type": "Feature", "id": "http://w3id.org/bb5kbc/site_187", "name": "", "dateprops": [], "properties": {"http://fuzzy-sl.squirrel.link/ontology/certaintyLevel": ["https://fuzzy-sl.wikibase.cloud/entity/Q15"], "http://fuzzy-sl.squirrel.link/ontology/hasLocationType": ["https://fuzzy-sl.wikibase.cloud/entity/Q80"], "http://fuzzy-sl.squirrel.link/ontology/representativeGeometry": ["http://w3id.org/bb5kbc/site_187_geom"], "http://purl.org/dc/terms/identifier": ["187"], "http://rdfs.org/ns/void#inDataset": ["http://w3id.org/bb5kbc/Brandenburg_5000_BC_Data"], "http://w3id.org/bb5kbc/ont/hatFID": ["187"], "http://w3id.org/bb5kbc/ont/hatFundstellenID": ["367"], "http://w3id.org/bb5kbc/ont/hatFundstellenart": ["http://w3id.org/bb5kbc/fundstellenart_376218bc"], "http://w3id.org/bb5kbc/ont/hatGenauigkeit": ["200.0"], "http://w3id.org/bb5kbc/ont/hatKatalognummer": ["40"], "http://w3id.org/bb5kbc/ont/hatKulturelleZuordnung": ["http://w3id.org/bb5kbc/site_187_culture"], "http://w3id.org/bb5kbc/ont/hatPublikation": ["http://w3id.org/bb5kbc/pub_f53d5dd0"], "http://w3id.org/bb5kbc/ont/inGemeinde": ["http://w3id.org/bb5kbc/gemeinde_8d17a3ac"], "http://w3id.org/bb5kbc/ont/wurdeGeoreferenziertDurch": ["http://w3id.org/bb5kbc/site_187_activity"], "http://www.opengis.net/ont/geosparql#hasGeometry": ["http://w3id.org/bb5kbc/site_187_geom"], "http://www.w3.org/1999/02/22-rdf-syntax-ns#type": ["http://w3id.org/bb5kbc/ont/Fundstelle"], "http://www.w3.org/2000/01/rdf-schema#label": ["Redecz Krukowy XX/03"], "http://www.w3.org/2004/02/skos/core#prefLabel": ["Redecz Krukowy XX/03"]}, "geometry": {"type": "Point", "coordinates": [18.78, 52.59]}}, {"type": "Feature", "id": "http://w3id.org/bb5kbc/site_551", "name": "", "dateprops": [], "properties": {"http://fuzzy-sl.squirrel.link/ontology/certaintyLevel": ["https://fuzzy-sl.wikibase.cloud/entity/Q15"], "http://fuzzy-sl.squirrel.link/ontology/hasLocationType": ["https://fuzzy-sl.wikibase.cloud/entity/Q80"], "http://fuzzy-sl.squirrel.link/ontology/representativeGeometry": ["http://w3id.org/bb5kbc/site_551_geom"], "http://purl.org/dc/terms/identifier": ["551"], "http://rdfs.org/ns/void#inDataset": ["http://w3id.org/bb5kbc/Brandenburg_5000_BC_Data"], "http://w3id.org/bb5kbc/ont/hatFID": ["551"], "http://w3id.org/bb5kbc/ont/hatFundstellenID": ["445"], "http://w3id.org/bb5kbc/ont/hatFundstellenart": ["http://w3id.org/bb5kbc/fundstellenart_376218bc"], "http://w3id.org/bb5kbc/ont/hatGenauigkeit": ["200.0"], "http://w3id.org/bb5kbc/ont/hatKulturelleZuordnung": ["http://w3id.org/bb5kbc/site_551_culture"], "http://w3id.org/bb5kbc/ont/hatPublikation": ["http://w3id.org/bb5kbc/pub_7f0902ba"], "http://w3id.org/bb5kbc/ont/inGemeinde": ["http://w3id.org/bb5kbc/gemeinde_697fa2ca"], "http://w3id.org/bb5kbc/ont/wurdeEntdecktDurch": ["http://w3id.org/bb5kbc/site_551_discovery"], "http://w3id.org/bb5kbc/ont/wurdeGeoreferenziertDurch": ["http://w3id.org/bb5kbc/site_551_activity"], "http://www.opengis.net/ont/geosparql#hasGeometry": ["http://w3id.org/bb5kbc/site_551_geom"], "http://www.w3.org/1999/02/22-rdf-syntax-ns#type": ["http://w3id.org/bb5kbc/ont/Fundstelle"], "http://www.w3.org/2000/01/rdf-schema#label": ["Uhyst 13"], "http://www.w3.org/2004/02/skos/core#prefLabel": ["Uhyst 13"]}, "geometry": {"type": "Point", "coordinates": [14.53, 51.37]}}, {"type": "Feature", "id": "http://w3id.org/bb5kbc/site_4", "name": "", "dateprops": [], "properties": {"http://fuzzy-sl.squirrel.link/ontology/certaintyLevel": ["https://fuzzy-sl.wikibase.cloud/entity/Q15"], "http://fuzzy-sl.squirrel.link/ontology/hasLocationType": ["https://fuzzy-sl.wikibase.cloud/entity/Q80"], "http://fuzzy-sl.squirrel.link/ontology/representativeGeometry": ["http://w3id.org/bb5kbc/site_4_geom"], "http://purl.org/dc/terms/identifier": ["4"], "http://rdfs.org/ns/void#inDataset": ["http://w3id.org/bb5kbc/Brandenburg_5000_BC_Data"], "http://w3id.org/bb5kbc/ont/hatFID": ["4"], "http://w3id.org/bb5kbc/ont/hatFundstellenID": ["179"], "http://w3id.org/bb5kbc/ont/hatFundstellenart": ["http://w3id.org/bb5kbc/fundstellenart_376218bc"], "http://w3id.org/bb5kbc/ont/hatGenauigkeit": ["100.0"], "http://w3id.org/bb5kbc/ont/hatKatalognummer": ["463"], "http://w3id.org/bb5kbc/ont/hatKulturelleZuordnung": ["http://w3id.org/bb5kbc/site_4_culture"], "http://w3id.org/bb5kbc/ont/hatPublikation": ["http://w3id.org/bb5kbc/pub_c5110572"], "http://w3id.org/bb5kbc/ont/inGemeinde": ["http://w3id.org/bb5kbc/gemeinde_feba34e4"], "http://w3id.org/bb5kbc/ont/wurdeEntdecktDurch": ["http://w3id.org/bb5kbc/site_4_discovery"], "http://w3id.org/bb5kbc/ont/wurdeGeoreferenziertDurch": ["http://w3id.org/bb5kbc/site_4_activity"], "http://www.opengis.net/ont/geosparql#hasGeometry": ["http://w3id.org/bb5kbc/site_4_geom"], "http://www.w3.org/1999/02/22-rdf-syntax-ns#type": ["http://w3id.org/bb5kbc/ont/Fundstelle"], "http://www.w3.org/2000/01/rdf-schema#label": ["Halberstadt 2"], "http://www.w3.org/2004/02/skos/core#prefLabel": ["Halberstadt 2"]}, "geometry": {"type": "Point", "coordinates": [11.06, 51.87]}}, {"type": "Feature", "id": "http://w3id.org/bb5kbc/site_225", "name": "", "dateprops": [], "properties": {"http://fuzzy-sl.squirrel.link/ontology/certaintyLevel": ["https://fuzzy-sl.wikibase.cloud/entity/Q15"], "http://fuzzy-sl.squirrel.link/ontology/hasLocationType": ["https://fuzzy-sl.wikibase.cloud/entity/Q80"], "http://fuzzy-sl.squirrel.link/ontology/representativeGeometry": ["http://w3id.org/bb5kbc/site_225_geom"], "http://purl.org/dc/terms/identifier": ["225"], "http://rdfs.org/ns/void#inDataset": ["http://w3id.org/bb5kbc/Brandenburg_5000_BC_Data"], "http://w3id.org/bb5kbc/ont/hatFID": ["225"], "http://w3id.org/bb5kbc/ont/hatFundstellenID": ["411"], "http://w3id.org/bb5kbc/ont/hatFundstellenart": ["http://w3id.org/bb5kbc/fundstellenart_376218bc"], "http://w3id.org/bb5kbc/ont/hatGenauigkeit": ["200.0"], "http://w3id.org/bb5kbc/ont/hatKatalognummer": ["9"], "http://w3id.org/bb5kbc/ont/hatKulturelleZuordnung": ["http://w3id.org/bb5kbc/site_225_culture"], "http://w3id.org/bb5kbc/ont/hatPublikation": ["http://w3id.org/bb5kbc/pub_f53d5dd0"], "http://w3id.org/bb5kbc/ont/inGemeinde": ["http://w3id.org/bb5kbc/gemeinde_0376cd79"], "http://w3id.org/bb5kbc/ont/wurdeGeoreferenziertDurch": ["http://w3id.org/bb5kbc/site_225_activity"], "http://www.opengis.net/ont/geosparql#hasGeometry": ["http://w3id.org/bb5kbc/site_225_geom"], "http://www.w3.org/1999/02/22-rdf-syntax-ns#type": ["http://w3id.org/bb5kbc/ont/Fundstelle"], "http://www.w3.org/2000/01/rdf-schema#label": ["Sm\u00f3lsk 4"], "http://www.w3.org/2004/02/skos/core#prefLabel": ["Sm\u00f3lsk 4"]}, "geometry": {"type": "Point", "coordinates": [18.98, 52.6]}}, {"type": "Feature", "id": "http://w3id.org/bb5kbc/site_194", "name": "", "dateprops": [], "properties": {"http://fuzzy-sl.squirrel.link/ontology/certaintyLevel": ["https://fuzzy-sl.wikibase.cloud/entity/Q15"], "http://fuzzy-sl.squirrel.link/ontology/hasLocationType": ["https://fuzzy-sl.wikibase.cloud/entity/Q80"], "http://fuzzy-sl.squirrel.link/ontology/representativeGeometry": ["http://w3id.org/bb5kbc/site_194_geom"], "http://purl.org/dc/terms/identifier": ["194"], "http://rdfs.org/ns/void#inDataset": ["http://w3id.org/bb5kbc/Brandenburg_5000_BC_Data"], "http://w3id.org/bb5kbc/ont/hatFID": ["194"], "http://w3id.org/bb5kbc/ont/hatFundstellenID": ["229"], "http://w3id.org/bb5kbc/ont/hatFundstellenart": ["http://w3id.org/bb5kbc/fundstellenart_376218bc"], "http://w3id.org/bb5kbc/ont/hatGenauigkeit": ["200.0"], "http://w3id.org/bb5kbc/ont/hatKatalognummer": ["30"], "http://w3id.org/bb5kbc/ont/hatKulturelleZuordnung": ["http://w3id.org/bb5kbc/site_194_culture"], "http://w3id.org/bb5kbc/ont/hatPublikation": ["http://w3id.org/bb5kbc/pub_f53d5dd0"], "http://w3id.org/bb5kbc/ont/inGemeinde": ["http://w3id.org/bb5kbc/gemeinde_91c3fb1f"], "http://w3id.org/bb5kbc/ont/wurdeGeoreferenziertDurch": ["http://w3id.org/bb5kbc/site_194_activity"], "http://www.opengis.net/ont/geosparql#hasGeometry": ["http://w3id.org/bb5kbc/site_194_geom"], "http://www.w3.org/1999/02/22-rdf-syntax-ns#type": ["http://w3id.org/bb5kbc/ont/Fundstelle"], "http://www.w3.org/2000/01/rdf-schema#label": ["Konary R/91"], "http://www.w3.org/2004/02/skos/core#prefLabel": ["Konary R/91"]}, "geometry": {"type": "Point", "coordinates": [18.8, 52.63]}}, {"type": "Feature", "id": "http://w3id.org/bb5kbc/site_152", "name": "", "dateprops": [], "properties": {"http://fuzzy-sl.squirrel.link/ontology/certaintyLevel": ["https://fuzzy-sl.wikibase.cloud/entity/Q15"], "http://fuzzy-sl.squirrel.link/ontology/hasLocationType": ["https://fuzzy-sl.wikibase.cloud/entity/Q80"], "http://fuzzy-sl.squirrel.link/ontology/representativeGeometry": ["http://w3id.org/bb5kbc/site_152_geom"], "http://purl.org/dc/terms/identifier": ["152"], "http://rdfs.org/ns/void#inDataset": ["http://w3id.org/bb5kbc/Brandenburg_5000_BC_Data"], "http://w3id.org/bb5kbc/ont/hatFID": ["152"], "http://w3id.org/bb5kbc/ont/hatFundstellenID": ["362"], "http://w3id.org/bb5kbc/ont/hatFundstellenart": ["http://w3id.org/bb5kbc/fundstellenart_1972902b"], "http://w3id.org/bb5kbc/ont/hatGenauigkeit": ["50.0"], "http://w3id.org/bb5kbc/ont/hatKulturelleZuordnung": ["http://w3id.org/bb5kbc/site_152_culture"], "http://w3id.org/bb5kbc/ont/hatPublikation": ["http://w3id.org/bb5kbc/pub_b505d72d"], "http://w3id.org/bb5kbc/ont/inGemeinde": ["http://w3id.org/bb5kbc/gemeinde_3fac05a9"], "http://w3id.org/bb5kbc/ont/wurdeEntdecktDurch": ["http://w3id.org/bb5kbc/site_152_discovery"], "http://w3id.org/bb5kbc/ont/wurdeGeoreferenziertDurch": ["http://w3id.org/bb5kbc/site_152_activity"], "http://www.opengis.net/ont/geosparql#hasGeometry": ["http://w3id.org/bb5kbc/site_152_geom"], "http://www.w3.org/1999/02/22-rdf-syntax-ns#type": ["http://w3id.org/bb5kbc/ont/Fundstelle"], "http://www.w3.org/2000/01/rdf-schema#label": ["Racot 18"], "http://www.w3.org/2004/02/skos/core#prefLabel": ["Racot 18"]}, "geometry": {"type": "Point", "coordinates": [16.72, 52.07]}}, {"type": "Feature", "id": "http://w3id.org/bb5kbc/site_13", "name": "", "dateprops": [], "properties": {"http://fuzzy-sl.squirrel.link/ontology/certaintyLevel": ["https://fuzzy-sl.wikibase.cloud/entity/Q15"], "http://fuzzy-sl.squirrel.link/ontology/hasLocationType": ["https://fuzzy-sl.wikibase.cloud/entity/Q80"], "http://fuzzy-sl.squirrel.link/ontology/representativeGeometry": ["http://w3id.org/bb5kbc/site_13_geom"], "http://purl.org/dc/terms/identifier": ["13"], "http://rdfs.org/ns/void#inDataset": ["http://w3id.org/bb5kbc/Brandenburg_5000_BC_Data"], "http://w3id.org/bb5kbc/ont/hatFID": ["13"], "http://w3id.org/bb5kbc/ont/hatFundstellenID": ["261"], "http://w3id.org/bb5kbc/ont/hatFundstellenart": ["http://w3id.org/bb5kbc/fundstellenart_376218bc"], "http://w3id.org/bb5kbc/ont/hatGenauigkeit": ["250.0"], "http://w3id.org/bb5kbc/ont/hatKatalognummer": ["506"], "http://w3id.org/bb5kbc/ont/hatKulturelleZuordnung": ["http://w3id.org/bb5kbc/site_13_culture"], "http://w3id.org/bb5kbc/ont/hatPublikation": ["http://w3id.org/bb5kbc/pub_c5110572"], "http://w3id.org/bb5kbc/ont/inGemeinde": ["http://w3id.org/bb5kbc/gemeinde_d21ba2df"], "http://w3id.org/bb5kbc/ont/wurdeEntdecktDurch": ["http://w3id.org/bb5kbc/site_13_discovery"], "http://w3id.org/bb5kbc/ont/wurdeGeoreferenziertDurch": ["http://w3id.org/bb5kbc/site_13_activity"], "http://www.opengis.net/ont/geosparql#hasGeometry": ["http://w3id.org/bb5kbc/site_13_geom"], "http://www.w3.org/1999/02/22-rdf-syntax-ns#type": ["http://w3id.org/bb5kbc/ont/Fundstelle"], "http://www.w3.org/2000/01/rdf-schema#label": ["L\u00f6derburg"], "http://www.w3.org/2004/02/skos/core#prefLabel": ["L\u00f6derburg"]}, "geometry": {"type": "Point", "coordinates": [11.54, 51.88]}}, {"type": "Feature", "id": "http://w3id.org/bb5kbc/site_203", "name": "", "dateprops": [], "properties": {"http://fuzzy-sl.squirrel.link/ontology/certaintyLevel": ["https://fuzzy-sl.wikibase.cloud/entity/Q15"], "http://fuzzy-sl.squirrel.link/ontology/hasLocationType": ["https://fuzzy-sl.wikibase.cloud/entity/Q80"], "http://fuzzy-sl.squirrel.link/ontology/representativeGeometry": ["http://w3id.org/bb5kbc/site_203_geom"], "http://purl.org/dc/terms/identifier": ["203"], "http://rdfs.org/ns/void#inDataset": ["http://w3id.org/bb5kbc/Brandenburg_5000_BC_Data"], "http://w3id.org/bb5kbc/ont/hatFID": ["203"], "http://w3id.org/bb5kbc/ont/hatFundstellenID": ["285"], "http://w3id.org/bb5kbc/ont/hatFundstellenart": ["http://w3id.org/bb5kbc/fundstellenart_376218bc"], "http://w3id.org/bb5kbc/ont/hatGenauigkeit": ["200.0"], "http://w3id.org/bb5kbc/ont/hatKatalognummer": ["21"], "http://w3id.org/bb5kbc/ont/hatKulturelleZuordnung": ["http://w3id.org/bb5kbc/site_203_culture"], "http://w3id.org/bb5kbc/ont/hatPublikation": ["http://w3id.org/bb5kbc/pub_f53d5dd0"], "http://w3id.org/bb5kbc/ont/inGemeinde": ["http://w3id.org/bb5kbc/gemeinde_8d17a3ac"], "http://w3id.org/bb5kbc/ont/wurdeGeoreferenziertDurch": ["http://w3id.org/bb5kbc/site_203_activity"], "http://www.opengis.net/ont/geosparql#hasGeometry": ["http://w3id.org/bb5kbc/site_203_geom"], "http://www.w3.org/1999/02/22-rdf-syntax-ns#type": ["http://w3id.org/bb5kbc/ont/Fundstelle"], "http://www.w3.org/2000/01/rdf-schema#label": ["Miechowice B/98"], "http://www.w3.org/2004/02/skos/core#prefLabel": ["Miechowice B/98"]}, "geometry": {"type": "Point", "coordinates": [18.82, 52.62]}}, {"type": "Feature", "id": "http://w3id.org/bb5kbc/site_216", "name": "", "dateprops": [], "properties": {"http://fuzzy-sl.squirrel.link/ontology/certaintyLevel": ["https://fuzzy-sl.wikibase.cloud/entity/Q15"], "http://fuzzy-sl.squirrel.link/ontology/hasLocationType": ["https://fuzzy-sl.wikibase.cloud/entity/Q80"], "http://fuzzy-sl.squirrel.link/ontology/representativeGeometry": ["http://w3id.org/bb5kbc/site_216_geom"], "http://purl.org/dc/terms/identifier": ["216"], "http://rdfs.org/ns/void#inDataset": ["http://w3id.org/bb5kbc/Brandenburg_5000_BC_Data"], "http://w3id.org/bb5kbc/ont/hatFID": ["216"], "http://w3id.org/bb5kbc/ont/hatFundstellenID": ["79"], "http://w3id.org/bb5kbc/ont/hatFundstellenart": ["http://w3id.org/bb5kbc/fundstellenart_376218bc"], "http://w3id.org/bb5kbc/ont/hatGenauigkeit": ["200.0"], "http://w3id.org/bb5kbc/ont/hatKatalognummer": ["1"], "http://w3id.org/bb5kbc/ont/hatKulturelleZuordnung": ["http://w3id.org/bb5kbc/site_216_culture"], "http://w3id.org/bb5kbc/ont/hatPublikation": ["http://w3id.org/bb5kbc/pub_f53d5dd0"], "http://w3id.org/bb5kbc/ont/inGemeinde": ["http://w3id.org/bb5kbc/gemeinde_8d17a3ac"], "http://w3id.org/bb5kbc/ont/wurdeEntdecktDurch": ["http://w3id.org/bb5kbc/site_216_discovery"], "http://w3id.org/bb5kbc/ont/wurdeGeoreferenziertDurch": ["http://w3id.org/bb5kbc/site_216_activity"], "http://www.opengis.net/ont/geosparql#hasGeometry": ["http://w3id.org/bb5kbc/site_216_geom"], "http://www.w3.org/1999/02/22-rdf-syntax-ns#type": ["http://w3id.org/bb5kbc/ont/Fundstelle"], "http://www.w3.org/2000/01/rdf-schema#label": ["Brze\u015b\u0107 Kujawski 3"], "http://www.w3.org/2004/02/skos/core#prefLabel": ["Brze\u015b\u0107 Kujawski 3"]}, "geometry": {"type": "Point", "coordinates": [18.92, 52.61]}}, {"type": "Feature", "id": "http://w3id.org/bb5kbc/site_242", "name": "", "dateprops": [], "properties": {"http://fuzzy-sl.squirrel.link/ontology/certaintyLevel": ["https://fuzzy-sl.wikibase.cloud/entity/Q15"], "http://fuzzy-sl.squirrel.link/ontology/hasLocationType": ["https://fuzzy-sl.wikibase.cloud/entity/Q80"], "http://fuzzy-sl.squirrel.link/ontology/representativeGeometry": ["http://w3id.org/bb5kbc/site_242_geom"], "http://purl.org/dc/terms/identifier": ["242"], "http://rdfs.org/ns/void#inDataset": ["http://w3id.org/bb5kbc/Brandenburg_5000_BC_Data"], "http://w3id.org/bb5kbc/ont/hatFID": ["242"], "http://w3id.org/bb5kbc/ont/hatFundstellenID": ["377"], "http://w3id.org/bb5kbc/ont/hatFundstellenart": ["http://w3id.org/bb5kbc/fundstellenart_376218bc"], "http://w3id.org/bb5kbc/ont/hatGenauigkeit": ["50.0"], "http://w3id.org/bb5kbc/ont/hatKatalognummer": ["4"], "http://w3id.org/bb5kbc/ont/hatKulturelleZuordnung": ["http://w3id.org/bb5kbc/site_242_culture"], "http://w3id.org/bb5kbc/ont/hatPublikation": ["http://w3id.org/bb5kbc/pub_72ab46f0"], "http://w3id.org/bb5kbc/ont/inGemeinde": ["http://w3id.org/bb5kbc/gemeinde_07d65af2"], "http://w3id.org/bb5kbc/ont/wurdeEntdecktDurch": ["http://w3id.org/bb5kbc/site_242_discovery"], "http://w3id.org/bb5kbc/ont/wurdeGeoreferenziertDurch": ["http://w3id.org/bb5kbc/site_242_activity"], "http://www.opengis.net/ont/geosparql#hasGeometry": ["http://w3id.org/bb5kbc/site_242_geom"], "http://www.w3.org/1999/02/22-rdf-syntax-ns#type": ["http://w3id.org/bb5kbc/ont/Fundstelle"], "http://www.w3.org/2000/01/rdf-schema#label": ["R\u00f3wnina Dolna III"], "http://www.w3.org/2004/02/skos/core#prefLabel": ["R\u00f3wnina Dolna III"]}, "geometry": {"type": "Point", "coordinates": [21.23, 54.19]}}, {"type": "Feature", "id": "http://w3id.org/bb5kbc/site_189", "name": "", "dateprops": [], "properties": {"http://fuzzy-sl.squirrel.link/ontology/certaintyLevel": ["https://fuzzy-sl.wikibase.cloud/entity/Q15"], "http://fuzzy-sl.squirrel.link/ontology/hasLocationType": ["https://fuzzy-sl.wikibase.cloud/entity/Q80"], "http://fuzzy-sl.squirrel.link/ontology/representativeGeometry": ["http://w3id.org/bb5kbc/site_189_geom"], "http://purl.org/dc/terms/identifier": ["189"], "http://rdfs.org/ns/void#inDataset": ["http://w3id.org/bb5kbc/Brandenburg_5000_BC_Data"], "http://w3id.org/bb5kbc/ont/hatFID": ["189"], "http://w3id.org/bb5kbc/ont/hatFundstellenID": ["486"], "http://w3id.org/bb5kbc/ont/hatFundstellenart": ["http://w3id.org/bb5kbc/fundstellenart_376218bc"], "http://w3id.org/bb5kbc/ont/hatGenauigkeit": ["200.0"], "http://w3id.org/bb5kbc/ont/hatKatalognummer": ["35"], "http://w3id.org/bb5kbc/ont/hatKulturelleZuordnung": ["http://w3id.org/bb5kbc/site_189_culture"], "http://w3id.org/bb5kbc/ont/hatPublikation": ["http://w3id.org/bb5kbc/pub_f53d5dd0"], "http://w3id.org/bb5kbc/ont/inGemeinde": ["http://w3id.org/bb5kbc/gemeinde_91c3fb1f"], "http://w3id.org/bb5kbc/ont/wurdeGeoreferenziertDurch": ["http://w3id.org/bb5kbc/site_189_activity"], "http://www.opengis.net/ont/geosparql#hasGeometry": ["http://w3id.org/bb5kbc/site_189_geom"], "http://www.w3.org/1999/02/22-rdf-syntax-ns#type": ["http://w3id.org/bb5kbc/ont/Fundstelle"], "http://www.w3.org/2000/01/rdf-schema#label": ["Zagajewice A1/91"], "http://www.w3.org/2004/02/skos/core#prefLabel": ["Zagajewice A1/91"]}, "geometry": {"type": "Point", "coordinates": [18.78, 52.64]}}, {"type": "Feature", "id": "http://w3id.org/bb5kbc/site_24", "name": "", "dateprops": [], "properties": {"http://fuzzy-sl.squirrel.link/ontology/certaintyLevel": ["https://fuzzy-sl.wikibase.cloud/entity/Q15"], "http://fuzzy-sl.squirrel.link/ontology/hasLocationType": ["https://fuzzy-sl.wikibase.cloud/entity/Q80"], "http://fuzzy-sl.squirrel.link/ontology/representativeGeometry": ["http://w3id.org/bb5kbc/site_24_geom"], "http://purl.org/dc/terms/identifier": ["24"], "http://rdfs.org/ns/void#inDataset": ["http://w3id.org/bb5kbc/Brandenburg_5000_BC_Data"], "http://w3id.org/bb5kbc/ont/hatFID": ["24"], "http://w3id.org/bb5kbc/ont/hatFundstellenID": ["233"], "http://w3id.org/bb5kbc/ont/hatFundstellenart": ["http://w3id.org/bb5kbc/fundstellenart_376218bc"], "http://w3id.org/bb5kbc/ont/hatGenauigkeit": ["50.0"], "http://w3id.org/bb5kbc/ont/hatKatalognummer": ["294"], "http://w3id.org/bb5kbc/ont/hatKulturelleZuordnung": ["http://w3id.org/bb5kbc/site_24_culture"], "http://w3id.org/bb5kbc/ont/hatPublikation": ["http://w3id.org/bb5kbc/pub_c5110572"], "http://w3id.org/bb5kbc/ont/inGemeinde": ["http://w3id.org/bb5kbc/gemeinde_bcb69aa3"], "http://w3id.org/bb5kbc/ont/wurdeEntdecktDurch": ["http://w3id.org/bb5kbc/site_24_discovery"], "http://w3id.org/bb5kbc/ont/wurdeGeoreferenziertDurch": ["http://w3id.org/bb5kbc/site_24_activity"], "http://www.opengis.net/ont/geosparql#hasGeometry": ["http://w3id.org/bb5kbc/site_24_geom"], "http://www.w3.org/1999/02/22-rdf-syntax-ns#type": ["http://w3id.org/bb5kbc/ont/Fundstelle"], "http://www.w3.org/2000/01/rdf-schema#label": ["Korbetha 4"], "http://www.w3.org/2004/02/skos/core#prefLabel": ["Korbetha 4"]}, "geometry": {"type": "Point", "coordinates": [11.97, 51.4]}}, {"type": "Feature", "id": "http://w3id.org/bb5kbc/site_14", "name": "", "dateprops": [], "properties": {"http://fuzzy-sl.squirrel.link/ontology/certaintyLevel": ["https://fuzzy-sl.wikibase.cloud/entity/Q15"], "http://fuzzy-sl.squirrel.link/ontology/hasLocationType": ["https://fuzzy-sl.wikibase.cloud/entity/Q80"], "http://fuzzy-sl.squirrel.link/ontology/representativeGeometry": ["http://w3id.org/bb5kbc/site_14_geom"], "http://purl.org/dc/terms/identifier": ["14"], "http://rdfs.org/ns/void#inDataset": ["http://w3id.org/bb5kbc/Brandenburg_5000_BC_Data"], "http://w3id.org/bb5kbc/ont/hatFID": ["14"], "http://w3id.org/bb5kbc/ont/hatFundstellenID": ["182"], "http://w3id.org/bb5kbc/ont/hatFundstellenart": ["http://w3id.org/bb5kbc/fundstellenart_376218bc"], "http://w3id.org/bb5kbc/ont/hatGenauigkeit": ["50.0"], "http://w3id.org/bb5kbc/ont/hatKatalognummer": ["220"], "http://w3id.org/bb5kbc/ont/hatKulturelleZuordnung": ["http://w3id.org/bb5kbc/site_14_culture"], "http://w3id.org/bb5kbc/ont/hatPublikation": ["http://w3id.org/bb5kbc/pub_c5110572"], "http://w3id.org/bb5kbc/ont/inGemeinde": ["http://w3id.org/bb5kbc/gemeinde_ab70e834"], "http://w3id.org/bb5kbc/ont/wurdeEntdecktDurch": ["http://w3id.org/bb5kbc/site_14_discovery"], "http://w3id.org/bb5kbc/ont/wurdeGeoreferenziertDurch": ["http://w3id.org/bb5kbc/site_14_activity"], "http://www.opengis.net/ont/geosparql#hasGeometry": ["http://w3id.org/bb5kbc/site_14_geom"], "http://www.w3.org/1999/02/22-rdf-syntax-ns#type": ["http://w3id.org/bb5kbc/ont/Fundstelle"], "http://www.w3.org/2000/01/rdf-schema#label": ["Helfta 65"], "http://www.w3.org/2004/02/skos/core#prefLabel": ["Helfta 65"]}, "geometry": {"type": "Point", "coordinates": [11.56, 51.5]}}, {"type": "Feature", "id": "http://w3id.org/bb5kbc/site_107", "name": "", "dateprops": [], "properties": {"http://fuzzy-sl.squirrel.link/ontology/certaintyLevel": ["https://fuzzy-sl.wikibase.cloud/entity/Q15"], "http://fuzzy-sl.squirrel.link/ontology/hasLocationType": ["https://fuzzy-sl.wikibase.cloud/entity/Q80"], "http://fuzzy-sl.squirrel.link/ontology/representativeGeometry": ["http://w3id.org/bb5kbc/site_107_geom"], "http://purl.org/dc/terms/identifier": ["107"], "http://rdfs.org/ns/void#inDataset": ["http://w3id.org/bb5kbc/Brandenburg_5000_BC_Data"], "http://w3id.org/bb5kbc/ont/hatFID": ["107"], "http://w3id.org/bb5kbc/ont/hatFundstellenID": ["357"], "http://w3id.org/bb5kbc/ont/hatFundstellenart": ["http://w3id.org/bb5kbc/fundstellenart_b635ceb0"], "http://w3id.org/bb5kbc/ont/hatGenauigkeit": ["100.0"], "http://w3id.org/bb5kbc/ont/hatKulturelleZuordnung": ["http://w3id.org/bb5kbc/site_107_culture"], "http://w3id.org/bb5kbc/ont/hatPublikation": ["http://w3id.org/bb5kbc/pub_f5ed98b4"], "http://w3id.org/bb5kbc/ont/inGemeinde": ["http://w3id.org/bb5kbc/gemeinde_55c656bb"], "http://w3id.org/bb5kbc/ont/wurdeEntdecktDurch": ["http://w3id.org/bb5kbc/site_107_discovery"], "http://w3id.org/bb5kbc/ont/wurdeGeoreferenziertDurch": ["http://w3id.org/bb5kbc/site_107_activity"], "http://www.opengis.net/ont/geosparql#hasGeometry": ["http://w3id.org/bb5kbc/site_107_geom"], "http://www.w3.org/1999/02/22-rdf-syntax-ns#type": ["http://w3id.org/bb5kbc/ont/Fundstelle"], "http://www.w3.org/2000/01/rdf-schema#label": ["Pyritz \u2013 Weinberg"], "http://www.w3.org/2004/02/skos/core#prefLabel": ["Pyritz \u2013 Weinberg"]}, "geometry": {"type": "Point", "coordinates": [14.9, 53.15]}}, {"type": "Feature", "id": "http://w3id.org/bb5kbc/site_246", "name": "", "dateprops": [], "properties": {"http://fuzzy-sl.squirrel.link/ontology/certaintyLevel": ["https://fuzzy-sl.wikibase.cloud/entity/Q15"], "http://fuzzy-sl.squirrel.link/ontology/hasLocationType": ["https://fuzzy-sl.wikibase.cloud/entity/Q80"], "http://fuzzy-sl.squirrel.link/ontology/representativeGeometry": ["http://w3id.org/bb5kbc/site_246_geom"], "http://purl.org/dc/terms/identifier": ["246"], "http://rdfs.org/ns/void#inDataset": ["http://w3id.org/bb5kbc/Brandenburg_5000_BC_Data"], "http://w3id.org/bb5kbc/ont/hatFID": ["246"], "http://w3id.org/bb5kbc/ont/hatFundstellenID": ["286"], "http://w3id.org/bb5kbc/ont/hatFundstellenart": ["http://w3id.org/bb5kbc/fundstellenart_1972902b"], "http://w3id.org/bb5kbc/ont/hatGenauigkeit": ["50.0"], "http://w3id.org/bb5kbc/ont/hatKulturelleZuordnung": ["http://w3id.org/bb5kbc/site_246_culture"], "http://w3id.org/bb5kbc/ont/hatPublikation": ["http://w3id.org/bb5kbc/pub_cdb51966"], "http://w3id.org/bb5kbc/ont/inGemeinde": ["http://w3id.org/bb5kbc/gemeinde_fbf0fa55"], "http://w3id.org/bb5kbc/ont/wurdeEntdecktDurch": ["http://w3id.org/bb5kbc/site_246_discovery"], "http://w3id.org/bb5kbc/ont/wurdeGeoreferenziertDurch": ["http://w3id.org/bb5kbc/site_246_activity"], "http://www.opengis.net/ont/geosparql#hasGeometry": ["http://w3id.org/bb5kbc/site_246_geom"], "http://www.w3.org/1999/02/22-rdf-syntax-ns#type": ["http://w3id.org/bb5kbc/ont/Fundstelle"], "http://www.w3.org/2000/01/rdf-schema#label": ["Mi\u0119dzyrzecz 11"], "http://www.w3.org/2004/02/skos/core#prefLabel": ["Mi\u0119dzyrzecz 11"]}, "geometry": {"type": "Point", "coordinates": [15.56, 52.45]}}, {"type": "Feature", "id": "http://w3id.org/bb5kbc/site_248", "name": "", "dateprops": [], "properties": {"http://fuzzy-sl.squirrel.link/ontology/certaintyLevel": ["https://fuzzy-sl.wikibase.cloud/entity/Q15"], "http://fuzzy-sl.squirrel.link/ontology/hasLocationType": ["https://fuzzy-sl.wikibase.cloud/entity/Q80"], "http://fuzzy-sl.squirrel.link/ontology/representativeGeometry": ["http://w3id.org/bb5kbc/site_248_geom"], "http://purl.org/dc/terms/identifier": ["248"], "http://rdfs.org/ns/void#inDataset": ["http://w3id.org/bb5kbc/Brandenburg_5000_BC_Data"], "http://w3id.org/bb5kbc/ont/hatFID": ["248"], "http://w3id.org/bb5kbc/ont/hatFundstellenID": ["347"], "http://w3id.org/bb5kbc/ont/hatFundstellenart": ["http://w3id.org/bb5kbc/fundstellenart_1972902b"], "http://w3id.org/bb5kbc/ont/hatGenauigkeit": ["200.0"], "http://w3id.org/bb5kbc/ont/hatKulturelleZuordnung": ["http://w3id.org/bb5kbc/site_248_culture"], "http://w3id.org/bb5kbc/ont/hatPublikation": ["http://w3id.org/bb5kbc/pub_920f260d"], "http://w3id.org/bb5kbc/ont/inGemeinde": ["http://w3id.org/bb5kbc/gemeinde_71d32acb"], "http://w3id.org/bb5kbc/ont/wurdeEntdecktDurch": ["http://w3id.org/bb5kbc/site_248_discovery"], "http://w3id.org/bb5kbc/ont/wurdeGeoreferenziertDurch": ["http://w3id.org/bb5kbc/site_248_activity"], "http://www.opengis.net/ont/geosparql#hasGeometry": ["http://w3id.org/bb5kbc/site_248_geom"], "http://www.w3.org/1999/02/22-rdf-syntax-ns#type": ["http://w3id.org/bb5kbc/ont/Fundstelle"], "http://www.w3.org/2000/01/rdf-schema#label": ["Pozna\u0144 - D\u0119biec 2"], "http://www.w3.org/2004/02/skos/core#prefLabel": ["Pozna\u0144 - D\u0119biec 2"]}, "geometry": {"type": "Point", "coordinates": [16.92, 52.37]}}, {"type": "Feature", "id": "http://w3id.org/bb5kbc/site_179", "name": "", "dateprops": [], "properties": {"http://fuzzy-sl.squirrel.link/ontology/certaintyLevel": ["https://fuzzy-sl.wikibase.cloud/entity/Q15"], "http://fuzzy-sl.squirrel.link/ontology/hasLocationType": ["https://fuzzy-sl.wikibase.cloud/entity/Q80"], "http://fuzzy-sl.squirrel.link/ontology/representativeGeometry": ["http://w3id.org/bb5kbc/site_179_geom"], "http://purl.org/dc/terms/identifier": ["179"], "http://rdfs.org/ns/void#inDataset": ["http://w3id.org/bb5kbc/Brandenburg_5000_BC_Data"], "http://w3id.org/bb5kbc/ont/hatFID": ["179"], "http://w3id.org/bb5kbc/ont/hatFundstellenID": ["499"], "http://w3id.org/bb5kbc/ont/hatFundstellenart": ["http://w3id.org/bb5kbc/fundstellenart_376218bc"], "http://w3id.org/bb5kbc/ont/hatGenauigkeit": ["50.0"], "http://w3id.org/bb5kbc/ont/hatKulturelleZuordnung": ["http://w3id.org/bb5kbc/site_179_culture"], "http://w3id.org/bb5kbc/ont/hatPublikation": ["http://w3id.org/bb5kbc/pub_67ee6ee4"], "http://w3id.org/bb5kbc/ont/inGemeinde": ["http://w3id.org/bb5kbc/gemeinde_f8f8b6a1"], "http://w3id.org/bb5kbc/ont/wurdeGeoreferenziertDurch": ["http://w3id.org/bb5kbc/site_179_activity"], "http://www.opengis.net/ont/geosparql#hasGeometry": ["http://w3id.org/bb5kbc/site_179_geom"], "http://www.w3.org/1999/02/22-rdf-syntax-ns#type": ["http://w3id.org/bb5kbc/ont/Fundstelle"], "http://www.w3.org/2000/01/rdf-schema#label": ["Zelgno 12"], "http://www.w3.org/2004/02/skos/core#prefLabel": ["Zelgno 12"]}, "geometry": {"type": "Point", "coordinates": [18.7, 53.2]}}, {"type": "Feature", "id": "http://w3id.org/bb5kbc/site_552", "name": "", "dateprops": [], "properties": {"http://fuzzy-sl.squirrel.link/ontology/certaintyLevel": ["https://fuzzy-sl.wikibase.cloud/entity/Q15"], "http://fuzzy-sl.squirrel.link/ontology/hasLocationType": ["https://fuzzy-sl.wikibase.cloud/entity/Q80"], "http://fuzzy-sl.squirrel.link/ontology/representativeGeometry": ["http://w3id.org/bb5kbc/site_552_geom"], "http://purl.org/dc/terms/identifier": ["552"], "http://rdfs.org/ns/void#inDataset": ["http://w3id.org/bb5kbc/Brandenburg_5000_BC_Data"], "http://w3id.org/bb5kbc/ont/hatFID": ["552"], "http://w3id.org/bb5kbc/ont/hatFundstellenID": ["447"], "http://w3id.org/bb5kbc/ont/hatFundstellenart": ["http://w3id.org/bb5kbc/fundstellenart_a6ac26a5"], "http://w3id.org/bb5kbc/ont/hatGenauigkeit": ["200.0"], "http://w3id.org/bb5kbc/ont/hatKulturelleZuordnung": ["http://w3id.org/bb5kbc/site_552_culture"], "http://w3id.org/bb5kbc/ont/hatPublikation": ["http://w3id.org/bb5kbc/pub_7f0902ba"], "http://w3id.org/bb5kbc/ont/inGemeinde": ["http://w3id.org/bb5kbc/gemeinde_697fa2ca"], "http://w3id.org/bb5kbc/ont/wurdeGeoreferenziertDurch": ["http://w3id.org/bb5kbc/site_552_activity"], "http://www.opengis.net/ont/geosparql#hasGeometry": ["http://w3id.org/bb5kbc/site_552_geom"], "http://www.w3.org/1999/02/22-rdf-syntax-ns#type": ["http://w3id.org/bb5kbc/ont/Fundstelle"], "http://www.w3.org/2000/01/rdf-schema#label": ["Uhyst 20"], "http://www.w3.org/2004/02/skos/core#prefLabel": ["Uhyst 20"]}, "geometry": {"type": "Point", "coordinates": [14.53, 51.38]}}, {"type": "Feature", "id": "http://w3id.org/bb5kbc/site_188", "name": "", "dateprops": [], "properties": {"http://fuzzy-sl.squirrel.link/ontology/certaintyLevel": ["https://fuzzy-sl.wikibase.cloud/entity/Q15"], "http://fuzzy-sl.squirrel.link/ontology/hasLocationType": ["https://fuzzy-sl.wikibase.cloud/entity/Q80"], "http://fuzzy-sl.squirrel.link/ontology/representativeGeometry": ["http://w3id.org/bb5kbc/site_188_geom"], "http://purl.org/dc/terms/identifier": ["188"], "http://rdfs.org/ns/void#inDataset": ["http://w3id.org/bb5kbc/Brandenburg_5000_BC_Data"], "http://w3id.org/bb5kbc/ont/hatFID": ["188"], "http://w3id.org/bb5kbc/ont/hatFundstellenID": ["485"], "http://w3id.org/bb5kbc/ont/hatFundstellenart": ["http://w3id.org/bb5kbc/fundstellenart_376218bc"], "http://w3id.org/bb5kbc/ont/hatGenauigkeit": ["200.0"], "http://w3id.org/bb5kbc/ont/hatKatalognummer": ["33"], "http://w3id.org/bb5kbc/ont/hatKulturelleZuordnung": ["http://w3id.org/bb5kbc/site_188_culture"], "http://w3id.org/bb5kbc/ont/hatPublikation": ["http://w3id.org/bb5kbc/pub_f53d5dd0"], "http://w3id.org/bb5kbc/ont/inGemeinde": ["http://w3id.org/bb5kbc/gemeinde_91c3fb1f"], "http://w3id.org/bb5kbc/ont/wurdeGeoreferenziertDurch": ["http://w3id.org/bb5kbc/site_188_activity"], "http://www.opengis.net/ont/geosparql#hasGeometry": ["http://w3id.org/bb5kbc/site_188_geom"], "http://www.w3.org/1999/02/22-rdf-syntax-ns#type": ["http://w3id.org/bb5kbc/ont/Fundstelle"], "http://www.w3.org/2000/01/rdf-schema#label": ["Zagajewice 1"], "http://www.w3.org/2004/02/skos/core#prefLabel": ["Zagajewice 1"]}, "geometry": {"type": "Point", "coordinates": [18.78, 52.63]}}, {"type": "Feature", "id": "http://w3id.org/bb5kbc/site_181", "name": "", "dateprops": [], "properties": {"http://fuzzy-sl.squirrel.link/ontology/certaintyLevel": ["https://fuzzy-sl.wikibase.cloud/entity/Q15"], "http://fuzzy-sl.squirrel.link/ontology/hasLocationType": ["https://fuzzy-sl.wikibase.cloud/entity/Q80"], "http://fuzzy-sl.squirrel.link/ontology/representativeGeometry": ["http://w3id.org/bb5kbc/site_181_geom"], "http://purl.org/dc/terms/identifier": ["181"], "http://rdfs.org/ns/void#inDataset": ["http://w3id.org/bb5kbc/Brandenburg_5000_BC_Data"], "http://w3id.org/bb5kbc/ont/hatFID": ["181"], "http://w3id.org/bb5kbc/ont/hatFundstellenID": ["67"], "http://w3id.org/bb5kbc/ont/hatFundstellenart": ["http://w3id.org/bb5kbc/fundstellenart_376218bc"], "http://w3id.org/bb5kbc/ont/hatGenauigkeit": ["200.0"], "http://w3id.org/bb5kbc/ont/hatKatalognummer": ["44"], "http://w3id.org/bb5kbc/ont/hatKulturelleZuordnung": ["http://w3id.org/bb5kbc/site_181_culture"], "http://w3id.org/bb5kbc/ont/hatPublikation": ["http://w3id.org/bb5kbc/pub_f53d5dd0"], "http://w3id.org/bb5kbc/ont/inGemeinde": ["http://w3id.org/bb5kbc/gemeinde_17b9fa26"], "http://w3id.org/bb5kbc/ont/wurdeGeoreferenziertDurch": ["http://w3id.org/bb5kbc/site_181_activity"], "http://www.opengis.net/ont/geosparql#hasGeometry": ["http://w3id.org/bb5kbc/site_181_geom"], "http://www.w3.org/1999/02/22-rdf-syntax-ns#type": ["http://w3id.org/bb5kbc/ont/Fundstelle"], "http://www.w3.org/2000/01/rdf-schema#label": ["Borucin XXXVI/03"], "http://www.w3.org/2004/02/skos/core#prefLabel": ["Borucin XXXVI/03"]}, "geometry": {"type": "Point", "coordinates": [18.72, 52.6]}}, {"type": "Feature", "id": "http://w3id.org/bb5kbc/site_153", "name": "", "dateprops": [], "properties": {"http://fuzzy-sl.squirrel.link/ontology/certaintyLevel": ["https://fuzzy-sl.wikibase.cloud/entity/Q15"], "http://fuzzy-sl.squirrel.link/ontology/hasLocationType": ["https://fuzzy-sl.wikibase.cloud/entity/Q80"], "http://fuzzy-sl.squirrel.link/ontology/representativeGeometry": ["http://w3id.org/bb5kbc/site_153_geom"], "http://purl.org/dc/terms/identifier": ["153"], "http://rdfs.org/ns/void#inDataset": ["http://w3id.org/bb5kbc/Brandenburg_5000_BC_Data"], "http://w3id.org/bb5kbc/ont/hatFID": ["153"], "http://w3id.org/bb5kbc/ont/hatFundstellenID": ["362"], "http://w3id.org/bb5kbc/ont/hatFundstellenart": ["http://w3id.org/bb5kbc/fundstellenart_1972902b"], "http://w3id.org/bb5kbc/ont/hatGenauigkeit": ["50.0"], "http://w3id.org/bb5kbc/ont/hatKulturelleZuordnung": ["http://w3id.org/bb5kbc/site_153_culture"], "http://w3id.org/bb5kbc/ont/hatPublikation": ["http://w3id.org/bb5kbc/pub_b505d72d"], "http://w3id.org/bb5kbc/ont/inGemeinde": ["http://w3id.org/bb5kbc/gemeinde_3fac05a9"], "http://w3id.org/bb5kbc/ont/wurdeEntdecktDurch": ["http://w3id.org/bb5kbc/site_153_discovery"], "http://w3id.org/bb5kbc/ont/wurdeGeoreferenziertDurch": ["http://w3id.org/bb5kbc/site_153_activity"], "http://www.opengis.net/ont/geosparql#hasGeometry": ["http://w3id.org/bb5kbc/site_153_geom"], "http://www.w3.org/1999/02/22-rdf-syntax-ns#type": ["http://w3id.org/bb5kbc/ont/Fundstelle"], "http://www.w3.org/2000/01/rdf-schema#label": ["Racot 18"], "http://www.w3.org/2004/02/skos/core#prefLabel": ["Racot 18"]}, "geometry": {"type": "Point", "coordinates": [16.72, 52.07]}}, {"type": "Feature", "id": "http://w3id.org/bb5kbc/site_185", "name": "", "dateprops": [], "properties": {"http://fuzzy-sl.squirrel.link/ontology/certaintyLevel": ["https://fuzzy-sl.wikibase.cloud/entity/Q15"], "http://fuzzy-sl.squirrel.link/ontology/hasLocationType": ["https://fuzzy-sl.wikibase.cloud/entity/Q80"], "http://fuzzy-sl.squirrel.link/ontology/representativeGeometry": ["http://w3id.org/bb5kbc/site_185_geom"], "http://purl.org/dc/terms/identifier": ["185"], "http://rdfs.org/ns/void#inDataset": ["http://w3id.org/bb5kbc/Brandenburg_5000_BC_Data"], "http://w3id.org/bb5kbc/ont/hatFID": ["185"], "http://w3id.org/bb5kbc/ont/hatFundstellenID": ["471"], "http://w3id.org/bb5kbc/ont/hatFundstellenart": ["http://w3id.org/bb5kbc/fundstellenart_376218bc"], "http://w3id.org/bb5kbc/ont/hatGenauigkeit": ["200.0"], "http://w3id.org/bb5kbc/ont/hatKatalognummer": ["36"], "http://w3id.org/bb5kbc/ont/hatKulturelleZuordnung": ["http://w3id.org/bb5kbc/site_185_culture"], "http://w3id.org/bb5kbc/ont/hatPublikation": ["http://w3id.org/bb5kbc/pub_f53d5dd0"], "http://w3id.org/bb5kbc/ont/inGemeinde": ["http://w3id.org/bb5kbc/gemeinde_91c3fb1f"], "http://w3id.org/bb5kbc/ont/wurdeGeoreferenziertDurch": ["http://w3id.org/bb5kbc/site_185_activity"], "http://www.opengis.net/ont/geosparql#hasGeometry": ["http://w3id.org/bb5kbc/site_185_geom"], "http://www.w3.org/1999/02/22-rdf-syntax-ns#type": ["http://w3id.org/bb5kbc/ont/Fundstelle"], "http://www.w3.org/2000/01/rdf-schema#label": ["Wola Skarbkowa L1/91"], "http://www.w3.org/2004/02/skos/core#prefLabel": ["Wola Skarbkowa L1/91"]}, "geometry": {"type": "Point", "coordinates": [18.77, 52.64]}}, {"type": "Feature", "id": "http://w3id.org/bb5kbc/site_10", "name": "", "dateprops": [], "properties": {"http://fuzzy-sl.squirrel.link/ontology/certaintyLevel": ["https://fuzzy-sl.wikibase.cloud/entity/Q15"], "http://fuzzy-sl.squirrel.link/ontology/hasLocationType": ["https://fuzzy-sl.wikibase.cloud/entity/Q80"], "http://fuzzy-sl.squirrel.link/ontology/representativeGeometry": ["http://w3id.org/bb5kbc/site_10_geom"], "http://purl.org/dc/terms/identifier": ["10"], "http://rdfs.org/ns/void#inDataset": ["http://w3id.org/bb5kbc/Brandenburg_5000_BC_Data"], "http://w3id.org/bb5kbc/ont/hatFID": ["10"], "http://w3id.org/bb5kbc/ont/hatFundstellenID": ["278"], "http://w3id.org/bb5kbc/ont/hatFundstellenart": ["http://w3id.org/bb5kbc/fundstellenart_376218bc"], "http://w3id.org/bb5kbc/ont/hatGenauigkeit": ["100.0"], "http://w3id.org/bb5kbc/ont/hatKatalognummer": ["96"], "http://w3id.org/bb5kbc/ont/hatKulturelleZuordnung": ["http://w3id.org/bb5kbc/site_10_culture"], "http://w3id.org/bb5kbc/ont/hatPublikation": ["http://w3id.org/bb5kbc/pub_c5110572"], "http://w3id.org/bb5kbc/ont/inGemeinde": ["http://w3id.org/bb5kbc/gemeinde_1a960638"], "http://w3id.org/bb5kbc/ont/wurdeEntdecktDurch": ["http://w3id.org/bb5kbc/site_10_discovery"], "http://w3id.org/bb5kbc/ont/wurdeGeoreferenziertDurch": ["http://w3id.org/bb5kbc/site_10_activity"], "http://www.opengis.net/ont/geosparql#hasGeometry": ["http://w3id.org/bb5kbc/site_10_geom"], "http://www.w3.org/1999/02/22-rdf-syntax-ns#type": ["http://w3id.org/bb5kbc/ont/Fundstelle"], "http://www.w3.org/2000/01/rdf-schema#label": ["Mellingen"], "http://www.w3.org/2004/02/skos/core#prefLabel": ["Mellingen"]}, "geometry": {"type": "Point", "coordinates": [11.41, 50.93]}}, {"type": "Feature", "id": "http://w3id.org/bb5kbc/site_191", "name": "", "dateprops": [], "properties": {"http://fuzzy-sl.squirrel.link/ontology/certaintyLevel": ["https://fuzzy-sl.wikibase.cloud/entity/Q15"], "http://fuzzy-sl.squirrel.link/ontology/hasLocationType": ["https://fuzzy-sl.wikibase.cloud/entity/Q80"], "http://fuzzy-sl.squirrel.link/ontology/representativeGeometry": ["http://w3id.org/bb5kbc/site_191_geom"], "http://purl.org/dc/terms/identifier": ["191"], "http://rdfs.org/ns/void#inDataset": ["http://w3id.org/bb5kbc/Brandenburg_5000_BC_Data"], "http://w3id.org/bb5kbc/ont/hatFID": ["191"], "http://w3id.org/bb5kbc/ont/hatFundstellenID": ["319"], "http://w3id.org/bb5kbc/ont/hatFundstellenart": ["http://w3id.org/bb5kbc/fundstellenart_376218bc"], "http://w3id.org/bb5kbc/ont/hatGenauigkeit": ["200.0"], "http://w3id.org/bb5kbc/ont/hatKatalognummer": ["38"], "http://w3id.org/bb5kbc/ont/hatKulturelleZuordnung": ["http://w3id.org/bb5kbc/site_191_culture"], "http://w3id.org/bb5kbc/ont/hatPublikation": ["http://w3id.org/bb5kbc/pub_f53d5dd0"], "http://w3id.org/bb5kbc/ont/inGemeinde": ["http://w3id.org/bb5kbc/gemeinde_91c3fb1f"], "http://w3id.org/bb5kbc/ont/wurdeGeoreferenziertDurch": ["http://w3id.org/bb5kbc/site_191_activity"], "http://www.opengis.net/ont/geosparql#hasGeometry": ["http://w3id.org/bb5kbc/site_191_geom"], "http://www.w3.org/1999/02/22-rdf-syntax-ns#type": ["http://w3id.org/bb5kbc/ont/Fundstelle"], "http://www.w3.org/2000/01/rdf-schema#label": ["Os\u0142onki 49/91"], "http://www.w3.org/2004/02/skos/core#prefLabel": ["Os\u0142onki 49/91"]}, "geometry": {"type": "Point", "coordinates": [18.79, 52.61]}}, {"type": "Feature", "id": "http://w3id.org/bb5kbc/site_244", "name": "", "dateprops": [], "properties": {"http://fuzzy-sl.squirrel.link/ontology/certaintyLevel": ["https://fuzzy-sl.wikibase.cloud/entity/Q15"], "http://fuzzy-sl.squirrel.link/ontology/hasLocationType": ["https://fuzzy-sl.wikibase.cloud/entity/Q80"], "http://fuzzy-sl.squirrel.link/ontology/representativeGeometry": ["http://w3id.org/bb5kbc/site_244_geom"], "http://purl.org/dc/terms/identifier": ["244"], "http://rdfs.org/ns/void#inDataset": ["http://w3id.org/bb5kbc/Brandenburg_5000_BC_Data"], "http://w3id.org/bb5kbc/ont/hatFID": ["244"], "http://w3id.org/bb5kbc/ont/hatFundstellenID": ["260"], "http://w3id.org/bb5kbc/ont/hatFundstellenart": ["http://w3id.org/bb5kbc/fundstellenart_376218bc"], "http://w3id.org/bb5kbc/ont/hatGenauigkeit": ["50.0"], "http://w3id.org/bb5kbc/ont/hatKulturelleZuordnung": ["http://w3id.org/bb5kbc/site_244_culture"], "http://w3id.org/bb5kbc/ont/hatPublikation": ["http://w3id.org/bb5kbc/pub_0bced945"], "http://w3id.org/bb5kbc/ont/inGemeinde": ["http://w3id.org/bb5kbc/gemeinde_d1f5d746"], "http://w3id.org/bb5kbc/ont/wurdeEntdecktDurch": ["http://w3id.org/bb5kbc/site_244_discovery"], "http://w3id.org/bb5kbc/ont/wurdeGeoreferenziertDurch": ["http://w3id.org/bb5kbc/site_244_activity"], "http://www.opengis.net/ont/geosparql#hasGeometry": ["http://w3id.org/bb5kbc/site_244_geom"], "http://www.w3.org/1999/02/22-rdf-syntax-ns#type": ["http://w3id.org/bb5kbc/ont/Fundstelle"], "http://www.w3.org/2000/01/rdf-schema#label": ["Lietzow-Buddelin/Saiser 1"], "http://www.w3.org/2004/02/skos/core#prefLabel": ["Lietzow-Buddelin/Saiser 1"]}, "geometry": {"type": "Point", "coordinates": [13.53, 54.48]}}, {"type": "Feature", "id": "http://w3id.org/bb5kbc/site_1", "name": "", "dateprops": [], "properties": {"http://fuzzy-sl.squirrel.link/ontology/certaintyLevel": ["https://fuzzy-sl.wikibase.cloud/entity/Q15"], "http://fuzzy-sl.squirrel.link/ontology/hasLocationType": ["https://fuzzy-sl.wikibase.cloud/entity/Q80"], "http://fuzzy-sl.squirrel.link/ontology/representativeGeometry": ["http://w3id.org/bb5kbc/site_1_geom"], "http://purl.org/dc/terms/identifier": ["1"], "http://rdfs.org/ns/void#inDataset": ["http://w3id.org/bb5kbc/Brandenburg_5000_BC_Data"], "http://w3id.org/bb5kbc/ont/hatFID": ["1"], "http://w3id.org/bb5kbc/ont/hatFundstellenID": ["444"], "http://w3id.org/bb5kbc/ont/hatFundstellenart": ["http://w3id.org/bb5kbc/fundstellenart_376218bc"], "http://w3id.org/bb5kbc/ont/hatGenauigkeit": ["100.0"], "http://w3id.org/bb5kbc/ont/hatKatalognummer": ["55"], "http://w3id.org/bb5kbc/ont/hatKulturelleZuordnung": ["http://w3id.org/bb5kbc/site_1_culture"], "http://w3id.org/bb5kbc/ont/hatPublikation": ["http://w3id.org/bb5kbc/pub_c5110572"], "http://w3id.org/bb5kbc/ont/inGemeinde": ["http://w3id.org/bb5kbc/gemeinde_c672785b"], "http://w3id.org/bb5kbc/ont/wurdeEntdecktDurch": ["http://w3id.org/bb5kbc/site_1_discovery"], "http://w3id.org/bb5kbc/ont/wurdeGeoreferenziertDurch": ["http://w3id.org/bb5kbc/site_1_activity"], "http://www.opengis.net/ont/geosparql#hasGeometry": ["http://w3id.org/bb5kbc/site_1_geom"], "http://www.w3.org/1999/02/22-rdf-syntax-ns#type": ["http://w3id.org/bb5kbc/ont/Fundstelle"], "http://www.w3.org/2000/01/rdf-schema#label": ["T\u00fcngeda"], "http://www.w3.org/2004/02/skos/core#prefLabel": ["T\u00fcngeda"]}, "geometry": {"type": "Point", "coordinates": [10.58, 51.03]}}, {"type": "Feature", "id": "http://w3id.org/bb5kbc/site_213", "name": "", "dateprops": [], "properties": {"http://fuzzy-sl.squirrel.link/ontology/certaintyLevel": ["https://fuzzy-sl.wikibase.cloud/entity/Q15"], "http://fuzzy-sl.squirrel.link/ontology/hasLocationType": ["https://fuzzy-sl.wikibase.cloud/entity/Q80"], "http://fuzzy-sl.squirrel.link/ontology/representativeGeometry": ["http://w3id.org/bb5kbc/site_213_geom"], "http://purl.org/dc/terms/identifier": ["213"], "http://rdfs.org/ns/void#inDataset": ["http://w3id.org/bb5kbc/Brandenburg_5000_BC_Data"], "http://w3id.org/bb5kbc/ont/hatFID": ["213"], "http://w3id.org/bb5kbc/ont/hatFundstellenID": ["81"], "http://w3id.org/bb5kbc/ont/hatFundstellenart": ["http://w3id.org/bb5kbc/fundstellenart_1972902b", "http://w3id.org/bb5kbc/fundstellenart_b635ceb0"], "http://w3id.org/bb5kbc/ont/hatGenauigkeit": ["200.0"], "http://w3id.org/bb5kbc/ont/hatKatalognummer": ["3"], "http://w3id.org/bb5kbc/ont/hatKulturelleZuordnung": ["http://w3id.org/bb5kbc/site_213_culture"], "http://w3id.org/bb5kbc/ont/hatPublikation": ["http://w3id.org/bb5kbc/pub_f53d5dd0"], "http://w3id.org/bb5kbc/ont/inGemeinde": ["http://w3id.org/bb5kbc/gemeinde_8d17a3ac"], "http://w3id.org/bb5kbc/ont/wurdeGeoreferenziertDurch": ["http://w3id.org/bb5kbc/site_213_activity"], "http://www.opengis.net/ont/geosparql#hasGeometry": ["http://w3id.org/bb5kbc/site_213_geom"], "http://www.w3.org/1999/02/22-rdf-syntax-ns#type": ["http://w3id.org/bb5kbc/ont/Fundstelle"], "http://www.w3.org/2000/01/rdf-schema#label": ["Brze\u015b\u0107 Kujawski 5"], "http://www.w3.org/2004/02/skos/core#prefLabel": ["Brze\u015b\u0107 Kujawski 5"]}, "geometry": {"type": "Point", "coordinates": [18.92, 52.61]}}, {"type": "Feature", "id": "http://w3id.org/bb5kbc/site_18", "name": "", "dateprops": [], "properties": {"http://fuzzy-sl.squirrel.link/ontology/certaintyLevel": ["https://fuzzy-sl.wikibase.cloud/entity/Q15"], "http://fuzzy-sl.squirrel.link/ontology/hasLocationType": ["https://fuzzy-sl.wikibase.cloud/entity/Q80"], "http://fuzzy-sl.squirrel.link/ontology/representativeGeometry": ["http://w3id.org/bb5kbc/site_18_geom"], "http://purl.org/dc/terms/identifier": ["18"], "http://rdfs.org/ns/void#inDataset": ["http://w3id.org/bb5kbc/Brandenburg_5000_BC_Data"], "http://w3id.org/bb5kbc/ont/hatFID": ["18"], "http://w3id.org/bb5kbc/ont/hatFundstellenID": ["35"], "http://w3id.org/bb5kbc/ont/hatFundstellenart": ["http://w3id.org/bb5kbc/fundstellenart_376218bc"], "http://w3id.org/bb5kbc/ont/hatGenauigkeit": ["50.0"], "http://w3id.org/bb5kbc/ont/hatKatalognummer": ["186"], "http://w3id.org/bb5kbc/ont/hatKulturelleZuordnung": ["http://w3id.org/bb5kbc/site_18_culture"], "http://w3id.org/bb5kbc/ont/hatPublikation": ["http://w3id.org/bb5kbc/pub_c5110572"], "http://w3id.org/bb5kbc/ont/inGemeinde": ["http://w3id.org/bb5kbc/gemeinde_38a7ae32"], "http://w3id.org/bb5kbc/ont/wurdeEntdecktDurch": ["http://w3id.org/bb5kbc/site_18_discovery"], "http://w3id.org/bb5kbc/ont/wurdeGeoreferenziertDurch": ["http://w3id.org/bb5kbc/site_18_activity"], "http://www.opengis.net/ont/geosparql#hasGeometry": ["http://w3id.org/bb5kbc/site_18_geom"], "http://www.w3.org/1999/02/22-rdf-syntax-ns#type": ["http://w3id.org/bb5kbc/ont/Fundstelle"], "http://www.w3.org/2000/01/rdf-schema#label": ["Bernburg 5"], "http://www.w3.org/2004/02/skos/core#prefLabel": ["Bernburg 5"]}, "geometry": {"type": "Point", "coordinates": [11.71, 51.79]}}, {"type": "Feature", "id": "http://w3id.org/bb5kbc/site_200", "name": "", "dateprops": [], "properties": {"http://fuzzy-sl.squirrel.link/ontology/certaintyLevel": ["https://fuzzy-sl.wikibase.cloud/entity/Q15"], "http://fuzzy-sl.squirrel.link/ontology/hasLocationType": ["https://fuzzy-sl.wikibase.cloud/entity/Q80"], "http://fuzzy-sl.squirrel.link/ontology/representativeGeometry": ["http://w3id.org/bb5kbc/site_200_geom"], "http://purl.org/dc/terms/identifier": ["200"], "http://rdfs.org/ns/void#inDataset": ["http://w3id.org/bb5kbc/Brandenburg_5000_BC_Data"], "http://w3id.org/bb5kbc/ont/hatFID": ["200"], "http://w3id.org/bb5kbc/ont/hatFundstellenID": ["284"], "http://w3id.org/bb5kbc/ont/hatFundstellenart": ["http://w3id.org/bb5kbc/fundstellenart_376218bc"], "http://w3id.org/bb5kbc/ont/hatGenauigkeit": ["200.0"], "http://w3id.org/bb5kbc/ont/hatKatalognummer": ["24"], "http://w3id.org/bb5kbc/ont/hatKulturelleZuordnung": ["http://w3id.org/bb5kbc/site_200_culture"], "http://w3id.org/bb5kbc/ont/hatPublikation": ["http://w3id.org/bb5kbc/pub_f53d5dd0"], "http://w3id.org/bb5kbc/ont/inGemeinde": ["http://w3id.org/bb5kbc/gemeinde_8d17a3ac"], "http://w3id.org/bb5kbc/ont/wurdeGeoreferenziertDurch": ["http://w3id.org/bb5kbc/site_200_activity"], "http://www.opengis.net/ont/geosparql#hasGeometry": ["http://w3id.org/bb5kbc/site_200_geom"], "http://www.w3.org/1999/02/22-rdf-syntax-ns#type": ["http://w3id.org/bb5kbc/ont/Fundstelle"], "http://www.w3.org/2000/01/rdf-schema#label": ["Miechowice 4a"], "http://www.w3.org/2004/02/skos/core#prefLabel": ["Miechowice 4a"]}, "geometry": {"type": "Point", "coordinates": [18.82, 52.63]}}, {"type": "Feature", "id": "http://w3id.org/bb5kbc/site_201", "name": "", "dateprops": [], "properties": {"http://fuzzy-sl.squirrel.link/ontology/certaintyLevel": ["https://fuzzy-sl.wikibase.cloud/entity/Q15"], "http://fuzzy-sl.squirrel.link/ontology/hasLocationType": ["https://fuzzy-sl.wikibase.cloud/entity/Q80"], "http://fuzzy-sl.squirrel.link/ontology/representativeGeometry": ["http://w3id.org/bb5kbc/site_201_geom"], "http://purl.org/dc/terms/identifier": ["201"], "http://rdfs.org/ns/void#inDataset": ["http://w3id.org/bb5kbc/Brandenburg_5000_BC_Data"], "http://w3id.org/bb5kbc/ont/hatFID": ["201"], "http://w3id.org/bb5kbc/ont/hatFundstellenID": ["282"], "http://w3id.org/bb5kbc/ont/hatFundstellenart": ["http://w3id.org/bb5kbc/fundstellenart_376218bc"], "http://w3id.org/bb5kbc/ont/hatGenauigkeit": ["200.0"], "http://w3id.org/bb5kbc/ont/hatKatalognummer": ["22"], "http://w3id.org/bb5kbc/ont/hatKulturelleZuordnung": ["http://w3id.org/bb5kbc/site_201_culture"], "http://w3id.org/bb5kbc/ont/hatPublikation": ["http://w3id.org/bb5kbc/pub_f53d5dd0"], "http://w3id.org/bb5kbc/ont/inGemeinde": ["http://w3id.org/bb5kbc/gemeinde_8d17a3ac"], "http://w3id.org/bb5kbc/ont/wurdeGeoreferenziertDurch": ["http://w3id.org/bb5kbc/site_201_activity"], "http://www.opengis.net/ont/geosparql#hasGeometry": ["http://w3id.org/bb5kbc/site_201_geom"], "http://www.w3.org/1999/02/22-rdf-syntax-ns#type": ["http://w3id.org/bb5kbc/ont/Fundstelle"], "http://www.w3.org/2000/01/rdf-schema#label": ["Miechowice 1"], "http://www.w3.org/2004/02/skos/core#prefLabel": ["Miechowice 1"]}, "geometry": {"type": "Point", "coordinates": [18.82, 52.62]}}, {"type": "Feature", "id": "http://w3id.org/bb5kbc/site_28", "name": "", "dateprops": [], "properties": {"http://fuzzy-sl.squirrel.link/ontology/certaintyLevel": ["https://fuzzy-sl.wikibase.cloud/entity/Q15"], "http://fuzzy-sl.squirrel.link/ontology/hasLocationType": ["https://fuzzy-sl.wikibase.cloud/entity/Q80"], "http://fuzzy-sl.squirrel.link/ontology/representativeGeometry": ["http://w3id.org/bb5kbc/site_28_geom"], "http://purl.org/dc/terms/identifier": ["28"], "http://rdfs.org/ns/void#inDataset": ["http://w3id.org/bb5kbc/Brandenburg_5000_BC_Data"], "http://w3id.org/bb5kbc/ont/hatFID": ["28"], "http://w3id.org/bb5kbc/ont/hatFundstellenID": ["158"], "http://w3id.org/bb5kbc/ont/hatFundstellenart": ["http://w3id.org/bb5kbc/fundstellenart_376218bc"], "http://w3id.org/bb5kbc/ont/hatGenauigkeit": ["400.0"], "http://w3id.org/bb5kbc/ont/hatKatalognummer": ["432"], "http://w3id.org/bb5kbc/ont/hatKulturelleZuordnung": ["http://w3id.org/bb5kbc/site_28_culture"], "http://w3id.org/bb5kbc/ont/hatPublikation": ["http://w3id.org/bb5kbc/pub_c5110572"], "http://w3id.org/bb5kbc/ont/inGemeinde": ["http://w3id.org/bb5kbc/gemeinde_b599ac34"], "http://w3id.org/bb5kbc/ont/wurdeEntdecktDurch": ["http://w3id.org/bb5kbc/site_28_discovery"], "http://w3id.org/bb5kbc/ont/wurdeGeoreferenziertDurch": ["http://w3id.org/bb5kbc/site_28_activity"], "http://www.opengis.net/ont/geosparql#hasGeometry": ["http://w3id.org/bb5kbc/site_28_geom"], "http://www.w3.org/1999/02/22-rdf-syntax-ns#type": ["http://w3id.org/bb5kbc/ont/Fundstelle"], "http://www.w3.org/2000/01/rdf-schema#label": ["Grana 2"], "http://www.w3.org/2004/02/skos/core#prefLabel": ["Grana 2"]}, "geometry": {"type": "Point", "coordinates": [12.11, 51.05]}}, {"type": "Feature", "id": "http://w3id.org/bb5kbc/site_549", "name": "", "dateprops": [], "properties": {"http://fuzzy-sl.squirrel.link/ontology/certaintyLevel": ["https://fuzzy-sl.wikibase.cloud/entity/Q15"], "http://fuzzy-sl.squirrel.link/ontology/hasLocationType": ["https://fuzzy-sl.wikibase.cloud/entity/Q80"], "http://fuzzy-sl.squirrel.link/ontology/representativeGeometry": ["http://w3id.org/bb5kbc/site_549_geom"], "http://purl.org/dc/terms/identifier": ["549"], "http://rdfs.org/ns/void#inDataset": ["http://w3id.org/bb5kbc/Brandenburg_5000_BC_Data"], "http://w3id.org/bb5kbc/ont/hatFID": ["549"], "http://w3id.org/bb5kbc/ont/hatFundstellenID": ["270"], "http://w3id.org/bb5kbc/ont/hatFundstellenart": ["http://w3id.org/bb5kbc/fundstellenart_1972902b"], "http://w3id.org/bb5kbc/ont/hatGenauigkeit": ["50.0"], "http://w3id.org/bb5kbc/ont/hatKulturelleZuordnung": ["http://w3id.org/bb5kbc/site_549_culture"], "http://w3id.org/bb5kbc/ont/hatPublikation": ["http://w3id.org/bb5kbc/pub_aa96c11a"], "http://w3id.org/bb5kbc/ont/inGemeinde": ["http://w3id.org/bb5kbc/gemeinde_c08ec2bf"], "http://w3id.org/bb5kbc/ont/wurdeEntdecktDurch": ["http://w3id.org/bb5kbc/site_549_discovery"], "http://w3id.org/bb5kbc/ont/wurdeGeoreferenziertDurch": ["http://w3id.org/bb5kbc/site_549_activity"], "http://www.opengis.net/ont/geosparql#hasGeometry": ["http://w3id.org/bb5kbc/site_549_geom"], "http://www.w3.org/1999/02/22-rdf-syntax-ns#type": ["http://w3id.org/bb5kbc/ont/Fundstelle"], "http://www.w3.org/2000/01/rdf-schema#label": ["Ludwinowo 7"], "http://www.w3.org/2004/02/skos/core#prefLabel": ["Ludwinowo 7"]}, "geometry": {"type": "Point", "coordinates": [19.01, 52.57]}}, {"type": "Feature", "id": "http://w3id.org/bb5kbc/site_195", "name": "", "dateprops": [], "properties": {"http://fuzzy-sl.squirrel.link/ontology/certaintyLevel": ["https://fuzzy-sl.wikibase.cloud/entity/Q15"], "http://fuzzy-sl.squirrel.link/ontology/hasLocationType": ["https://fuzzy-sl.wikibase.cloud/entity/Q80"], "http://fuzzy-sl.squirrel.link/ontology/representativeGeometry": ["http://w3id.org/bb5kbc/site_195_geom"], "http://purl.org/dc/terms/identifier": ["195"], "http://rdfs.org/ns/void#inDataset": ["http://w3id.org/bb5kbc/Brandenburg_5000_BC_Data"], "http://w3id.org/bb5kbc/ont/hatFID": ["195"], "http://w3id.org/bb5kbc/ont/hatFundstellenID": ["318"], "http://w3id.org/bb5kbc/ont/hatFundstellenart": ["http://w3id.org/bb5kbc/fundstellenart_376218bc"], "http://w3id.org/bb5kbc/ont/hatGenauigkeit": ["200.0"], "http://w3id.org/bb5kbc/ont/hatKatalognummer": ["27"], "http://w3id.org/bb5kbc/ont/hatKulturelleZuordnung": ["http://w3id.org/bb5kbc/site_195_culture"], "http://w3id.org/bb5kbc/ont/hatPublikation": ["http://w3id.org/bb5kbc/pub_f53d5dd0"], "http://w3id.org/bb5kbc/ont/inGemeinde": ["http://w3id.org/bb5kbc/gemeinde_91c3fb1f"], "http://w3id.org/bb5kbc/ont/wurdeGeoreferenziertDurch": ["http://w3id.org/bb5kbc/site_195_activity"], "http://www.opengis.net/ont/geosparql#hasGeometry": ["http://w3id.org/bb5kbc/site_195_geom"], "http://www.w3.org/1999/02/22-rdf-syntax-ns#type": ["http://w3id.org/bb5kbc/ont/Fundstelle"], "http://www.w3.org/2000/01/rdf-schema#label": ["Os\u0142onki 2"], "http://www.w3.org/2004/02/skos/core#prefLabel": ["Os\u0142onki 2"]}, "geometry": {"type": "Point", "coordinates": [18.8, 52.62]}}, {"type": "Feature", "id": "http://w3id.org/bb5kbc/site_214", "name": "", "dateprops": [], "properties": {"http://fuzzy-sl.squirrel.link/ontology/certaintyLevel": ["https://fuzzy-sl.wikibase.cloud/entity/Q15"], "http://fuzzy-sl.squirrel.link/ontology/hasLocationType": ["https://fuzzy-sl.wikibase.cloud/entity/Q80"], "http://fuzzy-sl.squirrel.link/ontology/representativeGeometry": ["http://w3id.org/bb5kbc/site_214_geom"], "http://purl.org/dc/terms/identifier": ["214"], "http://rdfs.org/ns/void#inDataset": ["http://w3id.org/bb5kbc/Brandenburg_5000_BC_Data"], "http://w3id.org/bb5kbc/ont/hatFID": ["214"], "http://w3id.org/bb5kbc/ont/hatFundstellenID": ["77"], "http://w3id.org/bb5kbc/ont/hatFundstellenart": ["http://w3id.org/bb5kbc/fundstellenart_376218bc"], "http://w3id.org/bb5kbc/ont/hatGenauigkeit": ["200.0"], "http://w3id.org/bb5kbc/ont/hatKatalognummer": ["5"], "http://w3id.org/bb5kbc/ont/hatKulturelleZuordnung": ["http://w3id.org/bb5kbc/site_214_culture"], "http://w3id.org/bb5kbc/ont/hatPublikation": ["http://w3id.org/bb5kbc/pub_f53d5dd0"], "http://w3id.org/bb5kbc/ont/inGemeinde": ["http://w3id.org/bb5kbc/gemeinde_8d17a3ac"], "http://w3id.org/bb5kbc/ont/wurdeGeoreferenziertDurch": ["http://w3id.org/bb5kbc/site_214_activity"], "http://www.opengis.net/ont/geosparql#hasGeometry": ["http://w3id.org/bb5kbc/site_214_geom"], "http://www.w3.org/1999/02/22-rdf-syntax-ns#type": ["http://w3id.org/bb5kbc/ont/Fundstelle"], "http://www.w3.org/2000/01/rdf-schema#label": ["Brze\u015b\u0107 Kujawski 10"], "http://www.w3.org/2004/02/skos/core#prefLabel": ["Brze\u015b\u0107 Kujawski 10"]}, "geometry": {"type": "Point", "coordinates": [18.92, 52.61]}}, {"type": "Feature", "id": "http://w3id.org/bb5kbc/site_212", "name": "", "dateprops": [], "properties": {"http://fuzzy-sl.squirrel.link/ontology/certaintyLevel": ["https://fuzzy-sl.wikibase.cloud/entity/Q15"], "http://fuzzy-sl.squirrel.link/ontology/hasLocationType": ["https://fuzzy-sl.wikibase.cloud/entity/Q80"], "http://fuzzy-sl.squirrel.link/ontology/representativeGeometry": ["http://w3id.org/bb5kbc/site_212_geom"], "http://purl.org/dc/terms/identifier": ["212"], "http://rdfs.org/ns/void#inDataset": ["http://w3id.org/bb5kbc/Brandenburg_5000_BC_Data"], "http://w3id.org/bb5kbc/ont/hatFID": ["212"], "http://w3id.org/bb5kbc/ont/hatFundstellenID": ["81"], "http://w3id.org/bb5kbc/ont/hatFundstellenart": ["http://w3id.org/bb5kbc/fundstellenart_b635ceb0"], "http://w3id.org/bb5kbc/ont/hatGenauigkeit": ["200.0"], "http://w3id.org/bb5kbc/ont/hatKatalognummer": ["3"], "http://w3id.org/bb5kbc/ont/hatKulturelleZuordnung": ["http://w3id.org/bb5kbc/site_212_culture"], "http://w3id.org/bb5kbc/ont/hatPublikation": ["http://w3id.org/bb5kbc/pub_f53d5dd0"], "http://w3id.org/bb5kbc/ont/inGemeinde": ["http://w3id.org/bb5kbc/gemeinde_8d17a3ac"], "http://w3id.org/bb5kbc/ont/wurdeGeoreferenziertDurch": ["http://w3id.org/bb5kbc/site_212_activity"], "http://www.opengis.net/ont/geosparql#hasGeometry": ["http://w3id.org/bb5kbc/site_212_geom"], "http://www.w3.org/1999/02/22-rdf-syntax-ns#type": ["http://w3id.org/bb5kbc/ont/Fundstelle"], "http://www.w3.org/2000/01/rdf-schema#label": ["Brze\u015b\u0107 Kujawski 5"], "http://www.w3.org/2004/02/skos/core#prefLabel": ["Brze\u015b\u0107 Kujawski 5"]}, "geometry": {"type": "Point", "coordinates": [18.92, 52.61]}}, {"type": "Feature", "id": "http://w3id.org/bb5kbc/site_12", "name": "", "dateprops": [], "properties": {"http://fuzzy-sl.squirrel.link/ontology/certaintyLevel": ["https://fuzzy-sl.wikibase.cloud/entity/Q15"], "http://fuzzy-sl.squirrel.link/ontology/hasLocationType": ["https://fuzzy-sl.wikibase.cloud/entity/Q80"], "http://fuzzy-sl.squirrel.link/ontology/representativeGeometry": ["http://w3id.org/bb5kbc/site_12_geom"], "http://purl.org/dc/terms/identifier": ["12"], "http://rdfs.org/ns/void#inDataset": ["http://w3id.org/bb5kbc/Brandenburg_5000_BC_Data"], "http://w3id.org/bb5kbc/ont/hatFID": ["12"], "http://w3id.org/bb5kbc/ont/hatFundstellenID": ["279"], "http://w3id.org/bb5kbc/ont/hatFundstellenart": ["http://w3id.org/bb5kbc/fundstellenart_376218bc"], "http://w3id.org/bb5kbc/ont/hatGenauigkeit": ["50.0"], "http://w3id.org/bb5kbc/ont/hatKatalognummer": ["362"], "http://w3id.org/bb5kbc/ont/hatKulturelleZuordnung": ["http://w3id.org/bb5kbc/site_12_culture"], "http://w3id.org/bb5kbc/ont/hatPublikation": ["http://w3id.org/bb5kbc/pub_c5110572"], "http://w3id.org/bb5kbc/ont/inGemeinde": ["http://w3id.org/bb5kbc/gemeinde_92d70ce8"], "http://w3id.org/bb5kbc/ont/wurdeEntdecktDurch": ["http://w3id.org/bb5kbc/site_12_discovery"], "http://w3id.org/bb5kbc/ont/wurdeGeoreferenziertDurch": ["http://w3id.org/bb5kbc/site_12_activity"], "http://www.opengis.net/ont/geosparql#hasGeometry": ["http://w3id.org/bb5kbc/site_12_geom"], "http://www.w3.org/1999/02/22-rdf-syntax-ns#type": ["http://w3id.org/bb5kbc/ont/Fundstelle"], "http://www.w3.org/2000/01/rdf-schema#label": ["Memleben 1"], "http://www.w3.org/2004/02/skos/core#prefLabel": ["Memleben 1"]}, "geometry": {"type": "Point", "coordinates": [11.5, 51.27]}}, {"type": "Feature", "id": "http://w3id.org/bb5kbc/site_228", "name": "", "dateprops": [], "properties": {"http://fuzzy-sl.squirrel.link/ontology/certaintyLevel": ["https://fuzzy-sl.wikibase.cloud/entity/Q15"], "http://fuzzy-sl.squirrel.link/ontology/hasLocationType": ["https://fuzzy-sl.wikibase.cloud/entity/Q80"], "http://fuzzy-sl.squirrel.link/ontology/representativeGeometry": ["http://w3id.org/bb5kbc/site_228_geom"], "http://purl.org/dc/terms/identifier": ["228"], "http://rdfs.org/ns/void#inDataset": ["http://w3id.org/bb5kbc/Brandenburg_5000_BC_Data"], "http://w3id.org/bb5kbc/ont/hatFID": ["228"], "http://w3id.org/bb5kbc/ont/hatFundstellenID": ["377"], "http://w3id.org/bb5kbc/ont/hatFundstellenart": ["http://w3id.org/bb5kbc/fundstellenart_376218bc"], "http://w3id.org/bb5kbc/ont/hatGenauigkeit": ["50.0"], "http://w3id.org/bb5kbc/ont/hatKatalognummer": ["4"], "http://w3id.org/bb5kbc/ont/hatKulturelleZuordnung": ["http://w3id.org/bb5kbc/site_228_culture"], "http://w3id.org/bb5kbc/ont/hatPublikation": ["http://w3id.org/bb5kbc/pub_72ab46f0"], "http://w3id.org/bb5kbc/ont/inGemeinde": ["http://w3id.org/bb5kbc/gemeinde_07d65af2"], "http://w3id.org/bb5kbc/ont/wurdeEntdecktDurch": ["http://w3id.org/bb5kbc/site_228_discovery"], "http://w3id.org/bb5kbc/ont/wurdeGeoreferenziertDurch": ["http://w3id.org/bb5kbc/site_228_activity"], "http://www.opengis.net/ont/geosparql#hasGeometry": ["http://w3id.org/bb5kbc/site_228_geom"], "http://www.w3.org/1999/02/22-rdf-syntax-ns#type": ["http://w3id.org/bb5kbc/ont/Fundstelle"], "http://www.w3.org/2000/01/rdf-schema#label": ["R\u00f3wnina Dolna III"], "http://www.w3.org/2004/02/skos/core#prefLabel": ["R\u00f3wnina Dolna III"]}, "geometry": {"type": "Point", "coordinates": [21.23, 54.19]}}, {"type": "Feature", "id": "http://w3id.org/bb5kbc/site_27", "name": "", "dateprops": [], "properties": {"http://fuzzy-sl.squirrel.link/ontology/certaintyLevel": ["https://fuzzy-sl.wikibase.cloud/entity/Q15"], "http://fuzzy-sl.squirrel.link/ontology/hasLocationType": ["https://fuzzy-sl.wikibase.cloud/entity/Q80"], "http://fuzzy-sl.squirrel.link/ontology/representativeGeometry": ["http://w3id.org/bb5kbc/site_27_geom"], "http://purl.org/dc/terms/identifier": ["27"], "http://rdfs.org/ns/void#inDataset": ["http://w3id.org/bb5kbc/Brandenburg_5000_BC_Data"], "http://w3id.org/bb5kbc/ont/hatFID": ["27"], "http://w3id.org/bb5kbc/ont/hatFundstellenID": ["457"], "http://w3id.org/bb5kbc/ont/hatFundstellenart": ["http://w3id.org/bb5kbc/fundstellenart_376218bc"], "http://w3id.org/bb5kbc/ont/hatGenauigkeit": ["50.0"], "http://w3id.org/bb5kbc/ont/hatKatalognummer": ["312"], "http://w3id.org/bb5kbc/ont/hatKulturelleZuordnung": ["http://w3id.org/bb5kbc/site_27_culture"], "http://w3id.org/bb5kbc/ont/hatPublikation": ["http://w3id.org/bb5kbc/pub_c5110572"], "http://w3id.org/bb5kbc/ont/inGemeinde": ["http://w3id.org/bb5kbc/gemeinde_bcb69aa3"], "http://w3id.org/bb5kbc/ont/wurdeEntdecktDurch": ["http://w3id.org/bb5kbc/site_27_discovery"], "http://w3id.org/bb5kbc/ont/wurdeGeoreferenziertDurch": ["http://w3id.org/bb5kbc/site_27_activity"], "http://www.opengis.net/ont/geosparql#hasGeometry": ["http://w3id.org/bb5kbc/site_27_geom"], "http://www.w3.org/1999/02/22-rdf-syntax-ns#type": ["http://w3id.org/bb5kbc/ont/Fundstelle"], "http://www.w3.org/2000/01/rdf-schema#label": ["Wallendorf 14"], "http://www.w3.org/2004/02/skos/core#prefLabel": ["Wallendorf 14"]}, "geometry": {"type": "Point", "coordinates": [12.07, 51.36]}}, {"type": "Feature", "id": "http://w3id.org/bb5kbc/site_205", "name": "", "dateprops": [], "properties": {"http://fuzzy-sl.squirrel.link/ontology/certaintyLevel": ["https://fuzzy-sl.wikibase.cloud/entity/Q15"], "http://fuzzy-sl.squirrel.link/ontology/hasLocationType": ["https://fuzzy-sl.wikibase.cloud/entity/Q80"], "http://fuzzy-sl.squirrel.link/ontology/representativeGeometry": ["http://w3id.org/bb5kbc/site_205_geom"], "http://purl.org/dc/terms/identifier": ["205"], "http://rdfs.org/ns/void#inDataset": ["http://w3id.org/bb5kbc/Brandenburg_5000_BC_Data"], "http://w3id.org/bb5kbc/ont/hatFID": ["205"], "http://w3id.org/bb5kbc/ont/hatFundstellenID": ["249"], "http://w3id.org/bb5kbc/ont/hatFundstellenart": ["http://w3id.org/bb5kbc/fundstellenart_376218bc"], "http://w3id.org/bb5kbc/ont/hatGenauigkeit": ["200.0"], "http://w3id.org/bb5kbc/ont/hatKatalognummer": ["20"], "http://w3id.org/bb5kbc/ont/hatKulturelleZuordnung": ["http://w3id.org/bb5kbc/site_205_culture"], "http://w3id.org/bb5kbc/ont/hatPublikation": ["http://w3id.org/bb5kbc/pub_f53d5dd0"], "http://w3id.org/bb5kbc/ont/inGemeinde": ["http://w3id.org/bb5kbc/gemeinde_8d17a3ac"], "http://w3id.org/bb5kbc/ont/wurdeGeoreferenziertDurch": ["http://w3id.org/bb5kbc/site_205_activity"], "http://www.opengis.net/ont/geosparql#hasGeometry": ["http://w3id.org/bb5kbc/site_205_geom"], "http://www.w3.org/1999/02/22-rdf-syntax-ns#type": ["http://w3id.org/bb5kbc/ont/Fundstelle"], "http://www.w3.org/2000/01/rdf-schema#label": ["Kuczyna 1"], "http://www.w3.org/2004/02/skos/core#prefLabel": ["Kuczyna 1"]}, "geometry": {"type": "Point", "coordinates": [18.86, 52.62]}}, {"type": "Feature", "id": "http://w3id.org/bb5kbc/site_29", "name": "", "dateprops": [], "properties": {"http://fuzzy-sl.squirrel.link/ontology/certaintyLevel": ["https://fuzzy-sl.wikibase.cloud/entity/Q15"], "http://fuzzy-sl.squirrel.link/ontology/hasLocationType": ["https://fuzzy-sl.wikibase.cloud/entity/Q80"], "http://fuzzy-sl.squirrel.link/ontology/representativeGeometry": ["http://w3id.org/bb5kbc/site_29_geom"], "http://purl.org/dc/terms/identifier": ["29"], "http://rdfs.org/ns/void#inDataset": ["http://w3id.org/bb5kbc/Brandenburg_5000_BC_Data"], "http://w3id.org/bb5kbc/ont/hatFID": ["29"], "http://w3id.org/bb5kbc/ont/hatFundstellenID": ["505"], "http://w3id.org/bb5kbc/ont/hatFundstellenart": ["http://w3id.org/bb5kbc/fundstellenart_376218bc"], "http://w3id.org/bb5kbc/ont/hatGenauigkeit": ["50.0"], "http://w3id.org/bb5kbc/ont/hatKatalognummer": ["206"], "http://w3id.org/bb5kbc/ont/hatKulturelleZuordnung": ["http://w3id.org/bb5kbc/site_29_culture"], "http://w3id.org/bb5kbc/ont/hatPublikation": ["http://w3id.org/bb5kbc/pub_c5110572"], "http://w3id.org/bb5kbc/ont/inGemeinde": ["http://w3id.org/bb5kbc/gemeinde_e31295ec"], "http://w3id.org/bb5kbc/ont/wurdeEntdecktDurch": ["http://w3id.org/bb5kbc/site_29_discovery"], "http://w3id.org/bb5kbc/ont/wurdeGeoreferenziertDurch": ["http://w3id.org/bb5kbc/site_29_activity"], "http://www.opengis.net/ont/geosparql#hasGeometry": ["http://w3id.org/bb5kbc/site_29_geom"], "http://www.w3.org/1999/02/22-rdf-syntax-ns#type": ["http://w3id.org/bb5kbc/ont/Fundstelle"], "http://www.w3.org/2000/01/rdf-schema#label": ["Z\u00f6rbig 8"], "http://www.w3.org/2004/02/skos/core#prefLabel": ["Z\u00f6rbig 8"]}, "geometry": {"type": "Point", "coordinates": [12.11, 51.63]}}, {"type": "Feature", "id": "http://w3id.org/bb5kbc/site_20", "name": "", "dateprops": [], "properties": {"http://fuzzy-sl.squirrel.link/ontology/certaintyLevel": ["https://fuzzy-sl.wikibase.cloud/entity/Q15"], "http://fuzzy-sl.squirrel.link/ontology/hasLocationType": ["https://fuzzy-sl.wikibase.cloud/entity/Q80"], "http://fuzzy-sl.squirrel.link/ontology/representativeGeometry": ["http://w3id.org/bb5kbc/site_20_geom"], "http://purl.org/dc/terms/identifier": ["20"], "http://rdfs.org/ns/void#inDataset": ["http://w3id.org/bb5kbc/Brandenburg_5000_BC_Data"], "http://w3id.org/bb5kbc/ont/hatFID": ["20"], "http://w3id.org/bb5kbc/ont/hatFundstellenID": ["90"], "http://w3id.org/bb5kbc/ont/hatFundstellenart": ["http://w3id.org/bb5kbc/fundstellenart_376218bc"], "http://w3id.org/bb5kbc/ont/hatGenauigkeit": ["100.0"], "http://w3id.org/bb5kbc/ont/hatKatalognummer": ["492"], "http://w3id.org/bb5kbc/ont/hatKulturelleZuordnung": ["http://w3id.org/bb5kbc/site_20_culture"], "http://w3id.org/bb5kbc/ont/hatPublikation": ["http://w3id.org/bb5kbc/pub_c5110572"], "http://w3id.org/bb5kbc/ont/inGemeinde": ["http://w3id.org/bb5kbc/gemeinde_d666d93b"], "http://w3id.org/bb5kbc/ont/wurdeEntdecktDurch": ["http://w3id.org/bb5kbc/site_20_discovery"], "http://w3id.org/bb5kbc/ont/wurdeGeoreferenziertDurch": ["http://w3id.org/bb5kbc/site_20_activity"], "http://www.opengis.net/ont/geosparql#hasGeometry": ["http://w3id.org/bb5kbc/site_20_geom"], "http://www.w3.org/1999/02/22-rdf-syntax-ns#type": ["http://w3id.org/bb5kbc/ont/Fundstelle"], "http://www.w3.org/2000/01/rdf-schema#label": ["Calbe 6"], "http://www.w3.org/2004/02/skos/core#prefLabel": ["Calbe 6"]}, "geometry": {"type": "Point", "coordinates": [11.77, 51.89]}}, {"type": "Feature", "id": "http://w3id.org/bb5kbc/site_30", "name": "", "dateprops": [], "properties": {"http://fuzzy-sl.squirrel.link/ontology/certaintyLevel": ["https://fuzzy-sl.wikibase.cloud/entity/Q15"], "http://fuzzy-sl.squirrel.link/ontology/hasLocationType": ["https://fuzzy-sl.wikibase.cloud/entity/Q80"], "http://fuzzy-sl.squirrel.link/ontology/representativeGeometry": ["http://w3id.org/bb5kbc/site_30_geom"], "http://purl.org/dc/terms/identifier": ["30"], "http://rdfs.org/ns/void#inDataset": ["http://w3id.org/bb5kbc/Brandenburg_5000_BC_Data"], "http://w3id.org/bb5kbc/ont/hatFID": ["30"], "http://w3id.org/bb5kbc/ont/hatFundstellenID": ["438"], "http://w3id.org/bb5kbc/ont/hatFundstellenart": ["http://w3id.org/bb5kbc/fundstellenart_376218bc"], "http://w3id.org/bb5kbc/ont/hatGenauigkeit": ["100.0"], "http://w3id.org/bb5kbc/ont/hatKatalognummer": ["117"], "http://w3id.org/bb5kbc/ont/hatKulturelleZuordnung": ["http://w3id.org/bb5kbc/site_30_culture"], "http://w3id.org/bb5kbc/ont/hatPublikation": ["http://w3id.org/bb5kbc/pub_c5110572"], "http://w3id.org/bb5kbc/ont/inGemeinde": ["http://w3id.org/bb5kbc/gemeinde_7f02affe"], "http://w3id.org/bb5kbc/ont/wurdeEntdecktDurch": ["http://w3id.org/bb5kbc/site_30_discovery"], "http://w3id.org/bb5kbc/ont/wurdeGeoreferenziertDurch": ["http://w3id.org/bb5kbc/site_30_activity"], "http://www.opengis.net/ont/geosparql#hasGeometry": ["http://w3id.org/bb5kbc/site_30_geom"], "http://www.w3.org/1999/02/22-rdf-syntax-ns#type": ["http://w3id.org/bb5kbc/ont/Fundstelle"], "http://www.w3.org/2000/01/rdf-schema#label": ["Trebnitz"], "http://www.w3.org/2004/02/skos/core#prefLabel": ["Trebnitz"]}, "geometry": {"type": "Point", "coordinates": [12.14, 50.9]}}, {"type": "Feature", "id": "http://w3id.org/bb5kbc/site_17", "name": "", "dateprops": [], "properties": {"http://fuzzy-sl.squirrel.link/ontology/certaintyLevel": ["https://fuzzy-sl.wikibase.cloud/entity/Q15"], "http://fuzzy-sl.squirrel.link/ontology/hasLocationType": ["https://fuzzy-sl.wikibase.cloud/entity/Q80"], "http://fuzzy-sl.squirrel.link/ontology/representativeGeometry": ["http://w3id.org/bb5kbc/site_17_geom"], "http://purl.org/dc/terms/identifier": ["17"], "http://rdfs.org/ns/void#inDataset": ["http://w3id.org/bb5kbc/Brandenburg_5000_BC_Data"], "http://w3id.org/bb5kbc/ont/hatFID": ["17"], "http://w3id.org/bb5kbc/ont/hatFundstellenID": ["272"], "http://w3id.org/bb5kbc/ont/hatFundstellenart": ["http://w3id.org/bb5kbc/fundstellenart_376218bc"], "http://w3id.org/bb5kbc/ont/hatGenauigkeit": ["100.0"], "http://w3id.org/bb5kbc/ont/hatKatalognummer": ["478"], "http://w3id.org/bb5kbc/ont/hatKulturelleZuordnung": ["http://w3id.org/bb5kbc/site_17_culture"], "http://w3id.org/bb5kbc/ont/hatPublikation": ["http://w3id.org/bb5kbc/pub_c5110572"], "http://w3id.org/bb5kbc/ont/inGemeinde": ["http://w3id.org/bb5kbc/gemeinde_59aceadf"], "http://w3id.org/bb5kbc/ont/wurdeEntdecktDurch": ["http://w3id.org/bb5kbc/site_17_discovery"], "http://w3id.org/bb5kbc/ont/wurdeGeoreferenziertDurch": ["http://w3id.org/bb5kbc/site_17_activity"], "http://www.opengis.net/ont/geosparql#hasGeometry": ["http://w3id.org/bb5kbc/site_17_geom"], "http://www.w3.org/1999/02/22-rdf-syntax-ns#type": ["http://w3id.org/bb5kbc/ont/Fundstelle"], "http://www.w3.org/2000/01/rdf-schema#label": ["Magdeburg-Prester 4"], "http://www.w3.org/2004/02/skos/core#prefLabel": ["Magdeburg-Prester 4"]}, "geometry": {"type": "Point", "coordinates": [11.68, 52.11]}}, {"type": "Feature", "id": "http://w3id.org/bb5kbc/site_206", "name": "", "dateprops": [], "properties": {"http://fuzzy-sl.squirrel.link/ontology/certaintyLevel": ["https://fuzzy-sl.wikibase.cloud/entity/Q15"], "http://fuzzy-sl.squirrel.link/ontology/hasLocationType": ["https://fuzzy-sl.wikibase.cloud/entity/Q80"], "http://fuzzy-sl.squirrel.link/ontology/representativeGeometry": ["http://w3id.org/bb5kbc/site_206_geom"], "http://purl.org/dc/terms/identifier": ["206"], "http://rdfs.org/ns/void#inDataset": ["http://w3id.org/bb5kbc/Brandenburg_5000_BC_Data"], "http://w3id.org/bb5kbc/ont/hatFID": ["206"], "http://w3id.org/bb5kbc/ont/hatFundstellenID": ["473"], "http://w3id.org/bb5kbc/ont/hatFundstellenart": ["http://w3id.org/bb5kbc/fundstellenart_376218bc"], "http://w3id.org/bb5kbc/ont/hatGenauigkeit": ["200.0"], "http://w3id.org/bb5kbc/ont/hatKatalognummer": ["18"], "http://w3id.org/bb5kbc/ont/hatKulturelleZuordnung": ["http://w3id.org/bb5kbc/site_206_culture"], "http://w3id.org/bb5kbc/ont/hatPublikation": ["http://w3id.org/bb5kbc/pub_f53d5dd0"], "http://w3id.org/bb5kbc/ont/inGemeinde": ["http://w3id.org/bb5kbc/gemeinde_8d17a3ac"], "http://w3id.org/bb5kbc/ont/wurdeGeoreferenziertDurch": ["http://w3id.org/bb5kbc/site_206_activity"], "http://www.opengis.net/ont/geosparql#hasGeometry": ["http://w3id.org/bb5kbc/site_206_geom"], "http://www.w3.org/1999/02/22-rdf-syntax-ns#type": ["http://w3id.org/bb5kbc/ont/Fundstelle"], "http://www.w3.org/2000/01/rdf-schema#label": ["Wolica Nowa 41/05"], "http://www.w3.org/2004/02/skos/core#prefLabel": ["Wolica Nowa 41/05"]}, "geometry": {"type": "Point", "coordinates": [18.88, 52.64]}}, {"type": "Feature", "id": "http://w3id.org/bb5kbc/site_217", "name": "", "dateprops": [], "properties": {"http://fuzzy-sl.squirrel.link/ontology/certaintyLevel": ["https://fuzzy-sl.wikibase.cloud/entity/Q15"], "http://fuzzy-sl.squirrel.link/ontology/hasLocationType": ["https://fuzzy-sl.wikibase.cloud/entity/Q80"], "http://fuzzy-sl.squirrel.link/ontology/representativeGeometry": ["http://w3id.org/bb5kbc/site_217_geom"], "http://purl.org/dc/terms/identifier": ["217"], "http://rdfs.org/ns/void#inDataset": ["http://w3id.org/bb5kbc/Brandenburg_5000_BC_Data"], "http://w3id.org/bb5kbc/ont/hatFID": ["217"], "http://w3id.org/bb5kbc/ont/hatFundstellenID": ["178"], "http://w3id.org/bb5kbc/ont/hatFundstellenart": ["http://w3id.org/bb5kbc/fundstellenart_376218bc"], "http://w3id.org/bb5kbc/ont/hatGenauigkeit": ["200.0"], "http://w3id.org/bb5kbc/ont/hatKatalognummer": ["8"], "http://w3id.org/bb5kbc/ont/hatKulturelleZuordnung": ["http://w3id.org/bb5kbc/site_217_culture"], "http://w3id.org/bb5kbc/ont/hatPublikation": ["http://w3id.org/bb5kbc/pub_f53d5dd0"], "http://w3id.org/bb5kbc/ont/inGemeinde": ["http://w3id.org/bb5kbc/gemeinde_8d17a3ac"], "http://w3id.org/bb5kbc/ont/wurdeGeoreferenziertDurch": ["http://w3id.org/bb5kbc/site_217_activity"], "http://www.opengis.net/ont/geosparql#hasGeometry": ["http://w3id.org/bb5kbc/site_217_geom"], "http://www.w3.org/1999/02/22-rdf-syntax-ns#type": ["http://w3id.org/bb5kbc/ont/Fundstelle"], "http://www.w3.org/2000/01/rdf-schema#label": ["Gu\u017alin 3"], "http://www.w3.org/2004/02/skos/core#prefLabel": ["Gu\u017alin 3"]}, "geometry": {"type": "Point", "coordinates": [18.92, 52.59]}}], "numberMatched": 95, "numberReturned": 95, "bbox": [10.58, 50.9, 21.23, 54.48], "crs": "http://www.opengis.net/def/crs/EPSG/0/4326"}