{"type": "FeatureCollection", "id": "https://fuzzy-sl.wikibase.cloud/entity/Q24", "name": "low", "features": [{"type": "Feature", "id": "http://w3id.org/bb5kbc/site_561", "name": "", "dateprops": [], "properties": {"http://fuzzy-sl.squirrel.link/ontology/certaintyLevel": ["https://fuzzy-sl.wikibase.cloud/entity/Q24"], "http://fuzzy-sl.squirrel.link/ontology/hasLocationType": ["https://fuzzy-sl.wikibase.cloud/entity/Q80"], "http://fuzzy-sl.squirrel.link/ontology/representativeGeometry": ["http://w3id.org/bb5kbc/site_561_geom"], "http://purl.org/dc/terms/identifier": ["561"], "http://rdfs.org/ns/void#inDataset": ["http://w3id.org/bb5kbc/Brandenburg_5000_BC_Data"], "http://w3id.org/bb5kbc/ont/hatFID": ["561"], "http://w3id.org/bb5kbc/ont/hatFundstellenID": ["353"], "http://w3id.org/bb5kbc/ont/hatFundstellenart": ["http://w3id.org/bb5kbc/fundstellenart_1972902b"], "http://w3id.org/bb5kbc/ont/hatGenauigkeit": ["800.0"], "http://w3id.org/bb5kbc/ont/hatKatalognummer": ["2"], "http://w3id.org/bb5kbc/ont/hatKulturelleZuordnung": ["http://w3id.org/bb5kbc/site_561_culture"], "http://w3id.org/bb5kbc/ont/hatPublikation": ["http://w3id.org/bb5kbc/pub_69451dca"], "http://w3id.org/bb5kbc/ont/inGemeinde": ["http://w3id.org/bb5kbc/gemeinde_af614e64"], "http://w3id.org/bb5kbc/ont/wurdeEntdecktDurch": ["http://w3id.org/bb5kbc/site_561_discovery"], "http://w3id.org/bb5kbc/ont/wurdeGeoreferenziertDurch": ["http://w3id.org/bb5kbc/site_561_activity"], "http://www.opengis.net/ont/geosparql#hasGeometry": ["http://w3id.org/bb5kbc/site_561_geom"], "http://www.w3.org/1999/02/22-rdf-syntax-ns#type": ["http://w3id.org/bb5kbc/ont/Fundstelle"], "http://www.w3.org/2000/01/rdf-schema#label": ["Przylep 5"], "http://www.w3.org/2004/02/skos/core#prefLabel": ["Przylep 5"]}, "geometry": {"type": "Point", "coordinates": [14.46, 53.41]}}, {"type": "Feature", "id": "http://w3id.org/bb5kbc/site_129", "name": "", "dateprops": [], "properties": {"http://fuzzy-sl.squirrel.link/ontology/certaintyLevel": ["https://fuzzy-sl.wikibase.cloud/entity/Q24"], "http://fuzzy-sl.squirrel.link/ontology/hasLocationType": ["https://fuzzy-sl.wikibase.cloud/entity/Q80"], "http://fuzzy-sl.squirrel.link/ontology/representativeGeometry": ["http://w3id.org/bb5kbc/site_129_geom"], "http://purl.org/dc/terms/identifier": ["129"], "http://rdfs.org/ns/void#inDataset": ["http://w3id.org/bb5kbc/Brandenburg_5000_BC_Data"], "http://w3id.org/bb5kbc/ont/hatFID": ["129"], "http://w3id.org/bb5kbc/ont/hatFundstellenID": ["508"], "http://w3id.org/bb5kbc/ont/hatFundstellenart": ["http://w3id.org/bb5kbc/fundstellenart_1972902b", "http://w3id.org/bb5kbc/fundstellenart_b635ceb0"], "http://w3id.org/bb5kbc/ont/hatGenauigkeit": ["3000.0"], "http://w3id.org/bb5kbc/ont/hatKatalognummer": ["41"], "http://w3id.org/bb5kbc/ont/hatKulturelleZuordnung": ["http://w3id.org/bb5kbc/site_129_culture"], "http://w3id.org/bb5kbc/ont/hatPublikation": ["http://w3id.org/bb5kbc/pub_aab60e84"], "http://w3id.org/bb5kbc/ont/inGemeinde": ["http://w3id.org/bb5kbc/gemeinde_099020b6"], "http://w3id.org/bb5kbc/ont/wurdeEntdecktDurch": ["http://w3id.org/bb5kbc/site_129_discovery"], "http://w3id.org/bb5kbc/ont/wurdeGeoreferenziertDurch": ["http://w3id.org/bb5kbc/site_129_activity"], "http://www.opengis.net/ont/geosparql#hasGeometry": ["http://w3id.org/bb5kbc/site_129_geom"], "http://www.w3.org/1999/02/22-rdf-syntax-ns#type": ["http://w3id.org/bb5kbc/ont/Fundstelle"], "http://www.w3.org/2000/01/rdf-schema#label": ["\u017bukowice"], "http://www.w3.org/2004/02/skos/core#prefLabel": ["\u017bukowice"]}, "geometry": {"type": "Point", "coordinates": [15.98, 51.67]}}, {"type": "Feature", "id": "http://w3id.org/bb5kbc/site_160", "name": "", "dateprops": [], "properties": {"http://fuzzy-sl.squirrel.link/ontology/certaintyLevel": ["https://fuzzy-sl.wikibase.cloud/entity/Q24"], "http://fuzzy-sl.squirrel.link/ontology/hasLocationType": ["https://fuzzy-sl.wikibase.cloud/entity/Q80"], "http://fuzzy-sl.squirrel.link/ontology/representativeGeometry": ["http://w3id.org/bb5kbc/site_160_geom"], "http://purl.org/dc/terms/identifier": ["160"], "http://rdfs.org/ns/void#inDataset": ["http://w3id.org/bb5kbc/Brandenburg_5000_BC_Data"], "http://w3id.org/bb5kbc/ont/hatFID": ["160"], "http://w3id.org/bb5kbc/ont/hatFundstellenID": ["96"], "http://w3id.org/bb5kbc/ont/hatFundstellenart": ["http://w3id.org/bb5kbc/fundstellenart_376218bc"], "http://w3id.org/bb5kbc/ont/hatGenauigkeit": ["2000.0"], "http://w3id.org/bb5kbc/ont/hatKatalognummer": ["6"], "http://w3id.org/bb5kbc/ont/hatKulturelleZuordnung": ["http://w3id.org/bb5kbc/site_160_culture"], "http://w3id.org/bb5kbc/ont/hatPublikation": ["http://w3id.org/bb5kbc/pub_1ed4ab72"], "http://w3id.org/bb5kbc/ont/inGemeinde": ["http://w3id.org/bb5kbc/gemeinde_43ef91a0"], "http://w3id.org/bb5kbc/ont/wurdeGeoreferenziertDurch": ["http://w3id.org/bb5kbc/site_160_activity"], "http://www.opengis.net/ont/geosparql#hasGeometry": ["http://w3id.org/bb5kbc/site_160_geom"], "http://www.w3.org/1999/02/22-rdf-syntax-ns#type": ["http://w3id.org/bb5kbc/ont/Fundstelle"], "http://www.w3.org/2000/01/rdf-schema#label": ["Dankwitz/Dankowice"], "http://www.w3.org/2004/02/skos/core#prefLabel": ["Dankwitz/Dankowice"]}, "geometry": {"type": "Point", "coordinates": [16.87, 50.86]}}, {"type": "Feature", "id": "http://w3id.org/bb5kbc/site_161", "name": "", "dateprops": [], "properties": {"http://fuzzy-sl.squirrel.link/ontology/certaintyLevel": ["https://fuzzy-sl.wikibase.cloud/entity/Q24"], "http://fuzzy-sl.squirrel.link/ontology/hasLocationType": ["https://fuzzy-sl.wikibase.cloud/entity/Q80"], "http://fuzzy-sl.squirrel.link/ontology/representativeGeometry": ["http://w3id.org/bb5kbc/site_161_geom"], "http://purl.org/dc/terms/identifier": ["161"], "http://rdfs.org/ns/void#inDataset": ["http://w3id.org/bb5kbc/Brandenburg_5000_BC_Data"], "http://w3id.org/bb5kbc/ont/hatFID": ["161"], "http://w3id.org/bb5kbc/ont/hatFundstellenID": ["418"], "http://w3id.org/bb5kbc/ont/hatFundstellenart": ["http://w3id.org/bb5kbc/fundstellenart_376218bc"], "http://w3id.org/bb5kbc/ont/hatGenauigkeit": ["2500.0"], "http://w3id.org/bb5kbc/ont/hatKatalognummer": ["16"], "http://w3id.org/bb5kbc/ont/hatKulturelleZuordnung": ["http://w3id.org/bb5kbc/site_161_culture"], "http://w3id.org/bb5kbc/ont/hatPublikation": ["http://w3id.org/bb5kbc/pub_1ed4ab72"], "http://w3id.org/bb5kbc/ont/inGemeinde": ["http://w3id.org/bb5kbc/gemeinde_28687181"], "http://w3id.org/bb5kbc/ont/wurdeGeoreferenziertDurch": ["http://w3id.org/bb5kbc/site_161_activity"], "http://www.opengis.net/ont/geosparql#hasGeometry": ["http://w3id.org/bb5kbc/site_161_geom"], "http://www.w3.org/1999/02/22-rdf-syntax-ns#type": ["http://w3id.org/bb5kbc/ont/Fundstelle"], "http://www.w3.org/2000/01/rdf-schema#label": ["Stabelwitz/Stab\u0142owice"], "http://www.w3.org/2004/02/skos/core#prefLabel": ["Stabelwitz/Stab\u0142owice"]}, "geometry": {"type": "Point", "coordinates": [16.89, 51.15]}}, {"type": "Feature", "id": "http://w3id.org/bb5kbc/site_100", "name": "", "dateprops": [], "properties": {"http://fuzzy-sl.squirrel.link/ontology/certaintyLevel": ["https://fuzzy-sl.wikibase.cloud/entity/Q24"], "http://fuzzy-sl.squirrel.link/ontology/hasLocationType": ["https://fuzzy-sl.wikibase.cloud/entity/Q80"], "http://fuzzy-sl.squirrel.link/ontology/representativeGeometry": ["http://w3id.org/bb5kbc/site_100_geom"], "http://purl.org/dc/terms/identifier": ["100"], "http://rdfs.org/ns/void#inDataset": ["http://w3id.org/bb5kbc/Brandenburg_5000_BC_Data"], "http://w3id.org/bb5kbc/ont/hatFID": ["100"], "http://w3id.org/bb5kbc/ont/hatFundstellenID": ["420"], "http://w3id.org/bb5kbc/ont/hatFundstellenart": ["http://w3id.org/bb5kbc/fundstellenart_1972902b"], "http://w3id.org/bb5kbc/ont/hatGenauigkeit": ["2000.0"], "http://w3id.org/bb5kbc/ont/hatKatalognummer": ["27"], "http://w3id.org/bb5kbc/ont/hatKulturelleZuordnung": ["http://w3id.org/bb5kbc/site_100_culture"], "http://w3id.org/bb5kbc/ont/hatPublikation": ["http://w3id.org/bb5kbc/pub_aab60e84"], "http://w3id.org/bb5kbc/ont/inGemeinde": ["http://w3id.org/bb5kbc/gemeinde_455beb00"], "http://w3id.org/bb5kbc/ont/wurdeEntdecktDurch": ["http://w3id.org/bb5kbc/site_100_discovery"], "http://w3id.org/bb5kbc/ont/wurdeGeoreferenziertDurch": ["http://w3id.org/bb5kbc/site_100_activity"], "http://www.opengis.net/ont/geosparql#hasGeometry": ["http://w3id.org/bb5kbc/site_100_geom"], "http://www.w3.org/1999/02/22-rdf-syntax-ns#type": ["http://w3id.org/bb5kbc/ont/Fundstelle"], "http://www.w3.org/2000/01/rdf-schema#label": ["Stargard Gubi\u0144ski"], "http://www.w3.org/2004/02/skos/core#prefLabel": ["Stargard Gubi\u0144ski"]}, "geometry": {"type": "Point", "coordinates": [14.79, 51.88]}}, {"type": "Feature", "id": "http://w3id.org/bb5kbc/site_558", "name": "", "dateprops": [], "properties": {"http://fuzzy-sl.squirrel.link/ontology/certaintyLevel": ["https://fuzzy-sl.wikibase.cloud/entity/Q24"], "http://fuzzy-sl.squirrel.link/ontology/hasLocationType": ["https://fuzzy-sl.wikibase.cloud/entity/Q80"], "http://fuzzy-sl.squirrel.link/ontology/representativeGeometry": ["http://w3id.org/bb5kbc/site_558_geom"], "http://purl.org/dc/terms/identifier": ["558"], "http://rdfs.org/ns/void#inDataset": ["http://w3id.org/bb5kbc/Brandenburg_5000_BC_Data"], "http://w3id.org/bb5kbc/ont/hatFID": ["558"], "http://w3id.org/bb5kbc/ont/hatFundstellenID": ["291"], "http://w3id.org/bb5kbc/ont/hatFundstellenart": ["http://w3id.org/bb5kbc/fundstellenart_1972902b"], "http://w3id.org/bb5kbc/ont/hatGenauigkeit": ["800.0"], "http://w3id.org/bb5kbc/ont/hatKatalognummer": ["6"], "http://w3id.org/bb5kbc/ont/hatKulturelleZuordnung": ["http://w3id.org/bb5kbc/site_558_culture"], "http://w3id.org/bb5kbc/ont/hatPublikation": ["http://w3id.org/bb5kbc/pub_69451dca"], "http://w3id.org/bb5kbc/ont/inGemeinde": ["http://w3id.org/bb5kbc/gemeinde_b2684065"], "http://w3id.org/bb5kbc/ont/wurdeEntdecktDurch": ["http://w3id.org/bb5kbc/site_558_discovery"], "http://w3id.org/bb5kbc/ont/wurdeGeoreferenziertDurch": ["http://w3id.org/bb5kbc/site_558_activity"], "http://www.opengis.net/ont/geosparql#hasGeometry": ["http://w3id.org/bb5kbc/site_558_geom"], "http://www.w3.org/1999/02/22-rdf-syntax-ns#type": ["http://w3id.org/bb5kbc/ont/Fundstelle"], "http://www.w3.org/2000/01/rdf-schema#label": ["Mierzyn 9"], "http://www.w3.org/2004/02/skos/core#prefLabel": ["Mierzyn 9"]}, "geometry": {"type": "Point", "coordinates": [14.44, 53.43]}}, {"type": "Feature", "id": "http://w3id.org/bb5kbc/site_119", "name": "", "dateprops": [], "properties": {"http://fuzzy-sl.squirrel.link/ontology/certaintyLevel": ["https://fuzzy-sl.wikibase.cloud/entity/Q24"], "http://fuzzy-sl.squirrel.link/ontology/hasLocationType": ["https://fuzzy-sl.wikibase.cloud/entity/Q80"], "http://fuzzy-sl.squirrel.link/ontology/representativeGeometry": ["http://w3id.org/bb5kbc/site_119_geom"], "http://purl.org/dc/terms/identifier": ["119"], "http://rdfs.org/ns/void#inDataset": ["http://w3id.org/bb5kbc/Brandenburg_5000_BC_Data"], "http://w3id.org/bb5kbc/ont/hatFID": ["119"], "http://w3id.org/bb5kbc/ont/hatFundstellenID": ["469"], "http://w3id.org/bb5kbc/ont/hatFundstellenart": ["http://w3id.org/bb5kbc/fundstellenart_376218bc"], "http://w3id.org/bb5kbc/ont/hatGenauigkeit": ["1500.0"], "http://w3id.org/bb5kbc/ont/hatKatalognummer": ["19"], "http://w3id.org/bb5kbc/ont/hatKulturelleZuordnung": ["http://w3id.org/bb5kbc/site_119_culture"], "http://w3id.org/bb5kbc/ont/hatPublikation": ["http://w3id.org/bb5kbc/pub_aab60e84"], "http://w3id.org/bb5kbc/ont/inGemeinde": ["http://w3id.org/bb5kbc/gemeinde_65d485e2"], "http://w3id.org/bb5kbc/ont/wurdeEntdecktDurch": ["http://w3id.org/bb5kbc/site_119_discovery"], "http://w3id.org/bb5kbc/ont/wurdeGeoreferenziertDurch": ["http://w3id.org/bb5kbc/site_119_activity"], "http://www.opengis.net/ont/geosparql#hasGeometry": ["http://w3id.org/bb5kbc/site_119_geom"], "http://www.w3.org/1999/02/22-rdf-syntax-ns#type": ["http://w3id.org/bb5kbc/ont/Fundstelle"], "http://www.w3.org/2000/01/rdf-schema#label": ["Wojciechowo"], "http://www.w3.org/2004/02/skos/core#prefLabel": ["Wojciechowo"]}, "geometry": {"type": "Point", "coordinates": [15.53, 52.44]}}, {"type": "Feature", "id": "http://w3id.org/bb5kbc/site_139", "name": "", "dateprops": [], "properties": {"http://fuzzy-sl.squirrel.link/ontology/certaintyLevel": ["https://fuzzy-sl.wikibase.cloud/entity/Q24"], "http://fuzzy-sl.squirrel.link/ontology/hasLocationType": ["https://fuzzy-sl.wikibase.cloud/entity/Q80"], "http://fuzzy-sl.squirrel.link/ontology/representativeGeometry": ["http://w3id.org/bb5kbc/site_139_geom"], "http://purl.org/dc/terms/identifier": ["139"], "http://rdfs.org/ns/void#inDataset": ["http://w3id.org/bb5kbc/Brandenburg_5000_BC_Data"], "http://w3id.org/bb5kbc/ont/hatFID": ["139"], "http://w3id.org/bb5kbc/ont/hatFundstellenID": ["399"], "http://w3id.org/bb5kbc/ont/hatFundstellenart": ["http://w3id.org/bb5kbc/fundstellenart_b635ceb0"], "http://w3id.org/bb5kbc/ont/hatGenauigkeit": ["1000.0"], "http://w3id.org/bb5kbc/ont/hatKatalognummer": ["38"], "http://w3id.org/bb5kbc/ont/hatKulturelleZuordnung": ["http://w3id.org/bb5kbc/site_139_culture"], "http://w3id.org/bb5kbc/ont/hatPublikation": ["http://w3id.org/bb5kbc/pub_aab60e84"], "http://w3id.org/bb5kbc/ont/inGemeinde": ["http://w3id.org/bb5kbc/gemeinde_87523d5e"], "http://w3id.org/bb5kbc/ont/wurdeEntdecktDurch": ["http://w3id.org/bb5kbc/site_139_discovery"], "http://w3id.org/bb5kbc/ont/wurdeGeoreferenziertDurch": ["http://w3id.org/bb5kbc/site_139_activity"], "http://www.opengis.net/ont/geosparql#hasGeometry": ["http://w3id.org/bb5kbc/site_139_geom"], "http://www.w3.org/1999/02/22-rdf-syntax-ns#type": ["http://w3id.org/bb5kbc/ont/Fundstelle"], "http://www.w3.org/2000/01/rdf-schema#label": ["Schrepau/Krzep\u00f3w"], "http://www.w3.org/2004/02/skos/core#prefLabel": ["Schrepau/Krzep\u00f3w"]}, "geometry": {"type": "Point", "coordinates": [16.14, 51.65]}}, {"type": "Feature", "id": "http://w3id.org/bb5kbc/site_150", "name": "", "dateprops": [], "properties": {"http://fuzzy-sl.squirrel.link/ontology/certaintyLevel": ["https://fuzzy-sl.wikibase.cloud/entity/Q24"], "http://fuzzy-sl.squirrel.link/ontology/hasLocationType": ["https://fuzzy-sl.wikibase.cloud/entity/Q80"], "http://fuzzy-sl.squirrel.link/ontology/representativeGeometry": ["http://w3id.org/bb5kbc/site_150_geom"], "http://purl.org/dc/terms/identifier": ["150"], "http://rdfs.org/ns/void#inDataset": ["http://w3id.org/bb5kbc/Brandenburg_5000_BC_Data"], "http://w3id.org/bb5kbc/ont/hatFID": ["150"], "http://w3id.org/bb5kbc/ont/hatFundstellenID": ["173"], "http://w3id.org/bb5kbc/ont/hatFundstellenart": ["http://w3id.org/bb5kbc/fundstellenart_1972902b"], "http://w3id.org/bb5kbc/ont/hatGenauigkeit": ["3000.0"], "http://w3id.org/bb5kbc/ont/hatKulturelleZuordnung": ["http://w3id.org/bb5kbc/site_150_culture"], "http://w3id.org/bb5kbc/ont/hatPublikation": ["http://w3id.org/bb5kbc/pub_b7c68a6f"], "http://w3id.org/bb5kbc/ont/inGemeinde": ["http://w3id.org/bb5kbc/gemeinde_634a28ea"], "http://w3id.org/bb5kbc/ont/wurdeEntdecktDurch": ["http://w3id.org/bb5kbc/site_150_discovery"], "http://w3id.org/bb5kbc/ont/wurdeGeoreferenziertDurch": ["http://w3id.org/bb5kbc/site_150_activity"], "http://www.opengis.net/ont/geosparql#hasGeometry": ["http://w3id.org/bb5kbc/site_150_geom"], "http://www.w3.org/1999/02/22-rdf-syntax-ns#type": ["http://w3id.org/bb5kbc/ont/Fundstelle"], "http://www.w3.org/2000/01/rdf-schema#label": ["Guhrau/G\u00f3ra"], "http://www.w3.org/2004/02/skos/core#prefLabel": ["Guhrau/G\u00f3ra"]}, "geometry": {"type": "Point", "coordinates": [16.54, 51.67]}}, {"type": "Feature", "id": "http://w3id.org/bb5kbc/site_159", "name": "", "dateprops": [], "properties": {"http://fuzzy-sl.squirrel.link/ontology/certaintyLevel": ["https://fuzzy-sl.wikibase.cloud/entity/Q24"], "http://fuzzy-sl.squirrel.link/ontology/hasLocationType": ["https://fuzzy-sl.wikibase.cloud/entity/Q80"], "http://fuzzy-sl.squirrel.link/ontology/representativeGeometry": ["http://w3id.org/bb5kbc/site_159_geom"], "http://purl.org/dc/terms/identifier": ["159"], "http://rdfs.org/ns/void#inDataset": ["http://w3id.org/bb5kbc/Brandenburg_5000_BC_Data"], "http://w3id.org/bb5kbc/ont/hatFID": ["159"], "http://w3id.org/bb5kbc/ont/hatFundstellenID": ["203"], "http://w3id.org/bb5kbc/ont/hatFundstellenart": ["http://w3id.org/bb5kbc/fundstellenart_376218bc"], "http://w3id.org/bb5kbc/ont/hatGenauigkeit": ["3000.0"], "http://w3id.org/bb5kbc/ont/hatKatalognummer": ["7"], "http://w3id.org/bb5kbc/ont/hatKulturelleZuordnung": ["http://w3id.org/bb5kbc/site_159_culture"], "http://w3id.org/bb5kbc/ont/hatPublikation": ["http://w3id.org/bb5kbc/pub_1ed4ab72"], "http://w3id.org/bb5kbc/ont/inGemeinde": ["http://w3id.org/bb5kbc/gemeinde_43ef91a0"], "http://w3id.org/bb5kbc/ont/wurdeGeoreferenziertDurch": ["http://w3id.org/bb5kbc/site_159_activity"], "http://www.opengis.net/ont/geosparql#hasGeometry": ["http://w3id.org/bb5kbc/site_159_geom"], "http://www.w3.org/1999/02/22-rdf-syntax-ns#type": ["http://w3id.org/bb5kbc/ont/Fundstelle"], "http://www.w3.org/2000/01/rdf-schema#label": ["Jordansm\u00fchl/Jordan\u00f3w \u015al\u0105ski"], "http://www.w3.org/2004/02/skos/core#prefLabel": ["Jordansm\u00fchl/Jordan\u00f3w \u015al\u0105ski"]}, "geometry": {"type": "Point", "coordinates": [16.87, 50.86]}}, {"type": "Feature", "id": "http://w3id.org/bb5kbc/site_155", "name": "", "dateprops": [], "properties": {"http://fuzzy-sl.squirrel.link/ontology/certaintyLevel": ["https://fuzzy-sl.wikibase.cloud/entity/Q24"], "http://fuzzy-sl.squirrel.link/ontology/hasLocationType": ["https://fuzzy-sl.wikibase.cloud/entity/Q80"], "http://fuzzy-sl.squirrel.link/ontology/representativeGeometry": ["http://w3id.org/bb5kbc/site_155_geom"], "http://purl.org/dc/terms/identifier": ["155"], "http://rdfs.org/ns/void#inDataset": ["http://w3id.org/bb5kbc/Brandenburg_5000_BC_Data"], "http://w3id.org/bb5kbc/ont/hatFID": ["155"], "http://w3id.org/bb5kbc/ont/hatFundstellenID": ["250"], "http://w3id.org/bb5kbc/ont/hatFundstellenart": ["http://w3id.org/bb5kbc/fundstellenart_376218bc"], "http://w3id.org/bb5kbc/ont/hatGenauigkeit": ["1000.0"], "http://w3id.org/bb5kbc/ont/hatKatalognummer": ["8"], "http://w3id.org/bb5kbc/ont/hatKulturelleZuordnung": ["http://w3id.org/bb5kbc/site_155_culture"], "http://w3id.org/bb5kbc/ont/hatPublikation": ["http://w3id.org/bb5kbc/pub_1ed4ab72"], "http://w3id.org/bb5kbc/ont/inGemeinde": ["http://w3id.org/bb5kbc/gemeinde_a805f245"], "http://w3id.org/bb5kbc/ont/wurdeGeoreferenziertDurch": ["http://w3id.org/bb5kbc/site_155_activity"], "http://www.opengis.net/ont/geosparql#hasGeometry": ["http://w3id.org/bb5kbc/site_155_geom"], "http://www.w3.org/1999/02/22-rdf-syntax-ns#type": ["http://w3id.org/bb5kbc/ont/Fundstelle"], "http://www.w3.org/2000/01/rdf-schema#label": ["Kuhnau/Kun\u00f3w"], "http://www.w3.org/2004/02/skos/core#prefLabel": ["Kuhnau/Kun\u00f3w"]}, "geometry": {"type": "Point", "coordinates": [16.8, 50.9]}}, {"type": "Feature", "id": "http://w3id.org/bb5kbc/site_512", "name": "", "dateprops": [], "properties": {"http://fuzzy-sl.squirrel.link/ontology/certaintyLevel": ["https://fuzzy-sl.wikibase.cloud/entity/Q24"], "http://fuzzy-sl.squirrel.link/ontology/hasLocationType": ["https://fuzzy-sl.wikibase.cloud/entity/Q80"], "http://fuzzy-sl.squirrel.link/ontology/representativeGeometry": ["http://w3id.org/bb5kbc/site_512_geom"], "http://purl.org/dc/terms/identifier": ["512"], "http://rdfs.org/ns/void#inDataset": ["http://w3id.org/bb5kbc/Brandenburg_5000_BC_Data"], "http://w3id.org/bb5kbc/ont/hatFID": ["512"], "http://w3id.org/bb5kbc/ont/hatFundstellenID": ["228"], "http://w3id.org/bb5kbc/ont/hatFundstellenart": ["http://w3id.org/bb5kbc/fundstellenart_1972902b"], "http://w3id.org/bb5kbc/ont/hatGenauigkeit": ["1000.0"], "http://w3id.org/bb5kbc/ont/hatKatalognummer": ["68"], "http://w3id.org/bb5kbc/ont/hatKulturelleZuordnung": ["http://w3id.org/bb5kbc/site_512_culture"], "http://w3id.org/bb5kbc/ont/hatPublikation": ["http://w3id.org/bb5kbc/pub_d3fe8d6a"], "http://w3id.org/bb5kbc/ont/inGemeinde": ["http://w3id.org/bb5kbc/gemeinde_d568b9b5"], "http://w3id.org/bb5kbc/ont/wurdeEntdecktDurch": ["http://w3id.org/bb5kbc/site_512_discovery"], "http://w3id.org/bb5kbc/ont/wurdeGeoreferenziertDurch": ["http://w3id.org/bb5kbc/site_512_activity"], "http://www.opengis.net/ont/geosparql#hasGeometry": ["http://w3id.org/bb5kbc/site_512_geom"], "http://www.w3.org/1999/02/22-rdf-syntax-ns#type": ["http://w3id.org/bb5kbc/ont/Fundstelle"], "http://www.w3.org/2000/01/rdf-schema#label": ["Konary 20"], "http://www.w3.org/2004/02/skos/core#prefLabel": ["Konary 20"]}, "geometry": {"type": "Point", "coordinates": [18.49, 52.73]}}, {"type": "Feature", "id": "http://w3id.org/bb5kbc/site_550", "name": "", "dateprops": [], "properties": {"http://fuzzy-sl.squirrel.link/ontology/certaintyLevel": ["https://fuzzy-sl.wikibase.cloud/entity/Q24"], "http://fuzzy-sl.squirrel.link/ontology/hasLocationType": ["https://fuzzy-sl.wikibase.cloud/entity/Q80"], "http://fuzzy-sl.squirrel.link/ontology/representativeGeometry": ["http://w3id.org/bb5kbc/site_550_geom"], "http://purl.org/dc/terms/identifier": ["550"], "http://rdfs.org/ns/void#inDataset": ["http://w3id.org/bb5kbc/Brandenburg_5000_BC_Data"], "http://w3id.org/bb5kbc/ont/hatFID": ["550"], "http://w3id.org/bb5kbc/ont/hatFundstellenID": ["326"], "http://w3id.org/bb5kbc/ont/hatFundstellenart": ["http://w3id.org/bb5kbc/fundstellenart_376218bc"], "http://w3id.org/bb5kbc/ont/hatGenauigkeit": ["1500.0"], "http://w3id.org/bb5kbc/ont/hatKatalognummer": ["97"], "http://w3id.org/bb5kbc/ont/hatKulturelleZuordnung": ["http://w3id.org/bb5kbc/site_550_culture"], "http://w3id.org/bb5kbc/ont/hatPublikation": ["http://w3id.org/bb5kbc/pub_920f260d"], "http://w3id.org/bb5kbc/ont/inGemeinde": ["http://w3id.org/bb5kbc/gemeinde_0c4453de"], "http://w3id.org/bb5kbc/ont/wurdeGeoreferenziertDurch": ["http://w3id.org/bb5kbc/site_550_activity"], "http://www.opengis.net/ont/geosparql#hasGeometry": ["http://w3id.org/bb5kbc/site_550_geom"], "http://www.w3.org/1999/02/22-rdf-syntax-ns#type": ["http://w3id.org/bb5kbc/ont/Fundstelle"], "http://www.w3.org/2000/01/rdf-schema#label": ["Piaski 4"], "http://www.w3.org/2004/02/skos/core#prefLabel": ["Piaski 4"]}, "geometry": {"type": "Point", "coordinates": [18.44, 52.68]}}, {"type": "Feature", "id": "http://w3id.org/bb5kbc/site_99", "name": "", "dateprops": [], "properties": {"http://fuzzy-sl.squirrel.link/ontology/certaintyLevel": ["https://fuzzy-sl.wikibase.cloud/entity/Q24"], "http://fuzzy-sl.squirrel.link/ontology/hasLocationType": ["https://fuzzy-sl.wikibase.cloud/entity/Q80"], "http://fuzzy-sl.squirrel.link/ontology/representativeGeometry": ["http://w3id.org/bb5kbc/site_99_geom"], "http://purl.org/dc/terms/identifier": ["99"], "http://rdfs.org/ns/void#inDataset": ["http://w3id.org/bb5kbc/Brandenburg_5000_BC_Data"], "http://w3id.org/bb5kbc/ont/hatFID": ["99"], "http://w3id.org/bb5kbc/ont/hatFundstellenID": ["225"], "http://w3id.org/bb5kbc/ont/hatFundstellenart": ["http://w3id.org/bb5kbc/fundstellenart_1972902b"], "http://w3id.org/bb5kbc/ont/hatGenauigkeit": ["2000.0"], "http://w3id.org/bb5kbc/ont/hatKatalognummer": ["24"], "http://w3id.org/bb5kbc/ont/hatKulturelleZuordnung": ["http://w3id.org/bb5kbc/site_99_culture"], "http://w3id.org/bb5kbc/ont/hatPublikation": ["http://w3id.org/bb5kbc/pub_aab60e84"], "http://w3id.org/bb5kbc/ont/inGemeinde": ["http://w3id.org/bb5kbc/gemeinde_e7108498"], "http://w3id.org/bb5kbc/ont/wurdeEntdecktDurch": ["http://w3id.org/bb5kbc/site_99_discovery"], "http://w3id.org/bb5kbc/ont/wurdeGeoreferenziertDurch": ["http://w3id.org/bb5kbc/site_99_activity"], "http://www.opengis.net/ont/geosparql#hasGeometry": ["http://w3id.org/bb5kbc/site_99_geom"], "http://www.w3.org/1999/02/22-rdf-syntax-ns#type": ["http://w3id.org/bb5kbc/ont/Fundstelle"], "http://www.w3.org/2000/01/rdf-schema#label": ["Ko\u0142o"], "http://www.w3.org/2004/02/skos/core#prefLabel": ["Ko\u0142o"]}, "geometry": {"type": "Point", "coordinates": [14.78, 51.84]}}, {"type": "Feature", "id": "http://w3id.org/bb5kbc/site_125", "name": "", "dateprops": [], "properties": {"http://fuzzy-sl.squirrel.link/ontology/certaintyLevel": ["https://fuzzy-sl.wikibase.cloud/entity/Q24"], "http://fuzzy-sl.squirrel.link/ontology/hasLocationType": ["https://fuzzy-sl.wikibase.cloud/entity/Q80"], "http://fuzzy-sl.squirrel.link/ontology/representativeGeometry": ["http://w3id.org/bb5kbc/site_125_geom"], "http://purl.org/dc/terms/identifier": ["125"], "http://rdfs.org/ns/void#inDataset": ["http://w3id.org/bb5kbc/Brandenburg_5000_BC_Data"], "http://w3id.org/bb5kbc/ont/hatFID": ["125"], "http://w3id.org/bb5kbc/ont/hatFundstellenID": ["470"], "http://w3id.org/bb5kbc/ont/hatFundstellenart": ["http://w3id.org/bb5kbc/fundstellenart_376218bc"], "http://w3id.org/bb5kbc/ont/hatGenauigkeit": ["1500.0"], "http://w3id.org/bb5kbc/ont/hatKatalognummer": ["30"], "http://w3id.org/bb5kbc/ont/hatKulturelleZuordnung": ["http://w3id.org/bb5kbc/site_125_culture"], "http://w3id.org/bb5kbc/ont/hatPublikation": ["http://w3id.org/bb5kbc/pub_aab60e84"], "http://w3id.org/bb5kbc/ont/inGemeinde": ["http://w3id.org/bb5kbc/gemeinde_fe851cf4"], "http://w3id.org/bb5kbc/ont/wurdeEntdecktDurch": ["http://w3id.org/bb5kbc/site_125_discovery"], "http://w3id.org/bb5kbc/ont/wurdeGeoreferenziertDurch": ["http://w3id.org/bb5kbc/site_125_activity"], "http://www.opengis.net/ont/geosparql#hasGeometry": ["http://w3id.org/bb5kbc/site_125_geom"], "http://www.w3.org/1999/02/22-rdf-syntax-ns#type": ["http://w3id.org/bb5kbc/ont/Fundstelle"], "http://www.w3.org/2000/01/rdf-schema#label": ["Wojnowo"], "http://www.w3.org/2004/02/skos/core#prefLabel": ["Wojnowo"]}, "geometry": {"type": "Point", "coordinates": [15.79, 52.1]}}, {"type": "Feature", "id": "http://w3id.org/bb5kbc/site_140", "name": "", "dateprops": [], "properties": {"http://fuzzy-sl.squirrel.link/ontology/certaintyLevel": ["https://fuzzy-sl.wikibase.cloud/entity/Q24"], "http://fuzzy-sl.squirrel.link/ontology/hasLocationType": ["https://fuzzy-sl.wikibase.cloud/entity/Q80"], "http://fuzzy-sl.squirrel.link/ontology/representativeGeometry": ["http://w3id.org/bb5kbc/site_140_geom"], "http://purl.org/dc/terms/identifier": ["140"], "http://rdfs.org/ns/void#inDataset": ["http://w3id.org/bb5kbc/Brandenburg_5000_BC_Data"], "http://w3id.org/bb5kbc/ont/hatFID": ["140"], "http://w3id.org/bb5kbc/ont/hatFundstellenID": ["3"], "http://w3id.org/bb5kbc/ont/hatFundstellenart": ["http://w3id.org/bb5kbc/fundstellenart_376218bc"], "http://w3id.org/bb5kbc/ont/hatGenauigkeit": ["2500.0"], "http://w3id.org/bb5kbc/ont/hatKatalognummer": ["19"], "http://w3id.org/bb5kbc/ont/hatKulturelleZuordnung": ["http://w3id.org/bb5kbc/site_140_culture"], "http://w3id.org/bb5kbc/ont/hatPublikation": ["http://w3id.org/bb5kbc/pub_1ed4ab72"], "http://w3id.org/bb5kbc/ont/inGemeinde": ["http://w3id.org/bb5kbc/gemeinde_c647e7ed"], "http://w3id.org/bb5kbc/ont/wurdeGeoreferenziertDurch": ["http://w3id.org/bb5kbc/site_140_activity"], "http://www.opengis.net/ont/geosparql#hasGeometry": ["http://w3id.org/bb5kbc/site_140_geom"], "http://www.w3.org/1999/02/22-rdf-syntax-ns#type": ["http://w3id.org/bb5kbc/ont/Fundstelle"], "http://www.w3.org/2000/01/rdf-schema#label": ["Alt Jauer/Stary Jaw\u00f3r"], "http://www.w3.org/2004/02/skos/core#prefLabel": ["Alt Jauer/Stary Jaw\u00f3r"]}, "geometry": {"type": "Point", "coordinates": [16.16, 51.08]}}, {"type": "Feature", "id": "http://w3id.org/bb5kbc/site_541", "name": "", "dateprops": [], "properties": {"http://fuzzy-sl.squirrel.link/ontology/certaintyLevel": ["https://fuzzy-sl.wikibase.cloud/entity/Q24"], "http://fuzzy-sl.squirrel.link/ontology/hasLocationType": ["https://fuzzy-sl.wikibase.cloud/entity/Q80"], "http://fuzzy-sl.squirrel.link/ontology/representativeGeometry": ["http://w3id.org/bb5kbc/site_541_geom"], "http://purl.org/dc/terms/identifier": ["541"], "http://rdfs.org/ns/void#inDataset": ["http://w3id.org/bb5kbc/Brandenburg_5000_BC_Data"], "http://w3id.org/bb5kbc/ont/hatFID": ["541"], "http://w3id.org/bb5kbc/ont/hatFundstellenID": ["200"], "http://w3id.org/bb5kbc/ont/hatFundstellenart": ["http://w3id.org/bb5kbc/fundstellenart_1972902b"], "http://w3id.org/bb5kbc/ont/hatGenauigkeit": ["1500.0"], "http://w3id.org/bb5kbc/ont/hatKatalognummer": ["54"], "http://w3id.org/bb5kbc/ont/hatKulturelleZuordnung": ["http://w3id.org/bb5kbc/site_541_culture"], "http://w3id.org/bb5kbc/ont/hatPublikation": ["http://w3id.org/bb5kbc/pub_d3fe8d6a"], "http://w3id.org/bb5kbc/ont/inGemeinde": ["http://w3id.org/bb5kbc/gemeinde_f8e717c1"], "http://w3id.org/bb5kbc/ont/wurdeEntdecktDurch": ["http://w3id.org/bb5kbc/site_541_discovery"], "http://w3id.org/bb5kbc/ont/wurdeGeoreferenziertDurch": ["http://w3id.org/bb5kbc/site_541_activity"], "http://www.opengis.net/ont/geosparql#hasGeometry": ["http://w3id.org/bb5kbc/site_541_geom"], "http://www.w3.org/1999/02/22-rdf-syntax-ns#type": ["http://w3id.org/bb5kbc/ont/Fundstelle"], "http://www.w3.org/2000/01/rdf-schema#label": ["Jankowo 4"], "http://www.w3.org/2004/02/skos/core#prefLabel": ["Jankowo 4"]}, "geometry": {"type": "Point", "coordinates": [18.08, 52.79]}}, {"type": "Feature", "id": "http://w3id.org/bb5kbc/site_538", "name": "", "dateprops": [], "properties": {"http://fuzzy-sl.squirrel.link/ontology/certaintyLevel": ["https://fuzzy-sl.wikibase.cloud/entity/Q24"], "http://fuzzy-sl.squirrel.link/ontology/hasLocationType": ["https://fuzzy-sl.wikibase.cloud/entity/Q80"], "http://fuzzy-sl.squirrel.link/ontology/representativeGeometry": ["http://w3id.org/bb5kbc/site_538_geom"], "http://purl.org/dc/terms/identifier": ["538"], "http://rdfs.org/ns/void#inDataset": ["http://w3id.org/bb5kbc/Brandenburg_5000_BC_Data"], "http://w3id.org/bb5kbc/ont/hatFID": ["538"], "http://w3id.org/bb5kbc/ont/hatFundstellenID": ["93"], "http://w3id.org/bb5kbc/ont/hatFundstellenart": ["http://w3id.org/bb5kbc/fundstellenart_376218bc"], "http://w3id.org/bb5kbc/ont/hatGenauigkeit": ["1000.0"], "http://w3id.org/bb5kbc/ont/hatKatalognummer": ["27"], "http://w3id.org/bb5kbc/ont/hatKulturelleZuordnung": ["http://w3id.org/bb5kbc/site_538_culture"], "http://w3id.org/bb5kbc/ont/hatPublikation": ["http://w3id.org/bb5kbc/pub_d3fe8d6a"], "http://w3id.org/bb5kbc/ont/inGemeinde": ["http://w3id.org/bb5kbc/gemeinde_30b450ec"], "http://w3id.org/bb5kbc/ont/wurdeGeoreferenziertDurch": ["http://w3id.org/bb5kbc/site_538_activity"], "http://www.opengis.net/ont/geosparql#hasGeometry": ["http://w3id.org/bb5kbc/site_538_geom"], "http://www.w3.org/1999/02/22-rdf-syntax-ns#type": ["http://w3id.org/bb5kbc/ont/Fundstelle"], "http://www.w3.org/2000/01/rdf-schema#label": ["Ciechocinek - Wolica"], "http://www.w3.org/2004/02/skos/core#prefLabel": ["Ciechocinek - Wolica"]}, "geometry": {"type": "Point", "coordinates": [18.79, 52.89]}}, {"type": "Feature", "id": "http://w3id.org/bb5kbc/site_169", "name": "", "dateprops": [], "properties": {"http://fuzzy-sl.squirrel.link/ontology/certaintyLevel": ["https://fuzzy-sl.wikibase.cloud/entity/Q24"], "http://fuzzy-sl.squirrel.link/ontology/hasLocationType": ["https://fuzzy-sl.wikibase.cloud/entity/Q80"], "http://fuzzy-sl.squirrel.link/ontology/representativeGeometry": ["http://w3id.org/bb5kbc/site_169_geom"], "http://purl.org/dc/terms/identifier": ["169"], "http://rdfs.org/ns/void#inDataset": ["http://w3id.org/bb5kbc/Brandenburg_5000_BC_Data"], "http://w3id.org/bb5kbc/ont/hatFID": ["169"], "http://w3id.org/bb5kbc/ont/hatFundstellenID": ["197"], "http://w3id.org/bb5kbc/ont/hatFundstellenart": ["http://w3id.org/bb5kbc/fundstellenart_922703ea"], "http://w3id.org/bb5kbc/ont/hatGenauigkeit": ["1000.0"], "http://w3id.org/bb5kbc/ont/hatKatalognummer": ["49"], "http://w3id.org/bb5kbc/ont/hatKulturelleZuordnung": ["http://w3id.org/bb5kbc/site_169_culture"], "http://w3id.org/bb5kbc/ont/hatPublikation": ["http://w3id.org/bb5kbc/pub_d3fe8d6a"], "http://w3id.org/bb5kbc/ont/inGemeinde": ["http://w3id.org/bb5kbc/gemeinde_442bdcd1"], "http://w3id.org/bb5kbc/ont/wurdeEntdecktDurch": ["http://w3id.org/bb5kbc/site_169_discovery"], "http://w3id.org/bb5kbc/ont/wurdeGeoreferenziertDurch": ["http://w3id.org/bb5kbc/site_169_activity"], "http://www.opengis.net/ont/geosparql#hasGeometry": ["http://w3id.org/bb5kbc/site_169_geom"], "http://www.w3.org/1999/02/22-rdf-syntax-ns#type": ["http://w3id.org/bb5kbc/ont/Fundstelle"], "http://www.w3.org/2000/01/rdf-schema#label": ["Iwno"], "http://www.w3.org/2004/02/skos/core#prefLabel": ["Iwno"]}, "geometry": {"type": "Point", "coordinates": [17.43, 53.04]}}, {"type": "Feature", "id": "http://w3id.org/bb5kbc/site_516", "name": "", "dateprops": [], "properties": {"http://fuzzy-sl.squirrel.link/ontology/certaintyLevel": ["https://fuzzy-sl.wikibase.cloud/entity/Q24"], "http://fuzzy-sl.squirrel.link/ontology/hasLocationType": ["https://fuzzy-sl.wikibase.cloud/entity/Q80"], "http://fuzzy-sl.squirrel.link/ontology/representativeGeometry": ["http://w3id.org/bb5kbc/site_516_geom"], "http://purl.org/dc/terms/identifier": ["516"], "http://rdfs.org/ns/void#inDataset": ["http://w3id.org/bb5kbc/Brandenburg_5000_BC_Data"], "http://w3id.org/bb5kbc/ont/hatFID": ["516"], "http://w3id.org/bb5kbc/ont/hatFundstellenID": ["74"], "http://w3id.org/bb5kbc/ont/hatFundstellenart": ["http://w3id.org/bb5kbc/fundstellenart_1972902b"], "http://w3id.org/bb5kbc/ont/hatGenauigkeit": ["1500.0"], "http://w3id.org/bb5kbc/ont/hatKatalognummer": ["11"], "http://w3id.org/bb5kbc/ont/hatKulturelleZuordnung": ["http://w3id.org/bb5kbc/site_516_culture"], "http://w3id.org/bb5kbc/ont/hatPublikation": ["http://w3id.org/bb5kbc/pub_920f260d"], "http://w3id.org/bb5kbc/ont/inGemeinde": ["http://w3id.org/bb5kbc/gemeinde_a4b9efc1"], "http://w3id.org/bb5kbc/ont/wurdeEntdecktDurch": ["http://w3id.org/bb5kbc/site_516_discovery"], "http://w3id.org/bb5kbc/ont/wurdeGeoreferenziertDurch": ["http://w3id.org/bb5kbc/site_516_activity"], "http://www.opengis.net/ont/geosparql#hasGeometry": ["http://w3id.org/bb5kbc/site_516_geom"], "http://www.w3.org/1999/02/22-rdf-syntax-ns#type": ["http://w3id.org/bb5kbc/ont/Fundstelle"], "http://www.w3.org/2000/01/rdf-schema#label": ["Broniewice 1"], "http://www.w3.org/2004/02/skos/core#prefLabel": ["Broniewice 1"]}, "geometry": {"type": "Point", "coordinates": [18.08, 52.73]}}, {"type": "Feature", "id": "http://w3id.org/bb5kbc/site_156", "name": "", "dateprops": [], "properties": {"http://fuzzy-sl.squirrel.link/ontology/certaintyLevel": ["https://fuzzy-sl.wikibase.cloud/entity/Q24"], "http://fuzzy-sl.squirrel.link/ontology/hasLocationType": ["https://fuzzy-sl.wikibase.cloud/entity/Q80"], "http://fuzzy-sl.squirrel.link/ontology/representativeGeometry": ["http://w3id.org/bb5kbc/site_156_geom"], "http://purl.org/dc/terms/identifier": ["156"], "http://rdfs.org/ns/void#inDataset": ["http://w3id.org/bb5kbc/Brandenburg_5000_BC_Data"], "http://w3id.org/bb5kbc/ont/hatFID": ["156"], "http://w3id.org/bb5kbc/ont/hatFundstellenID": ["147"], "http://w3id.org/bb5kbc/ont/hatFundstellenart": ["http://w3id.org/bb5kbc/fundstellenart_376218bc"], "http://w3id.org/bb5kbc/ont/hatGenauigkeit": ["3000.0"], "http://w3id.org/bb5kbc/ont/hatKatalognummer": ["13"], "http://w3id.org/bb5kbc/ont/hatKulturelleZuordnung": ["http://w3id.org/bb5kbc/site_156_culture"], "http://w3id.org/bb5kbc/ont/hatPublikation": ["http://w3id.org/bb5kbc/pub_1ed4ab72"], "http://w3id.org/bb5kbc/ont/inGemeinde": ["http://w3id.org/bb5kbc/gemeinde_e586fde4"], "http://w3id.org/bb5kbc/ont/wurdeGeoreferenziertDurch": ["http://w3id.org/bb5kbc/site_156_activity"], "http://www.opengis.net/ont/geosparql#hasGeometry": ["http://w3id.org/bb5kbc/site_156_geom"], "http://www.w3.org/1999/02/22-rdf-syntax-ns#type": ["http://w3id.org/bb5kbc/ont/Fundstelle"], "http://www.w3.org/2000/01/rdf-schema#label": ["Gnichwitz/Gniechowice"], "http://www.w3.org/2004/02/skos/core#prefLabel": ["Gnichwitz/Gniechowice"]}, "geometry": {"type": "Point", "coordinates": [16.83, 50.99]}}, {"type": "Feature", "id": "http://w3id.org/bb5kbc/site_554", "name": "", "dateprops": [], "properties": {"http://fuzzy-sl.squirrel.link/ontology/certaintyLevel": ["https://fuzzy-sl.wikibase.cloud/entity/Q24"], "http://fuzzy-sl.squirrel.link/ontology/hasLocationType": ["https://fuzzy-sl.wikibase.cloud/entity/Q80"], "http://fuzzy-sl.squirrel.link/ontology/representativeGeometry": ["http://w3id.org/bb5kbc/site_554_geom"], "http://purl.org/dc/terms/identifier": ["554"], "http://rdfs.org/ns/void#inDataset": ["http://w3id.org/bb5kbc/Brandenburg_5000_BC_Data"], "http://w3id.org/bb5kbc/ont/hatFID": ["554"], "http://w3id.org/bb5kbc/ont/hatFundstellenID": ["448"], "http://w3id.org/bb5kbc/ont/hatFundstellenart": ["http://w3id.org/bb5kbc/fundstellenart_376218bc"], "http://w3id.org/bb5kbc/ont/hatGenauigkeit": ["800.0"], "http://w3id.org/bb5kbc/ont/hatKatalognummer": ["10"], "http://w3id.org/bb5kbc/ont/hatKulturelleZuordnung": ["http://w3id.org/bb5kbc/site_554_culture"], "http://w3id.org/bb5kbc/ont/hatPublikation": ["http://w3id.org/bb5kbc/pub_907840f1"], "http://w3id.org/bb5kbc/ont/inGemeinde": ["http://w3id.org/bb5kbc/gemeinde_af614e64"], "http://w3id.org/bb5kbc/ont/wurdeGeoreferenziertDurch": ["http://w3id.org/bb5kbc/site_554_activity"], "http://www.opengis.net/ont/geosparql#hasGeometry": ["http://w3id.org/bb5kbc/site_554_geom"], "http://www.w3.org/1999/02/22-rdf-syntax-ns#type": ["http://w3id.org/bb5kbc/ont/Fundstelle"], "http://www.w3.org/2000/01/rdf-schema#label": ["Ustowo 24"], "http://www.w3.org/2004/02/skos/core#prefLabel": ["Ustowo 24"]}, "geometry": {"type": "Point", "coordinates": [14.52, 53.39]}}, {"type": "Feature", "id": "http://w3id.org/bb5kbc/site_557", "name": "", "dateprops": [], "properties": {"http://fuzzy-sl.squirrel.link/ontology/certaintyLevel": ["https://fuzzy-sl.wikibase.cloud/entity/Q24"], "http://fuzzy-sl.squirrel.link/ontology/hasLocationType": ["https://fuzzy-sl.wikibase.cloud/entity/Q80"], "http://fuzzy-sl.squirrel.link/ontology/representativeGeometry": ["http://w3id.org/bb5kbc/site_557_geom"], "http://purl.org/dc/terms/identifier": ["557"], "http://rdfs.org/ns/void#inDataset": ["http://w3id.org/bb5kbc/Brandenburg_5000_BC_Data"], "http://w3id.org/bb5kbc/ont/hatFID": ["557"], "http://w3id.org/bb5kbc/ont/hatFundstellenID": ["289"], "http://w3id.org/bb5kbc/ont/hatFundstellenart": ["http://w3id.org/bb5kbc/fundstellenart_1972902b"], "http://w3id.org/bb5kbc/ont/hatGenauigkeit": ["800.0"], "http://w3id.org/bb5kbc/ont/hatKatalognummer": ["7"], "http://w3id.org/bb5kbc/ont/hatKulturelleZuordnung": ["http://w3id.org/bb5kbc/site_557_culture"], "http://w3id.org/bb5kbc/ont/hatPublikation": ["http://w3id.org/bb5kbc/pub_69451dca"], "http://w3id.org/bb5kbc/ont/inGemeinde": ["http://w3id.org/bb5kbc/gemeinde_b2684065"], "http://w3id.org/bb5kbc/ont/wurdeEntdecktDurch": ["http://w3id.org/bb5kbc/site_557_discovery"], "http://w3id.org/bb5kbc/ont/wurdeGeoreferenziertDurch": ["http://w3id.org/bb5kbc/site_557_activity"], "http://www.opengis.net/ont/geosparql#hasGeometry": ["http://w3id.org/bb5kbc/site_557_geom"], "http://www.w3.org/1999/02/22-rdf-syntax-ns#type": ["http://w3id.org/bb5kbc/ont/Fundstelle"], "http://www.w3.org/2000/01/rdf-schema#label": ["Mierzyn 5 (36)"], "http://www.w3.org/2004/02/skos/core#prefLabel": ["Mierzyn 5 (36)"]}, "geometry": {"type": "Point", "coordinates": [14.46, 53.42]}}, {"type": "Feature", "id": "http://w3id.org/bb5kbc/site_142", "name": "", "dateprops": [], "properties": {"http://fuzzy-sl.squirrel.link/ontology/certaintyLevel": ["https://fuzzy-sl.wikibase.cloud/entity/Q24"], "http://fuzzy-sl.squirrel.link/ontology/hasLocationType": ["https://fuzzy-sl.wikibase.cloud/entity/Q80"], "http://fuzzy-sl.squirrel.link/ontology/representativeGeometry": ["http://w3id.org/bb5kbc/site_142_geom"], "http://purl.org/dc/terms/identifier": ["142"], "http://rdfs.org/ns/void#inDataset": ["http://w3id.org/bb5kbc/Brandenburg_5000_BC_Data"], "http://w3id.org/bb5kbc/ont/hatFID": ["142"], "http://w3id.org/bb5kbc/ont/hatFundstellenID": ["352"], "http://w3id.org/bb5kbc/ont/hatFundstellenart": ["http://w3id.org/bb5kbc/fundstellenart_b635ceb0"], "http://w3id.org/bb5kbc/ont/hatGenauigkeit": ["4000.0"], "http://w3id.org/bb5kbc/ont/hatKatalognummer": ["39"], "http://w3id.org/bb5kbc/ont/hatKulturelleZuordnung": ["http://w3id.org/bb5kbc/site_142_culture"], "http://w3id.org/bb5kbc/ont/hatPublikation": ["http://w3id.org/bb5kbc/pub_1ed4ab72"], "http://w3id.org/bb5kbc/ont/inGemeinde": ["http://w3id.org/bb5kbc/gemeinde_87523d5e"], "http://w3id.org/bb5kbc/ont/wurdeEntdecktDurch": ["http://w3id.org/bb5kbc/site_142_discovery"], "http://w3id.org/bb5kbc/ont/wurdeGeoreferenziertDurch": ["http://w3id.org/bb5kbc/site_142_activity"], "http://www.opengis.net/ont/geosparql#hasGeometry": ["http://w3id.org/bb5kbc/site_142_geom"], "http://www.w3.org/1999/02/22-rdf-syntax-ns#type": ["http://w3id.org/bb5kbc/ont/Fundstelle"], "http://www.w3.org/2000/01/rdf-schema#label": ["Priedemost/Przedmo\u015bcie"], "http://www.w3.org/2004/02/skos/core#prefLabel": ["Priedemost/Przedmo\u015bcie"]}, "geometry": {"type": "Point", "coordinates": [16.16, 51.63]}}, {"type": "Feature", "id": "http://w3id.org/bb5kbc/site_522", "name": "", "dateprops": [], "properties": {"http://fuzzy-sl.squirrel.link/ontology/certaintyLevel": ["https://fuzzy-sl.wikibase.cloud/entity/Q24"], "http://fuzzy-sl.squirrel.link/ontology/hasLocationType": ["https://fuzzy-sl.wikibase.cloud/entity/Q80"], "http://fuzzy-sl.squirrel.link/ontology/representativeGeometry": ["http://w3id.org/bb5kbc/site_522_geom"], "http://purl.org/dc/terms/identifier": ["522"], "http://rdfs.org/ns/void#inDataset": ["http://w3id.org/bb5kbc/Brandenburg_5000_BC_Data"], "http://w3id.org/bb5kbc/ont/hatFID": ["522"], "http://w3id.org/bb5kbc/ont/hatFundstellenID": ["417"], "http://w3id.org/bb5kbc/ont/hatFundstellenart": ["http://w3id.org/bb5kbc/fundstellenart_376218bc"], "http://w3id.org/bb5kbc/ont/hatGenauigkeit": ["1000.0"], "http://w3id.org/bb5kbc/ont/hatKatalognummer": ["115"], "http://w3id.org/bb5kbc/ont/hatKulturelleZuordnung": ["http://w3id.org/bb5kbc/site_522_culture"], "http://w3id.org/bb5kbc/ont/hatPublikation": ["http://w3id.org/bb5kbc/pub_d3fe8d6a"], "http://w3id.org/bb5kbc/ont/inGemeinde": ["http://w3id.org/bb5kbc/gemeinde_dcfcf708"], "http://w3id.org/bb5kbc/ont/wurdeGeoreferenziertDurch": ["http://w3id.org/bb5kbc/site_522_activity"], "http://www.opengis.net/ont/geosparql#hasGeometry": ["http://w3id.org/bb5kbc/site_522_geom"], "http://www.w3.org/1999/02/22-rdf-syntax-ns#type": ["http://w3id.org/bb5kbc/ont/Fundstelle"], "http://www.w3.org/2000/01/rdf-schema#label": ["Srebrenog\u00f3ra"], "http://www.w3.org/2004/02/skos/core#prefLabel": ["Srebrenog\u00f3ra"]}, "geometry": {"type": "Point", "coordinates": [17.51, 52.89]}}, {"type": "Feature", "id": "http://w3id.org/bb5kbc/site_560", "name": "", "dateprops": [], "properties": {"http://fuzzy-sl.squirrel.link/ontology/certaintyLevel": ["https://fuzzy-sl.wikibase.cloud/entity/Q24"], "http://fuzzy-sl.squirrel.link/ontology/hasLocationType": ["https://fuzzy-sl.wikibase.cloud/entity/Q80"], "http://fuzzy-sl.squirrel.link/ontology/representativeGeometry": ["http://w3id.org/bb5kbc/site_560_geom"], "http://purl.org/dc/terms/identifier": ["560"], "http://rdfs.org/ns/void#inDataset": ["http://w3id.org/bb5kbc/Brandenburg_5000_BC_Data"], "http://w3id.org/bb5kbc/ont/hatFID": ["560"], "http://w3id.org/bb5kbc/ont/hatFundstellenID": ["461"], "http://w3id.org/bb5kbc/ont/hatFundstellenart": ["http://w3id.org/bb5kbc/fundstellenart_1972902b"], "http://w3id.org/bb5kbc/ont/hatGenauigkeit": ["800.0"], "http://w3id.org/bb5kbc/ont/hatKatalognummer": ["4"], "http://w3id.org/bb5kbc/ont/hatKulturelleZuordnung": ["http://w3id.org/bb5kbc/site_560_culture"], "http://w3id.org/bb5kbc/ont/hatPublikation": ["http://w3id.org/bb5kbc/pub_69451dca"], "http://w3id.org/bb5kbc/ont/inGemeinde": ["http://w3id.org/bb5kbc/gemeinde_af614e64"], "http://w3id.org/bb5kbc/ont/wurdeEntdecktDurch": ["http://w3id.org/bb5kbc/site_560_discovery"], "http://w3id.org/bb5kbc/ont/wurdeGeoreferenziertDurch": ["http://w3id.org/bb5kbc/site_560_activity"], "http://www.opengis.net/ont/geosparql#hasGeometry": ["http://w3id.org/bb5kbc/site_560_geom"], "http://www.w3.org/1999/02/22-rdf-syntax-ns#type": ["http://w3id.org/bb5kbc/ont/Fundstelle"], "http://www.w3.org/2000/01/rdf-schema#label": ["Warzymice 2"], "http://www.w3.org/2004/02/skos/core#prefLabel": ["Warzymice 2"]}, "geometry": {"type": "Point", "coordinates": [14.46, 53.38]}}, {"type": "Feature", "id": "http://w3id.org/bb5kbc/site_148", "name": "", "dateprops": [], "properties": {"http://fuzzy-sl.squirrel.link/ontology/certaintyLevel": ["https://fuzzy-sl.wikibase.cloud/entity/Q24"], "http://fuzzy-sl.squirrel.link/ontology/hasLocationType": ["https://fuzzy-sl.wikibase.cloud/entity/Q80"], "http://fuzzy-sl.squirrel.link/ontology/representativeGeometry": ["http://w3id.org/bb5kbc/site_148_geom"], "http://purl.org/dc/terms/identifier": ["148"], "http://rdfs.org/ns/void#inDataset": ["http://w3id.org/bb5kbc/Brandenburg_5000_BC_Data"], "http://w3id.org/bb5kbc/ont/hatFID": ["148"], "http://w3id.org/bb5kbc/ont/hatFundstellenID": ["2"], "http://w3id.org/bb5kbc/ont/hatFundstellenart": ["http://w3id.org/bb5kbc/fundstellenart_376218bc"], "http://w3id.org/bb5kbc/ont/hatGenauigkeit": ["3000.0"], "http://w3id.org/bb5kbc/ont/hatKatalognummer": ["28"], "http://w3id.org/bb5kbc/ont/hatKulturelleZuordnung": ["http://w3id.org/bb5kbc/site_148_culture"], "http://w3id.org/bb5kbc/ont/hatPublikation": ["http://w3id.org/bb5kbc/pub_1ed4ab72"], "http://w3id.org/bb5kbc/ont/inGemeinde": ["http://w3id.org/bb5kbc/gemeinde_634a28ea"], "http://w3id.org/bb5kbc/ont/wurdeGeoreferenziertDurch": ["http://w3id.org/bb5kbc/site_148_activity"], "http://www.opengis.net/ont/geosparql#hasGeometry": ["http://w3id.org/bb5kbc/site_148_geom"], "http://www.w3.org/1999/02/22-rdf-syntax-ns#type": ["http://w3id.org/bb5kbc/ont/Fundstelle"], "http://www.w3.org/2000/01/rdf-schema#label": ["Alt Guhrau/Stara G\u00f3ra"], "http://www.w3.org/2004/02/skos/core#prefLabel": ["Alt Guhrau/Stara G\u00f3ra"]}, "geometry": {"type": "Point", "coordinates": [16.52, 51.66]}}, {"type": "Feature", "id": "http://w3id.org/bb5kbc/site_158", "name": "", "dateprops": [], "properties": {"http://fuzzy-sl.squirrel.link/ontology/certaintyLevel": ["https://fuzzy-sl.wikibase.cloud/entity/Q24"], "http://fuzzy-sl.squirrel.link/ontology/hasLocationType": ["https://fuzzy-sl.wikibase.cloud/entity/Q80"], "http://fuzzy-sl.squirrel.link/ontology/representativeGeometry": ["http://w3id.org/bb5kbc/site_158_geom"], "http://purl.org/dc/terms/identifier": ["158"], "http://rdfs.org/ns/void#inDataset": ["http://w3id.org/bb5kbc/Brandenburg_5000_BC_Data"], "http://w3id.org/bb5kbc/ont/hatFID": ["158"], "http://w3id.org/bb5kbc/ont/hatFundstellenID": ["354"], "http://w3id.org/bb5kbc/ont/hatFundstellenart": ["http://w3id.org/bb5kbc/fundstellenart_376218bc"], "http://w3id.org/bb5kbc/ont/hatGenauigkeit": ["2000.0"], "http://w3id.org/bb5kbc/ont/hatKatalognummer": ["12"], "http://w3id.org/bb5kbc/ont/hatKulturelleZuordnung": ["http://w3id.org/bb5kbc/site_158_culture"], "http://w3id.org/bb5kbc/ont/hatPublikation": ["http://w3id.org/bb5kbc/pub_1ed4ab72"], "http://w3id.org/bb5kbc/ont/inGemeinde": ["http://w3id.org/bb5kbc/gemeinde_e7dc4d81"], "http://w3id.org/bb5kbc/ont/wurdeGeoreferenziertDurch": ["http://w3id.org/bb5kbc/site_158_activity"], "http://www.opengis.net/ont/geosparql#hasGeometry": ["http://w3id.org/bb5kbc/site_158_geom"], "http://www.w3.org/1999/02/22-rdf-syntax-ns#type": ["http://w3id.org/bb5kbc/ont/Fundstelle"], "http://www.w3.org/2000/01/rdf-schema#label": ["Puschkowa/Pustk\u00f3w \u017burawski"], "http://www.w3.org/2004/02/skos/core#prefLabel": ["Puschkowa/Pustk\u00f3w \u017burawski"]}, "geometry": {"type": "Point", "coordinates": [16.86, 50.96]}}, {"type": "Feature", "id": "http://w3id.org/bb5kbc/site_120", "name": "", "dateprops": [], "properties": {"http://fuzzy-sl.squirrel.link/ontology/certaintyLevel": ["https://fuzzy-sl.wikibase.cloud/entity/Q24"], "http://fuzzy-sl.squirrel.link/ontology/hasLocationType": ["https://fuzzy-sl.wikibase.cloud/entity/Q80"], "http://fuzzy-sl.squirrel.link/ontology/representativeGeometry": ["http://w3id.org/bb5kbc/site_120_geom"], "http://purl.org/dc/terms/identifier": ["120"], "http://rdfs.org/ns/void#inDataset": ["http://w3id.org/bb5kbc/Brandenburg_5000_BC_Data"], "http://w3id.org/bb5kbc/ont/hatFID": ["120"], "http://w3id.org/bb5kbc/ont/hatFundstellenID": ["306"], "http://w3id.org/bb5kbc/ont/hatFundstellenart": ["http://w3id.org/bb5kbc/fundstellenart_376218bc"], "http://w3id.org/bb5kbc/ont/hatGenauigkeit": ["1000.0"], "http://w3id.org/bb5kbc/ont/hatKulturelleZuordnung": ["http://w3id.org/bb5kbc/site_120_culture"], "http://w3id.org/bb5kbc/ont/hatPublikation": ["http://w3id.org/bb5kbc/pub_b7c68a6f"], "http://w3id.org/bb5kbc/ont/inGemeinde": ["http://w3id.org/bb5kbc/gemeinde_96d6e90b"], "http://w3id.org/bb5kbc/ont/wurdeEntdecktDurch": ["http://w3id.org/bb5kbc/site_120_discovery"], "http://w3id.org/bb5kbc/ont/wurdeGeoreferenziertDurch": ["http://w3id.org/bb5kbc/site_120_activity"], "http://www.opengis.net/ont/geosparql#hasGeometry": ["http://w3id.org/bb5kbc/site_120_geom"], "http://www.w3.org/1999/02/22-rdf-syntax-ns#type": ["http://w3id.org/bb5kbc/ont/Fundstelle"], "http://www.w3.org/2000/01/rdf-schema#label": ["Niederguhren/Kije"], "http://www.w3.org/2004/02/skos/core#prefLabel": ["Niederguhren/Kije"]}, "geometry": {"type": "Point", "coordinates": [15.54, 52.1]}}, {"type": "Feature", "id": "http://w3id.org/bb5kbc/site_528", "name": "", "dateprops": [], "properties": {"http://fuzzy-sl.squirrel.link/ontology/certaintyLevel": ["https://fuzzy-sl.wikibase.cloud/entity/Q24"], "http://fuzzy-sl.squirrel.link/ontology/hasLocationType": ["https://fuzzy-sl.wikibase.cloud/entity/Q80"], "http://fuzzy-sl.squirrel.link/ontology/representativeGeometry": ["http://w3id.org/bb5kbc/site_528_geom"], "http://purl.org/dc/terms/identifier": ["528"], "http://rdfs.org/ns/void#inDataset": ["http://w3id.org/bb5kbc/Brandenburg_5000_BC_Data"], "http://w3id.org/bb5kbc/ont/hatFID": ["528"], "http://w3id.org/bb5kbc/ont/hatFundstellenID": ["102"], "http://w3id.org/bb5kbc/ont/hatFundstellenart": ["http://w3id.org/bb5kbc/fundstellenart_376218bc"], "http://w3id.org/bb5kbc/ont/hatGenauigkeit": ["1500.0"], "http://w3id.org/bb5kbc/ont/hatKatalognummer": ["34"], "http://w3id.org/bb5kbc/ont/hatKulturelleZuordnung": ["http://w3id.org/bb5kbc/site_528_culture"], "http://w3id.org/bb5kbc/ont/hatPublikation": ["http://w3id.org/bb5kbc/pub_d3fe8d6a"], "http://w3id.org/bb5kbc/ont/inGemeinde": ["http://w3id.org/bb5kbc/gemeinde_b5edf5ed"], "http://w3id.org/bb5kbc/ont/wurdeGeoreferenziertDurch": ["http://w3id.org/bb5kbc/site_528_activity"], "http://www.opengis.net/ont/geosparql#hasGeometry": ["http://w3id.org/bb5kbc/site_528_geom"], "http://www.w3.org/1999/02/22-rdf-syntax-ns#type": ["http://w3id.org/bb5kbc/ont/Fundstelle"], "http://www.w3.org/2000/01/rdf-schema#label": ["Dobre 4"], "http://www.w3.org/2004/02/skos/core#prefLabel": ["Dobre 4"]}, "geometry": {"type": "Point", "coordinates": [18.57, 52.69]}}, {"type": "Feature", "id": "http://w3id.org/bb5kbc/site_511", "name": "", "dateprops": [], "properties": {"http://fuzzy-sl.squirrel.link/ontology/certaintyLevel": ["https://fuzzy-sl.wikibase.cloud/entity/Q24"], "http://fuzzy-sl.squirrel.link/ontology/hasLocationType": ["https://fuzzy-sl.wikibase.cloud/entity/Q80"], "http://fuzzy-sl.squirrel.link/ontology/representativeGeometry": ["http://w3id.org/bb5kbc/site_511_geom"], "http://purl.org/dc/terms/identifier": ["511"], "http://rdfs.org/ns/void#inDataset": ["http://w3id.org/bb5kbc/Brandenburg_5000_BC_Data"], "http://w3id.org/bb5kbc/ont/hatFID": ["511"], "http://w3id.org/bb5kbc/ont/hatFundstellenID": ["196"], "http://w3id.org/bb5kbc/ont/hatFundstellenart": ["http://w3id.org/bb5kbc/fundstellenart_1972902b"], "http://w3id.org/bb5kbc/ont/hatGenauigkeit": ["1500.0"], "http://w3id.org/bb5kbc/ont/hatKatalognummer": ["47"], "http://w3id.org/bb5kbc/ont/hatKulturelleZuordnung": ["http://w3id.org/bb5kbc/site_511_culture"], "http://w3id.org/bb5kbc/ont/hatPublikation": ["http://w3id.org/bb5kbc/pub_d3fe8d6a"], "http://w3id.org/bb5kbc/ont/inGemeinde": ["http://w3id.org/bb5kbc/gemeinde_5cf23149"], "http://w3id.org/bb5kbc/ont/wurdeEntdecktDurch": ["http://w3id.org/bb5kbc/site_511_discovery"], "http://w3id.org/bb5kbc/ont/wurdeGeoreferenziertDurch": ["http://w3id.org/bb5kbc/site_511_activity"], "http://www.opengis.net/ont/geosparql#hasGeometry": ["http://w3id.org/bb5kbc/site_511_geom"], "http://www.w3.org/1999/02/22-rdf-syntax-ns#type": ["http://w3id.org/bb5kbc/ont/Fundstelle"], "http://www.w3.org/2000/01/rdf-schema#label": ["Inowroclaw - M\u0105twy 5/3"], "http://www.w3.org/2004/02/skos/core#prefLabel": ["Inowroclaw - M\u0105twy 5/3"]}, "geometry": {"type": "Point", "coordinates": [18.26, 52.74]}}, {"type": "Feature", "id": "http://w3id.org/bb5kbc/site_15", "name": "", "dateprops": [], "properties": {"http://fuzzy-sl.squirrel.link/ontology/certaintyLevel": ["https://fuzzy-sl.wikibase.cloud/entity/Q24"], "http://fuzzy-sl.squirrel.link/ontology/hasLocationType": ["https://fuzzy-sl.wikibase.cloud/entity/Q80"], "http://fuzzy-sl.squirrel.link/ontology/representativeGeometry": ["http://w3id.org/bb5kbc/site_15_geom"], "http://purl.org/dc/terms/identifier": ["15"], "http://rdfs.org/ns/void#inDataset": ["http://w3id.org/bb5kbc/Brandenburg_5000_BC_Data"], "http://w3id.org/bb5kbc/ont/hatFID": ["15"], "http://w3id.org/bb5kbc/ont/hatFundstellenID": ["201"], "http://w3id.org/bb5kbc/ont/hatFundstellenart": ["http://w3id.org/bb5kbc/fundstellenart_376218bc"], "http://w3id.org/bb5kbc/ont/hatGenauigkeit": ["500.0"], "http://w3id.org/bb5kbc/ont/hatKatalognummer": ["534"], "http://w3id.org/bb5kbc/ont/hatKulturelleZuordnung": ["http://w3id.org/bb5kbc/site_15_culture"], "http://w3id.org/bb5kbc/ont/hatPublikation": ["http://w3id.org/bb5kbc/pub_c5110572"], "http://w3id.org/bb5kbc/ont/inGemeinde": ["http://w3id.org/bb5kbc/gemeinde_0c37a662"], "http://w3id.org/bb5kbc/ont/wurdeEntdecktDurch": ["http://w3id.org/bb5kbc/site_15_discovery"], "http://w3id.org/bb5kbc/ont/wurdeGeoreferenziertDurch": ["http://w3id.org/bb5kbc/site_15_activity"], "http://www.opengis.net/ont/geosparql#hasGeometry": ["http://w3id.org/bb5kbc/site_15_geom"], "http://www.w3.org/1999/02/22-rdf-syntax-ns#type": ["http://w3id.org/bb5kbc/ont/Fundstelle"], "http://www.w3.org/2000/01/rdf-schema#label": ["Jersleben 2"], "http://www.w3.org/2004/02/skos/core#prefLabel": ["Jersleben 2"]}, "geometry": {"type": "Point", "coordinates": [11.56, 52.24]}}, {"type": "Feature", "id": "http://w3id.org/bb5kbc/site_238", "name": "", "dateprops": [], "properties": {"http://fuzzy-sl.squirrel.link/ontology/certaintyLevel": ["https://fuzzy-sl.wikibase.cloud/entity/Q24"], "http://fuzzy-sl.squirrel.link/ontology/hasLocationType": ["https://fuzzy-sl.wikibase.cloud/entity/Q80"], "http://fuzzy-sl.squirrel.link/ontology/representativeGeometry": ["http://w3id.org/bb5kbc/site_238_geom"], "http://purl.org/dc/terms/identifier": ["238"], "http://rdfs.org/ns/void#inDataset": ["http://w3id.org/bb5kbc/Brandenburg_5000_BC_Data"], "http://w3id.org/bb5kbc/ont/hatFID": ["238"], "http://w3id.org/bb5kbc/ont/hatFundstellenID": ["236"], "http://w3id.org/bb5kbc/ont/hatFundstellenart": ["http://w3id.org/bb5kbc/fundstellenart_376218bc"], "http://w3id.org/bb5kbc/ont/hatGenauigkeit": ["500.0"], "http://w3id.org/bb5kbc/ont/hatKulturelleZuordnung": ["http://w3id.org/bb5kbc/site_238_culture"], "http://w3id.org/bb5kbc/ont/hatPublikation": ["http://w3id.org/bb5kbc/pub_f5ed98b4"], "http://w3id.org/bb5kbc/ont/inGemeinde": ["http://w3id.org/bb5kbc/gemeinde_066b7b50"], "http://w3id.org/bb5kbc/ont/wurdeEntdecktDurch": ["http://w3id.org/bb5kbc/site_238_discovery"], "http://w3id.org/bb5kbc/ont/wurdeGeoreferenziertDurch": ["http://w3id.org/bb5kbc/site_238_activity"], "http://www.opengis.net/ont/geosparql#hasGeometry": ["http://w3id.org/bb5kbc/site_238_geom"], "http://www.w3.org/1999/02/22-rdf-syntax-ns#type": ["http://w3id.org/bb5kbc/ont/Fundstelle"], "http://www.w3.org/2000/01/rdf-schema#label": ["Kosin 6"], "http://www.w3.org/2004/02/skos/core#prefLabel": ["Kosin 6"]}, "geometry": {"type": "Point", "coordinates": [15.06, 53.09]}}, {"type": "Feature", "id": "http://w3id.org/bb5kbc/site_172", "name": "", "dateprops": [], "properties": {"http://fuzzy-sl.squirrel.link/ontology/certaintyLevel": ["https://fuzzy-sl.wikibase.cloud/entity/Q24"], "http://fuzzy-sl.squirrel.link/ontology/hasLocationType": ["https://fuzzy-sl.wikibase.cloud/entity/Q80"], "http://fuzzy-sl.squirrel.link/ontology/representativeGeometry": ["http://w3id.org/bb5kbc/site_172_geom"], "http://purl.org/dc/terms/identifier": ["172"], "http://rdfs.org/ns/void#inDataset": ["http://w3id.org/bb5kbc/Brandenburg_5000_BC_Data"], "http://w3id.org/bb5kbc/ont/hatFID": ["172"], "http://w3id.org/bb5kbc/ont/hatFundstellenID": ["330"], "http://w3id.org/bb5kbc/ont/hatFundstellenart": ["http://w3id.org/bb5kbc/fundstellenart_376218bc"], "http://w3id.org/bb5kbc/ont/hatGenauigkeit": ["1500.0"], "http://w3id.org/bb5kbc/ont/hatKatalognummer": ["46"], "http://w3id.org/bb5kbc/ont/hatKulturelleZuordnung": ["http://w3id.org/bb5kbc/site_172_culture"], "http://w3id.org/bb5kbc/ont/hatPublikation": ["http://w3id.org/bb5kbc/pub_1ed4ab72"], "http://w3id.org/bb5kbc/ont/inGemeinde": ["http://w3id.org/bb5kbc/gemeinde_51246348"], "http://w3id.org/bb5kbc/ont/wurdeGeoreferenziertDurch": ["http://w3id.org/bb5kbc/site_172_activity"], "http://www.opengis.net/ont/geosparql#hasGeometry": ["http://w3id.org/bb5kbc/site_172_geom"], "http://www.w3.org/1999/02/22-rdf-syntax-ns#type": ["http://w3id.org/bb5kbc/ont/Fundstelle"], "http://www.w3.org/2000/01/rdf-schema#label": ["Piotrowice"], "http://www.w3.org/2004/02/skos/core#prefLabel": ["Piotrowice"]}, "geometry": {"type": "Point", "coordinates": [17.89, 52.32]}}, {"type": "Feature", "id": "http://w3id.org/bb5kbc/site_138", "name": "", "dateprops": [], "properties": {"http://fuzzy-sl.squirrel.link/ontology/certaintyLevel": ["https://fuzzy-sl.wikibase.cloud/entity/Q24"], "http://fuzzy-sl.squirrel.link/ontology/hasLocationType": ["https://fuzzy-sl.wikibase.cloud/entity/Q80"], "http://fuzzy-sl.squirrel.link/ontology/representativeGeometry": ["http://w3id.org/bb5kbc/site_138_geom"], "http://purl.org/dc/terms/identifier": ["138"], "http://rdfs.org/ns/void#inDataset": ["http://w3id.org/bb5kbc/Brandenburg_5000_BC_Data"], "http://w3id.org/bb5kbc/ont/hatFID": ["138"], "http://w3id.org/bb5kbc/ont/hatFundstellenID": ["145"], "http://w3id.org/bb5kbc/ont/hatFundstellenart": ["http://w3id.org/bb5kbc/fundstellenart_376218bc"], "http://w3id.org/bb5kbc/ont/hatGenauigkeit": ["1000.0"], "http://w3id.org/bb5kbc/ont/hatKatalognummer": ["35"], "http://w3id.org/bb5kbc/ont/hatKulturelleZuordnung": ["http://w3id.org/bb5kbc/site_138_culture"], "http://w3id.org/bb5kbc/ont/hatPublikation": ["http://w3id.org/bb5kbc/pub_1ed4ab72"], "http://w3id.org/bb5kbc/ont/inGemeinde": ["http://w3id.org/bb5kbc/gemeinde_87523d5e"], "http://w3id.org/bb5kbc/ont/wurdeEntdecktDurch": ["http://w3id.org/bb5kbc/site_138_discovery"], "http://w3id.org/bb5kbc/ont/wurdeGeoreferenziertDurch": ["http://w3id.org/bb5kbc/site_138_activity"], "http://www.opengis.net/ont/geosparql#hasGeometry": ["http://w3id.org/bb5kbc/site_138_geom"], "http://www.w3.org/1999/02/22-rdf-syntax-ns#type": ["http://w3id.org/bb5kbc/ont/Fundstelle"], "http://www.w3.org/2000/01/rdf-schema#label": ["G\u0142og\u00f3w-Nosocice/No\u00dfwitz"], "http://www.w3.org/2004/02/skos/core#prefLabel": ["G\u0142og\u00f3w-Nosocice/No\u00dfwitz"]}, "geometry": {"type": "Point", "coordinates": [16.13, 51.65]}}, {"type": "Feature", "id": "http://w3id.org/bb5kbc/site_81", "name": "", "dateprops": [], "properties": {"http://fuzzy-sl.squirrel.link/ontology/certaintyLevel": ["https://fuzzy-sl.wikibase.cloud/entity/Q24"], "http://fuzzy-sl.squirrel.link/ontology/hasLocationType": ["https://fuzzy-sl.wikibase.cloud/entity/Q80"], "http://fuzzy-sl.squirrel.link/ontology/representativeGeometry": ["http://w3id.org/bb5kbc/site_81_geom"], "http://purl.org/dc/terms/identifier": ["81"], "http://rdfs.org/ns/void#inDataset": ["http://w3id.org/bb5kbc/Brandenburg_5000_BC_Data"], "http://w3id.org/bb5kbc/ont/hatFID": ["81"], "http://w3id.org/bb5kbc/ont/hatFundstellenID": ["137"], "http://w3id.org/bb5kbc/ont/hatFundstellenart": ["http://w3id.org/bb5kbc/fundstellenart_376218bc"], "http://w3id.org/bb5kbc/ont/hatGenauigkeit": ["3000.0"], "http://w3id.org/bb5kbc/ont/hatKulturelleZuordnung": ["http://w3id.org/bb5kbc/site_81_culture"], "http://w3id.org/bb5kbc/ont/inGemeinde": ["http://w3id.org/bb5kbc/gemeinde_4d3ea100"], "http://w3id.org/bb5kbc/ont/wurdeEntdecktDurch": ["http://w3id.org/bb5kbc/site_81_discovery"], "http://w3id.org/bb5kbc/ont/wurdeGeoreferenziertDurch": ["http://w3id.org/bb5kbc/site_81_activity"], "http://www.opengis.net/ont/geosparql#hasGeometry": ["http://w3id.org/bb5kbc/site_81_geom"], "http://www.w3.org/1999/02/22-rdf-syntax-ns#type": ["http://w3id.org/bb5kbc/ont/Fundstelle"], "http://www.w3.org/2000/01/rdf-schema#label": ["Gartz ?"], "http://www.w3.org/2004/02/skos/core#prefLabel": ["Gartz ?"]}, "geometry": {"type": "Point", "coordinates": [14.39, 53.21]}}, {"type": "Feature", "id": "http://w3id.org/bb5kbc/site_546", "name": "", "dateprops": [], "properties": {"http://fuzzy-sl.squirrel.link/ontology/certaintyLevel": ["https://fuzzy-sl.wikibase.cloud/entity/Q24"], "http://fuzzy-sl.squirrel.link/ontology/hasLocationType": ["https://fuzzy-sl.wikibase.cloud/entity/Q80"], "http://fuzzy-sl.squirrel.link/ontology/representativeGeometry": ["http://w3id.org/bb5kbc/site_546_geom"], "http://purl.org/dc/terms/identifier": ["546"], "http://rdfs.org/ns/void#inDataset": ["http://w3id.org/bb5kbc/Brandenburg_5000_BC_Data"], "http://w3id.org/bb5kbc/ont/hatFID": ["546"], "http://w3id.org/bb5kbc/ont/hatFundstellenID": ["321"], "http://w3id.org/bb5kbc/ont/hatFundstellenart": ["http://w3id.org/bb5kbc/fundstellenart_376218bc"], "http://w3id.org/bb5kbc/ont/hatGenauigkeit": ["1000.0"], "http://w3id.org/bb5kbc/ont/hatKatalognummer": ["88"], "http://w3id.org/bb5kbc/ont/hatKulturelleZuordnung": ["http://w3id.org/bb5kbc/site_546_culture"], "http://w3id.org/bb5kbc/ont/hatPublikation": ["http://w3id.org/bb5kbc/pub_d3fe8d6a"], "http://w3id.org/bb5kbc/ont/inGemeinde": ["http://w3id.org/bb5kbc/gemeinde_f8e717c1"], "http://w3id.org/bb5kbc/ont/wurdeGeoreferenziertDurch": ["http://w3id.org/bb5kbc/site_546_activity"], "http://www.opengis.net/ont/geosparql#hasGeometry": ["http://w3id.org/bb5kbc/site_546_geom"], "http://www.w3.org/1999/02/22-rdf-syntax-ns#type": ["http://w3id.org/bb5kbc/ont/Fundstelle"], "http://www.w3.org/2000/01/rdf-schema#label": ["Ostrowo 3"], "http://www.w3.org/2004/02/skos/core#prefLabel": ["Ostrowo 3"]}, "geometry": {"type": "Point", "coordinates": [18.1, 52.77]}}, {"type": "Feature", "id": "http://w3id.org/bb5kbc/site_518", "name": "", "dateprops": [], "properties": {"http://fuzzy-sl.squirrel.link/ontology/certaintyLevel": ["https://fuzzy-sl.wikibase.cloud/entity/Q24"], "http://fuzzy-sl.squirrel.link/ontology/hasLocationType": ["https://fuzzy-sl.wikibase.cloud/entity/Q80"], "http://fuzzy-sl.squirrel.link/ontology/representativeGeometry": ["http://w3id.org/bb5kbc/site_518_geom"], "http://purl.org/dc/terms/identifier": ["518"], "http://rdfs.org/ns/void#inDataset": ["http://w3id.org/bb5kbc/Brandenburg_5000_BC_Data"], "http://w3id.org/bb5kbc/ont/hatFID": ["518"], "http://w3id.org/bb5kbc/ont/hatFundstellenID": ["241"], "http://w3id.org/bb5kbc/ont/hatFundstellenart": ["http://w3id.org/bb5kbc/fundstellenart_376218bc"], "http://w3id.org/bb5kbc/ont/hatGenauigkeit": ["1500.0"], "http://w3id.org/bb5kbc/ont/hatKatalognummer": ["73"], "http://w3id.org/bb5kbc/ont/hatKulturelleZuordnung": ["http://w3id.org/bb5kbc/site_518_culture"], "http://w3id.org/bb5kbc/ont/hatPublikation": ["http://w3id.org/bb5kbc/pub_d3fe8d6a"], "http://w3id.org/bb5kbc/ont/inGemeinde": ["http://w3id.org/bb5kbc/gemeinde_4ee9e7f1"], "http://w3id.org/bb5kbc/ont/wurdeGeoreferenziertDurch": ["http://w3id.org/bb5kbc/site_518_activity"], "http://www.opengis.net/ont/geosparql#hasGeometry": ["http://w3id.org/bb5kbc/site_518_geom"], "http://www.w3.org/1999/02/22-rdf-syntax-ns#type": ["http://w3id.org/bb5kbc/ont/Fundstelle"], "http://www.w3.org/2000/01/rdf-schema#label": ["Kr\u0105\u017ckowo 5"], "http://www.w3.org/2004/02/skos/core#prefLabel": ["Kr\u0105\u017ckowo 5"]}, "geometry": {"type": "Point", "coordinates": [18.07, 52.95]}}, {"type": "Feature", "id": "http://w3id.org/bb5kbc/site_529", "name": "", "dateprops": [], "properties": {"http://fuzzy-sl.squirrel.link/ontology/certaintyLevel": ["https://fuzzy-sl.wikibase.cloud/entity/Q24"], "http://fuzzy-sl.squirrel.link/ontology/hasLocationType": ["https://fuzzy-sl.wikibase.cloud/entity/Q80"], "http://fuzzy-sl.squirrel.link/ontology/representativeGeometry": ["http://w3id.org/bb5kbc/site_529_geom"], "http://purl.org/dc/terms/identifier": ["529"], "http://rdfs.org/ns/void#inDataset": ["http://w3id.org/bb5kbc/Brandenburg_5000_BC_Data"], "http://w3id.org/bb5kbc/ont/hatFID": ["529"], "http://w3id.org/bb5kbc/ont/hatFundstellenID": ["334"], "http://w3id.org/bb5kbc/ont/hatFundstellenart": ["http://w3id.org/bb5kbc/fundstellenart_376218bc"], "http://w3id.org/bb5kbc/ont/hatGenauigkeit": ["1500.0"], "http://w3id.org/bb5kbc/ont/hatKatalognummer": ["99"], "http://w3id.org/bb5kbc/ont/hatKulturelleZuordnung": ["http://w3id.org/bb5kbc/site_529_culture"], "http://w3id.org/bb5kbc/ont/hatPublikation": ["http://w3id.org/bb5kbc/pub_d3fe8d6a"], "http://w3id.org/bb5kbc/ont/inGemeinde": ["http://w3id.org/bb5kbc/gemeinde_f8e717c1"], "http://w3id.org/bb5kbc/ont/wurdeGeoreferenziertDurch": ["http://w3id.org/bb5kbc/site_529_activity"], "http://www.opengis.net/ont/geosparql#hasGeometry": ["http://w3id.org/bb5kbc/site_529_geom"], "http://www.w3.org/1999/02/22-rdf-syntax-ns#type": ["http://w3id.org/bb5kbc/ont/Fundstelle"], "http://www.w3.org/2000/01/rdf-schema#label": ["Polanowice 3"], "http://www.w3.org/2004/02/skos/core#prefLabel": ["Polanowice 3"]}, "geometry": {"type": "Point", "coordinates": [18.28, 52.64]}}, {"type": "Feature", "id": "http://w3id.org/bb5kbc/site_553", "name": "", "dateprops": [], "properties": {"http://fuzzy-sl.squirrel.link/ontology/certaintyLevel": ["https://fuzzy-sl.wikibase.cloud/entity/Q24"], "http://fuzzy-sl.squirrel.link/ontology/hasLocationType": ["https://fuzzy-sl.wikibase.cloud/entity/Q80"], "http://fuzzy-sl.squirrel.link/ontology/representativeGeometry": ["http://w3id.org/bb5kbc/site_553_geom"], "http://purl.org/dc/terms/identifier": ["553"], "http://rdfs.org/ns/void#inDataset": ["http://w3id.org/bb5kbc/Brandenburg_5000_BC_Data"], "http://w3id.org/bb5kbc/ont/hatFID": ["553"], "http://w3id.org/bb5kbc/ont/hatFundstellenID": ["289"], "http://w3id.org/bb5kbc/ont/hatFundstellenart": ["http://w3id.org/bb5kbc/fundstellenart_1972902b"], "http://w3id.org/bb5kbc/ont/hatGenauigkeit": ["800.0"], "http://w3id.org/bb5kbc/ont/hatKatalognummer": ["7"], "http://w3id.org/bb5kbc/ont/hatKulturelleZuordnung": ["http://w3id.org/bb5kbc/site_553_culture"], "http://w3id.org/bb5kbc/ont/hatPublikation": ["http://w3id.org/bb5kbc/pub_69451dca"], "http://w3id.org/bb5kbc/ont/inGemeinde": ["http://w3id.org/bb5kbc/gemeinde_b2684065"], "http://w3id.org/bb5kbc/ont/wurdeEntdecktDurch": ["http://w3id.org/bb5kbc/site_553_discovery"], "http://w3id.org/bb5kbc/ont/wurdeGeoreferenziertDurch": ["http://w3id.org/bb5kbc/site_553_activity"], "http://www.opengis.net/ont/geosparql#hasGeometry": ["http://w3id.org/bb5kbc/site_553_geom"], "http://www.w3.org/1999/02/22-rdf-syntax-ns#type": ["http://w3id.org/bb5kbc/ont/Fundstelle"], "http://www.w3.org/2000/01/rdf-schema#label": ["Mierzyn 5 (36)"], "http://www.w3.org/2004/02/skos/core#prefLabel": ["Mierzyn 5 (36)"]}, "geometry": {"type": "Point", "coordinates": [14.46, 53.42]}}, {"type": "Feature", "id": "http://w3id.org/bb5kbc/site_562", "name": "", "dateprops": [], "properties": {"http://fuzzy-sl.squirrel.link/ontology/certaintyLevel": ["https://fuzzy-sl.wikibase.cloud/entity/Q24"], "http://fuzzy-sl.squirrel.link/ontology/hasLocationType": ["https://fuzzy-sl.wikibase.cloud/entity/Q80"], "http://fuzzy-sl.squirrel.link/ontology/representativeGeometry": ["http://w3id.org/bb5kbc/site_562_geom"], "http://purl.org/dc/terms/identifier": ["562"], "http://rdfs.org/ns/void#inDataset": ["http://w3id.org/bb5kbc/Brandenburg_5000_BC_Data"], "http://w3id.org/bb5kbc/ont/hatFID": ["562"], "http://w3id.org/bb5kbc/ont/hatFundstellenID": ["290"], "http://w3id.org/bb5kbc/ont/hatFundstellenart": ["http://w3id.org/bb5kbc/fundstellenart_e18215e5"], "http://w3id.org/bb5kbc/ont/hatGenauigkeit": ["800.0"], "http://w3id.org/bb5kbc/ont/hatKatalognummer": ["1"], "http://w3id.org/bb5kbc/ont/hatKulturelleZuordnung": ["http://w3id.org/bb5kbc/site_562_culture"], "http://w3id.org/bb5kbc/ont/hatPublikation": ["http://w3id.org/bb5kbc/pub_69451dca"], "http://w3id.org/bb5kbc/ont/inGemeinde": ["http://w3id.org/bb5kbc/gemeinde_b2684065"], "http://w3id.org/bb5kbc/ont/wurdeEntdecktDurch": ["http://w3id.org/bb5kbc/site_562_discovery"], "http://w3id.org/bb5kbc/ont/wurdeGeoreferenziertDurch": ["http://w3id.org/bb5kbc/site_562_activity"], "http://www.opengis.net/ont/geosparql#hasGeometry": ["http://w3id.org/bb5kbc/site_562_geom"], "http://www.w3.org/1999/02/22-rdf-syntax-ns#type": ["http://w3id.org/bb5kbc/ont/Fundstelle"], "http://www.w3.org/2000/01/rdf-schema#label": ["Mierzyn 6"], "http://www.w3.org/2004/02/skos/core#prefLabel": ["Mierzyn 6"]}, "geometry": {"type": "Point", "coordinates": [14.46, 53.44]}}, {"type": "Feature", "id": "http://w3id.org/bb5kbc/site_93", "name": "", "dateprops": [], "properties": {"http://fuzzy-sl.squirrel.link/ontology/certaintyLevel": ["https://fuzzy-sl.wikibase.cloud/entity/Q24"], "http://fuzzy-sl.squirrel.link/ontology/hasLocationType": ["https://fuzzy-sl.wikibase.cloud/entity/Q80"], "http://fuzzy-sl.squirrel.link/ontology/representativeGeometry": ["http://w3id.org/bb5kbc/site_93_geom"], "http://purl.org/dc/terms/identifier": ["93"], "http://rdfs.org/ns/void#inDataset": ["http://w3id.org/bb5kbc/Brandenburg_5000_BC_Data"], "http://w3id.org/bb5kbc/ont/hatFID": ["93"], "http://w3id.org/bb5kbc/ont/hatFundstellenID": ["172"], "http://w3id.org/bb5kbc/ont/hatFundstellenart": ["http://w3id.org/bb5kbc/fundstellenart_1972902b"], "http://w3id.org/bb5kbc/ont/hatGenauigkeit": ["4000.0"], "http://w3id.org/bb5kbc/ont/hatKatalognummer": ["21"], "http://w3id.org/bb5kbc/ont/hatKulturelleZuordnung": ["http://w3id.org/bb5kbc/site_93_culture"], "http://w3id.org/bb5kbc/ont/hatPublikation": ["http://w3id.org/bb5kbc/pub_aab60e84"], "http://w3id.org/bb5kbc/ont/inGemeinde": ["http://w3id.org/bb5kbc/gemeinde_455beb00"], "http://w3id.org/bb5kbc/ont/wurdeEntdecktDurch": ["http://w3id.org/bb5kbc/site_93_discovery"], "http://w3id.org/bb5kbc/ont/wurdeGeoreferenziertDurch": ["http://w3id.org/bb5kbc/site_93_activity"], "http://www.opengis.net/ont/geosparql#hasGeometry": ["http://w3id.org/bb5kbc/site_93_geom"], "http://www.w3.org/1999/02/22-rdf-syntax-ns#type": ["http://w3id.org/bb5kbc/ont/Fundstelle"], "http://www.w3.org/2000/01/rdf-schema#label": ["Gubin"], "http://www.w3.org/2004/02/skos/core#prefLabel": ["Gubin"]}, "geometry": {"type": "Point", "coordinates": [14.73, 51.96]}}, {"type": "Feature", "id": "http://w3id.org/bb5kbc/site_547", "name": "", "dateprops": [], "properties": {"http://fuzzy-sl.squirrel.link/ontology/certaintyLevel": ["https://fuzzy-sl.wikibase.cloud/entity/Q24"], "http://fuzzy-sl.squirrel.link/ontology/hasLocationType": ["https://fuzzy-sl.wikibase.cloud/entity/Q80"], "http://fuzzy-sl.squirrel.link/ontology/representativeGeometry": ["http://w3id.org/bb5kbc/site_547_geom"], "http://purl.org/dc/terms/identifier": ["547"], "http://rdfs.org/ns/void#inDataset": ["http://w3id.org/bb5kbc/Brandenburg_5000_BC_Data"], "http://w3id.org/bb5kbc/ont/hatFID": ["547"], "http://w3id.org/bb5kbc/ont/hatFundstellenID": ["443"], "http://w3id.org/bb5kbc/ont/hatFundstellenart": ["http://w3id.org/bb5kbc/fundstellenart_376218bc"], "http://w3id.org/bb5kbc/ont/hatGenauigkeit": ["1000.0"], "http://w3id.org/bb5kbc/ont/hatKatalognummer": ["124"], "http://w3id.org/bb5kbc/ont/hatKulturelleZuordnung": ["http://w3id.org/bb5kbc/site_547_culture"], "http://w3id.org/bb5kbc/ont/hatPublikation": ["http://w3id.org/bb5kbc/pub_d3fe8d6a"], "http://w3id.org/bb5kbc/ont/inGemeinde": ["http://w3id.org/bb5kbc/gemeinde_5a24db07"], "http://w3id.org/bb5kbc/ont/wurdeGeoreferenziertDurch": ["http://w3id.org/bb5kbc/site_547_activity"], "http://www.opengis.net/ont/geosparql#hasGeometry": ["http://w3id.org/bb5kbc/site_547_geom"], "http://www.w3.org/1999/02/22-rdf-syntax-ns#type": ["http://w3id.org/bb5kbc/ont/Fundstelle"], "http://www.w3.org/2000/01/rdf-schema#label": ["Tuczno"], "http://www.w3.org/2004/02/skos/core#prefLabel": ["Tuczno"]}, "geometry": {"type": "Point", "coordinates": [18.14, 52.86]}}, {"type": "Feature", "id": "http://w3id.org/bb5kbc/site_136", "name": "", "dateprops": [], "properties": {"http://fuzzy-sl.squirrel.link/ontology/certaintyLevel": ["https://fuzzy-sl.wikibase.cloud/entity/Q24"], "http://fuzzy-sl.squirrel.link/ontology/hasLocationType": ["https://fuzzy-sl.wikibase.cloud/entity/Q80"], "http://fuzzy-sl.squirrel.link/ontology/representativeGeometry": ["http://w3id.org/bb5kbc/site_136_geom"], "http://purl.org/dc/terms/identifier": ["136"], "http://rdfs.org/ns/void#inDataset": ["http://w3id.org/bb5kbc/Brandenburg_5000_BC_Data"], "http://w3id.org/bb5kbc/ont/hatFID": ["136"], "http://w3id.org/bb5kbc/ont/hatFundstellenID": ["146"], "http://w3id.org/bb5kbc/ont/hatFundstellenart": ["http://w3id.org/bb5kbc/fundstellenart_1972902b"], "http://w3id.org/bb5kbc/ont/hatGenauigkeit": ["2000.0"], "http://w3id.org/bb5kbc/ont/hatKatalognummer": ["37"], "http://w3id.org/bb5kbc/ont/hatKulturelleZuordnung": ["http://w3id.org/bb5kbc/site_136_culture"], "http://w3id.org/bb5kbc/ont/hatPublikation": ["http://w3id.org/bb5kbc/pub_aab60e84"], "http://w3id.org/bb5kbc/ont/inGemeinde": ["http://w3id.org/bb5kbc/gemeinde_87523d5e"], "http://w3id.org/bb5kbc/ont/wurdeEntdecktDurch": ["http://w3id.org/bb5kbc/site_136_discovery"], "http://w3id.org/bb5kbc/ont/wurdeGeoreferenziertDurch": ["http://w3id.org/bb5kbc/site_136_activity"], "http://www.opengis.net/ont/geosparql#hasGeometry": ["http://w3id.org/bb5kbc/site_136_geom"], "http://www.w3.org/1999/02/22-rdf-syntax-ns#type": ["http://w3id.org/bb5kbc/ont/Fundstelle"], "http://www.w3.org/2000/01/rdf-schema#label": ["G\u0142og\u00f3w-\u017bark\u00f3w"], "http://www.w3.org/2004/02/skos/core#prefLabel": ["G\u0142og\u00f3w-\u017bark\u00f3w"]}, "geometry": {"type": "Point", "coordinates": [16.11, 51.65]}}, {"type": "Feature", "id": "http://w3id.org/bb5kbc/site_542", "name": "", "dateprops": [], "properties": {"http://fuzzy-sl.squirrel.link/ontology/certaintyLevel": ["https://fuzzy-sl.wikibase.cloud/entity/Q24"], "http://fuzzy-sl.squirrel.link/ontology/hasLocationType": ["https://fuzzy-sl.wikibase.cloud/entity/Q80"], "http://fuzzy-sl.squirrel.link/ontology/representativeGeometry": ["http://w3id.org/bb5kbc/site_542_geom"], "http://purl.org/dc/terms/identifier": ["542"], "http://rdfs.org/ns/void#inDataset": ["http://w3id.org/bb5kbc/Brandenburg_5000_BC_Data"], "http://w3id.org/bb5kbc/ont/hatFID": ["542"], "http://w3id.org/bb5kbc/ont/hatFundstellenID": ["502"], "http://w3id.org/bb5kbc/ont/hatFundstellenart": ["http://w3id.org/bb5kbc/fundstellenart_376218bc"], "http://w3id.org/bb5kbc/ont/hatGenauigkeit": ["1500.0"], "http://w3id.org/bb5kbc/ont/hatKatalognummer": ["136"], "http://w3id.org/bb5kbc/ont/hatKulturelleZuordnung": ["http://w3id.org/bb5kbc/site_542_culture"], "http://w3id.org/bb5kbc/ont/hatPublikation": ["http://w3id.org/bb5kbc/pub_d3fe8d6a"], "http://w3id.org/bb5kbc/ont/inGemeinde": ["http://w3id.org/bb5kbc/gemeinde_0c4453de"], "http://w3id.org/bb5kbc/ont/wurdeGeoreferenziertDurch": ["http://w3id.org/bb5kbc/site_542_activity"], "http://www.opengis.net/ont/geosparql#hasGeometry": ["http://w3id.org/bb5kbc/site_542_geom"], "http://www.w3.org/1999/02/22-rdf-syntax-ns#type": ["http://w3id.org/bb5kbc/ont/Fundstelle"], "http://www.w3.org/2000/01/rdf-schema#label": ["Z\u0142otowo 6"], "http://www.w3.org/2004/02/skos/core#prefLabel": ["Z\u0142otowo 6"]}, "geometry": {"type": "Point", "coordinates": [18.03, 52.87]}}, {"type": "Feature", "id": "http://w3id.org/bb5kbc/site_128", "name": "", "dateprops": [], "properties": {"http://fuzzy-sl.squirrel.link/ontology/certaintyLevel": ["https://fuzzy-sl.wikibase.cloud/entity/Q24"], "http://fuzzy-sl.squirrel.link/ontology/hasLocationType": ["https://fuzzy-sl.wikibase.cloud/entity/Q80"], "http://fuzzy-sl.squirrel.link/ontology/representativeGeometry": ["http://w3id.org/bb5kbc/site_128_geom"], "http://purl.org/dc/terms/identifier": ["128"], "http://rdfs.org/ns/void#inDataset": ["http://w3id.org/bb5kbc/Brandenburg_5000_BC_Data"], "http://w3id.org/bb5kbc/ont/hatFID": ["128"], "http://w3id.org/bb5kbc/ont/hatFundstellenID": ["489"], "http://w3id.org/bb5kbc/ont/hatFundstellenart": ["http://w3id.org/bb5kbc/fundstellenart_b635ceb0"], "http://w3id.org/bb5kbc/ont/hatGenauigkeit": ["1000.0"], "http://w3id.org/bb5kbc/ont/hatKatalognummer": ["40"], "http://w3id.org/bb5kbc/ont/hatKulturelleZuordnung": ["http://w3id.org/bb5kbc/site_128_culture"], "http://w3id.org/bb5kbc/ont/hatPublikation": ["http://w3id.org/bb5kbc/pub_aab60e84"], "http://w3id.org/bb5kbc/ont/inGemeinde": ["http://w3id.org/bb5kbc/gemeinde_099020b6"], "http://w3id.org/bb5kbc/ont/wurdeEntdecktDurch": ["http://w3id.org/bb5kbc/site_128_discovery"], "http://w3id.org/bb5kbc/ont/wurdeGeoreferenziertDurch": ["http://w3id.org/bb5kbc/site_128_activity"], "http://www.opengis.net/ont/geosparql#hasGeometry": ["http://w3id.org/bb5kbc/site_128_geom"], "http://www.w3.org/1999/02/22-rdf-syntax-ns#type": ["http://w3id.org/bb5kbc/ont/Fundstelle"], "http://www.w3.org/2000/01/rdf-schema#label": ["Zameczno"], "http://www.w3.org/2004/02/skos/core#prefLabel": ["Zameczno"]}, "geometry": {"type": "Point", "coordinates": [15.93, 51.67]}}, {"type": "Feature", "id": "http://w3id.org/bb5kbc/site_157", "name": "", "dateprops": [], "properties": {"http://fuzzy-sl.squirrel.link/ontology/certaintyLevel": ["https://fuzzy-sl.wikibase.cloud/entity/Q24"], "http://fuzzy-sl.squirrel.link/ontology/hasLocationType": ["https://fuzzy-sl.wikibase.cloud/entity/Q80"], "http://fuzzy-sl.squirrel.link/ontology/representativeGeometry": ["http://w3id.org/bb5kbc/site_157_geom"], "http://purl.org/dc/terms/identifier": ["157"], "http://rdfs.org/ns/void#inDataset": ["http://w3id.org/bb5kbc/Brandenburg_5000_BC_Data"], "http://w3id.org/bb5kbc/ont/hatFID": ["157"], "http://w3id.org/bb5kbc/ont/hatFundstellenID": ["143"], "http://w3id.org/bb5kbc/ont/hatFundstellenart": ["http://w3id.org/bb5kbc/fundstellenart_376218bc"], "http://w3id.org/bb5kbc/ont/hatGenauigkeit": ["2000.0"], "http://w3id.org/bb5kbc/ont/hatKatalognummer": ["23"], "http://w3id.org/bb5kbc/ont/hatKulturelleZuordnung": ["http://w3id.org/bb5kbc/site_157_culture"], "http://w3id.org/bb5kbc/ont/hatPublikation": ["http://w3id.org/bb5kbc/pub_1ed4ab72"], "http://w3id.org/bb5kbc/ont/inGemeinde": ["http://w3id.org/bb5kbc/gemeinde_43ef91a0"], "http://w3id.org/bb5kbc/ont/wurdeGeoreferenziertDurch": ["http://w3id.org/bb5kbc/site_157_activity"], "http://www.opengis.net/ont/geosparql#hasGeometry": ["http://w3id.org/bb5kbc/site_157_geom"], "http://www.w3.org/1999/02/22-rdf-syntax-ns#type": ["http://w3id.org/bb5kbc/ont/Fundstelle"], "http://www.w3.org/2000/01/rdf-schema#label": ["Gleinitz/Glinica"], "http://www.w3.org/2004/02/skos/core#prefLabel": ["Gleinitz/Glinica"]}, "geometry": {"type": "Point", "coordinates": [16.84, 50.86]}}, {"type": "Feature", "id": "http://w3id.org/bb5kbc/site_166", "name": "", "dateprops": [], "properties": {"http://fuzzy-sl.squirrel.link/ontology/certaintyLevel": ["https://fuzzy-sl.wikibase.cloud/entity/Q24"], "http://fuzzy-sl.squirrel.link/ontology/hasLocationType": ["https://fuzzy-sl.wikibase.cloud/entity/Q80"], "http://fuzzy-sl.squirrel.link/ontology/representativeGeometry": ["http://w3id.org/bb5kbc/site_166_geom"], "http://purl.org/dc/terms/identifier": ["166"], "http://rdfs.org/ns/void#inDataset": ["http://w3id.org/bb5kbc/Brandenburg_5000_BC_Data"], "http://w3id.org/bb5kbc/ont/hatFID": ["166"], "http://w3id.org/bb5kbc/ont/hatFundstellenID": ["507"], "http://w3id.org/bb5kbc/ont/hatFundstellenart": ["http://w3id.org/bb5kbc/fundstellenart_376218bc"], "http://w3id.org/bb5kbc/ont/hatGenauigkeit": ["2000.0"], "http://w3id.org/bb5kbc/ont/hatKatalognummer": ["10"], "http://w3id.org/bb5kbc/ont/hatKulturelleZuordnung": ["http://w3id.org/bb5kbc/site_166_culture"], "http://w3id.org/bb5kbc/ont/hatPublikation": ["http://w3id.org/bb5kbc/pub_1ed4ab72"], "http://w3id.org/bb5kbc/ont/inGemeinde": ["http://w3id.org/bb5kbc/gemeinde_62d44c05"], "http://w3id.org/bb5kbc/ont/wurdeGeoreferenziertDurch": ["http://w3id.org/bb5kbc/site_166_activity"], "http://www.opengis.net/ont/geosparql#hasGeometry": ["http://w3id.org/bb5kbc/site_166_geom"], "http://www.w3.org/1999/02/22-rdf-syntax-ns#type": ["http://w3id.org/bb5kbc/ont/Fundstelle"], "http://www.w3.org/2000/01/rdf-schema#label": ["Zottwitz/Sobocisko"], "http://www.w3.org/2004/02/skos/core#prefLabel": ["Zottwitz/Sobocisko"]}, "geometry": {"type": "Point", "coordinates": [17.19, 50.97]}}, {"type": "Feature", "id": "http://w3id.org/bb5kbc/site_523", "name": "", "dateprops": [], "properties": {"http://fuzzy-sl.squirrel.link/ontology/certaintyLevel": ["https://fuzzy-sl.wikibase.cloud/entity/Q24"], "http://fuzzy-sl.squirrel.link/ontology/hasLocationType": ["https://fuzzy-sl.wikibase.cloud/entity/Q80"], "http://fuzzy-sl.squirrel.link/ontology/representativeGeometry": ["http://w3id.org/bb5kbc/site_523_geom"], "http://purl.org/dc/terms/identifier": ["523"], "http://rdfs.org/ns/void#inDataset": ["http://w3id.org/bb5kbc/Brandenburg_5000_BC_Data"], "http://w3id.org/bb5kbc/ont/hatFID": ["523"], "http://w3id.org/bb5kbc/ont/hatFundstellenID": ["429"], "http://w3id.org/bb5kbc/ont/hatFundstellenart": ["http://w3id.org/bb5kbc/fundstellenart_376218bc"], "http://w3id.org/bb5kbc/ont/hatGenauigkeit": ["1000.0"], "http://w3id.org/bb5kbc/ont/hatKatalognummer": ["120"], "http://w3id.org/bb5kbc/ont/hatKulturelleZuordnung": ["http://w3id.org/bb5kbc/site_523_culture"], "http://w3id.org/bb5kbc/ont/hatPublikation": ["http://w3id.org/bb5kbc/pub_d3fe8d6a"], "http://w3id.org/bb5kbc/ont/inGemeinde": ["http://w3id.org/bb5kbc/gemeinde_19809dcf"], "http://w3id.org/bb5kbc/ont/wurdeGeoreferenziertDurch": ["http://w3id.org/bb5kbc/site_523_activity"], "http://www.opengis.net/ont/geosparql#hasGeometry": ["http://w3id.org/bb5kbc/site_523_geom"], "http://www.w3.org/1999/02/22-rdf-syntax-ns#type": ["http://w3id.org/bb5kbc/ont/Fundstelle"], "http://www.w3.org/2000/01/rdf-schema#label": ["Szelwjewo 1"], "http://www.w3.org/2004/02/skos/core#prefLabel": ["Szelwjewo 1"]}, "geometry": {"type": "Point", "coordinates": [17.75, 52.74]}}, {"type": "Feature", "id": "http://w3id.org/bb5kbc/site_539", "name": "", "dateprops": [], "properties": {"http://fuzzy-sl.squirrel.link/ontology/certaintyLevel": ["https://fuzzy-sl.wikibase.cloud/entity/Q24"], "http://fuzzy-sl.squirrel.link/ontology/hasLocationType": ["https://fuzzy-sl.wikibase.cloud/entity/Q80"], "http://fuzzy-sl.squirrel.link/ontology/representativeGeometry": ["http://w3id.org/bb5kbc/site_539_geom"], "http://purl.org/dc/terms/identifier": ["539"], "http://rdfs.org/ns/void#inDataset": ["http://w3id.org/bb5kbc/Brandenburg_5000_BC_Data"], "http://w3id.org/bb5kbc/ont/hatFID": ["539"], "http://w3id.org/bb5kbc/ont/hatFundstellenID": ["23"], "http://w3id.org/bb5kbc/ont/hatFundstellenart": ["http://w3id.org/bb5kbc/fundstellenart_376218bc"], "http://w3id.org/bb5kbc/ont/hatGenauigkeit": ["1500.0"], "http://w3id.org/bb5kbc/ont/hatKatalognummer": ["2"], "http://w3id.org/bb5kbc/ont/hatKulturelleZuordnung": ["http://w3id.org/bb5kbc/site_539_culture"], "http://w3id.org/bb5kbc/ont/hatPublikation": ["http://w3id.org/bb5kbc/pub_d3fe8d6a"], "http://w3id.org/bb5kbc/ont/inGemeinde": ["http://w3id.org/bb5kbc/gemeinde_d568b9b5"], "http://w3id.org/bb5kbc/ont/wurdeGeoreferenziertDurch": ["http://w3id.org/bb5kbc/site_539_activity"], "http://www.opengis.net/ont/geosparql#hasGeometry": ["http://w3id.org/bb5kbc/site_539_geom"], "http://www.w3.org/1999/02/22-rdf-syntax-ns#type": ["http://w3id.org/bb5kbc/ont/Fundstelle"], "http://www.w3.org/2000/01/rdf-schema#label": ["Bakowo 3"], "http://www.w3.org/2004/02/skos/core#prefLabel": ["Bakowo 3"]}, "geometry": {"type": "Point", "coordinates": [18.49, 52.76]}}, {"type": "Feature", "id": "http://w3id.org/bb5kbc/site_131", "name": "", "dateprops": [], "properties": {"http://fuzzy-sl.squirrel.link/ontology/certaintyLevel": ["https://fuzzy-sl.wikibase.cloud/entity/Q24"], "http://fuzzy-sl.squirrel.link/ontology/hasLocationType": ["https://fuzzy-sl.wikibase.cloud/entity/Q80"], "http://fuzzy-sl.squirrel.link/ontology/representativeGeometry": ["http://w3id.org/bb5kbc/site_131_geom"], "http://purl.org/dc/terms/identifier": ["131"], "http://rdfs.org/ns/void#inDataset": ["http://w3id.org/bb5kbc/Brandenburg_5000_BC_Data"], "http://w3id.org/bb5kbc/ont/hatFID": ["131"], "http://w3id.org/bb5kbc/ont/hatFundstellenID": ["36"], "http://w3id.org/bb5kbc/ont/hatFundstellenart": ["http://w3id.org/bb5kbc/fundstellenart_1972902b"], "http://w3id.org/bb5kbc/ont/hatGenauigkeit": ["3000.0"], "http://w3id.org/bb5kbc/ont/hatKatalognummer": ["32"], "http://w3id.org/bb5kbc/ont/hatKulturelleZuordnung": ["http://w3id.org/bb5kbc/site_131_culture"], "http://w3id.org/bb5kbc/ont/hatPublikation": ["http://w3id.org/bb5kbc/pub_aab60e84"], "http://w3id.org/bb5kbc/ont/inGemeinde": ["http://w3id.org/bb5kbc/gemeinde_87523d5e"], "http://w3id.org/bb5kbc/ont/wurdeEntdecktDurch": ["http://w3id.org/bb5kbc/site_131_discovery"], "http://w3id.org/bb5kbc/ont/wurdeGeoreferenziertDurch": ["http://w3id.org/bb5kbc/site_131_activity"], "http://www.opengis.net/ont/geosparql#hasGeometry": ["http://w3id.org/bb5kbc/site_131_geom"], "http://www.w3.org/1999/02/22-rdf-syntax-ns#type": ["http://w3id.org/bb5kbc/ont/Fundstelle"], "http://www.w3.org/2000/01/rdf-schema#label": ["Biech\u00f3w"], "http://www.w3.org/2004/02/skos/core#prefLabel": ["Biech\u00f3w"]}, "geometry": {"type": "Point", "coordinates": [16.02, 51.68]}}, {"type": "Feature", "id": "http://w3id.org/bb5kbc/site_111", "name": "", "dateprops": [], "properties": {"http://fuzzy-sl.squirrel.link/ontology/certaintyLevel": ["https://fuzzy-sl.wikibase.cloud/entity/Q24"], "http://fuzzy-sl.squirrel.link/ontology/hasLocationType": ["https://fuzzy-sl.wikibase.cloud/entity/Q80"], "http://fuzzy-sl.squirrel.link/ontology/representativeGeometry": ["http://w3id.org/bb5kbc/site_111_geom"], "http://purl.org/dc/terms/identifier": ["111"], "http://rdfs.org/ns/void#inDataset": ["http://w3id.org/bb5kbc/Brandenburg_5000_BC_Data"], "http://w3id.org/bb5kbc/ont/hatFID": ["111"], "http://w3id.org/bb5kbc/ont/hatFundstellenID": ["488"], "http://w3id.org/bb5kbc/ont/hatFundstellenart": ["http://w3id.org/bb5kbc/fundstellenart_b635ceb0"], "http://w3id.org/bb5kbc/ont/hatGenauigkeit": ["1500.0"], "http://w3id.org/bb5kbc/ont/hatKatalognummer": ["12"], "http://w3id.org/bb5kbc/ont/hatKulturelleZuordnung": ["http://w3id.org/bb5kbc/site_111_culture"], "http://w3id.org/bb5kbc/ont/hatPublikation": ["http://w3id.org/bb5kbc/pub_aab60e84"], "http://w3id.org/bb5kbc/ont/inGemeinde": ["http://w3id.org/bb5kbc/gemeinde_fed08e54"], "http://w3id.org/bb5kbc/ont/wurdeEntdecktDurch": ["http://w3id.org/bb5kbc/site_111_discovery"], "http://w3id.org/bb5kbc/ont/wurdeGeoreferenziertDurch": ["http://w3id.org/bb5kbc/site_111_activity"], "http://www.opengis.net/ont/geosparql#hasGeometry": ["http://w3id.org/bb5kbc/site_111_geom"], "http://www.w3.org/1999/02/22-rdf-syntax-ns#type": ["http://w3id.org/bb5kbc/ont/Fundstelle"], "http://www.w3.org/2000/01/rdf-schema#label": ["\u017bal\u0119cino"], "http://www.w3.org/2004/02/skos/core#prefLabel": ["\u017bal\u0119cino"]}, "geometry": {"type": "Point", "coordinates": [15.08, 53.2]}}, {"type": "Feature", "id": "http://w3id.org/bb5kbc/site_164", "name": "", "dateprops": [], "properties": {"http://fuzzy-sl.squirrel.link/ontology/certaintyLevel": ["https://fuzzy-sl.wikibase.cloud/entity/Q24"], "http://fuzzy-sl.squirrel.link/ontology/hasLocationType": ["https://fuzzy-sl.wikibase.cloud/entity/Q80"], "http://fuzzy-sl.squirrel.link/ontology/representativeGeometry": ["http://w3id.org/bb5kbc/site_164_geom"], "http://purl.org/dc/terms/identifier": ["164"], "http://rdfs.org/ns/void#inDataset": ["http://w3id.org/bb5kbc/Brandenburg_5000_BC_Data"], "http://w3id.org/bb5kbc/ont/hatFID": ["164"], "http://w3id.org/bb5kbc/ont/hatFundstellenID": ["166"], "http://w3id.org/bb5kbc/ont/hatFundstellenart": ["http://w3id.org/bb5kbc/fundstellenart_376218bc"], "http://w3id.org/bb5kbc/ont/hatGenauigkeit": ["2000.0"], "http://w3id.org/bb5kbc/ont/hatKatalognummer": ["17"], "http://w3id.org/bb5kbc/ont/hatKulturelleZuordnung": ["http://w3id.org/bb5kbc/site_164_culture"], "http://w3id.org/bb5kbc/ont/hatPublikation": ["http://w3id.org/bb5kbc/pub_1ed4ab72"], "http://w3id.org/bb5kbc/ont/inGemeinde": ["http://w3id.org/bb5kbc/gemeinde_28687181"], "http://w3id.org/bb5kbc/ont/wurdeGeoreferenziertDurch": ["http://w3id.org/bb5kbc/site_164_activity"], "http://www.opengis.net/ont/geosparql#hasGeometry": ["http://w3id.org/bb5kbc/site_164_geom"], "http://www.w3.org/1999/02/22-rdf-syntax-ns#type": ["http://w3id.org/bb5kbc/ont/Fundstelle"], "http://www.w3.org/2000/01/rdf-schema#label": ["Gro\u00df Tschansch/Ksi\u0119\u017ce Wielkie"], "http://www.w3.org/2004/02/skos/core#prefLabel": ["Gro\u00df Tschansch/Ksi\u0119\u017ce Wielkie"]}, "geometry": {"type": "Point", "coordinates": [17.09, 51.07]}}, {"type": "Feature", "id": "http://w3id.org/bb5kbc/site_237", "name": "", "dateprops": [], "properties": {"http://fuzzy-sl.squirrel.link/ontology/certaintyLevel": ["https://fuzzy-sl.wikibase.cloud/entity/Q24"], "http://fuzzy-sl.squirrel.link/ontology/hasLocationType": ["https://fuzzy-sl.wikibase.cloud/entity/Q80"], "http://fuzzy-sl.squirrel.link/ontology/representativeGeometry": ["http://w3id.org/bb5kbc/site_237_geom"], "http://purl.org/dc/terms/identifier": ["237"], "http://rdfs.org/ns/void#inDataset": ["http://w3id.org/bb5kbc/Brandenburg_5000_BC_Data"], "http://w3id.org/bb5kbc/ont/hatFID": ["237"], "http://w3id.org/bb5kbc/ont/hatFundstellenID": ["290"], "http://w3id.org/bb5kbc/ont/hatFundstellenart": ["http://w3id.org/bb5kbc/fundstellenart_376218bc"], "http://w3id.org/bb5kbc/ont/hatGenauigkeit": ["3000.0"], "http://w3id.org/bb5kbc/ont/hatKatalognummer": ["12"], "http://w3id.org/bb5kbc/ont/hatKulturelleZuordnung": ["http://w3id.org/bb5kbc/site_237_culture"], "http://w3id.org/bb5kbc/ont/hatPublikation": ["http://w3id.org/bb5kbc/pub_7aa848bc"], "http://w3id.org/bb5kbc/ont/inGemeinde": ["http://w3id.org/bb5kbc/gemeinde_b2684065"], "http://w3id.org/bb5kbc/ont/wurdeGeoreferenziertDurch": ["http://w3id.org/bb5kbc/site_237_activity"], "http://www.opengis.net/ont/geosparql#hasGeometry": ["http://w3id.org/bb5kbc/site_237_geom"], "http://www.w3.org/1999/02/22-rdf-syntax-ns#type": ["http://w3id.org/bb5kbc/ont/Fundstelle"], "http://www.w3.org/2000/01/rdf-schema#label": ["Mierzyn 6"], "http://www.w3.org/2004/02/skos/core#prefLabel": ["Mierzyn 6"]}, "geometry": {"type": "Point", "coordinates": [14.47, 53.43]}}, {"type": "Feature", "id": "http://w3id.org/bb5kbc/site_227", "name": "", "dateprops": [], "properties": {"http://fuzzy-sl.squirrel.link/ontology/certaintyLevel": ["https://fuzzy-sl.wikibase.cloud/entity/Q24"], "http://fuzzy-sl.squirrel.link/ontology/hasLocationType": ["https://fuzzy-sl.wikibase.cloud/entity/Q80"], "http://fuzzy-sl.squirrel.link/ontology/representativeGeometry": ["http://w3id.org/bb5kbc/site_227_geom"], "http://purl.org/dc/terms/identifier": ["227"], "http://rdfs.org/ns/void#inDataset": ["http://w3id.org/bb5kbc/Brandenburg_5000_BC_Data"], "http://w3id.org/bb5kbc/ont/hatFID": ["227"], "http://w3id.org/bb5kbc/ont/hatFundstellenID": ["248"], "http://w3id.org/bb5kbc/ont/hatFundstellenart": ["http://w3id.org/bb5kbc/fundstellenart_1972902b"], "http://w3id.org/bb5kbc/ont/hatGenauigkeit": ["3000.0"], "http://w3id.org/bb5kbc/ont/hatKulturelleZuordnung": ["http://w3id.org/bb5kbc/site_227_culture"], "http://w3id.org/bb5kbc/ont/hatPublikation": ["http://w3id.org/bb5kbc/pub_b1c8f989"], "http://w3id.org/bb5kbc/ont/inGemeinde": ["http://w3id.org/bb5kbc/gemeinde_93f97f80"], "http://w3id.org/bb5kbc/ont/wurdeEntdecktDurch": ["http://w3id.org/bb5kbc/site_227_discovery"], "http://w3id.org/bb5kbc/ont/wurdeGeoreferenziertDurch": ["http://w3id.org/bb5kbc/site_227_activity"], "http://www.opengis.net/ont/geosparql#hasGeometry": ["http://w3id.org/bb5kbc/site_227_geom"], "http://www.w3.org/1999/02/22-rdf-syntax-ns#type": ["http://w3id.org/bb5kbc/ont/Fundstelle"], "http://www.w3.org/2000/01/rdf-schema#label": ["Kruszynek 6"], "http://www.w3.org/2004/02/skos/core#prefLabel": ["Kruszynek 6"]}, "geometry": {"type": "Point", "coordinates": [19.0, 52.57]}}, {"type": "Feature", "id": "http://w3id.org/bb5kbc/site_513", "name": "", "dateprops": [], "properties": {"http://fuzzy-sl.squirrel.link/ontology/certaintyLevel": ["https://fuzzy-sl.wikibase.cloud/entity/Q24"], "http://fuzzy-sl.squirrel.link/ontology/hasLocationType": ["https://fuzzy-sl.wikibase.cloud/entity/Q80"], "http://fuzzy-sl.squirrel.link/ontology/representativeGeometry": ["http://w3id.org/bb5kbc/site_513_geom"], "http://purl.org/dc/terms/identifier": ["513"], "http://rdfs.org/ns/void#inDataset": ["http://w3id.org/bb5kbc/Brandenburg_5000_BC_Data"], "http://w3id.org/bb5kbc/ont/hatFID": ["513"], "http://w3id.org/bb5kbc/ont/hatFundstellenID": ["234"], "http://w3id.org/bb5kbc/ont/hatFundstellenart": ["http://w3id.org/bb5kbc/fundstellenart_1972902b"], "http://w3id.org/bb5kbc/ont/hatGenauigkeit": ["1000.0"], "http://w3id.org/bb5kbc/ont/hatKatalognummer": ["69"], "http://w3id.org/bb5kbc/ont/hatKulturelleZuordnung": ["http://w3id.org/bb5kbc/site_513_culture"], "http://w3id.org/bb5kbc/ont/hatPublikation": ["http://w3id.org/bb5kbc/pub_d3fe8d6a"], "http://w3id.org/bb5kbc/ont/inGemeinde": ["http://w3id.org/bb5kbc/gemeinde_f8e717c1"], "http://w3id.org/bb5kbc/ont/wurdeEntdecktDurch": ["http://w3id.org/bb5kbc/site_513_discovery"], "http://w3id.org/bb5kbc/ont/wurdeGeoreferenziertDurch": ["http://w3id.org/bb5kbc/site_513_activity"], "http://www.opengis.net/ont/geosparql#hasGeometry": ["http://w3id.org/bb5kbc/site_513_geom"], "http://www.w3.org/1999/02/22-rdf-syntax-ns#type": ["http://w3id.org/bb5kbc/ont/Fundstelle"], "http://www.w3.org/2000/01/rdf-schema#label": ["Koscielec Kuj 16"], "http://www.w3.org/2004/02/skos/core#prefLabel": ["Koscielec Kuj 16"]}, "geometry": {"type": "Point", "coordinates": [18.16, 52.77]}}, {"type": "Feature", "id": "http://w3id.org/bb5kbc/site_243", "name": "", "dateprops": [], "properties": {"http://fuzzy-sl.squirrel.link/ontology/certaintyLevel": ["https://fuzzy-sl.wikibase.cloud/entity/Q24"], "http://fuzzy-sl.squirrel.link/ontology/hasLocationType": ["https://fuzzy-sl.wikibase.cloud/entity/Q80"], "http://fuzzy-sl.squirrel.link/ontology/representativeGeometry": ["http://w3id.org/bb5kbc/site_243_geom"], "http://purl.org/dc/terms/identifier": ["243"], "http://rdfs.org/ns/void#inDataset": ["http://w3id.org/bb5kbc/Brandenburg_5000_BC_Data"], "http://w3id.org/bb5kbc/ont/hatFID": ["243"], "http://w3id.org/bb5kbc/ont/hatFundstellenID": ["266"], "http://w3id.org/bb5kbc/ont/hatFundstellenart": ["http://w3id.org/bb5kbc/fundstellenart_376218bc"], "http://w3id.org/bb5kbc/ont/hatGenauigkeit": ["2000.0"], "http://w3id.org/bb5kbc/ont/hatKatalognummer": ["25"], "http://w3id.org/bb5kbc/ont/hatKulturelleZuordnung": ["http://w3id.org/bb5kbc/site_243_culture"], "http://w3id.org/bb5kbc/ont/hatPublikation": ["http://w3id.org/bb5kbc/pub_aab60e84"], "http://w3id.org/bb5kbc/ont/inGemeinde": ["http://w3id.org/bb5kbc/gemeinde_455beb00"], "http://w3id.org/bb5kbc/ont/wurdeEntdecktDurch": ["http://w3id.org/bb5kbc/site_243_discovery"], "http://w3id.org/bb5kbc/ont/wurdeGeoreferenziertDurch": ["http://w3id.org/bb5kbc/site_243_activity"], "http://www.opengis.net/ont/geosparql#hasGeometry": ["http://w3id.org/bb5kbc/site_243_geom"], "http://www.w3.org/1999/02/22-rdf-syntax-ns#type": ["http://w3id.org/bb5kbc/ont/Fundstelle"], "http://www.w3.org/2000/01/rdf-schema#label": ["\u0141omy"], "http://www.w3.org/2004/02/skos/core#prefLabel": ["\u0141omy"]}, "geometry": {"type": "Point", "coordinates": [14.8, 52.06]}}, {"type": "Feature", "id": "http://w3id.org/bb5kbc/site_540", "name": "", "dateprops": [], "properties": {"http://fuzzy-sl.squirrel.link/ontology/certaintyLevel": ["https://fuzzy-sl.wikibase.cloud/entity/Q24"], "http://fuzzy-sl.squirrel.link/ontology/hasLocationType": ["https://fuzzy-sl.wikibase.cloud/entity/Q80"], "http://fuzzy-sl.squirrel.link/ontology/representativeGeometry": ["http://w3id.org/bb5kbc/site_540_geom"], "http://purl.org/dc/terms/identifier": ["540"], "http://rdfs.org/ns/void#inDataset": ["http://w3id.org/bb5kbc/Brandenburg_5000_BC_Data"], "http://w3id.org/bb5kbc/ont/hatFID": ["540"], "http://w3id.org/bb5kbc/ont/hatFundstellenID": ["92"], "http://w3id.org/bb5kbc/ont/hatFundstellenart": ["http://w3id.org/bb5kbc/fundstellenart_376218bc"], "http://w3id.org/bb5kbc/ont/hatGenauigkeit": ["1500.0"], "http://w3id.org/bb5kbc/ont/hatKatalognummer": ["26"], "http://w3id.org/bb5kbc/ont/hatKulturelleZuordnung": ["http://w3id.org/bb5kbc/site_540_culture"], "http://w3id.org/bb5kbc/ont/hatPublikation": ["http://w3id.org/bb5kbc/pub_d3fe8d6a"], "http://w3id.org/bb5kbc/ont/inGemeinde": ["http://w3id.org/bb5kbc/gemeinde_a4b9efc1"], "http://w3id.org/bb5kbc/ont/wurdeGeoreferenziertDurch": ["http://w3id.org/bb5kbc/site_540_activity"], "http://www.opengis.net/ont/geosparql#hasGeometry": ["http://w3id.org/bb5kbc/site_540_geom"], "http://www.w3.org/1999/02/22-rdf-syntax-ns#type": ["http://w3id.org/bb5kbc/ont/Fundstelle"], "http://www.w3.org/2000/01/rdf-schema#label": ["Chwa\u0142owo 1"], "http://www.w3.org/2004/02/skos/core#prefLabel": ["Chwa\u0142owo 1"]}, "geometry": {"type": "Point", "coordinates": [17.9, 52.7]}}, {"type": "Feature", "id": "http://w3id.org/bb5kbc/site_535", "name": "", "dateprops": [], "properties": {"http://fuzzy-sl.squirrel.link/ontology/certaintyLevel": ["https://fuzzy-sl.wikibase.cloud/entity/Q24"], "http://fuzzy-sl.squirrel.link/ontology/hasLocationType": ["https://fuzzy-sl.wikibase.cloud/entity/Q80"], "http://fuzzy-sl.squirrel.link/ontology/representativeGeometry": ["http://w3id.org/bb5kbc/site_535_geom"], "http://purl.org/dc/terms/identifier": ["535"], "http://rdfs.org/ns/void#inDataset": ["http://w3id.org/bb5kbc/Brandenburg_5000_BC_Data"], "http://w3id.org/bb5kbc/ont/hatFID": ["535"], "http://w3id.org/bb5kbc/ont/hatFundstellenID": ["88"], "http://w3id.org/bb5kbc/ont/hatFundstellenart": ["http://w3id.org/bb5kbc/fundstellenart_376218bc"], "http://w3id.org/bb5kbc/ont/hatGenauigkeit": ["1500.0"], "http://w3id.org/bb5kbc/ont/hatKatalognummer": ["22"], "http://w3id.org/bb5kbc/ont/hatKulturelleZuordnung": ["http://w3id.org/bb5kbc/site_535_culture"], "http://w3id.org/bb5kbc/ont/hatPublikation": ["http://w3id.org/bb5kbc/pub_d3fe8d6a"], "http://w3id.org/bb5kbc/ont/inGemeinde": ["http://w3id.org/bb5kbc/gemeinde_b5edf5ed"], "http://w3id.org/bb5kbc/ont/wurdeGeoreferenziertDurch": ["http://w3id.org/bb5kbc/site_535_activity"], "http://www.opengis.net/ont/geosparql#hasGeometry": ["http://w3id.org/bb5kbc/site_535_geom"], "http://www.w3.org/1999/02/22-rdf-syntax-ns#type": ["http://w3id.org/bb5kbc/ont/Fundstelle"], "http://www.w3.org/2000/01/rdf-schema#label": ["Byczyna"], "http://www.w3.org/2004/02/skos/core#prefLabel": ["Byczyna"]}, "geometry": {"type": "Point", "coordinates": [18.62, 52.67]}}, {"type": "Feature", "id": "http://w3id.org/bb5kbc/site_236", "name": "", "dateprops": [], "properties": {"http://fuzzy-sl.squirrel.link/ontology/certaintyLevel": ["https://fuzzy-sl.wikibase.cloud/entity/Q24"], "http://fuzzy-sl.squirrel.link/ontology/hasLocationType": ["https://fuzzy-sl.wikibase.cloud/entity/Q80"], "http://fuzzy-sl.squirrel.link/ontology/representativeGeometry": ["http://w3id.org/bb5kbc/site_236_geom"], "http://purl.org/dc/terms/identifier": ["236"], "http://rdfs.org/ns/void#inDataset": ["http://w3id.org/bb5kbc/Brandenburg_5000_BC_Data"], "http://w3id.org/bb5kbc/ont/hatFID": ["236"], "http://w3id.org/bb5kbc/ont/hatFundstellenID": ["287"], "http://w3id.org/bb5kbc/ont/hatFundstellenart": ["http://w3id.org/bb5kbc/fundstellenart_376218bc"], "http://w3id.org/bb5kbc/ont/hatGenauigkeit": ["3000.0"], "http://w3id.org/bb5kbc/ont/hatKatalognummer": ["12"], "http://w3id.org/bb5kbc/ont/hatKulturelleZuordnung": ["http://w3id.org/bb5kbc/site_236_culture"], "http://w3id.org/bb5kbc/ont/hatPublikation": ["http://w3id.org/bb5kbc/pub_0b536e9d"], "http://w3id.org/bb5kbc/ont/inGemeinde": ["http://w3id.org/bb5kbc/gemeinde_b2684065"], "http://w3id.org/bb5kbc/ont/wurdeGeoreferenziertDurch": ["http://w3id.org/bb5kbc/site_236_activity"], "http://www.opengis.net/ont/geosparql#hasGeometry": ["http://w3id.org/bb5kbc/site_236_geom"], "http://www.w3.org/1999/02/22-rdf-syntax-ns#type": ["http://w3id.org/bb5kbc/ont/Fundstelle"], "http://www.w3.org/2000/01/rdf-schema#label": ["Mierzyn 2a"], "http://www.w3.org/2004/02/skos/core#prefLabel": ["Mierzyn 2a"]}, "geometry": {"type": "Point", "coordinates": [14.47, 53.43]}}, {"type": "Feature", "id": "http://w3id.org/bb5kbc/site_144", "name": "", "dateprops": [], "properties": {"http://fuzzy-sl.squirrel.link/ontology/certaintyLevel": ["https://fuzzy-sl.wikibase.cloud/entity/Q24"], "http://fuzzy-sl.squirrel.link/ontology/hasLocationType": ["https://fuzzy-sl.wikibase.cloud/entity/Q80"], "http://fuzzy-sl.squirrel.link/ontology/representativeGeometry": ["http://w3id.org/bb5kbc/site_144_geom"], "http://purl.org/dc/terms/identifier": ["144"], "http://rdfs.org/ns/void#inDataset": ["http://w3id.org/bb5kbc/Brandenburg_5000_BC_Data"], "http://w3id.org/bb5kbc/ont/hatFID": ["144"], "http://w3id.org/bb5kbc/ont/hatFundstellenID": ["106"], "http://w3id.org/bb5kbc/ont/hatFundstellenart": ["http://w3id.org/bb5kbc/fundstellenart_b635ceb0"], "http://w3id.org/bb5kbc/ont/hatGenauigkeit": ["2000.0"], "http://w3id.org/bb5kbc/ont/hatKatalognummer": ["31"], "http://w3id.org/bb5kbc/ont/hatKulturelleZuordnung": ["http://w3id.org/bb5kbc/site_144_culture"], "http://w3id.org/bb5kbc/ont/hatPublikation": ["http://w3id.org/bb5kbc/pub_aab60e84"], "http://w3id.org/bb5kbc/ont/inGemeinde": ["http://w3id.org/bb5kbc/gemeinde_532d544d"], "http://w3id.org/bb5kbc/ont/wurdeEntdecktDurch": ["http://w3id.org/bb5kbc/site_144_discovery"], "http://w3id.org/bb5kbc/ont/wurdeGeoreferenziertDurch": ["http://w3id.org/bb5kbc/site_144_activity"], "http://www.opengis.net/ont/geosparql#hasGeometry": ["http://w3id.org/bb5kbc/site_144_geom"], "http://www.w3.org/1999/02/22-rdf-syntax-ns#type": ["http://w3id.org/bb5kbc/ont/Fundstelle"], "http://www.w3.org/2000/01/rdf-schema#label": ["Dry\u017cyna"], "http://www.w3.org/2004/02/skos/core#prefLabel": ["Dry\u017cyna"]}, "geometry": {"type": "Point", "coordinates": [16.28, 51.71]}}, {"type": "Feature", "id": "http://w3id.org/bb5kbc/site_98", "name": "", "dateprops": [], "properties": {"http://fuzzy-sl.squirrel.link/ontology/certaintyLevel": ["https://fuzzy-sl.wikibase.cloud/entity/Q24"], "http://fuzzy-sl.squirrel.link/ontology/hasLocationType": ["https://fuzzy-sl.wikibase.cloud/entity/Q80"], "http://fuzzy-sl.squirrel.link/ontology/representativeGeometry": ["http://w3id.org/bb5kbc/site_98_geom"], "http://purl.org/dc/terms/identifier": ["98"], "http://rdfs.org/ns/void#inDataset": ["http://w3id.org/bb5kbc/Brandenburg_5000_BC_Data"], "http://w3id.org/bb5kbc/ont/hatFID": ["98"], "http://w3id.org/bb5kbc/ont/hatFundstellenID": ["463"], "http://w3id.org/bb5kbc/ont/hatFundstellenart": ["http://w3id.org/bb5kbc/fundstellenart_b635ceb0"], "http://w3id.org/bb5kbc/ont/hatGenauigkeit": ["2000.0"], "http://w3id.org/bb5kbc/ont/hatKatalognummer": ["29"], "http://w3id.org/bb5kbc/ont/hatKulturelleZuordnung": ["http://w3id.org/bb5kbc/site_98_culture"], "http://w3id.org/bb5kbc/ont/hatPublikation": ["http://w3id.org/bb5kbc/pub_d0e4fb80"], "http://w3id.org/bb5kbc/ont/inGemeinde": ["http://w3id.org/bb5kbc/gemeinde_e7108498"], "http://w3id.org/bb5kbc/ont/wurdeEntdecktDurch": ["http://w3id.org/bb5kbc/site_98_discovery"], "http://w3id.org/bb5kbc/ont/wurdeGeoreferenziertDurch": ["http://w3id.org/bb5kbc/site_98_activity"], "http://www.opengis.net/ont/geosparql#hasGeometry": ["http://w3id.org/bb5kbc/site_98_geom"], "http://www.w3.org/1999/02/22-rdf-syntax-ns#type": ["http://w3id.org/bb5kbc/ont/Fundstelle"], "http://www.w3.org/2000/01/rdf-schema#label": ["Wierzchno/Wirchenblatt"], "http://www.w3.org/2004/02/skos/core#prefLabel": ["Wierzchno/Wirchenblatt"]}, "geometry": {"type": "Point", "coordinates": [14.77, 51.85]}}, {"type": "Feature", "id": "http://w3id.org/bb5kbc/site_555", "name": "", "dateprops": [], "properties": {"http://fuzzy-sl.squirrel.link/ontology/certaintyLevel": ["https://fuzzy-sl.wikibase.cloud/entity/Q24"], "http://fuzzy-sl.squirrel.link/ontology/hasLocationType": ["https://fuzzy-sl.wikibase.cloud/entity/Q80"], "http://fuzzy-sl.squirrel.link/ontology/representativeGeometry": ["http://w3id.org/bb5kbc/site_555_geom"], "http://purl.org/dc/terms/identifier": ["555"], "http://rdfs.org/ns/void#inDataset": ["http://w3id.org/bb5kbc/Brandenburg_5000_BC_Data"], "http://w3id.org/bb5kbc/ont/hatFID": ["555"], "http://w3id.org/bb5kbc/ont/hatFundstellenID": ["409"], "http://w3id.org/bb5kbc/ont/hatFundstellenart": ["http://w3id.org/bb5kbc/fundstellenart_376218bc"], "http://w3id.org/bb5kbc/ont/hatGenauigkeit": ["800.0"], "http://w3id.org/bb5kbc/ont/hatKatalognummer": ["9"], "http://w3id.org/bb5kbc/ont/hatKulturelleZuordnung": ["http://w3id.org/bb5kbc/site_555_culture"], "http://w3id.org/bb5kbc/ont/hatPublikation": ["http://w3id.org/bb5kbc/pub_69451dca"], "http://w3id.org/bb5kbc/ont/inGemeinde": ["http://w3id.org/bb5kbc/gemeinde_af614e64"], "http://w3id.org/bb5kbc/ont/wurdeGeoreferenziertDurch": ["http://w3id.org/bb5kbc/site_555_activity"], "http://www.opengis.net/ont/geosparql#hasGeometry": ["http://w3id.org/bb5kbc/site_555_geom"], "http://www.w3.org/1999/02/22-rdf-syntax-ns#type": ["http://w3id.org/bb5kbc/ont/Fundstelle"], "http://www.w3.org/2000/01/rdf-schema#label": ["Siad\u0142o Dolne 7"], "http://www.w3.org/2004/02/skos/core#prefLabel": ["Siad\u0142o Dolne 7"]}, "geometry": {"type": "Point", "coordinates": [14.49, 53.38]}}, {"type": "Feature", "id": "http://w3id.org/bb5kbc/site_151", "name": "", "dateprops": [], "properties": {"http://fuzzy-sl.squirrel.link/ontology/certaintyLevel": ["https://fuzzy-sl.wikibase.cloud/entity/Q24"], "http://fuzzy-sl.squirrel.link/ontology/hasLocationType": ["https://fuzzy-sl.wikibase.cloud/entity/Q80"], "http://fuzzy-sl.squirrel.link/ontology/representativeGeometry": ["http://w3id.org/bb5kbc/site_151_geom"], "http://purl.org/dc/terms/identifier": ["151"], "http://rdfs.org/ns/void#inDataset": ["http://w3id.org/bb5kbc/Brandenburg_5000_BC_Data"], "http://w3id.org/bb5kbc/ont/hatFID": ["151"], "http://w3id.org/bb5kbc/ont/hatFundstellenID": ["83"], "http://w3id.org/bb5kbc/ont/hatFundstellenart": ["http://w3id.org/bb5kbc/fundstellenart_376218bc"], "http://w3id.org/bb5kbc/ont/hatGenauigkeit": ["3000.0"], "http://w3id.org/bb5kbc/ont/hatKatalognummer": ["20"], "http://w3id.org/bb5kbc/ont/hatKulturelleZuordnung": ["http://w3id.org/bb5kbc/site_151_culture"], "http://w3id.org/bb5kbc/ont/hatPublikation": ["http://w3id.org/bb5kbc/pub_1ed4ab72"], "http://w3id.org/bb5kbc/ont/inGemeinde": ["http://w3id.org/bb5kbc/gemeinde_eb1d0c76"], "http://w3id.org/bb5kbc/ont/wurdeGeoreferenziertDurch": ["http://w3id.org/bb5kbc/site_151_activity"], "http://www.opengis.net/ont/geosparql#hasGeometry": ["http://w3id.org/bb5kbc/site_151_geom"], "http://www.w3.org/1999/02/22-rdf-syntax-ns#type": ["http://w3id.org/bb5kbc/ont/Fundstelle"], "http://www.w3.org/2000/01/rdf-schema#label": ["Bschanz/Pysz\u0105ca"], "http://www.w3.org/2004/02/skos/core#prefLabel": ["Bschanz/Pysz\u0105ca"]}, "geometry": {"type": "Point", "coordinates": [16.68, 51.26]}}, {"type": "Feature", "id": "http://w3id.org/bb5kbc/site_173", "name": "", "dateprops": [], "properties": {"http://fuzzy-sl.squirrel.link/ontology/certaintyLevel": ["https://fuzzy-sl.wikibase.cloud/entity/Q24"], "http://fuzzy-sl.squirrel.link/ontology/hasLocationType": ["https://fuzzy-sl.wikibase.cloud/entity/Q80"], "http://fuzzy-sl.squirrel.link/ontology/representativeGeometry": ["http://w3id.org/bb5kbc/site_173_geom"], "http://purl.org/dc/terms/identifier": ["173"], "http://rdfs.org/ns/void#inDataset": ["http://w3id.org/bb5kbc/Brandenburg_5000_BC_Data"], "http://w3id.org/bb5kbc/ont/hatFID": ["173"], "http://w3id.org/bb5kbc/ont/hatFundstellenID": ["322"], "http://w3id.org/bb5kbc/ont/hatFundstellenart": ["http://w3id.org/bb5kbc/fundstellenart_376218bc"], "http://w3id.org/bb5kbc/ont/hatGenauigkeit": ["3000.0"], "http://w3id.org/bb5kbc/ont/hatKatalognummer": ["1"], "http://w3id.org/bb5kbc/ont/hatKulturelleZuordnung": ["http://w3id.org/bb5kbc/site_173_culture"], "http://w3id.org/bb5kbc/ont/hatPublikation": ["http://w3id.org/bb5kbc/pub_1ed4ab72"], "http://w3id.org/bb5kbc/ont/inGemeinde": ["http://w3id.org/bb5kbc/gemeinde_04edad38"], "http://w3id.org/bb5kbc/ont/wurdeGeoreferenziertDurch": ["http://w3id.org/bb5kbc/site_173_activity"], "http://www.opengis.net/ont/geosparql#hasGeometry": ["http://w3id.org/bb5kbc/site_173_geom"], "http://www.w3.org/1999/02/22-rdf-syntax-ns#type": ["http://w3id.org/bb5kbc/ont/Fundstelle"], "http://www.w3.org/2000/01/rdf-schema#label": ["Ottitz/Ocice"], "http://www.w3.org/2004/02/skos/core#prefLabel": ["Ottitz/Ocice"]}, "geometry": {"type": "Point", "coordinates": [18.17, 50.08]}}, {"type": "Feature", "id": "http://w3id.org/bb5kbc/site_121", "name": "", "dateprops": [], "properties": {"http://fuzzy-sl.squirrel.link/ontology/certaintyLevel": ["https://fuzzy-sl.wikibase.cloud/entity/Q24"], "http://fuzzy-sl.squirrel.link/ontology/hasLocationType": ["https://fuzzy-sl.wikibase.cloud/entity/Q80"], "http://fuzzy-sl.squirrel.link/ontology/representativeGeometry": ["http://w3id.org/bb5kbc/site_121_geom"], "http://purl.org/dc/terms/identifier": ["121"], "http://rdfs.org/ns/void#inDataset": ["http://w3id.org/bb5kbc/Brandenburg_5000_BC_Data"], "http://w3id.org/bb5kbc/ont/hatFID": ["121"], "http://w3id.org/bb5kbc/ont/hatFundstellenID": ["152"], "http://w3id.org/bb5kbc/ont/hatFundstellenart": ["http://w3id.org/bb5kbc/fundstellenart_376218bc"], "http://w3id.org/bb5kbc/ont/hatGenauigkeit": ["1500.0"], "http://w3id.org/bb5kbc/ont/hatKatalognummer": ["16"], "http://w3id.org/bb5kbc/ont/hatKulturelleZuordnung": ["http://w3id.org/bb5kbc/site_121_culture"], "http://w3id.org/bb5kbc/ont/hatPublikation": ["http://w3id.org/bb5kbc/pub_aab60e84"], "http://w3id.org/bb5kbc/ont/inGemeinde": ["http://w3id.org/bb5kbc/gemeinde_926d3655"], "http://w3id.org/bb5kbc/ont/wurdeEntdecktDurch": ["http://w3id.org/bb5kbc/site_121_discovery"], "http://w3id.org/bb5kbc/ont/wurdeGeoreferenziertDurch": ["http://w3id.org/bb5kbc/site_121_activity"], "http://www.opengis.net/ont/geosparql#hasGeometry": ["http://w3id.org/bb5kbc/site_121_geom"], "http://www.w3.org/1999/02/22-rdf-syntax-ns#type": ["http://w3id.org/bb5kbc/ont/Fundstelle"], "http://www.w3.org/2000/01/rdf-schema#label": ["G\u00f3recko"], "http://www.w3.org/2004/02/skos/core#prefLabel": ["G\u00f3recko"]}, "geometry": {"type": "Point", "coordinates": [15.57, 52.78]}}, {"type": "Feature", "id": "http://w3id.org/bb5kbc/site_233", "name": "", "dateprops": [], "properties": {"http://fuzzy-sl.squirrel.link/ontology/certaintyLevel": ["https://fuzzy-sl.wikibase.cloud/entity/Q24"], "http://fuzzy-sl.squirrel.link/ontology/hasLocationType": ["https://fuzzy-sl.wikibase.cloud/entity/Q80"], "http://fuzzy-sl.squirrel.link/ontology/representativeGeometry": ["http://w3id.org/bb5kbc/site_233_geom"], "http://purl.org/dc/terms/identifier": ["233"], "http://rdfs.org/ns/void#inDataset": ["http://w3id.org/bb5kbc/Brandenburg_5000_BC_Data"], "http://w3id.org/bb5kbc/ont/hatFID": ["233"], "http://w3id.org/bb5kbc/ont/hatFundstellenID": ["125"], "http://w3id.org/bb5kbc/ont/hatFundstellenart": ["http://w3id.org/bb5kbc/fundstellenart_376218bc"], "http://w3id.org/bb5kbc/ont/hatGenauigkeit": ["5000.0"], "http://w3id.org/bb5kbc/ont/hatKatalognummer": ["8"], "http://w3id.org/bb5kbc/ont/hatKulturelleZuordnung": ["http://w3id.org/bb5kbc/site_233_culture"], "http://w3id.org/bb5kbc/ont/hatPublikation": ["http://w3id.org/bb5kbc/pub_b7c68a6f"], "http://w3id.org/bb5kbc/ont/inGemeinde": ["http://w3id.org/bb5kbc/gemeinde_4bb6d2e8"], "http://w3id.org/bb5kbc/ont/wurdeEntdecktDurch": ["http://w3id.org/bb5kbc/site_233_discovery"], "http://w3id.org/bb5kbc/ont/wurdeGeoreferenziertDurch": ["http://w3id.org/bb5kbc/site_233_activity"], "http://www.opengis.net/ont/geosparql#hasGeometry": ["http://w3id.org/bb5kbc/site_233_geom"], "http://www.w3.org/1999/02/22-rdf-syntax-ns#type": ["http://w3id.org/bb5kbc/ont/Fundstelle"], "http://www.w3.org/2000/01/rdf-schema#label": ["Frankfurt/Oder unbek."], "http://www.w3.org/2004/02/skos/core#prefLabel": ["Frankfurt/Oder unbek."]}, "geometry": {"type": "Point", "coordinates": [14.53, 52.34]}}, {"type": "Feature", "id": "http://w3id.org/bb5kbc/site_126", "name": "", "dateprops": [], "properties": {"http://fuzzy-sl.squirrel.link/ontology/certaintyLevel": ["https://fuzzy-sl.wikibase.cloud/entity/Q24"], "http://fuzzy-sl.squirrel.link/ontology/hasLocationType": ["https://fuzzy-sl.wikibase.cloud/entity/Q80"], "http://fuzzy-sl.squirrel.link/ontology/representativeGeometry": ["http://w3id.org/bb5kbc/site_126_geom"], "http://purl.org/dc/terms/identifier": ["126"], "http://rdfs.org/ns/void#inDataset": ["http://w3id.org/bb5kbc/Brandenburg_5000_BC_Data"], "http://w3id.org/bb5kbc/ont/hatFID": ["126"], "http://w3id.org/bb5kbc/ont/hatFundstellenID": ["89"], "http://w3id.org/bb5kbc/ont/hatFundstellenart": ["http://w3id.org/bb5kbc/fundstellenart_376218bc"], "http://w3id.org/bb5kbc/ont/hatGenauigkeit": ["2500.0"], "http://w3id.org/bb5kbc/ont/hatKatalognummer": ["20"], "http://w3id.org/bb5kbc/ont/hatKulturelleZuordnung": ["http://w3id.org/bb5kbc/site_126_culture"], "http://w3id.org/bb5kbc/ont/hatPublikation": ["http://w3id.org/bb5kbc/pub_aab60e84"], "http://w3id.org/bb5kbc/ont/inGemeinde": ["http://w3id.org/bb5kbc/gemeinde_b08e3852"], "http://w3id.org/bb5kbc/ont/wurdeEntdecktDurch": ["http://w3id.org/bb5kbc/site_126_discovery"], "http://w3id.org/bb5kbc/ont/wurdeGeoreferenziertDurch": ["http://w3id.org/bb5kbc/site_126_activity"], "http://www.opengis.net/ont/geosparql#hasGeometry": ["http://w3id.org/bb5kbc/site_126_geom"], "http://www.w3.org/1999/02/22-rdf-syntax-ns#type": ["http://w3id.org/bb5kbc/ont/Fundstelle"], "http://www.w3.org/2000/01/rdf-schema#label": ["Bytom Odrza\u0144ski"], "http://www.w3.org/2004/02/skos/core#prefLabel": ["Bytom Odrza\u0144ski"]}, "geometry": {"type": "Point", "coordinates": [15.82, 51.73]}}, {"type": "Feature", "id": "http://w3id.org/bb5kbc/site_515", "name": "", "dateprops": [], "properties": {"http://fuzzy-sl.squirrel.link/ontology/certaintyLevel": ["https://fuzzy-sl.wikibase.cloud/entity/Q24"], "http://fuzzy-sl.squirrel.link/ontology/hasLocationType": ["https://fuzzy-sl.wikibase.cloud/entity/Q80"], "http://fuzzy-sl.squirrel.link/ontology/representativeGeometry": ["http://w3id.org/bb5kbc/site_515_geom"], "http://purl.org/dc/terms/identifier": ["515"], "http://rdfs.org/ns/void#inDataset": ["http://w3id.org/bb5kbc/Brandenburg_5000_BC_Data"], "http://w3id.org/bb5kbc/ont/hatFID": ["515"], "http://w3id.org/bb5kbc/ont/hatFundstellenID": ["43"], "http://w3id.org/bb5kbc/ont/hatFundstellenart": ["http://w3id.org/bb5kbc/fundstellenart_1972902b"], "http://w3id.org/bb5kbc/ont/hatGenauigkeit": ["1500.0"], "http://w3id.org/bb5kbc/ont/hatKatalognummer": ["3"], "http://w3id.org/bb5kbc/ont/hatKulturelleZuordnung": ["http://w3id.org/bb5kbc/site_515_culture"], "http://w3id.org/bb5kbc/ont/hatPublikation": ["http://w3id.org/bb5kbc/pub_d3fe8d6a"], "http://w3id.org/bb5kbc/ont/inGemeinde": ["http://w3id.org/bb5kbc/gemeinde_19809dcf"], "http://w3id.org/bb5kbc/ont/wurdeEntdecktDurch": ["http://w3id.org/bb5kbc/site_515_discovery"], "http://w3id.org/bb5kbc/ont/wurdeGeoreferenziertDurch": ["http://w3id.org/bb5kbc/site_515_activity"], "http://www.opengis.net/ont/geosparql#hasGeometry": ["http://w3id.org/bb5kbc/site_515_geom"], "http://www.w3.org/1999/02/22-rdf-syntax-ns#type": ["http://w3id.org/bb5kbc/ont/Fundstelle"], "http://www.w3.org/2000/01/rdf-schema#label": ["Biskupin 10/I"], "http://www.w3.org/2004/02/skos/core#prefLabel": ["Biskupin 10/I"]}, "geometry": {"type": "Point", "coordinates": [17.72, 52.79]}}, {"type": "Feature", "id": "http://w3id.org/bb5kbc/site_123", "name": "", "dateprops": [], "properties": {"http://fuzzy-sl.squirrel.link/ontology/certaintyLevel": ["https://fuzzy-sl.wikibase.cloud/entity/Q24"], "http://fuzzy-sl.squirrel.link/ontology/hasLocationType": ["https://fuzzy-sl.wikibase.cloud/entity/Q80"], "http://fuzzy-sl.squirrel.link/ontology/representativeGeometry": ["http://w3id.org/bb5kbc/site_123_geom"], "http://purl.org/dc/terms/identifier": ["123"], "http://rdfs.org/ns/void#inDataset": ["http://w3id.org/bb5kbc/Brandenburg_5000_BC_Data"], "http://w3id.org/bb5kbc/ont/hatFID": ["123"], "http://w3id.org/bb5kbc/ont/hatFundstellenID": ["154"], "http://w3id.org/bb5kbc/ont/hatFundstellenart": ["http://w3id.org/bb5kbc/fundstellenart_1972902b"], "http://w3id.org/bb5kbc/ont/hatGenauigkeit": ["1500.0"], "http://w3id.org/bb5kbc/ont/hatKatalognummer": ["15"], "http://w3id.org/bb5kbc/ont/hatKulturelleZuordnung": ["http://w3id.org/bb5kbc/site_123_culture"], "http://w3id.org/bb5kbc/ont/hatPublikation": ["http://w3id.org/bb5kbc/pub_b7c68a6f"], "http://w3id.org/bb5kbc/ont/inGemeinde": ["http://w3id.org/bb5kbc/gemeinde_c2ad88d4"], "http://w3id.org/bb5kbc/ont/wurdeEntdecktDurch": ["http://w3id.org/bb5kbc/site_123_discovery"], "http://w3id.org/bb5kbc/ont/wurdeGeoreferenziertDurch": ["http://w3id.org/bb5kbc/site_123_activity"], "http://www.opengis.net/ont/geosparql#hasGeometry": ["http://w3id.org/bb5kbc/site_123_geom"], "http://www.w3.org/1999/02/22-rdf-syntax-ns#type": ["http://w3id.org/bb5kbc/ont/Fundstelle"], "http://www.w3.org/2000/01/rdf-schema#label": ["Goszczanowiec/Guschterholl\u00e4nder"], "http://www.w3.org/2004/02/skos/core#prefLabel": ["Goszczanowiec/Guschterholl\u00e4nder"]}, "geometry": {"type": "Point", "coordinates": [15.62, 52.73]}}, {"type": "Feature", "id": "http://w3id.org/bb5kbc/site_174", "name": "", "dateprops": [], "properties": {"http://fuzzy-sl.squirrel.link/ontology/certaintyLevel": ["https://fuzzy-sl.wikibase.cloud/entity/Q24"], "http://fuzzy-sl.squirrel.link/ontology/hasLocationType": ["https://fuzzy-sl.wikibase.cloud/entity/Q80"], "http://fuzzy-sl.squirrel.link/ontology/representativeGeometry": ["http://w3id.org/bb5kbc/site_174_geom"], "http://purl.org/dc/terms/identifier": ["174"], "http://rdfs.org/ns/void#inDataset": ["http://w3id.org/bb5kbc/Brandenburg_5000_BC_Data"], "http://w3id.org/bb5kbc/ont/hatFID": ["174"], "http://w3id.org/bb5kbc/ont/hatFundstellenID": ["86"], "http://w3id.org/bb5kbc/ont/hatFundstellenart": ["http://w3id.org/bb5kbc/fundstellenart_1972902b"], "http://w3id.org/bb5kbc/ont/hatGenauigkeit": ["2000.0"], "http://w3id.org/bb5kbc/ont/hatKulturelleZuordnung": ["http://w3id.org/bb5kbc/site_174_culture"], "http://w3id.org/bb5kbc/ont/hatPublikation": ["http://w3id.org/bb5kbc/pub_67ee6ee4"], "http://w3id.org/bb5kbc/ont/inGemeinde": ["http://w3id.org/bb5kbc/gemeinde_05836479"], "http://w3id.org/bb5kbc/ont/wurdeEntdecktDurch": ["http://w3id.org/bb5kbc/site_174_discovery"], "http://w3id.org/bb5kbc/ont/wurdeGeoreferenziertDurch": ["http://w3id.org/bb5kbc/site_174_activity"], "http://www.opengis.net/ont/geosparql#hasGeometry": ["http://w3id.org/bb5kbc/site_174_geom"], "http://www.w3.org/1999/02/22-rdf-syntax-ns#type": ["http://w3id.org/bb5kbc/ont/Fundstelle"], "http://www.w3.org/2000/01/rdf-schema#label": ["Bukowiec"], "http://www.w3.org/2004/02/skos/core#prefLabel": ["Bukowiec"]}, "geometry": {"type": "Point", "coordinates": [18.24, 53.43]}}, {"type": "Feature", "id": "http://w3id.org/bb5kbc/site_162", "name": "", "dateprops": [], "properties": {"http://fuzzy-sl.squirrel.link/ontology/certaintyLevel": ["https://fuzzy-sl.wikibase.cloud/entity/Q24"], "http://fuzzy-sl.squirrel.link/ontology/hasLocationType": ["https://fuzzy-sl.wikibase.cloud/entity/Q80"], "http://fuzzy-sl.squirrel.link/ontology/representativeGeometry": ["http://w3id.org/bb5kbc/site_162_geom"], "http://purl.org/dc/terms/identifier": ["162"], "http://rdfs.org/ns/void#inDataset": ["http://w3id.org/bb5kbc/Brandenburg_5000_BC_Data"], "http://w3id.org/bb5kbc/ont/hatFID": ["162"], "http://w3id.org/bb5kbc/ont/hatFundstellenID": ["391"], "http://w3id.org/bb5kbc/ont/hatFundstellenart": ["http://w3id.org/bb5kbc/fundstellenart_376218bc"], "http://w3id.org/bb5kbc/ont/hatGenauigkeit": ["2000.0"], "http://w3id.org/bb5kbc/ont/hatKatalognummer": ["15"], "http://w3id.org/bb5kbc/ont/hatKulturelleZuordnung": ["http://w3id.org/bb5kbc/site_162_culture"], "http://w3id.org/bb5kbc/ont/hatPublikation": ["http://w3id.org/bb5kbc/pub_1ed4ab72"], "http://w3id.org/bb5kbc/ont/inGemeinde": ["http://w3id.org/bb5kbc/gemeinde_28687181"], "http://w3id.org/bb5kbc/ont/wurdeGeoreferenziertDurch": ["http://w3id.org/bb5kbc/site_162_activity"], "http://www.opengis.net/ont/geosparql#hasGeometry": ["http://w3id.org/bb5kbc/site_162_geom"], "http://www.w3.org/1999/02/22-rdf-syntax-ns#type": ["http://w3id.org/bb5kbc/ont/Fundstelle"], "http://www.w3.org/2000/01/rdf-schema#label": ["Schmiedefeld/Ku\u017cniki"], "http://www.w3.org/2004/02/skos/core#prefLabel": ["Schmiedefeld/Ku\u017cniki"]}, "geometry": {"type": "Point", "coordinates": [16.95, 51.13]}}, {"type": "Feature", "id": "http://w3id.org/bb5kbc/site_149", "name": "", "dateprops": [], "properties": {"http://fuzzy-sl.squirrel.link/ontology/certaintyLevel": ["https://fuzzy-sl.wikibase.cloud/entity/Q24"], "http://fuzzy-sl.squirrel.link/ontology/hasLocationType": ["https://fuzzy-sl.wikibase.cloud/entity/Q80"], "http://fuzzy-sl.squirrel.link/ontology/representativeGeometry": ["http://w3id.org/bb5kbc/site_149_geom"], "http://purl.org/dc/terms/identifier": ["149"], "http://rdfs.org/ns/void#inDataset": ["http://w3id.org/bb5kbc/Brandenburg_5000_BC_Data"], "http://w3id.org/bb5kbc/ont/hatFID": ["149"], "http://w3id.org/bb5kbc/ont/hatFundstellenID": ["387"], "http://w3id.org/bb5kbc/ont/hatFundstellenart": ["http://w3id.org/bb5kbc/fundstellenart_376218bc"], "http://w3id.org/bb5kbc/ont/hatGenauigkeit": ["2000.0"], "http://w3id.org/bb5kbc/ont/hatKatalognummer": ["29"], "http://w3id.org/bb5kbc/ont/hatKulturelleZuordnung": ["http://w3id.org/bb5kbc/site_149_culture"], "http://w3id.org/bb5kbc/ont/hatPublikation": ["http://w3id.org/bb5kbc/pub_1ed4ab72"], "http://w3id.org/bb5kbc/ont/inGemeinde": ["http://w3id.org/bb5kbc/gemeinde_634a28ea"], "http://w3id.org/bb5kbc/ont/wurdeGeoreferenziertDurch": ["http://w3id.org/bb5kbc/site_149_activity"], "http://www.opengis.net/ont/geosparql#hasGeometry": ["http://w3id.org/bb5kbc/site_149_geom"], "http://www.w3.org/1999/02/22-rdf-syntax-ns#type": ["http://w3id.org/bb5kbc/ont/Fundstelle"], "http://www.w3.org/2000/01/rdf-schema#label": ["Schlabitz/S\u0142aw\u0119cice"], "http://www.w3.org/2004/02/skos/core#prefLabel": ["Schlabitz/S\u0142aw\u0119cice"]}, "geometry": {"type": "Point", "coordinates": [16.52, 51.7]}}, {"type": "Feature", "id": "http://w3id.org/bb5kbc/site_147", "name": "", "dateprops": [], "properties": {"http://fuzzy-sl.squirrel.link/ontology/certaintyLevel": ["https://fuzzy-sl.wikibase.cloud/entity/Q24"], "http://fuzzy-sl.squirrel.link/ontology/hasLocationType": ["https://fuzzy-sl.wikibase.cloud/entity/Q80"], "http://fuzzy-sl.squirrel.link/ontology/representativeGeometry": ["http://w3id.org/bb5kbc/site_147_geom"], "http://purl.org/dc/terms/identifier": ["147"], "http://rdfs.org/ns/void#inDataset": ["http://w3id.org/bb5kbc/Brandenburg_5000_BC_Data"], "http://w3id.org/bb5kbc/ont/hatFID": ["147"], "http://w3id.org/bb5kbc/ont/hatFundstellenID": ["224"], "http://w3id.org/bb5kbc/ont/hatFundstellenart": ["http://w3id.org/bb5kbc/fundstellenart_376218bc"], "http://w3id.org/bb5kbc/ont/hatGenauigkeit": ["2500.0"], "http://w3id.org/bb5kbc/ont/hatKatalognummer": ["22"], "http://w3id.org/bb5kbc/ont/hatKulturelleZuordnung": ["http://w3id.org/bb5kbc/site_147_culture"], "http://w3id.org/bb5kbc/ont/hatPublikation": ["http://w3id.org/bb5kbc/pub_1ed4ab72"], "http://w3id.org/bb5kbc/ont/inGemeinde": ["http://w3id.org/bb5kbc/gemeinde_d333c074"], "http://w3id.org/bb5kbc/ont/wurdeGeoreferenziertDurch": ["http://w3id.org/bb5kbc/site_147_activity"], "http://www.opengis.net/ont/geosparql#hasGeometry": ["http://w3id.org/bb5kbc/site_147_geom"], "http://www.w3.org/1999/02/22-rdf-syntax-ns#type": ["http://w3id.org/bb5kbc/ont/Fundstelle"], "http://www.w3.org/2000/01/rdf-schema#label": ["K\u00f6ben/Chobienia (Runda)"], "http://www.w3.org/2004/02/skos/core#prefLabel": ["K\u00f6ben/Chobienia (Runda)"]}, "geometry": {"type": "Point", "coordinates": [16.45, 51.54]}}, {"type": "Feature", "id": "http://w3id.org/bb5kbc/site_163", "name": "", "dateprops": [], "properties": {"http://fuzzy-sl.squirrel.link/ontology/certaintyLevel": ["https://fuzzy-sl.wikibase.cloud/entity/Q24"], "http://fuzzy-sl.squirrel.link/ontology/hasLocationType": ["https://fuzzy-sl.wikibase.cloud/entity/Q80"], "http://fuzzy-sl.squirrel.link/ontology/representativeGeometry": ["http://w3id.org/bb5kbc/site_163_geom"], "http://purl.org/dc/terms/identifier": ["163"], "http://rdfs.org/ns/void#inDataset": ["http://w3id.org/bb5kbc/Brandenburg_5000_BC_Data"], "http://w3id.org/bb5kbc/ont/hatFID": ["163"], "http://w3id.org/bb5kbc/ont/hatFundstellenID": ["217"], "http://w3id.org/bb5kbc/ont/hatFundstellenart": ["http://w3id.org/bb5kbc/fundstellenart_376218bc"], "http://w3id.org/bb5kbc/ont/hatGenauigkeit": ["2000.0"], "http://w3id.org/bb5kbc/ont/hatKatalognummer": ["14"], "http://w3id.org/bb5kbc/ont/hatKulturelleZuordnung": ["http://w3id.org/bb5kbc/site_163_culture"], "http://w3id.org/bb5kbc/ont/hatPublikation": ["http://w3id.org/bb5kbc/pub_1ed4ab72"], "http://w3id.org/bb5kbc/ont/inGemeinde": ["http://w3id.org/bb5kbc/gemeinde_28687181"], "http://w3id.org/bb5kbc/ont/wurdeGeoreferenziertDurch": ["http://w3id.org/bb5kbc/site_163_activity"], "http://www.opengis.net/ont/geosparql#hasGeometry": ["http://w3id.org/bb5kbc/site_163_geom"], "http://www.w3.org/1999/02/22-rdf-syntax-ns#type": ["http://w3id.org/bb5kbc/ont/Fundstelle"], "http://www.w3.org/2000/01/rdf-schema#label": ["Klein Mochbern/Muchob\u00f3r Ma\u0142y"], "http://www.w3.org/2004/02/skos/core#prefLabel": ["Klein Mochbern/Muchob\u00f3r Ma\u0142y"]}, "geometry": {"type": "Point", "coordinates": [16.97, 51.11]}}, {"type": "Feature", "id": "http://w3id.org/bb5kbc/site_165", "name": "", "dateprops": [], "properties": {"http://fuzzy-sl.squirrel.link/ontology/certaintyLevel": ["https://fuzzy-sl.wikibase.cloud/entity/Q24"], "http://fuzzy-sl.squirrel.link/ontology/hasLocationType": ["https://fuzzy-sl.wikibase.cloud/entity/Q80"], "http://fuzzy-sl.squirrel.link/ontology/representativeGeometry": ["http://w3id.org/bb5kbc/site_165_geom"], "http://purl.org/dc/terms/identifier": ["165"], "http://rdfs.org/ns/void#inDataset": ["http://w3id.org/bb5kbc/Brandenburg_5000_BC_Data"], "http://w3id.org/bb5kbc/ont/hatFID": ["165"], "http://w3id.org/bb5kbc/ont/hatFundstellenID": ["427"], "http://w3id.org/bb5kbc/ont/hatFundstellenart": ["http://w3id.org/bb5kbc/fundstellenart_376218bc"], "http://w3id.org/bb5kbc/ont/hatGenauigkeit": ["2000.0"], "http://w3id.org/bb5kbc/ont/hatKatalognummer": ["4"], "http://w3id.org/bb5kbc/ont/hatKulturelleZuordnung": ["http://w3id.org/bb5kbc/site_165_culture"], "http://w3id.org/bb5kbc/ont/hatPublikation": ["http://w3id.org/bb5kbc/pub_1ed4ab72"], "http://w3id.org/bb5kbc/ont/inGemeinde": ["http://w3id.org/bb5kbc/gemeinde_d6479e1b"], "http://w3id.org/bb5kbc/ont/wurdeGeoreferenziertDurch": ["http://w3id.org/bb5kbc/site_165_activity"], "http://www.opengis.net/ont/geosparql#hasGeometry": ["http://w3id.org/bb5kbc/site_165_geom"], "http://www.w3.org/1999/02/22-rdf-syntax-ns#type": ["http://w3id.org/bb5kbc/ont/Fundstelle"], "http://www.w3.org/2000/01/rdf-schema#label": ["St\u00fcbendorf/\u015acib\u00f3rz"], "http://www.w3.org/2004/02/skos/core#prefLabel": ["St\u00fcbendorf/\u015acib\u00f3rz"]}, "geometry": {"type": "Point", "coordinates": [17.12, 50.45]}}, {"type": "Feature", "id": "http://w3id.org/bb5kbc/site_527", "name": "", "dateprops": [], "properties": {"http://fuzzy-sl.squirrel.link/ontology/certaintyLevel": ["https://fuzzy-sl.wikibase.cloud/entity/Q24"], "http://fuzzy-sl.squirrel.link/ontology/hasLocationType": ["https://fuzzy-sl.wikibase.cloud/entity/Q80"], "http://fuzzy-sl.squirrel.link/ontology/representativeGeometry": ["http://w3id.org/bb5kbc/site_527_geom"], "http://purl.org/dc/terms/identifier": ["527"], "http://rdfs.org/ns/void#inDataset": ["http://w3id.org/bb5kbc/Brandenburg_5000_BC_Data"], "http://w3id.org/bb5kbc/ont/hatFID": ["527"], "http://w3id.org/bb5kbc/ont/hatFundstellenID": ["103"], "http://w3id.org/bb5kbc/ont/hatFundstellenart": ["http://w3id.org/bb5kbc/fundstellenart_376218bc"], "http://w3id.org/bb5kbc/ont/hatGenauigkeit": ["1500.0"], "http://w3id.org/bb5kbc/ont/hatKatalognummer": ["35"], "http://w3id.org/bb5kbc/ont/hatKulturelleZuordnung": ["http://w3id.org/bb5kbc/site_527_culture"], "http://w3id.org/bb5kbc/ont/hatPublikation": ["http://w3id.org/bb5kbc/pub_d3fe8d6a"], "http://w3id.org/bb5kbc/ont/inGemeinde": ["http://w3id.org/bb5kbc/gemeinde_b5edf5ed"], "http://w3id.org/bb5kbc/ont/wurdeGeoreferenziertDurch": ["http://w3id.org/bb5kbc/site_527_activity"], "http://www.opengis.net/ont/geosparql#hasGeometry": ["http://w3id.org/bb5kbc/site_527_geom"], "http://www.w3.org/1999/02/22-rdf-syntax-ns#type": ["http://w3id.org/bb5kbc/ont/Fundstelle"], "http://www.w3.org/2000/01/rdf-schema#label": ["Dobre 6"], "http://www.w3.org/2004/02/skos/core#prefLabel": ["Dobre 6"]}, "geometry": {"type": "Point", "coordinates": [18.56, 52.68]}}, {"type": "Feature", "id": "http://w3id.org/bb5kbc/site_101", "name": "", "dateprops": [], "properties": {"http://fuzzy-sl.squirrel.link/ontology/certaintyLevel": ["https://fuzzy-sl.wikibase.cloud/entity/Q24"], "http://fuzzy-sl.squirrel.link/ontology/hasLocationType": ["https://fuzzy-sl.wikibase.cloud/entity/Q80"], "http://fuzzy-sl.squirrel.link/ontology/representativeGeometry": ["http://w3id.org/bb5kbc/site_101_geom"], "http://purl.org/dc/terms/identifier": ["101"], "http://rdfs.org/ns/void#inDataset": ["http://w3id.org/bb5kbc/Brandenburg_5000_BC_Data"], "http://w3id.org/bb5kbc/ont/hatFID": ["101"], "http://w3id.org/bb5kbc/ont/hatFundstellenID": ["421"], "http://w3id.org/bb5kbc/ont/hatFundstellenart": ["http://w3id.org/bb5kbc/fundstellenart_376218bc"], "http://w3id.org/bb5kbc/ont/hatGenauigkeit": ["2000.0"], "http://w3id.org/bb5kbc/ont/hatKatalognummer": ["28"], "http://w3id.org/bb5kbc/ont/hatKulturelleZuordnung": ["http://w3id.org/bb5kbc/site_101_culture"], "http://w3id.org/bb5kbc/ont/hatPublikation": ["http://w3id.org/bb5kbc/pub_aab60e84"], "http://w3id.org/bb5kbc/ont/inGemeinde": ["http://w3id.org/bb5kbc/gemeinde_455beb00"], "http://w3id.org/bb5kbc/ont/wurdeEntdecktDurch": ["http://w3id.org/bb5kbc/site_101_discovery"], "http://w3id.org/bb5kbc/ont/wurdeGeoreferenziertDurch": ["http://w3id.org/bb5kbc/site_101_activity"], "http://www.opengis.net/ont/geosparql#hasGeometry": ["http://w3id.org/bb5kbc/site_101_geom"], "http://www.w3.org/1999/02/22-rdf-syntax-ns#type": ["http://w3id.org/bb5kbc/ont/Fundstelle"], "http://www.w3.org/2000/01/rdf-schema#label": ["Starosiedle"], "http://www.w3.org/2004/02/skos/core#prefLabel": ["Starosiedle"]}, "geometry": {"type": "Point", "coordinates": [14.82, 51.86]}}, {"type": "Feature", "id": "http://w3id.org/bb5kbc/site_175", "name": "", "dateprops": [], "properties": {"http://fuzzy-sl.squirrel.link/ontology/certaintyLevel": ["https://fuzzy-sl.wikibase.cloud/entity/Q24"], "http://fuzzy-sl.squirrel.link/ontology/hasLocationType": ["https://fuzzy-sl.wikibase.cloud/entity/Q80"], "http://fuzzy-sl.squirrel.link/ontology/representativeGeometry": ["http://w3id.org/bb5kbc/site_175_geom"], "http://purl.org/dc/terms/identifier": ["175"], "http://rdfs.org/ns/void#inDataset": ["http://w3id.org/bb5kbc/Brandenburg_5000_BC_Data"], "http://w3id.org/bb5kbc/ont/hatFID": ["175"], "http://w3id.org/bb5kbc/ont/hatFundstellenID": ["251"], "http://w3id.org/bb5kbc/ont/hatFundstellenart": ["http://w3id.org/bb5kbc/fundstellenart_376218bc"], "http://w3id.org/bb5kbc/ont/hatGenauigkeit": ["2500.0"], "http://w3id.org/bb5kbc/ont/hatKatalognummer": ["48"], "http://w3id.org/bb5kbc/ont/hatKulturelleZuordnung": ["http://w3id.org/bb5kbc/site_175_culture"], "http://w3id.org/bb5kbc/ont/hatPublikation": ["http://w3id.org/bb5kbc/pub_1ed4ab72"], "http://w3id.org/bb5kbc/ont/inGemeinde": ["http://w3id.org/bb5kbc/gemeinde_f8f8b6a1"], "http://w3id.org/bb5kbc/ont/wurdeGeoreferenziertDurch": ["http://w3id.org/bb5kbc/site_175_activity"], "http://www.opengis.net/ont/geosparql#hasGeometry": ["http://w3id.org/bb5kbc/site_175_geom"], "http://www.w3.org/1999/02/22-rdf-syntax-ns#type": ["http://w3id.org/bb5kbc/ont/Fundstelle"], "http://www.w3.org/2000/01/rdf-schema#label": ["Kulmsee/Che\u0142m\u017ca"], "http://www.w3.org/2004/02/skos/core#prefLabel": ["Kulmsee/Che\u0142m\u017ca"]}, "geometry": {"type": "Point", "coordinates": [18.61, 53.19]}}, {"type": "Feature", "id": "http://w3id.org/bb5kbc/site_146", "name": "", "dateprops": [], "properties": {"http://fuzzy-sl.squirrel.link/ontology/certaintyLevel": ["https://fuzzy-sl.wikibase.cloud/entity/Q24"], "http://fuzzy-sl.squirrel.link/ontology/hasLocationType": ["https://fuzzy-sl.wikibase.cloud/entity/Q80"], "http://fuzzy-sl.squirrel.link/ontology/representativeGeometry": ["http://w3id.org/bb5kbc/site_146_geom"], "http://purl.org/dc/terms/identifier": ["146"], "http://rdfs.org/ns/void#inDataset": ["http://w3id.org/bb5kbc/Brandenburg_5000_BC_Data"], "http://w3id.org/bb5kbc/ont/hatFID": ["146"], "http://w3id.org/bb5kbc/ont/hatFundstellenID": ["423"], "http://w3id.org/bb5kbc/ont/hatFundstellenart": ["http://w3id.org/bb5kbc/fundstellenart_376218bc"], "http://w3id.org/bb5kbc/ont/hatGenauigkeit": ["2500.0"], "http://w3id.org/bb5kbc/ont/hatKatalognummer": ["21"], "http://w3id.org/bb5kbc/ont/hatKulturelleZuordnung": ["http://w3id.org/bb5kbc/site_146_culture"], "http://w3id.org/bb5kbc/ont/hatPublikation": ["http://w3id.org/bb5kbc/pub_1ed4ab72"], "http://w3id.org/bb5kbc/ont/inGemeinde": ["http://w3id.org/bb5kbc/gemeinde_d49351d6"], "http://w3id.org/bb5kbc/ont/wurdeGeoreferenziertDurch": ["http://w3id.org/bb5kbc/site_146_activity"], "http://www.opengis.net/ont/geosparql#hasGeometry": ["http://w3id.org/bb5kbc/site_146_geom"], "http://www.w3.org/1999/02/22-rdf-syntax-ns#type": ["http://w3id.org/bb5kbc/ont/Fundstelle"], "http://www.w3.org/2000/01/rdf-schema#label": ["Steinau an der Oder/\u015acinawa"], "http://www.w3.org/2004/02/skos/core#prefLabel": ["Steinau an der Oder/\u015acinawa"]}, "geometry": {"type": "Point", "coordinates": [16.43, 51.41]}}, {"type": "Feature", "id": "http://w3id.org/bb5kbc/site_534", "name": "", "dateprops": [], "properties": {"http://fuzzy-sl.squirrel.link/ontology/certaintyLevel": ["https://fuzzy-sl.wikibase.cloud/entity/Q24"], "http://fuzzy-sl.squirrel.link/ontology/hasLocationType": ["https://fuzzy-sl.wikibase.cloud/entity/Q80"], "http://fuzzy-sl.squirrel.link/ontology/representativeGeometry": ["http://w3id.org/bb5kbc/site_534_geom"], "http://purl.org/dc/terms/identifier": ["534"], "http://rdfs.org/ns/void#inDataset": ["http://w3id.org/bb5kbc/Brandenburg_5000_BC_Data"], "http://w3id.org/bb5kbc/ont/hatFID": ["534"], "http://w3id.org/bb5kbc/ont/hatFundstellenID": ["464"], "http://w3id.org/bb5kbc/ont/hatFundstellenart": ["http://w3id.org/bb5kbc/fundstellenart_376218bc"], "http://w3id.org/bb5kbc/ont/hatGenauigkeit": ["1500.0"], "http://w3id.org/bb5kbc/ont/hatKatalognummer": ["134"], "http://w3id.org/bb5kbc/ont/hatKulturelleZuordnung": ["http://w3id.org/bb5kbc/site_534_culture"], "http://w3id.org/bb5kbc/ont/hatPublikation": ["http://w3id.org/bb5kbc/pub_d3fe8d6a"], "http://w3id.org/bb5kbc/ont/inGemeinde": ["http://w3id.org/bb5kbc/gemeinde_e0ce34b1"], "http://w3id.org/bb5kbc/ont/wurdeGeoreferenziertDurch": ["http://w3id.org/bb5kbc/site_534_activity"], "http://www.opengis.net/ont/geosparql#hasGeometry": ["http://w3id.org/bb5kbc/site_534_geom"], "http://www.w3.org/1999/02/22-rdf-syntax-ns#type": ["http://w3id.org/bb5kbc/ont/Fundstelle"], "http://www.w3.org/2000/01/rdf-schema#label": ["Wietrzychowice 1"], "http://www.w3.org/2004/02/skos/core#prefLabel": ["Wietrzychowice 1"]}, "geometry": {"type": "Point", "coordinates": [18.87, 52.41]}}, {"type": "Feature", "id": "http://w3id.org/bb5kbc/site_524", "name": "", "dateprops": [], "properties": {"http://fuzzy-sl.squirrel.link/ontology/certaintyLevel": ["https://fuzzy-sl.wikibase.cloud/entity/Q24"], "http://fuzzy-sl.squirrel.link/ontology/hasLocationType": ["https://fuzzy-sl.wikibase.cloud/entity/Q80"], "http://fuzzy-sl.squirrel.link/ontology/representativeGeometry": ["http://w3id.org/bb5kbc/site_524_geom"], "http://purl.org/dc/terms/identifier": ["524"], "http://rdfs.org/ns/void#inDataset": ["http://w3id.org/bb5kbc/Brandenburg_5000_BC_Data"], "http://w3id.org/bb5kbc/ont/hatFID": ["524"], "http://w3id.org/bb5kbc/ont/hatFundstellenID": ["496"], "http://w3id.org/bb5kbc/ont/hatFundstellenart": ["http://w3id.org/bb5kbc/fundstellenart_376218bc"], "http://w3id.org/bb5kbc/ont/hatGenauigkeit": ["1500.0"], "http://w3id.org/bb5kbc/ont/hatKatalognummer": ["137"], "http://w3id.org/bb5kbc/ont/hatKulturelleZuordnung": ["http://w3id.org/bb5kbc/site_524_culture"], "http://w3id.org/bb5kbc/ont/hatPublikation": ["http://w3id.org/bb5kbc/pub_d3fe8d6a"], "http://w3id.org/bb5kbc/ont/inGemeinde": ["http://w3id.org/bb5kbc/gemeinde_a573416c"], "http://w3id.org/bb5kbc/ont/wurdeGeoreferenziertDurch": ["http://w3id.org/bb5kbc/site_524_activity"], "http://www.opengis.net/ont/geosparql#hasGeometry": ["http://w3id.org/bb5kbc/site_524_geom"], "http://www.w3.org/1999/02/22-rdf-syntax-ns#type": ["http://w3id.org/bb5kbc/ont/Fundstelle"], "http://www.w3.org/2000/01/rdf-schema#label": ["\u017begotki 2"], "http://www.w3.org/2004/02/skos/core#prefLabel": ["\u017begotki 2"]}, "geometry": {"type": "Point", "coordinates": [18.22, 52.68]}}, {"type": "Feature", "id": "http://w3id.org/bb5kbc/site_97", "name": "", "dateprops": [], "properties": {"http://fuzzy-sl.squirrel.link/ontology/certaintyLevel": ["https://fuzzy-sl.wikibase.cloud/entity/Q24"], "http://fuzzy-sl.squirrel.link/ontology/hasLocationType": ["https://fuzzy-sl.wikibase.cloud/entity/Q80"], "http://fuzzy-sl.squirrel.link/ontology/representativeGeometry": ["http://w3id.org/bb5kbc/site_97_geom"], "http://purl.org/dc/terms/identifier": ["97"], "http://rdfs.org/ns/void#inDataset": ["http://w3id.org/bb5kbc/Brandenburg_5000_BC_Data"], "http://w3id.org/bb5kbc/ont/hatFID": ["97"], "http://w3id.org/bb5kbc/ont/hatFundstellenID": ["202"], "http://w3id.org/bb5kbc/ont/hatFundstellenart": ["http://w3id.org/bb5kbc/fundstellenart_376218bc"], "http://w3id.org/bb5kbc/ont/hatGenauigkeit": ["1500.0"], "http://w3id.org/bb5kbc/ont/hatKatalognummer": ["22"], "http://w3id.org/bb5kbc/ont/hatKulturelleZuordnung": ["http://w3id.org/bb5kbc/site_97_culture"], "http://w3id.org/bb5kbc/ont/hatPublikation": ["http://w3id.org/bb5kbc/pub_aab60e84"], "http://w3id.org/bb5kbc/ont/inGemeinde": ["http://w3id.org/bb5kbc/gemeinde_e7108498"], "http://w3id.org/bb5kbc/ont/wurdeEntdecktDurch": ["http://w3id.org/bb5kbc/site_97_discovery"], "http://w3id.org/bb5kbc/ont/wurdeGeoreferenziertDurch": ["http://w3id.org/bb5kbc/site_97_activity"], "http://www.opengis.net/ont/geosparql#hasGeometry": ["http://w3id.org/bb5kbc/site_97_geom"], "http://www.w3.org/1999/02/22-rdf-syntax-ns#type": ["http://w3id.org/bb5kbc/ont/Fundstelle"], "http://www.w3.org/2000/01/rdf-schema#label": ["Jeziory Dolne"], "http://www.w3.org/2004/02/skos/core#prefLabel": ["Jeziory Dolne"]}, "geometry": {"type": "Point", "coordinates": [14.75, 51.8]}}, {"type": "Feature", "id": "http://w3id.org/bb5kbc/site_559", "name": "", "dateprops": [], "properties": {"http://fuzzy-sl.squirrel.link/ontology/certaintyLevel": ["https://fuzzy-sl.wikibase.cloud/entity/Q24"], "http://fuzzy-sl.squirrel.link/ontology/hasLocationType": ["https://fuzzy-sl.wikibase.cloud/entity/Q80"], "http://fuzzy-sl.squirrel.link/ontology/representativeGeometry": ["http://w3id.org/bb5kbc/site_559_geom"], "http://purl.org/dc/terms/identifier": ["559"], "http://rdfs.org/ns/void#inDataset": ["http://w3id.org/bb5kbc/Brandenburg_5000_BC_Data"], "http://w3id.org/bb5kbc/ont/hatFID": ["559"], "http://w3id.org/bb5kbc/ont/hatFundstellenID": ["449"], "http://w3id.org/bb5kbc/ont/hatFundstellenart": ["http://w3id.org/bb5kbc/fundstellenart_376218bc"], "http://w3id.org/bb5kbc/ont/hatGenauigkeit": ["800.0"], "http://w3id.org/bb5kbc/ont/hatKatalognummer": ["5"], "http://w3id.org/bb5kbc/ont/hatKulturelleZuordnung": ["http://w3id.org/bb5kbc/site_559_culture"], "http://w3id.org/bb5kbc/ont/hatPublikation": ["http://w3id.org/bb5kbc/pub_69451dca"], "http://w3id.org/bb5kbc/ont/inGemeinde": ["http://w3id.org/bb5kbc/gemeinde_af614e64"], "http://w3id.org/bb5kbc/ont/wurdeEntdecktDurch": ["http://w3id.org/bb5kbc/site_559_discovery"], "http://w3id.org/bb5kbc/ont/wurdeGeoreferenziertDurch": ["http://w3id.org/bb5kbc/site_559_activity"], "http://www.opengis.net/ont/geosparql#hasGeometry": ["http://w3id.org/bb5kbc/site_559_geom"], "http://www.w3.org/1999/02/22-rdf-syntax-ns#type": ["http://w3id.org/bb5kbc/ont/Fundstelle"], "http://www.w3.org/2000/01/rdf-schema#label": ["Ustowo/Kamieniec"], "http://www.w3.org/2004/02/skos/core#prefLabel": ["Ustowo/Kamieniec"]}, "geometry": {"type": "Point", "coordinates": [14.49, 53.35]}}, {"type": "Feature", "id": "http://w3id.org/bb5kbc/site_514", "name": "", "dateprops": [], "properties": {"http://fuzzy-sl.squirrel.link/ontology/certaintyLevel": ["https://fuzzy-sl.wikibase.cloud/entity/Q24"], "http://fuzzy-sl.squirrel.link/ontology/hasLocationType": ["https://fuzzy-sl.wikibase.cloud/entity/Q80"], "http://fuzzy-sl.squirrel.link/ontology/representativeGeometry": ["http://w3id.org/bb5kbc/site_514_geom"], "http://purl.org/dc/terms/identifier": ["514"], "http://rdfs.org/ns/void#inDataset": ["http://w3id.org/bb5kbc/Brandenburg_5000_BC_Data"], "http://w3id.org/bb5kbc/ont/hatFID": ["514"], "http://w3id.org/bb5kbc/ont/hatFundstellenID": ["363"], "http://w3id.org/bb5kbc/ont/hatFundstellenart": ["http://w3id.org/bb5kbc/fundstellenart_1972902b"], "http://w3id.org/bb5kbc/ont/hatGenauigkeit": ["2000.0"], "http://w3id.org/bb5kbc/ont/hatKatalognummer": ["104"], "http://w3id.org/bb5kbc/ont/hatKulturelleZuordnung": ["http://w3id.org/bb5kbc/site_514_culture"], "http://w3id.org/bb5kbc/ont/hatPublikation": ["http://w3id.org/bb5kbc/pub_d3fe8d6a"], "http://w3id.org/bb5kbc/ont/inGemeinde": ["http://w3id.org/bb5kbc/gemeinde_0c4453de"], "http://w3id.org/bb5kbc/ont/wurdeEntdecktDurch": ["http://w3id.org/bb5kbc/site_514_discovery"], "http://w3id.org/bb5kbc/ont/wurdeGeoreferenziertDurch": ["http://w3id.org/bb5kbc/site_514_activity"], "http://www.opengis.net/ont/geosparql#hasGeometry": ["http://w3id.org/bb5kbc/site_514_geom"], "http://www.w3.org/1999/02/22-rdf-syntax-ns#type": ["http://w3id.org/bb5kbc/ont/Fundstelle"], "http://www.w3.org/2000/01/rdf-schema#label": ["Radziej\u00f3w 12"], "http://www.w3.org/2004/02/skos/core#prefLabel": ["Radziej\u00f3w 12"]}, "geometry": {"type": "Point", "coordinates": [18.54, 52.61]}}, {"type": "Feature", "id": "http://w3id.org/bb5kbc/site_521", "name": "", "dateprops": [], "properties": {"http://fuzzy-sl.squirrel.link/ontology/certaintyLevel": ["https://fuzzy-sl.wikibase.cloud/entity/Q24"], "http://fuzzy-sl.squirrel.link/ontology/hasLocationType": ["https://fuzzy-sl.wikibase.cloud/entity/Q80"], "http://fuzzy-sl.squirrel.link/ontology/representativeGeometry": ["http://w3id.org/bb5kbc/site_521_geom"], "http://purl.org/dc/terms/identifier": ["521"], "http://rdfs.org/ns/void#inDataset": ["http://w3id.org/bb5kbc/Brandenburg_5000_BC_Data"], "http://w3id.org/bb5kbc/ont/hatFID": ["521"], "http://w3id.org/bb5kbc/ont/hatFundstellenID": ["376"], "http://w3id.org/bb5kbc/ont/hatFundstellenart": ["http://w3id.org/bb5kbc/fundstellenart_376218bc"], "http://w3id.org/bb5kbc/ont/hatGenauigkeit": ["1000.0"], "http://w3id.org/bb5kbc/ont/hatKatalognummer": ["105"], "http://w3id.org/bb5kbc/ont/hatKulturelleZuordnung": ["http://w3id.org/bb5kbc/site_521_culture"], "http://w3id.org/bb5kbc/ont/hatPublikation": ["http://w3id.org/bb5kbc/pub_920f260d"], "http://w3id.org/bb5kbc/ont/inGemeinde": ["http://w3id.org/bb5kbc/gemeinde_5a24db07"], "http://w3id.org/bb5kbc/ont/wurdeGeoreferenziertDurch": ["http://w3id.org/bb5kbc/site_521_activity"], "http://www.opengis.net/ont/geosparql#hasGeometry": ["http://w3id.org/bb5kbc/site_521_geom"], "http://www.w3.org/1999/02/22-rdf-syntax-ns#type": ["http://w3id.org/bb5kbc/ont/Fundstelle"], "http://www.w3.org/2000/01/rdf-schema#label": ["Rojewo 6"], "http://www.w3.org/2004/02/skos/core#prefLabel": ["Rojewo 6"]}, "geometry": {"type": "Point", "coordinates": [18.27, 52.91]}}, {"type": "Feature", "id": "http://w3id.org/bb5kbc/site_520", "name": "", "dateprops": [], "properties": {"http://fuzzy-sl.squirrel.link/ontology/certaintyLevel": ["https://fuzzy-sl.wikibase.cloud/entity/Q24"], "http://fuzzy-sl.squirrel.link/ontology/hasLocationType": ["https://fuzzy-sl.wikibase.cloud/entity/Q80"], "http://fuzzy-sl.squirrel.link/ontology/representativeGeometry": ["http://w3id.org/bb5kbc/site_520_geom"], "http://purl.org/dc/terms/identifier": ["520"], "http://rdfs.org/ns/void#inDataset": ["http://w3id.org/bb5kbc/Brandenburg_5000_BC_Data"], "http://w3id.org/bb5kbc/ont/hatFID": ["520"], "http://w3id.org/bb5kbc/ont/hatFundstellenID": ["45"], "http://w3id.org/bb5kbc/ont/hatFundstellenart": ["http://w3id.org/bb5kbc/fundstellenart_376218bc"], "http://w3id.org/bb5kbc/ont/hatGenauigkeit": ["2000.0"], "http://w3id.org/bb5kbc/ont/hatKatalognummer": ["5"], "http://w3id.org/bb5kbc/ont/hatKulturelleZuordnung": ["http://w3id.org/bb5kbc/site_520_culture"], "http://w3id.org/bb5kbc/ont/hatPublikation": ["http://w3id.org/bb5kbc/pub_d3fe8d6a"], "http://w3id.org/bb5kbc/ont/inGemeinde": ["http://w3id.org/bb5kbc/gemeinde_19809dcf"], "http://w3id.org/bb5kbc/ont/wurdeEntdecktDurch": ["http://w3id.org/bb5kbc/site_520_discovery"], "http://w3id.org/bb5kbc/ont/wurdeGeoreferenziertDurch": ["http://w3id.org/bb5kbc/site_520_activity"], "http://www.opengis.net/ont/geosparql#hasGeometry": ["http://w3id.org/bb5kbc/site_520_geom"], "http://www.w3.org/1999/02/22-rdf-syntax-ns#type": ["http://w3id.org/bb5kbc/ont/Fundstelle"], "http://www.w3.org/2000/01/rdf-schema#label": ["Biskupin 18/IV"], "http://www.w3.org/2004/02/skos/core#prefLabel": ["Biskupin 18/IV"]}, "geometry": {"type": "Point", "coordinates": [17.75, 52.78]}}, {"type": "Feature", "id": "http://w3id.org/bb5kbc/site_230", "name": "", "dateprops": [], "properties": {"http://fuzzy-sl.squirrel.link/ontology/certaintyLevel": ["https://fuzzy-sl.wikibase.cloud/entity/Q24"], "http://fuzzy-sl.squirrel.link/ontology/hasLocationType": ["https://fuzzy-sl.wikibase.cloud/entity/Q80"], "http://fuzzy-sl.squirrel.link/ontology/representativeGeometry": ["http://w3id.org/bb5kbc/site_230_geom"], "http://purl.org/dc/terms/identifier": ["230"], "http://rdfs.org/ns/void#inDataset": ["http://w3id.org/bb5kbc/Brandenburg_5000_BC_Data"], "http://w3id.org/bb5kbc/ont/hatFID": ["230"], "http://w3id.org/bb5kbc/ont/hatFundstellenID": ["390"], "http://w3id.org/bb5kbc/ont/hatFundstellenart": ["http://w3id.org/bb5kbc/fundstellenart_376218bc"], "http://w3id.org/bb5kbc/ont/hatGenauigkeit": ["2000.0"], "http://w3id.org/bb5kbc/ont/hatKatalognummer": ["34"], "http://w3id.org/bb5kbc/ont/hatKulturelleZuordnung": ["http://w3id.org/bb5kbc/site_230_culture"], "http://w3id.org/bb5kbc/ont/hatPublikation": ["http://w3id.org/bb5kbc/pub_b7c68a6f"], "http://w3id.org/bb5kbc/ont/inGemeinde": ["http://w3id.org/bb5kbc/gemeinde_f83cc495"], "http://w3id.org/bb5kbc/ont/wurdeGeoreferenziertDurch": ["http://w3id.org/bb5kbc/site_230_activity"], "http://www.opengis.net/ont/geosparql#hasGeometry": ["http://w3id.org/bb5kbc/site_230_geom"], "http://www.w3.org/1999/02/22-rdf-syntax-ns#type": ["http://w3id.org/bb5kbc/ont/Fundstelle"], "http://www.w3.org/2000/01/rdf-schema#label": ["Schmergow"], "http://www.w3.org/2004/02/skos/core#prefLabel": ["Schmergow"]}, "geometry": {"type": "Point", "coordinates": [12.81, 52.46]}}, {"type": "Feature", "id": "http://w3id.org/bb5kbc/site_531", "name": "", "dateprops": [], "properties": {"http://fuzzy-sl.squirrel.link/ontology/certaintyLevel": ["https://fuzzy-sl.wikibase.cloud/entity/Q24"], "http://fuzzy-sl.squirrel.link/ontology/hasLocationType": ["https://fuzzy-sl.wikibase.cloud/entity/Q80"], "http://fuzzy-sl.squirrel.link/ontology/representativeGeometry": ["http://w3id.org/bb5kbc/site_531_geom"], "http://purl.org/dc/terms/identifier": ["531"], "http://rdfs.org/ns/void#inDataset": ["http://w3id.org/bb5kbc/Brandenburg_5000_BC_Data"], "http://w3id.org/bb5kbc/ont/hatFID": ["531"], "http://w3id.org/bb5kbc/ont/hatFundstellenID": ["265"], "http://w3id.org/bb5kbc/ont/hatFundstellenart": ["http://w3id.org/bb5kbc/fundstellenart_376218bc"], "http://w3id.org/bb5kbc/ont/hatGenauigkeit": ["1000.0"], "http://w3id.org/bb5kbc/ont/hatKatalognummer": ["85"], "http://w3id.org/bb5kbc/ont/hatKulturelleZuordnung": ["http://w3id.org/bb5kbc/site_531_culture"], "http://w3id.org/bb5kbc/ont/hatPublikation": ["http://w3id.org/bb5kbc/pub_d3fe8d6a"], "http://w3id.org/bb5kbc/ont/inGemeinde": ["http://w3id.org/bb5kbc/gemeinde_5cf23149"], "http://w3id.org/bb5kbc/ont/wurdeGeoreferenziertDurch": ["http://w3id.org/bb5kbc/site_531_activity"], "http://www.opengis.net/ont/geosparql#hasGeometry": ["http://w3id.org/bb5kbc/site_531_geom"], "http://www.w3.org/1999/02/22-rdf-syntax-ns#type": ["http://w3id.org/bb5kbc/ont/Fundstelle"], "http://www.w3.org/2000/01/rdf-schema#label": ["\u0141ojewo 1A"], "http://www.w3.org/2004/02/skos/core#prefLabel": ["\u0141ojewo 1A"]}, "geometry": {"type": "Point", "coordinates": [18.31, 52.74]}}, {"type": "Feature", "id": "http://w3id.org/bb5kbc/site_122", "name": "", "dateprops": [], "properties": {"http://fuzzy-sl.squirrel.link/ontology/certaintyLevel": ["https://fuzzy-sl.wikibase.cloud/entity/Q24"], "http://fuzzy-sl.squirrel.link/ontology/hasLocationType": ["https://fuzzy-sl.wikibase.cloud/entity/Q80"], "http://fuzzy-sl.squirrel.link/ontology/representativeGeometry": ["http://w3id.org/bb5kbc/site_122_geom"], "http://purl.org/dc/terms/identifier": ["122"], "http://rdfs.org/ns/void#inDataset": ["http://w3id.org/bb5kbc/Brandenburg_5000_BC_Data"], "http://w3id.org/bb5kbc/ont/hatFID": ["122"], "http://w3id.org/bb5kbc/ont/hatFundstellenID": ["296"], "http://w3id.org/bb5kbc/ont/hatFundstellenart": ["http://w3id.org/bb5kbc/fundstellenart_376218bc"], "http://w3id.org/bb5kbc/ont/hatGenauigkeit": ["2000.0"], "http://w3id.org/bb5kbc/ont/hatKatalognummer": ["26"], "http://w3id.org/bb5kbc/ont/hatKulturelleZuordnung": ["http://w3id.org/bb5kbc/site_122_culture"], "http://w3id.org/bb5kbc/ont/hatPublikation": ["http://w3id.org/bb5kbc/pub_aab60e84"], "http://w3id.org/bb5kbc/ont/inGemeinde": ["http://w3id.org/bb5kbc/gemeinde_fe851cf4"], "http://w3id.org/bb5kbc/ont/wurdeEntdecktDurch": ["http://w3id.org/bb5kbc/site_122_discovery"], "http://w3id.org/bb5kbc/ont/wurdeGeoreferenziertDurch": ["http://w3id.org/bb5kbc/site_122_activity"], "http://www.opengis.net/ont/geosparql#hasGeometry": ["http://w3id.org/bb5kbc/site_122_geom"], "http://www.w3.org/1999/02/22-rdf-syntax-ns#type": ["http://w3id.org/bb5kbc/ont/Fundstelle"], "http://www.w3.org/2000/01/rdf-schema#label": ["Moz\u00f3w"], "http://www.w3.org/2004/02/skos/core#prefLabel": ["Moz\u00f3w"]}, "geometry": {"type": "Point", "coordinates": [15.57, 52.08]}}, {"type": "Feature", "id": "http://w3id.org/bb5kbc/site_141", "name": "", "dateprops": [], "properties": {"http://fuzzy-sl.squirrel.link/ontology/certaintyLevel": ["https://fuzzy-sl.wikibase.cloud/entity/Q24"], "http://fuzzy-sl.squirrel.link/ontology/hasLocationType": ["https://fuzzy-sl.wikibase.cloud/entity/Q80"], "http://fuzzy-sl.squirrel.link/ontology/representativeGeometry": ["http://w3id.org/bb5kbc/site_141_geom"], "http://purl.org/dc/terms/identifier": ["141"], "http://rdfs.org/ns/void#inDataset": ["http://w3id.org/bb5kbc/Brandenburg_5000_BC_Data"], "http://w3id.org/bb5kbc/ont/hatFID": ["141"], "http://w3id.org/bb5kbc/ont/hatFundstellenID": ["468"], "http://w3id.org/bb5kbc/ont/hatFundstellenart": ["http://w3id.org/bb5kbc/fundstellenart_376218bc"], "http://w3id.org/bb5kbc/ont/hatGenauigkeit": ["3000.0"], "http://w3id.org/bb5kbc/ont/hatKatalognummer": ["27"], "http://w3id.org/bb5kbc/ont/hatKulturelleZuordnung": ["http://w3id.org/bb5kbc/site_141_culture"], "http://w3id.org/bb5kbc/ont/hatPublikation": ["http://w3id.org/bb5kbc/pub_1ed4ab72"], "http://w3id.org/bb5kbc/ont/inGemeinde": ["http://w3id.org/bb5kbc/gemeinde_54a545e1"], "http://w3id.org/bb5kbc/ont/wurdeGeoreferenziertDurch": ["http://w3id.org/bb5kbc/site_141_activity"], "http://www.opengis.net/ont/geosparql#hasGeometry": ["http://w3id.org/bb5kbc/site_141_geom"], "http://www.w3.org/1999/02/22-rdf-syntax-ns#type": ["http://w3id.org/bb5kbc/ont/Fundstelle"], "http://www.w3.org/2000/01/rdf-schema#label": ["Woischau/Wojszyn"], "http://www.w3.org/2004/02/skos/core#prefLabel": ["Woischau/Wojszyn"]}, "geometry": {"type": "Point", "coordinates": [16.19, 51.66]}}, {"type": "Feature", "id": "http://w3id.org/bb5kbc/site_134", "name": "", "dateprops": [], "properties": {"http://fuzzy-sl.squirrel.link/ontology/certaintyLevel": ["https://fuzzy-sl.wikibase.cloud/entity/Q24"], "http://fuzzy-sl.squirrel.link/ontology/hasLocationType": ["https://fuzzy-sl.wikibase.cloud/entity/Q80"], "http://fuzzy-sl.squirrel.link/ontology/representativeGeometry": ["http://w3id.org/bb5kbc/site_134_geom"], "http://purl.org/dc/terms/identifier": ["134"], "http://rdfs.org/ns/void#inDataset": ["http://w3id.org/bb5kbc/Brandenburg_5000_BC_Data"], "http://w3id.org/bb5kbc/ont/hatFID": ["134"], "http://w3id.org/bb5kbc/ont/hatFundstellenID": ["144"], "http://w3id.org/bb5kbc/ont/hatFundstellenart": ["http://w3id.org/bb5kbc/fundstellenart_376218bc"], "http://w3id.org/bb5kbc/ont/hatGenauigkeit": ["5000.0"], "http://w3id.org/bb5kbc/ont/hatKatalognummer": ["34"], "http://w3id.org/bb5kbc/ont/hatKulturelleZuordnung": ["http://w3id.org/bb5kbc/site_134_culture"], "http://w3id.org/bb5kbc/ont/hatPublikation": ["http://w3id.org/bb5kbc/pub_aab60e84"], "http://w3id.org/bb5kbc/ont/inGemeinde": ["http://w3id.org/bb5kbc/gemeinde_87523d5e"], "http://w3id.org/bb5kbc/ont/wurdeEntdecktDurch": ["http://w3id.org/bb5kbc/site_134_discovery"], "http://w3id.org/bb5kbc/ont/wurdeGeoreferenziertDurch": ["http://w3id.org/bb5kbc/site_134_activity"], "http://www.opengis.net/ont/geosparql#hasGeometry": ["http://w3id.org/bb5kbc/site_134_geom"], "http://www.w3.org/1999/02/22-rdf-syntax-ns#type": ["http://w3id.org/bb5kbc/ont/Fundstelle"], "http://www.w3.org/2000/01/rdf-schema#label": ["G\u0142og\u00f3w"], "http://www.w3.org/2004/02/skos/core#prefLabel": ["G\u0142og\u00f3w"]}, "geometry": {"type": "Point", "coordinates": [16.09, 51.66]}}, {"type": "Feature", "id": "http://w3id.org/bb5kbc/site_519", "name": "", "dateprops": [], "properties": {"http://fuzzy-sl.squirrel.link/ontology/certaintyLevel": ["https://fuzzy-sl.wikibase.cloud/entity/Q24"], "http://fuzzy-sl.squirrel.link/ontology/hasLocationType": ["https://fuzzy-sl.wikibase.cloud/entity/Q80"], "http://fuzzy-sl.squirrel.link/ontology/representativeGeometry": ["http://w3id.org/bb5kbc/site_519_geom"], "http://purl.org/dc/terms/identifier": ["519"], "http://rdfs.org/ns/void#inDataset": ["http://w3id.org/bb5kbc/Brandenburg_5000_BC_Data"], "http://w3id.org/bb5kbc/ont/hatFID": ["519"], "http://w3id.org/bb5kbc/ont/hatFundstellenID": ["44"], "http://w3id.org/bb5kbc/ont/hatFundstellenart": ["http://w3id.org/bb5kbc/fundstellenart_376218bc"], "http://w3id.org/bb5kbc/ont/hatGenauigkeit": ["2000.0"], "http://w3id.org/bb5kbc/ont/hatKatalognummer": ["5"], "http://w3id.org/bb5kbc/ont/hatKulturelleZuordnung": ["http://w3id.org/bb5kbc/site_519_culture"], "http://w3id.org/bb5kbc/ont/hatPublikation": ["http://w3id.org/bb5kbc/pub_d3fe8d6a"], "http://w3id.org/bb5kbc/ont/inGemeinde": ["http://w3id.org/bb5kbc/gemeinde_19809dcf"], "http://w3id.org/bb5kbc/ont/wurdeEntdecktDurch": ["http://w3id.org/bb5kbc/site_519_discovery"], "http://w3id.org/bb5kbc/ont/wurdeGeoreferenziertDurch": ["http://w3id.org/bb5kbc/site_519_activity"], "http://www.opengis.net/ont/geosparql#hasGeometry": ["http://w3id.org/bb5kbc/site_519_geom"], "http://www.w3.org/1999/02/22-rdf-syntax-ns#type": ["http://w3id.org/bb5kbc/ont/Fundstelle"], "http://www.w3.org/2000/01/rdf-schema#label": ["Biskupin 18/I"], "http://www.w3.org/2004/02/skos/core#prefLabel": ["Biskupin 18/I"]}, "geometry": {"type": "Point", "coordinates": [17.75, 52.78]}}, {"type": "Feature", "id": "http://w3id.org/bb5kbc/site_556", "name": "", "dateprops": [], "properties": {"http://fuzzy-sl.squirrel.link/ontology/certaintyLevel": ["https://fuzzy-sl.wikibase.cloud/entity/Q24"], "http://fuzzy-sl.squirrel.link/ontology/hasLocationType": ["https://fuzzy-sl.wikibase.cloud/entity/Q80"], "http://fuzzy-sl.squirrel.link/ontology/representativeGeometry": ["http://w3id.org/bb5kbc/site_556_geom"], "http://purl.org/dc/terms/identifier": ["556"], "http://rdfs.org/ns/void#inDataset": ["http://w3id.org/bb5kbc/Brandenburg_5000_BC_Data"], "http://w3id.org/bb5kbc/ont/hatFID": ["556"], "http://w3id.org/bb5kbc/ont/hatFundstellenID": ["424"], "http://w3id.org/bb5kbc/ont/hatFundstellenart": ["http://w3id.org/bb5kbc/fundstellenart_1972902b"], "http://w3id.org/bb5kbc/ont/hatGenauigkeit": ["800.0"], "http://w3id.org/bb5kbc/ont/hatKatalognummer": ["8"], "http://w3id.org/bb5kbc/ont/hatKulturelleZuordnung": ["http://w3id.org/bb5kbc/site_556_culture"], "http://w3id.org/bb5kbc/ont/hatPublikation": ["http://w3id.org/bb5kbc/pub_69451dca"], "http://w3id.org/bb5kbc/ont/inGemeinde": ["http://w3id.org/bb5kbc/gemeinde_af614e64"], "http://w3id.org/bb5kbc/ont/wurdeEntdecktDurch": ["http://w3id.org/bb5kbc/site_556_discovery"], "http://w3id.org/bb5kbc/ont/wurdeGeoreferenziertDurch": ["http://w3id.org/bb5kbc/site_556_activity"], "http://www.opengis.net/ont/geosparql#hasGeometry": ["http://w3id.org/bb5kbc/site_556_geom"], "http://www.w3.org/1999/02/22-rdf-syntax-ns#type": ["http://w3id.org/bb5kbc/ont/Fundstelle"], "http://www.w3.org/2000/01/rdf-schema#label": ["Stobno 13"], "http://www.w3.org/2004/02/skos/core#prefLabel": ["Stobno 13"]}, "geometry": {"type": "Point", "coordinates": [14.44, 53.42]}}, {"type": "Feature", "id": "http://w3id.org/bb5kbc/site_537", "name": "", "dateprops": [], "properties": {"http://fuzzy-sl.squirrel.link/ontology/certaintyLevel": ["https://fuzzy-sl.wikibase.cloud/entity/Q24"], "http://fuzzy-sl.squirrel.link/ontology/hasLocationType": ["https://fuzzy-sl.wikibase.cloud/entity/Q80"], "http://fuzzy-sl.squirrel.link/ontology/representativeGeometry": ["http://w3id.org/bb5kbc/site_537_geom"], "http://purl.org/dc/terms/identifier": ["537"], "http://rdfs.org/ns/void#inDataset": ["http://w3id.org/bb5kbc/Brandenburg_5000_BC_Data"], "http://w3id.org/bb5kbc/ont/hatFID": ["537"], "http://w3id.org/bb5kbc/ont/hatFundstellenID": ["410"], "http://w3id.org/bb5kbc/ont/hatFundstellenart": ["http://w3id.org/bb5kbc/fundstellenart_376218bc"], "http://w3id.org/bb5kbc/ont/hatGenauigkeit": ["1000.0"], "http://w3id.org/bb5kbc/ont/hatKatalognummer": ["112"], "http://w3id.org/bb5kbc/ont/hatKulturelleZuordnung": ["http://w3id.org/bb5kbc/site_537_culture"], "http://w3id.org/bb5kbc/ont/hatPublikation": ["http://w3id.org/bb5kbc/pub_920f260d"], "http://w3id.org/bb5kbc/ont/inGemeinde": ["http://w3id.org/bb5kbc/gemeinde_442bdcd1"], "http://w3id.org/bb5kbc/ont/wurdeGeoreferenziertDurch": ["http://w3id.org/bb5kbc/site_537_activity"], "http://www.opengis.net/ont/geosparql#hasGeometry": ["http://w3id.org/bb5kbc/site_537_geom"], "http://www.w3.org/1999/02/22-rdf-syntax-ns#type": ["http://w3id.org/bb5kbc/ont/Fundstelle"], "http://www.w3.org/2000/01/rdf-schema#label": ["Sipiory"], "http://www.w3.org/2004/02/skos/core#prefLabel": ["Sipiory"]}, "geometry": {"type": "Point", "coordinates": [17.51, 53.07]}}, {"type": "Feature", "id": "http://w3id.org/bb5kbc/site_517", "name": "", "dateprops": [], "properties": {"http://fuzzy-sl.squirrel.link/ontology/certaintyLevel": ["https://fuzzy-sl.wikibase.cloud/entity/Q24"], "http://fuzzy-sl.squirrel.link/ontology/hasLocationType": ["https://fuzzy-sl.wikibase.cloud/entity/Q80"], "http://fuzzy-sl.squirrel.link/ontology/representativeGeometry": ["http://w3id.org/bb5kbc/site_517_geom"], "http://purl.org/dc/terms/identifier": ["517"], "http://rdfs.org/ns/void#inDataset": ["http://w3id.org/bb5kbc/Brandenburg_5000_BC_Data"], "http://w3id.org/bb5kbc/ont/hatFID": ["517"], "http://w3id.org/bb5kbc/ont/hatFundstellenID": ["200"], "http://w3id.org/bb5kbc/ont/hatFundstellenart": ["http://w3id.org/bb5kbc/fundstellenart_1972902b"], "http://w3id.org/bb5kbc/ont/hatGenauigkeit": ["1500.0"], "http://w3id.org/bb5kbc/ont/hatKatalognummer": ["54"], "http://w3id.org/bb5kbc/ont/hatKulturelleZuordnung": ["http://w3id.org/bb5kbc/site_517_culture"], "http://w3id.org/bb5kbc/ont/hatPublikation": ["http://w3id.org/bb5kbc/pub_d3fe8d6a"], "http://w3id.org/bb5kbc/ont/inGemeinde": ["http://w3id.org/bb5kbc/gemeinde_f8e717c1"], "http://w3id.org/bb5kbc/ont/wurdeEntdecktDurch": ["http://w3id.org/bb5kbc/site_517_discovery"], "http://w3id.org/bb5kbc/ont/wurdeGeoreferenziertDurch": ["http://w3id.org/bb5kbc/site_517_activity"], "http://www.opengis.net/ont/geosparql#hasGeometry": ["http://w3id.org/bb5kbc/site_517_geom"], "http://www.w3.org/1999/02/22-rdf-syntax-ns#type": ["http://w3id.org/bb5kbc/ont/Fundstelle"], "http://www.w3.org/2000/01/rdf-schema#label": ["Jankowo 4"], "http://www.w3.org/2004/02/skos/core#prefLabel": ["Jankowo 4"]}, "geometry": {"type": "Point", "coordinates": [18.08, 52.79]}}, {"type": "Feature", "id": "http://w3id.org/bb5kbc/site_526", "name": "", "dateprops": [], "properties": {"http://fuzzy-sl.squirrel.link/ontology/certaintyLevel": ["https://fuzzy-sl.wikibase.cloud/entity/Q24"], "http://fuzzy-sl.squirrel.link/ontology/hasLocationType": ["https://fuzzy-sl.wikibase.cloud/entity/Q80"], "http://fuzzy-sl.squirrel.link/ontology/representativeGeometry": ["http://w3id.org/bb5kbc/site_526_geom"], "http://purl.org/dc/terms/identifier": ["526"], "http://rdfs.org/ns/void#inDataset": ["http://w3id.org/bb5kbc/Brandenburg_5000_BC_Data"], "http://w3id.org/bb5kbc/ont/hatFID": ["526"], "http://w3id.org/bb5kbc/ont/hatFundstellenID": ["247"], "http://w3id.org/bb5kbc/ont/hatFundstellenart": ["http://w3id.org/bb5kbc/fundstellenart_376218bc"], "http://w3id.org/bb5kbc/ont/hatGenauigkeit": ["1500.0"], "http://w3id.org/bb5kbc/ont/hatKatalognummer": ["82"], "http://w3id.org/bb5kbc/ont/hatKulturelleZuordnung": ["http://w3id.org/bb5kbc/site_526_culture"], "http://w3id.org/bb5kbc/ont/hatPublikation": ["http://w3id.org/bb5kbc/pub_d3fe8d6a"], "http://w3id.org/bb5kbc/ont/inGemeinde": ["http://w3id.org/bb5kbc/gemeinde_5cf23149"], "http://w3id.org/bb5kbc/ont/wurdeGeoreferenziertDurch": ["http://w3id.org/bb5kbc/site_526_activity"], "http://www.opengis.net/ont/geosparql#hasGeometry": ["http://w3id.org/bb5kbc/site_526_geom"], "http://www.w3.org/1999/02/22-rdf-syntax-ns#type": ["http://w3id.org/bb5kbc/ont/Fundstelle"], "http://www.w3.org/2000/01/rdf-schema#label": ["Krusza Zamkowa 30"], "http://www.w3.org/2004/02/skos/core#prefLabel": ["Krusza Zamkowa 30"]}, "geometry": {"type": "Point", "coordinates": [18.25, 52.74]}}, {"type": "Feature", "id": "http://w3id.org/bb5kbc/site_544", "name": "", "dateprops": [], "properties": {"http://fuzzy-sl.squirrel.link/ontology/certaintyLevel": ["https://fuzzy-sl.wikibase.cloud/entity/Q24"], "http://fuzzy-sl.squirrel.link/ontology/hasLocationType": ["https://fuzzy-sl.wikibase.cloud/entity/Q80"], "http://fuzzy-sl.squirrel.link/ontology/representativeGeometry": ["http://w3id.org/bb5kbc/site_544_geom"], "http://purl.org/dc/terms/identifier": ["544"], "http://rdfs.org/ns/void#inDataset": ["http://w3id.org/bb5kbc/Brandenburg_5000_BC_Data"], "http://w3id.org/bb5kbc/ont/hatFID": ["544"], "http://w3id.org/bb5kbc/ont/hatFundstellenID": ["198"], "http://w3id.org/bb5kbc/ont/hatFundstellenart": ["http://w3id.org/bb5kbc/fundstellenart_376218bc"], "http://w3id.org/bb5kbc/ont/hatGenauigkeit": ["1000.0"], "http://w3id.org/bb5kbc/ont/hatKatalognummer": ["52"], "http://w3id.org/bb5kbc/ont/hatKulturelleZuordnung": ["http://w3id.org/bb5kbc/site_544_culture"], "http://w3id.org/bb5kbc/ont/hatPublikation": ["http://w3id.org/bb5kbc/pub_d3fe8d6a"], "http://w3id.org/bb5kbc/ont/inGemeinde": ["http://w3id.org/bb5kbc/gemeinde_ae29252c"], "http://w3id.org/bb5kbc/ont/wurdeGeoreferenziertDurch": ["http://w3id.org/bb5kbc/site_544_activity"], "http://www.opengis.net/ont/geosparql#hasGeometry": ["http://w3id.org/bb5kbc/site_544_geom"], "http://www.w3.org/1999/02/22-rdf-syntax-ns#type": ["http://w3id.org/bb5kbc/ont/Fundstelle"], "http://www.w3.org/2000/01/rdf-schema#label": ["Janikowo 6"], "http://www.w3.org/2004/02/skos/core#prefLabel": ["Janikowo 6"]}, "geometry": {"type": "Point", "coordinates": [18.11, 52.75]}}, {"type": "Feature", "id": "http://w3id.org/bb5kbc/site_167", "name": "", "dateprops": [], "properties": {"http://fuzzy-sl.squirrel.link/ontology/certaintyLevel": ["https://fuzzy-sl.wikibase.cloud/entity/Q24"], "http://fuzzy-sl.squirrel.link/ontology/hasLocationType": ["https://fuzzy-sl.wikibase.cloud/entity/Q80"], "http://fuzzy-sl.squirrel.link/ontology/representativeGeometry": ["http://w3id.org/bb5kbc/site_167_geom"], "http://purl.org/dc/terms/identifier": ["167"], "http://rdfs.org/ns/void#inDataset": ["http://w3id.org/bb5kbc/Brandenburg_5000_BC_Data"], "http://w3id.org/bb5kbc/ont/hatFID": ["167"], "http://w3id.org/bb5kbc/ont/hatFundstellenID": ["204"], "http://w3id.org/bb5kbc/ont/hatFundstellenart": ["http://w3id.org/bb5kbc/fundstellenart_376218bc"], "http://w3id.org/bb5kbc/ont/hatGenauigkeit": ["3000.0"], "http://w3id.org/bb5kbc/ont/hatKatalognummer": ["11"], "http://w3id.org/bb5kbc/ont/hatKulturelleZuordnung": ["http://w3id.org/bb5kbc/site_167_culture"], "http://w3id.org/bb5kbc/ont/hatPublikation": ["http://w3id.org/bb5kbc/pub_1ed4ab72"], "http://w3id.org/bb5kbc/ont/inGemeinde": ["http://w3id.org/bb5kbc/gemeinde_62d44c05"], "http://w3id.org/bb5kbc/ont/wurdeGeoreferenziertDurch": ["http://w3id.org/bb5kbc/site_167_activity"], "http://www.opengis.net/ont/geosparql#hasGeometry": ["http://w3id.org/bb5kbc/site_167_geom"], "http://www.w3.org/1999/02/22-rdf-syntax-ns#type": ["http://w3id.org/bb5kbc/ont/Fundstelle"], "http://www.w3.org/2000/01/rdf-schema#label": ["Jungwitz/Jankowice"], "http://www.w3.org/2004/02/skos/core#prefLabel": ["Jungwitz/Jankowice"]}, "geometry": {"type": "Point", "coordinates": [17.2, 51.0]}}, {"type": "Feature", "id": "http://w3id.org/bb5kbc/site_154", "name": "", "dateprops": [], "properties": {"http://fuzzy-sl.squirrel.link/ontology/certaintyLevel": ["https://fuzzy-sl.wikibase.cloud/entity/Q24"], "http://fuzzy-sl.squirrel.link/ontology/hasLocationType": ["https://fuzzy-sl.wikibase.cloud/entity/Q80"], "http://fuzzy-sl.squirrel.link/ontology/representativeGeometry": ["http://w3id.org/bb5kbc/site_154_geom"], "http://purl.org/dc/terms/identifier": ["154"], "http://rdfs.org/ns/void#inDataset": ["http://w3id.org/bb5kbc/Brandenburg_5000_BC_Data"], "http://w3id.org/bb5kbc/ont/hatFID": ["154"], "http://w3id.org/bb5kbc/ont/hatFundstellenID": ["314"], "http://w3id.org/bb5kbc/ont/hatFundstellenart": ["http://w3id.org/bb5kbc/fundstellenart_376218bc"], "http://w3id.org/bb5kbc/ont/hatGenauigkeit": ["2000.0"], "http://w3id.org/bb5kbc/ont/hatKatalognummer": ["5"], "http://w3id.org/bb5kbc/ont/hatKulturelleZuordnung": ["http://w3id.org/bb5kbc/site_154_culture"], "http://w3id.org/bb5kbc/ont/hatPublikation": ["http://w3id.org/bb5kbc/pub_1ed4ab72"], "http://w3id.org/bb5kbc/ont/inGemeinde": ["http://w3id.org/bb5kbc/gemeinde_ee90557b"], "http://w3id.org/bb5kbc/ont/wurdeGeoreferenziertDurch": ["http://w3id.org/bb5kbc/site_154_activity"], "http://www.opengis.net/ont/geosparql#hasGeometry": ["http://w3id.org/bb5kbc/site_154_geom"], "http://www.w3.org/1999/02/22-rdf-syntax-ns#type": ["http://w3id.org/bb5kbc/ont/Fundstelle"], "http://www.w3.org/2000/01/rdf-schema#label": ["Olbersdorf/Olbrachcice Wielkie"], "http://www.w3.org/2004/02/skos/core#prefLabel": ["Olbersdorf/Olbrachcice Wielkie"]}, "geometry": {"type": "Point", "coordinates": [16.78, 50.61]}}, {"type": "Feature", "id": "http://w3id.org/bb5kbc/site_168", "name": "", "dateprops": [], "properties": {"http://fuzzy-sl.squirrel.link/ontology/certaintyLevel": ["https://fuzzy-sl.wikibase.cloud/entity/Q24"], "http://fuzzy-sl.squirrel.link/ontology/hasLocationType": ["https://fuzzy-sl.wikibase.cloud/entity/Q80"], "http://fuzzy-sl.squirrel.link/ontology/representativeGeometry": ["http://w3id.org/bb5kbc/site_168_geom"], "http://purl.org/dc/terms/identifier": ["168"], "http://rdfs.org/ns/void#inDataset": ["http://w3id.org/bb5kbc/Brandenburg_5000_BC_Data"], "http://w3id.org/bb5kbc/ont/hatFID": ["168"], "http://w3id.org/bb5kbc/ont/hatFundstellenID": ["98"], "http://w3id.org/bb5kbc/ont/hatFundstellenart": ["http://w3id.org/bb5kbc/fundstellenart_376218bc"], "http://w3id.org/bb5kbc/ont/hatGenauigkeit": ["1000.0"], "http://w3id.org/bb5kbc/ont/hatKatalognummer": ["9"], "http://w3id.org/bb5kbc/ont/hatKulturelleZuordnung": ["http://w3id.org/bb5kbc/site_168_culture"], "http://w3id.org/bb5kbc/ont/hatPublikation": ["http://w3id.org/bb5kbc/pub_1ed4ab72"], "http://w3id.org/bb5kbc/ont/inGemeinde": ["http://w3id.org/bb5kbc/gemeinde_5031f0b9"], "http://w3id.org/bb5kbc/ont/wurdeGeoreferenziertDurch": ["http://w3id.org/bb5kbc/site_168_activity"], "http://www.opengis.net/ont/geosparql#hasGeometry": ["http://w3id.org/bb5kbc/site_168_geom"], "http://www.w3.org/1999/02/22-rdf-syntax-ns#type": ["http://w3id.org/bb5kbc/ont/Fundstelle"], "http://www.w3.org/2000/01/rdf-schema#label": ["Deutsch-Breile/Bry\u0142\u00f3wek"], "http://www.w3.org/2004/02/skos/core#prefLabel": ["Deutsch-Breile/Bry\u0142\u00f3wek"]}, "geometry": {"type": "Point", "coordinates": [17.27, 50.81]}}, {"type": "Feature", "id": "http://w3id.org/bb5kbc/site_530", "name": "", "dateprops": [], "properties": {"http://fuzzy-sl.squirrel.link/ontology/certaintyLevel": ["https://fuzzy-sl.wikibase.cloud/entity/Q24"], "http://fuzzy-sl.squirrel.link/ontology/hasLocationType": ["https://fuzzy-sl.wikibase.cloud/entity/Q80"], "http://fuzzy-sl.squirrel.link/ontology/representativeGeometry": ["http://w3id.org/bb5kbc/site_530_geom"], "http://purl.org/dc/terms/identifier": ["530"], "http://rdfs.org/ns/void#inDataset": ["http://w3id.org/bb5kbc/Brandenburg_5000_BC_Data"], "http://w3id.org/bb5kbc/ont/hatFID": ["530"], "http://w3id.org/bb5kbc/ont/hatFundstellenID": ["68"], "http://w3id.org/bb5kbc/ont/hatFundstellenart": ["http://w3id.org/bb5kbc/fundstellenart_376218bc"], "http://w3id.org/bb5kbc/ont/hatGenauigkeit": ["1500.0"], "http://w3id.org/bb5kbc/ont/hatKatalognummer": ["10"], "http://w3id.org/bb5kbc/ont/hatKulturelleZuordnung": ["http://w3id.org/bb5kbc/site_530_culture"], "http://w3id.org/bb5kbc/ont/hatPublikation": ["http://w3id.org/bb5kbc/pub_d3fe8d6a"], "http://w3id.org/bb5kbc/ont/inGemeinde": ["http://w3id.org/bb5kbc/gemeinde_457a383f"], "http://w3id.org/bb5kbc/ont/wurdeGeoreferenziertDurch": ["http://w3id.org/bb5kbc/site_530_activity"], "http://www.opengis.net/ont/geosparql#hasGeometry": ["http://w3id.org/bb5kbc/site_530_geom"], "http://www.w3.org/1999/02/22-rdf-syntax-ns#type": ["http://w3id.org/bb5kbc/ont/Fundstelle"], "http://www.w3.org/2000/01/rdf-schema#label": ["Bo\u017cejewice 25"], "http://www.w3.org/2004/02/skos/core#prefLabel": ["Bo\u017cejewice 25"]}, "geometry": {"type": "Point", "coordinates": [18.25, 52.69]}}, {"type": "Feature", "id": "http://w3id.org/bb5kbc/site_532", "name": "", "dateprops": [], "properties": {"http://fuzzy-sl.squirrel.link/ontology/certaintyLevel": ["https://fuzzy-sl.wikibase.cloud/entity/Q24"], "http://fuzzy-sl.squirrel.link/ontology/hasLocationType": ["https://fuzzy-sl.wikibase.cloud/entity/Q80"], "http://fuzzy-sl.squirrel.link/ontology/representativeGeometry": ["http://w3id.org/bb5kbc/site_532_geom"], "http://purl.org/dc/terms/identifier": ["532"], "http://rdfs.org/ns/void#inDataset": ["http://w3id.org/bb5kbc/Brandenburg_5000_BC_Data"], "http://w3id.org/bb5kbc/ont/hatFID": ["532"], "http://w3id.org/bb5kbc/ont/hatFundstellenID": ["264"], "http://w3id.org/bb5kbc/ont/hatFundstellenart": ["http://w3id.org/bb5kbc/fundstellenart_376218bc"], "http://w3id.org/bb5kbc/ont/hatGenauigkeit": ["1500.0"], "http://w3id.org/bb5kbc/ont/hatKatalognummer": ["84"], "http://w3id.org/bb5kbc/ont/hatKulturelleZuordnung": ["http://w3id.org/bb5kbc/site_532_culture"], "http://w3id.org/bb5kbc/ont/hatPublikation": ["http://w3id.org/bb5kbc/pub_d3fe8d6a"], "http://w3id.org/bb5kbc/ont/inGemeinde": ["http://w3id.org/bb5kbc/gemeinde_5cf23149"], "http://w3id.org/bb5kbc/ont/wurdeGeoreferenziertDurch": ["http://w3id.org/bb5kbc/site_532_activity"], "http://www.opengis.net/ont/geosparql#hasGeometry": ["http://w3id.org/bb5kbc/site_532_geom"], "http://www.w3.org/1999/02/22-rdf-syntax-ns#type": ["http://w3id.org/bb5kbc/ont/Fundstelle"], "http://www.w3.org/2000/01/rdf-schema#label": ["\u0141ojewo 1"], "http://www.w3.org/2004/02/skos/core#prefLabel": ["\u0141ojewo 1"]}, "geometry": {"type": "Point", "coordinates": [18.31, 52.74]}}, {"type": "Feature", "id": "http://w3id.org/bb5kbc/site_145", "name": "", "dateprops": [], "properties": {"http://fuzzy-sl.squirrel.link/ontology/certaintyLevel": ["https://fuzzy-sl.wikibase.cloud/entity/Q24"], "http://fuzzy-sl.squirrel.link/ontology/hasLocationType": ["https://fuzzy-sl.wikibase.cloud/entity/Q80"], "http://fuzzy-sl.squirrel.link/ontology/representativeGeometry": ["http://w3id.org/bb5kbc/site_145_geom"], "http://purl.org/dc/terms/identifier": ["145"], "http://rdfs.org/ns/void#inDataset": ["http://w3id.org/bb5kbc/Brandenburg_5000_BC_Data"], "http://w3id.org/bb5kbc/ont/hatFID": ["145"], "http://w3id.org/bb5kbc/ont/hatFundstellenID": ["280"], "http://w3id.org/bb5kbc/ont/hatFundstellenart": ["http://w3id.org/bb5kbc/fundstellenart_376218bc"], "http://w3id.org/bb5kbc/ont/hatGenauigkeit": ["2000.0"], "http://w3id.org/bb5kbc/ont/hatKatalognummer": ["18"], "http://w3id.org/bb5kbc/ont/hatKulturelleZuordnung": ["http://w3id.org/bb5kbc/site_145_culture"], "http://w3id.org/bb5kbc/ont/hatPublikation": ["http://w3id.org/bb5kbc/pub_1ed4ab72"], "http://w3id.org/bb5kbc/ont/inGemeinde": ["http://w3id.org/bb5kbc/gemeinde_3e591ed5"], "http://w3id.org/bb5kbc/ont/wurdeGeoreferenziertDurch": ["http://w3id.org/bb5kbc/site_145_activity"], "http://www.opengis.net/ont/geosparql#hasGeometry": ["http://w3id.org/bb5kbc/site_145_geom"], "http://www.w3.org/1999/02/22-rdf-syntax-ns#type": ["http://w3id.org/bb5kbc/ont/Fundstelle"], "http://www.w3.org/2000/01/rdf-schema#label": ["Mertsch\u00fctz/Mierczyce"], "http://www.w3.org/2004/02/skos/core#prefLabel": ["Mertsch\u00fctz/Mierczyce"]}, "geometry": {"type": "Point", "coordinates": [16.31, 51.09]}}, {"type": "Feature", "id": "http://w3id.org/bb5kbc/site_543", "name": "", "dateprops": [], "properties": {"http://fuzzy-sl.squirrel.link/ontology/certaintyLevel": ["https://fuzzy-sl.wikibase.cloud/entity/Q24"], "http://fuzzy-sl.squirrel.link/ontology/hasLocationType": ["https://fuzzy-sl.wikibase.cloud/entity/Q80"], "http://fuzzy-sl.squirrel.link/ontology/representativeGeometry": ["http://w3id.org/bb5kbc/site_543_geom"], "http://purl.org/dc/terms/identifier": ["543"], "http://rdfs.org/ns/void#inDataset": ["http://w3id.org/bb5kbc/Brandenburg_5000_BC_Data"], "http://w3id.org/bb5kbc/ont/hatFID": ["543"], "http://w3id.org/bb5kbc/ont/hatFundstellenID": ["199"], "http://w3id.org/bb5kbc/ont/hatFundstellenart": ["http://w3id.org/bb5kbc/fundstellenart_376218bc"], "http://w3id.org/bb5kbc/ont/hatGenauigkeit": ["1000.0"], "http://w3id.org/bb5kbc/ont/hatKatalognummer": ["60"], "http://w3id.org/bb5kbc/ont/hatKulturelleZuordnung": ["http://w3id.org/bb5kbc/site_543_culture"], "http://w3id.org/bb5kbc/ont/hatPublikation": ["http://w3id.org/bb5kbc/pub_d3fe8d6a"], "http://w3id.org/bb5kbc/ont/inGemeinde": ["http://w3id.org/bb5kbc/gemeinde_f8e717c1"], "http://w3id.org/bb5kbc/ont/wurdeGeoreferenziertDurch": ["http://w3id.org/bb5kbc/site_543_activity"], "http://www.opengis.net/ont/geosparql#hasGeometry": ["http://w3id.org/bb5kbc/site_543_geom"], "http://www.w3.org/1999/02/22-rdf-syntax-ns#type": ["http://w3id.org/bb5kbc/ont/Fundstelle"], "http://www.w3.org/2000/01/rdf-schema#label": ["Jankowo 11"], "http://www.w3.org/2004/02/skos/core#prefLabel": ["Jankowo 11"]}, "geometry": {"type": "Point", "coordinates": [18.07, 52.77]}}, {"type": "Feature", "id": "http://w3id.org/bb5kbc/site_85", "name": "", "dateprops": [], "properties": {"http://fuzzy-sl.squirrel.link/ontology/certaintyLevel": ["https://fuzzy-sl.wikibase.cloud/entity/Q24"], "http://fuzzy-sl.squirrel.link/ontology/hasLocationType": ["https://fuzzy-sl.wikibase.cloud/entity/Q80"], "http://fuzzy-sl.squirrel.link/ontology/representativeGeometry": ["http://w3id.org/bb5kbc/site_85_geom"], "http://purl.org/dc/terms/identifier": ["85"], "http://rdfs.org/ns/void#inDataset": ["http://w3id.org/bb5kbc/Brandenburg_5000_BC_Data"], "http://w3id.org/bb5kbc/ont/hatFID": ["85"], "http://w3id.org/bb5kbc/ont/hatFundstellenID": ["428"], "http://w3id.org/bb5kbc/ont/hatFundstellenart": ["http://w3id.org/bb5kbc/fundstellenart_1972902b"], "http://w3id.org/bb5kbc/ont/hatGenauigkeit": ["800.0"], "http://w3id.org/bb5kbc/ont/hatKatalognummer": ["3"], "http://w3id.org/bb5kbc/ont/hatKulturelleZuordnung": ["http://w3id.org/bb5kbc/site_85_culture"], "http://w3id.org/bb5kbc/ont/hatPublikation": ["http://w3id.org/bb5kbc/pub_69451dca"], "http://w3id.org/bb5kbc/ont/inGemeinde": ["http://w3id.org/bb5kbc/gemeinde_f945ced1"], "http://w3id.org/bb5kbc/ont/wurdeEntdecktDurch": ["http://w3id.org/bb5kbc/site_85_discovery"], "http://w3id.org/bb5kbc/ont/wurdeGeoreferenziertDurch": ["http://w3id.org/bb5kbc/site_85_activity"], "http://www.opengis.net/ont/geosparql#hasGeometry": ["http://w3id.org/bb5kbc/site_85_geom"], "http://www.w3.org/1999/02/22-rdf-syntax-ns#type": ["http://w3id.org/bb5kbc/ont/Fundstelle"], "http://www.w3.org/2000/01/rdf-schema#label": ["Szczecin-Gumie\u0144ce 17b"], "http://www.w3.org/2004/02/skos/core#prefLabel": ["Szczecin-Gumie\u0144ce 17b"]}, "geometry": {"type": "Point", "coordinates": [14.49, 53.41]}}, {"type": "Feature", "id": "http://w3id.org/bb5kbc/site_170", "name": "", "dateprops": [], "properties": {"http://fuzzy-sl.squirrel.link/ontology/certaintyLevel": ["https://fuzzy-sl.wikibase.cloud/entity/Q24"], "http://fuzzy-sl.squirrel.link/ontology/hasLocationType": ["https://fuzzy-sl.wikibase.cloud/entity/Q80"], "http://fuzzy-sl.squirrel.link/ontology/representativeGeometry": ["http://w3id.org/bb5kbc/site_170_geom"], "http://purl.org/dc/terms/identifier": ["170"], "http://rdfs.org/ns/void#inDataset": ["http://w3id.org/bb5kbc/Brandenburg_5000_BC_Data"], "http://w3id.org/bb5kbc/ont/hatFID": ["170"], "http://w3id.org/bb5kbc/ont/hatFundstellenID": ["46"], "http://w3id.org/bb5kbc/ont/hatFundstellenart": ["http://w3id.org/bb5kbc/fundstellenart_376218bc"], "http://w3id.org/bb5kbc/ont/hatGenauigkeit": ["2000.0"], "http://w3id.org/bb5kbc/ont/hatKatalognummer": ["2"], "http://w3id.org/bb5kbc/ont/hatKulturelleZuordnung": ["http://w3id.org/bb5kbc/site_170_culture"], "http://w3id.org/bb5kbc/ont/hatPublikation": ["http://w3id.org/bb5kbc/pub_1ed4ab72"], "http://w3id.org/bb5kbc/ont/inGemeinde": ["http://w3id.org/bb5kbc/gemeinde_e2c79888"], "http://w3id.org/bb5kbc/ont/wurdeGeoreferenziertDurch": ["http://w3id.org/bb5kbc/site_170_activity"], "http://www.opengis.net/ont/geosparql#hasGeometry": ["http://w3id.org/bb5kbc/site_170_geom"], "http://www.w3.org/1999/02/22-rdf-syntax-ns#type": ["http://w3id.org/bb5kbc/ont/Fundstelle"], "http://www.w3.org/2000/01/rdf-schema#label": ["Bladen/W\u0142odzienin"], "http://www.w3.org/2004/02/skos/core#prefLabel": ["Bladen/W\u0142odzienin"]}, "geometry": {"type": "Point", "coordinates": [17.84, 50.12]}}, {"type": "Feature", "id": "http://w3id.org/bb5kbc/site_171", "name": "", "dateprops": [], "properties": {"http://fuzzy-sl.squirrel.link/ontology/certaintyLevel": ["https://fuzzy-sl.wikibase.cloud/entity/Q24"], "http://fuzzy-sl.squirrel.link/ontology/hasLocationType": ["https://fuzzy-sl.wikibase.cloud/entity/Q80"], "http://fuzzy-sl.squirrel.link/ontology/representativeGeometry": ["http://w3id.org/bb5kbc/site_171_geom"], "http://purl.org/dc/terms/identifier": ["171"], "http://rdfs.org/ns/void#inDataset": ["http://w3id.org/bb5kbc/Brandenburg_5000_BC_Data"], "http://w3id.org/bb5kbc/ont/hatFID": ["171"], "http://w3id.org/bb5kbc/ont/hatFundstellenID": ["393"], "http://w3id.org/bb5kbc/ont/hatFundstellenart": ["http://w3id.org/bb5kbc/fundstellenart_376218bc"], "http://w3id.org/bb5kbc/ont/hatGenauigkeit": ["1500.0"], "http://w3id.org/bb5kbc/ont/hatKatalognummer": ["3"], "http://w3id.org/bb5kbc/ont/hatKulturelleZuordnung": ["http://w3id.org/bb5kbc/site_171_culture"], "http://w3id.org/bb5kbc/ont/hatPublikation": ["http://w3id.org/bb5kbc/pub_1ed4ab72"], "http://w3id.org/bb5kbc/ont/inGemeinde": ["http://w3id.org/bb5kbc/gemeinde_7922c5d2"], "http://w3id.org/bb5kbc/ont/wurdeGeoreferenziertDurch": ["http://w3id.org/bb5kbc/site_171_activity"], "http://www.opengis.net/ont/geosparql#hasGeometry": ["http://w3id.org/bb5kbc/site_171_geom"], "http://www.w3.org/1999/02/22-rdf-syntax-ns#type": ["http://w3id.org/bb5kbc/ont/Fundstelle"], "http://www.w3.org/2000/01/rdf-schema#label": ["Sch\u00f6nau/Szon\u00f3w"], "http://www.w3.org/2004/02/skos/core#prefLabel": ["Sch\u00f6nau/Szon\u00f3w"]}, "geometry": {"type": "Point", "coordinates": [17.84, 50.3]}}, {"type": "Feature", "id": "http://w3id.org/bb5kbc/site_525", "name": "", "dateprops": [], "properties": {"http://fuzzy-sl.squirrel.link/ontology/certaintyLevel": ["https://fuzzy-sl.wikibase.cloud/entity/Q24"], "http://fuzzy-sl.squirrel.link/ontology/hasLocationType": ["https://fuzzy-sl.wikibase.cloud/entity/Q80"], "http://fuzzy-sl.squirrel.link/ontology/representativeGeometry": ["http://w3id.org/bb5kbc/site_525_geom"], "http://purl.org/dc/terms/identifier": ["525"], "http://rdfs.org/ns/void#inDataset": ["http://w3id.org/bb5kbc/Brandenburg_5000_BC_Data"], "http://w3id.org/bb5kbc/ont/hatFID": ["525"], "http://w3id.org/bb5kbc/ont/hatFundstellenID": ["246"], "http://w3id.org/bb5kbc/ont/hatFundstellenart": ["http://w3id.org/bb5kbc/fundstellenart_1972902b"], "http://w3id.org/bb5kbc/ont/hatGenauigkeit": ["1000.0"], "http://w3id.org/bb5kbc/ont/hatKatalognummer": ["76"], "http://w3id.org/bb5kbc/ont/hatKulturelleZuordnung": ["http://w3id.org/bb5kbc/site_525_culture"], "http://w3id.org/bb5kbc/ont/hatPublikation": ["http://w3id.org/bb5kbc/pub_d3fe8d6a"], "http://w3id.org/bb5kbc/ont/inGemeinde": ["http://w3id.org/bb5kbc/gemeinde_91940b2d"], "http://w3id.org/bb5kbc/ont/wurdeEntdecktDurch": ["http://w3id.org/bb5kbc/site_525_discovery"], "http://w3id.org/bb5kbc/ont/wurdeGeoreferenziertDurch": ["http://w3id.org/bb5kbc/site_525_activity"], "http://www.opengis.net/ont/geosparql#hasGeometry": ["http://w3id.org/bb5kbc/site_525_geom"], "http://www.w3.org/1999/02/22-rdf-syntax-ns#type": ["http://w3id.org/bb5kbc/ont/Fundstelle"], "http://www.w3.org/2000/01/rdf-schema#label": ["Krusza Zamkowa 3"], "http://www.w3.org/2004/02/skos/core#prefLabel": ["Krusza Zamkowa 3"]}, "geometry": {"type": "Point", "coordinates": [18.23, 52.74]}}, {"type": "Feature", "id": "http://w3id.org/bb5kbc/site_533", "name": "", "dateprops": [], "properties": {"http://fuzzy-sl.squirrel.link/ontology/certaintyLevel": ["https://fuzzy-sl.wikibase.cloud/entity/Q24"], "http://fuzzy-sl.squirrel.link/ontology/hasLocationType": ["https://fuzzy-sl.wikibase.cloud/entity/Q80"], "http://fuzzy-sl.squirrel.link/ontology/representativeGeometry": ["http://w3id.org/bb5kbc/site_533_geom"], "http://purl.org/dc/terms/identifier": ["533"], "http://rdfs.org/ns/void#inDataset": ["http://w3id.org/bb5kbc/Brandenburg_5000_BC_Data"], "http://w3id.org/bb5kbc/ont/hatFID": ["533"], "http://w3id.org/bb5kbc/ont/hatFundstellenID": ["264"], "http://w3id.org/bb5kbc/ont/hatFundstellenart": ["http://w3id.org/bb5kbc/fundstellenart_376218bc"], "http://w3id.org/bb5kbc/ont/hatGenauigkeit": ["1500.0"], "http://w3id.org/bb5kbc/ont/hatKatalognummer": ["86"], "http://w3id.org/bb5kbc/ont/hatKulturelleZuordnung": ["http://w3id.org/bb5kbc/site_533_culture"], "http://w3id.org/bb5kbc/ont/hatPublikation": ["http://w3id.org/bb5kbc/pub_d3fe8d6a"], "http://w3id.org/bb5kbc/ont/inGemeinde": ["http://w3id.org/bb5kbc/gemeinde_5cf23149"], "http://w3id.org/bb5kbc/ont/wurdeGeoreferenziertDurch": ["http://w3id.org/bb5kbc/site_533_activity"], "http://www.opengis.net/ont/geosparql#hasGeometry": ["http://w3id.org/bb5kbc/site_533_geom"], "http://www.w3.org/1999/02/22-rdf-syntax-ns#type": ["http://w3id.org/bb5kbc/ont/Fundstelle"], "http://www.w3.org/2000/01/rdf-schema#label": ["\u0141ojewo 1"], "http://www.w3.org/2004/02/skos/core#prefLabel": ["\u0141ojewo 1"]}, "geometry": {"type": "Point", "coordinates": [18.3, 52.74]}}, {"type": "Feature", "id": "http://w3id.org/bb5kbc/site_536", "name": "", "dateprops": [], "properties": {"http://fuzzy-sl.squirrel.link/ontology/certaintyLevel": ["https://fuzzy-sl.wikibase.cloud/entity/Q24"], "http://fuzzy-sl.squirrel.link/ontology/hasLocationType": ["https://fuzzy-sl.wikibase.cloud/entity/Q80"], "http://fuzzy-sl.squirrel.link/ontology/representativeGeometry": ["http://w3id.org/bb5kbc/site_536_geom"], "http://purl.org/dc/terms/identifier": ["536"], "http://rdfs.org/ns/void#inDataset": ["http://w3id.org/bb5kbc/Brandenburg_5000_BC_Data"], "http://w3id.org/bb5kbc/ont/hatFID": ["536"], "http://w3id.org/bb5kbc/ont/hatFundstellenID": ["381"], "http://w3id.org/bb5kbc/ont/hatFundstellenart": ["http://w3id.org/bb5kbc/fundstellenart_376218bc"], "http://w3id.org/bb5kbc/ont/hatGenauigkeit": ["2000.0"], "http://w3id.org/bb5kbc/ont/hatKatalognummer": ["108"], "http://w3id.org/bb5kbc/ont/hatKulturelleZuordnung": ["http://w3id.org/bb5kbc/site_536_culture"], "http://w3id.org/bb5kbc/ont/hatPublikation": ["http://w3id.org/bb5kbc/pub_d3fe8d6a"], "http://w3id.org/bb5kbc/ont/inGemeinde": ["http://w3id.org/bb5kbc/gemeinde_330f1f98"], "http://w3id.org/bb5kbc/ont/wurdeGeoreferenziertDurch": ["http://w3id.org/bb5kbc/site_536_activity"], "http://www.opengis.net/ont/geosparql#hasGeometry": ["http://w3id.org/bb5kbc/site_536_geom"], "http://www.w3.org/1999/02/22-rdf-syntax-ns#type": ["http://w3id.org/bb5kbc/ont/Fundstelle"], "http://www.w3.org/2000/01/rdf-schema#label": ["Sarnowo 1"], "http://www.w3.org/2004/02/skos/core#prefLabel": ["Sarnowo 1"]}, "geometry": {"type": "Point", "coordinates": [18.76, 52.47]}}, {"type": "Feature", "id": "http://w3id.org/bb5kbc/site_116", "name": "", "dateprops": [], "properties": {"http://fuzzy-sl.squirrel.link/ontology/certaintyLevel": ["https://fuzzy-sl.wikibase.cloud/entity/Q24"], "http://fuzzy-sl.squirrel.link/ontology/hasLocationType": ["https://fuzzy-sl.wikibase.cloud/entity/Q80"], "http://fuzzy-sl.squirrel.link/ontology/representativeGeometry": ["http://w3id.org/bb5kbc/site_116_geom"], "http://purl.org/dc/terms/identifier": ["116"], "http://rdfs.org/ns/void#inDataset": ["http://w3id.org/bb5kbc/Brandenburg_5000_BC_Data"], "http://w3id.org/bb5kbc/ont/hatFID": ["116"], "http://w3id.org/bb5kbc/ont/hatFundstellenID": ["273"], "http://w3id.org/bb5kbc/ont/hatFundstellenart": ["http://w3id.org/bb5kbc/fundstellenart_1972902b"], "http://w3id.org/bb5kbc/ont/hatGenauigkeit": ["2000.0"], "http://w3id.org/bb5kbc/ont/hatKatalognummer": ["18"], "http://w3id.org/bb5kbc/ont/hatKulturelleZuordnung": ["http://w3id.org/bb5kbc/site_116_culture"], "http://w3id.org/bb5kbc/ont/hatPublikation": ["http://w3id.org/bb5kbc/pub_1ed4ab72"], "http://w3id.org/bb5kbc/ont/inGemeinde": ["http://w3id.org/bb5kbc/gemeinde_2c6d34a7"], "http://w3id.org/bb5kbc/ont/wurdeEntdecktDurch": ["http://w3id.org/bb5kbc/site_116_discovery"], "http://w3id.org/bb5kbc/ont/wurdeGeoreferenziertDurch": ["http://w3id.org/bb5kbc/site_116_activity"], "http://www.opengis.net/ont/geosparql#hasGeometry": ["http://w3id.org/bb5kbc/site_116_geom"], "http://www.w3.org/1999/02/22-rdf-syntax-ns#type": ["http://w3id.org/bb5kbc/ont/Fundstelle"], "http://www.w3.org/2000/01/rdf-schema#label": ["Marienspring/Marz\u0119cin"], "http://www.w3.org/2004/02/skos/core#prefLabel": ["Marienspring/Marz\u0119cin"]}, "geometry": {"type": "Point", "coordinates": [15.14, 52.83]}}], "numberMatched": 112, "numberReturned": 112, "bbox": [11.56, 50.08, 19.0, 53.44], "crs": "http://www.opengis.net/def/crs/EPSG/0/4326"}