{"type": "FeatureCollection", "id": "https://fuzzy-sl.wikibase.cloud/entity/Q126", "name": "Representative Point", "features": [{"type": "Feature", "id": "http://w3id.org/bb5kbc/site_297_geom", "name": "", "dateprops": [], "properties": {"http://fuzzy-sl.squirrel.link/ontology/hasPointType": ["https://fuzzy-sl.wikibase.cloud/entity/Q126"], "http://rdfs.org/ns/void#inDataset": ["http://w3id.org/bb5kbc/Brandenburg_5000_BC_Data"], "http://www.opengis.net/ont/geosparql#asWKT": ["POINT(12.79 52.54)"], "http://www.w3.org/1999/02/22-rdf-syntax-ns#type": ["http://www.opengis.net/ont/sf#Point"]}, "geometry": {"type": "Point", "coordinates": [12.79, 52.54]}}, {"type": "Feature", "id": "http://w3id.org/bb5kbc/site_211_geom", "name": "", "dateprops": [], "properties": {"http://fuzzy-sl.squirrel.link/ontology/hasPointType": ["https://fuzzy-sl.wikibase.cloud/entity/Q126"], "http://rdfs.org/ns/void#inDataset": ["http://w3id.org/bb5kbc/Brandenburg_5000_BC_Data"], "http://www.opengis.net/ont/geosparql#asWKT": ["POINT(18.91 52.61)"], "http://www.w3.org/1999/02/22-rdf-syntax-ns#type": ["http://www.opengis.net/ont/sf#Point"]}, "geometry": {"type": "Point", "coordinates": [18.91, 52.61]}}, {"type": "Feature", "id": "http://w3id.org/bb5kbc/site_403_geom", "name": "", "dateprops": [], "properties": {"http://fuzzy-sl.squirrel.link/ontology/hasPointType": ["https://fuzzy-sl.wikibase.cloud/entity/Q126"], "http://rdfs.org/ns/void#inDataset": ["http://w3id.org/bb5kbc/Brandenburg_5000_BC_Data"], "http://www.opengis.net/ont/geosparql#asWKT": ["POINT(13.07 52.42)"], "http://www.w3.org/1999/02/22-rdf-syntax-ns#type": ["http://www.opengis.net/ont/sf#Point"]}, "geometry": {"type": "Point", "coordinates": [13.07, 52.42]}}, {"type": "Feature", "id": "http://w3id.org/bb5kbc/site_313_geom", "name": "", "dateprops": [], "properties": {"http://fuzzy-sl.squirrel.link/ontology/hasPointType": ["https://fuzzy-sl.wikibase.cloud/entity/Q126"], "http://rdfs.org/ns/void#inDataset": ["http://w3id.org/bb5kbc/Brandenburg_5000_BC_Data"], "http://www.opengis.net/ont/geosparql#asWKT": ["POINT(13.59 52.37)"], "http://www.w3.org/1999/02/22-rdf-syntax-ns#type": ["http://www.opengis.net/ont/sf#Point"]}, "geometry": {"type": "Point", "coordinates": [13.59, 52.37]}}, {"type": "Feature", "id": "http://w3id.org/bb5kbc/site_511_geom", "name": "", "dateprops": [], "properties": {"http://fuzzy-sl.squirrel.link/ontology/hasPointType": ["https://fuzzy-sl.wikibase.cloud/entity/Q126"], "http://rdfs.org/ns/void#inDataset": ["http://w3id.org/bb5kbc/Brandenburg_5000_BC_Data"], "http://www.opengis.net/ont/geosparql#asWKT": ["POINT(18.26 52.74)"], "http://www.w3.org/1999/02/22-rdf-syntax-ns#type": ["http://www.opengis.net/ont/sf#Point"]}, "geometry": {"type": "Point", "coordinates": [18.26, 52.74]}}, {"type": "Feature", "id": "http://w3id.org/bb5kbc/site_32_geom", "name": "", "dateprops": [], "properties": {"http://fuzzy-sl.squirrel.link/ontology/hasPointType": ["https://fuzzy-sl.wikibase.cloud/entity/Q126"], "http://rdfs.org/ns/void#inDataset": ["http://w3id.org/bb5kbc/Brandenburg_5000_BC_Data"], "http://www.opengis.net/ont/geosparql#asWKT": ["POINT(12.3 52.59)"], "http://www.w3.org/1999/02/22-rdf-syntax-ns#type": ["http://www.opengis.net/ont/sf#Point"]}, "geometry": {"type": "Point", "coordinates": [12.3, 52.59]}}, {"type": "Feature", "id": "http://w3id.org/bb5kbc/site_409_geom", "name": "", "dateprops": [], "properties": {"http://fuzzy-sl.squirrel.link/ontology/hasPointType": ["https://fuzzy-sl.wikibase.cloud/entity/Q126"], "http://rdfs.org/ns/void#inDataset": ["http://w3id.org/bb5kbc/Brandenburg_5000_BC_Data"], "http://www.opengis.net/ont/geosparql#asWKT": ["POINT(13.09 52.35)"], "http://www.w3.org/1999/02/22-rdf-syntax-ns#type": ["http://www.opengis.net/ont/sf#Point"]}, "geometry": {"type": "Point", "coordinates": [13.09, 52.35]}}, {"type": "Feature", "id": "http://w3id.org/bb5kbc/site_247_geom", "name": "", "dateprops": [], "properties": {"http://fuzzy-sl.squirrel.link/ontology/hasPointType": ["https://fuzzy-sl.wikibase.cloud/entity/Q126"], "http://rdfs.org/ns/void#inDataset": ["http://w3id.org/bb5kbc/Brandenburg_5000_BC_Data"], "http://www.opengis.net/ont/geosparql#asWKT": ["POINT(16.92 52.38)"], "http://www.w3.org/1999/02/22-rdf-syntax-ns#type": ["http://www.opengis.net/ont/sf#Point"]}, "geometry": {"type": "Point", "coordinates": [16.92, 52.38]}}, {"type": "Feature", "id": "http://w3id.org/bb5kbc/site_176_geom", "name": "", "dateprops": [], "properties": {"http://fuzzy-sl.squirrel.link/ontology/hasPointType": ["https://fuzzy-sl.wikibase.cloud/entity/Q126"], "http://rdfs.org/ns/void#inDataset": ["http://w3id.org/bb5kbc/Brandenburg_5000_BC_Data"], "http://www.opengis.net/ont/geosparql#asWKT": ["POINT(18.63 53.77)"], "http://www.w3.org/1999/02/22-rdf-syntax-ns#type": ["http://www.opengis.net/ont/sf#Point"]}, "geometry": {"type": "Point", "coordinates": [18.63, 53.77]}}, {"type": "Feature", "id": "http://w3id.org/bb5kbc/site_348_geom", "name": "", "dateprops": [], "properties": {"http://fuzzy-sl.squirrel.link/ontology/hasPointType": ["https://fuzzy-sl.wikibase.cloud/entity/Q126"], "http://rdfs.org/ns/void#inDataset": ["http://w3id.org/bb5kbc/Brandenburg_5000_BC_Data"], "http://www.opengis.net/ont/geosparql#asWKT": ["POINT(12.94 52.52)"], "http://www.w3.org/1999/02/22-rdf-syntax-ns#type": ["http://www.opengis.net/ont/sf#Point"]}, "geometry": {"type": "Point", "coordinates": [12.94, 52.52]}}, {"type": "Feature", "id": "http://w3id.org/bb5kbc/site_31_geom", "name": "", "dateprops": [], "properties": {"http://fuzzy-sl.squirrel.link/ontology/hasPointType": ["https://fuzzy-sl.wikibase.cloud/entity/Q126"], "http://rdfs.org/ns/void#inDataset": ["http://w3id.org/bb5kbc/Brandenburg_5000_BC_Data"], "http://www.opengis.net/ont/geosparql#asWKT": ["POINT(12.3 51.24)"], "http://www.w3.org/1999/02/22-rdf-syntax-ns#type": ["http://www.opengis.net/ont/sf#Point"]}, "geometry": {"type": "Point", "coordinates": [12.3, 51.24]}}, {"type": "Feature", "id": "http://w3id.org/bb5kbc/site_519_geom", "name": "", "dateprops": [], "properties": {"http://fuzzy-sl.squirrel.link/ontology/hasPointType": ["https://fuzzy-sl.wikibase.cloud/entity/Q126"], "http://rdfs.org/ns/void#inDataset": ["http://w3id.org/bb5kbc/Brandenburg_5000_BC_Data"], "http://www.opengis.net/ont/geosparql#asWKT": ["POINT(17.75 52.78)"], "http://www.w3.org/1999/02/22-rdf-syntax-ns#type": ["http://www.opengis.net/ont/sf#Point"]}, "geometry": {"type": "Point", "coordinates": [17.75, 52.78]}}, {"type": "Feature", "id": "http://w3id.org/bb5kbc/site_555_geom", "name": "", "dateprops": [], "properties": {"http://fuzzy-sl.squirrel.link/ontology/hasPointType": ["https://fuzzy-sl.wikibase.cloud/entity/Q126"], "http://rdfs.org/ns/void#inDataset": ["http://w3id.org/bb5kbc/Brandenburg_5000_BC_Data"], "http://www.opengis.net/ont/geosparql#asWKT": ["POINT(14.49 53.38)"], "http://www.w3.org/1999/02/22-rdf-syntax-ns#type": ["http://www.opengis.net/ont/sf#Point"]}, "geometry": {"type": "Point", "coordinates": [14.49, 53.38]}}, {"type": "Feature", "id": "http://w3id.org/bb5kbc/site_547_geom", "name": "", "dateprops": [], "properties": {"http://fuzzy-sl.squirrel.link/ontology/hasPointType": ["https://fuzzy-sl.wikibase.cloud/entity/Q126"], "http://rdfs.org/ns/void#inDataset": ["http://w3id.org/bb5kbc/Brandenburg_5000_BC_Data"], "http://www.opengis.net/ont/geosparql#asWKT": ["POINT(18.14 52.86)"], "http://www.w3.org/1999/02/22-rdf-syntax-ns#type": ["http://www.opengis.net/ont/sf#Point"]}, "geometry": {"type": "Point", "coordinates": [18.14, 52.86]}}, {"type": "Feature", "id": "http://w3id.org/bb5kbc/site_144_geom", "name": "", "dateprops": [], "properties": {"http://fuzzy-sl.squirrel.link/ontology/hasPointType": ["https://fuzzy-sl.wikibase.cloud/entity/Q126"], "http://rdfs.org/ns/void#inDataset": ["http://w3id.org/bb5kbc/Brandenburg_5000_BC_Data"], "http://www.opengis.net/ont/geosparql#asWKT": ["POINT(16.28 51.71)"], "http://www.w3.org/1999/02/22-rdf-syntax-ns#type": ["http://www.opengis.net/ont/sf#Point"]}, "geometry": {"type": "Point", "coordinates": [16.28, 51.71]}}, {"type": "Feature", "id": "http://w3id.org/bb5kbc/site_271_geom", "name": "", "dateprops": [], "properties": {"http://fuzzy-sl.squirrel.link/ontology/hasPointType": ["https://fuzzy-sl.wikibase.cloud/entity/Q126"], "http://rdfs.org/ns/void#inDataset": ["http://w3id.org/bb5kbc/Brandenburg_5000_BC_Data"], "http://www.opengis.net/ont/geosparql#asWKT": ["POINT(12.76 52.53)"], "http://www.w3.org/1999/02/22-rdf-syntax-ns#type": ["http://www.opengis.net/ont/sf#Point"]}, "geometry": {"type": "Point", "coordinates": [12.76, 52.53]}}, {"type": "Feature", "id": "http://w3id.org/bb5kbc/site_290_geom", "name": "", "dateprops": [], "properties": {"http://fuzzy-sl.squirrel.link/ontology/hasPointType": ["https://fuzzy-sl.wikibase.cloud/entity/Q126"], "http://rdfs.org/ns/void#inDataset": ["http://w3id.org/bb5kbc/Brandenburg_5000_BC_Data"], "http://www.opengis.net/ont/geosparql#asWKT": ["POINT(13.93 52.83)"], "http://www.w3.org/1999/02/22-rdf-syntax-ns#type": ["http://www.opengis.net/ont/sf#Point"]}, "geometry": {"type": "Point", "coordinates": [13.93, 52.83]}}, {"type": "Feature", "id": "http://w3id.org/bb5kbc/site_273_geom", "name": "", "dateprops": [], "properties": {"http://fuzzy-sl.squirrel.link/ontology/hasPointType": ["https://fuzzy-sl.wikibase.cloud/entity/Q126"], "http://rdfs.org/ns/void#inDataset": ["http://w3id.org/bb5kbc/Brandenburg_5000_BC_Data"], "http://www.opengis.net/ont/geosparql#asWKT": ["POINT(12.72 52.53)"], "http://www.w3.org/1999/02/22-rdf-syntax-ns#type": ["http://www.opengis.net/ont/sf#Point"]}, "geometry": {"type": "Point", "coordinates": [12.72, 52.53]}}, {"type": "Feature", "id": "http://w3id.org/bb5kbc/site_80_geom", "name": "", "dateprops": [], "properties": {"http://fuzzy-sl.squirrel.link/ontology/hasPointType": ["https://fuzzy-sl.wikibase.cloud/entity/Q126"], "http://rdfs.org/ns/void#inDataset": ["http://w3id.org/bb5kbc/Brandenburg_5000_BC_Data"], "http://www.opengis.net/ont/geosparql#asWKT": ["POINT(14.38 52.55)"], "http://www.w3.org/1999/02/22-rdf-syntax-ns#type": ["http://www.opengis.net/ont/sf#Point"]}, "geometry": {"type": "Point", "coordinates": [14.38, 52.55]}}, {"type": "Feature", "id": "http://w3id.org/bb5kbc/site_469_geom", "name": "", "dateprops": [], "properties": {"http://fuzzy-sl.squirrel.link/ontology/hasPointType": ["https://fuzzy-sl.wikibase.cloud/entity/Q126"], "http://rdfs.org/ns/void#inDataset": ["http://w3id.org/bb5kbc/Brandenburg_5000_BC_Data"], "http://www.opengis.net/ont/geosparql#asWKT": ["POINT(14.06 52.96)"], "http://www.w3.org/1999/02/22-rdf-syntax-ns#type": ["http://www.opengis.net/ont/sf#Point"]}, "geometry": {"type": "Point", "coordinates": [14.06, 52.96]}}, {"type": "Feature", "id": "http://w3id.org/bb5kbc/site_177_geom", "name": "", "dateprops": [], "properties": {"http://fuzzy-sl.squirrel.link/ontology/hasPointType": ["https://fuzzy-sl.wikibase.cloud/entity/Q126"], "http://rdfs.org/ns/void#inDataset": ["http://w3id.org/bb5kbc/Brandenburg_5000_BC_Data"], "http://www.opengis.net/ont/geosparql#asWKT": ["POINT(18.65 53.91)"], "http://www.w3.org/1999/02/22-rdf-syntax-ns#type": ["http://www.opengis.net/ont/sf#Point"]}, "geometry": {"type": "Point", "coordinates": [18.65, 53.91]}}, {"type": "Feature", "id": "http://w3id.org/bb5kbc/site_41_geom", "name": "", "dateprops": [], "properties": {"http://fuzzy-sl.squirrel.link/ontology/hasPointType": ["https://fuzzy-sl.wikibase.cloud/entity/Q126"], "http://rdfs.org/ns/void#inDataset": ["http://w3id.org/bb5kbc/Brandenburg_5000_BC_Data"], "http://www.opengis.net/ont/geosparql#asWKT": ["POINT(13.09 51.96)"], "http://www.w3.org/1999/02/22-rdf-syntax-ns#type": ["http://www.opengis.net/ont/sf#Point"]}, "geometry": {"type": "Point", "coordinates": [13.09, 51.96]}}, {"type": "Feature", "id": "http://w3id.org/bb5kbc/site_361_geom", "name": "", "dateprops": [], "properties": {"http://fuzzy-sl.squirrel.link/ontology/hasPointType": ["https://fuzzy-sl.wikibase.cloud/entity/Q126"], "http://rdfs.org/ns/void#inDataset": ["http://w3id.org/bb5kbc/Brandenburg_5000_BC_Data"], "http://www.opengis.net/ont/geosparql#asWKT": ["POINT(13.25 53.01)"], "http://www.w3.org/1999/02/22-rdf-syntax-ns#type": ["http://www.opengis.net/ont/sf#Point"]}, "geometry": {"type": "Point", "coordinates": [13.25, 53.01]}}, {"type": "Feature", "id": "http://w3id.org/bb5kbc/site_357_geom", "name": "", "dateprops": [], "properties": {"http://fuzzy-sl.squirrel.link/ontology/hasPointType": ["https://fuzzy-sl.wikibase.cloud/entity/Q126"], "http://rdfs.org/ns/void#inDataset": ["http://w3id.org/bb5kbc/Brandenburg_5000_BC_Data"], "http://www.opengis.net/ont/geosparql#asWKT": ["POINT(13.36 53.02)"], "http://www.w3.org/1999/02/22-rdf-syntax-ns#type": ["http://www.opengis.net/ont/sf#Point"]}, "geometry": {"type": "Point", "coordinates": [13.36, 53.02]}}, {"type": "Feature", "id": "http://w3id.org/bb5kbc/site_263_geom", "name": "", "dateprops": [], "properties": {"http://fuzzy-sl.squirrel.link/ontology/hasPointType": ["https://fuzzy-sl.wikibase.cloud/entity/Q126"], "http://rdfs.org/ns/void#inDataset": ["http://w3id.org/bb5kbc/Brandenburg_5000_BC_Data"], "http://www.opengis.net/ont/geosparql#asWKT": ["POINT(12.88 52.62)"], "http://www.w3.org/1999/02/22-rdf-syntax-ns#type": ["http://www.opengis.net/ont/sf#Point"]}, "geometry": {"type": "Point", "coordinates": [12.88, 52.62]}}, {"type": "Feature", "id": "http://w3id.org/bb5kbc/site_579_geom", "name": "", "dateprops": [], "properties": {"http://fuzzy-sl.squirrel.link/ontology/hasPointType": ["https://fuzzy-sl.wikibase.cloud/entity/Q126"], "http://rdfs.org/ns/void#inDataset": ["http://w3id.org/bb5kbc/Brandenburg_5000_BC_Data"], "http://www.opengis.net/ont/geosparql#asWKT": ["POINT(13.07 52.4)"], "http://www.w3.org/1999/02/22-rdf-syntax-ns#type": ["http://www.opengis.net/ont/sf#Point"]}, "geometry": {"type": "Point", "coordinates": [13.07, 52.4]}}, {"type": "Feature", "id": "http://w3id.org/bb5kbc/site_84_geom", "name": "", "dateprops": [], "properties": {"http://fuzzy-sl.squirrel.link/ontology/hasPointType": ["https://fuzzy-sl.wikibase.cloud/entity/Q126"], "http://rdfs.org/ns/void#inDataset": ["http://w3id.org/bb5kbc/Brandenburg_5000_BC_Data"], "http://www.opengis.net/ont/geosparql#asWKT": ["POINT(14.49 52.38)"], "http://www.w3.org/1999/02/22-rdf-syntax-ns#type": ["http://www.opengis.net/ont/sf#Point"]}, "geometry": {"type": "Point", "coordinates": [14.49, 52.38]}}, {"type": "Feature", "id": "http://w3id.org/bb5kbc/site_183_geom", "name": "", "dateprops": [], "properties": {"http://fuzzy-sl.squirrel.link/ontology/hasPointType": ["https://fuzzy-sl.wikibase.cloud/entity/Q126"], "http://rdfs.org/ns/void#inDataset": ["http://w3id.org/bb5kbc/Brandenburg_5000_BC_Data"], "http://www.opengis.net/ont/geosparql#asWKT": ["POINT(18.73 52.6)"], "http://www.w3.org/1999/02/22-rdf-syntax-ns#type": ["http://www.opengis.net/ont/sf#Point"]}, "geometry": {"type": "Point", "coordinates": [18.73, 52.6]}}, {"type": "Feature", "id": "http://w3id.org/bb5kbc/site_154_geom", "name": "", "dateprops": [], "properties": {"http://fuzzy-sl.squirrel.link/ontology/hasPointType": ["https://fuzzy-sl.wikibase.cloud/entity/Q126"], "http://rdfs.org/ns/void#inDataset": ["http://w3id.org/bb5kbc/Brandenburg_5000_BC_Data"], "http://www.opengis.net/ont/geosparql#asWKT": ["POINT(16.78 50.61)"], "http://www.w3.org/1999/02/22-rdf-syntax-ns#type": ["http://www.opengis.net/ont/sf#Point"]}, "geometry": {"type": "Point", "coordinates": [16.78, 50.61]}}, {"type": "Feature", "id": "http://w3id.org/bb5kbc/site_204_geom", "name": "", "dateprops": [], "properties": {"http://fuzzy-sl.squirrel.link/ontology/hasPointType": ["https://fuzzy-sl.wikibase.cloud/entity/Q126"], "http://rdfs.org/ns/void#inDataset": ["http://w3id.org/bb5kbc/Brandenburg_5000_BC_Data"], "http://www.opengis.net/ont/geosparql#asWKT": ["POINT(18.86 52.62)"], "http://www.w3.org/1999/02/22-rdf-syntax-ns#type": ["http://www.opengis.net/ont/sf#Point"]}, "geometry": {"type": "Point", "coordinates": [18.86, 52.62]}}, {"type": "Feature", "id": "http://w3id.org/bb5kbc/site_120_geom", "name": "", "dateprops": [], "properties": {"http://fuzzy-sl.squirrel.link/ontology/hasPointType": ["https://fuzzy-sl.wikibase.cloud/entity/Q126"], "http://rdfs.org/ns/void#inDataset": ["http://w3id.org/bb5kbc/Brandenburg_5000_BC_Data"], "http://www.opengis.net/ont/geosparql#asWKT": ["POINT(15.54 52.1)"], "http://www.w3.org/1999/02/22-rdf-syntax-ns#type": ["http://www.opengis.net/ont/sf#Point"]}, "geometry": {"type": "Point", "coordinates": [15.54, 52.1]}}, {"type": "Feature", "id": "http://w3id.org/bb5kbc/site_252_geom", "name": "", "dateprops": [], "properties": {"http://fuzzy-sl.squirrel.link/ontology/hasPointType": ["https://fuzzy-sl.wikibase.cloud/entity/Q126"], "http://rdfs.org/ns/void#inDataset": ["http://w3id.org/bb5kbc/Brandenburg_5000_BC_Data"], "http://www.opengis.net/ont/geosparql#asWKT": ["POINT(14.06 52.78)"], "http://www.w3.org/1999/02/22-rdf-syntax-ns#type": ["http://www.opengis.net/ont/sf#Point"]}, "geometry": {"type": "Point", "coordinates": [14.06, 52.78]}}, {"type": "Feature", "id": "http://w3id.org/bb5kbc/site_33_geom", "name": "", "dateprops": [], "properties": {"http://fuzzy-sl.squirrel.link/ontology/hasPointType": ["https://fuzzy-sl.wikibase.cloud/entity/Q126"], "http://rdfs.org/ns/void#inDataset": ["http://w3id.org/bb5kbc/Brandenburg_5000_BC_Data"], "http://www.opengis.net/ont/geosparql#asWKT": ["POINT(12.54 52.75)"], "http://www.w3.org/1999/02/22-rdf-syntax-ns#type": ["http://www.opengis.net/ont/sf#Point"]}, "geometry": {"type": "Point", "coordinates": [12.54, 52.75]}}, {"type": "Feature", "id": "http://w3id.org/bb5kbc/site_479_geom", "name": "", "dateprops": [], "properties": {"http://fuzzy-sl.squirrel.link/ontology/hasPointType": ["https://fuzzy-sl.wikibase.cloud/entity/Q126"], "http://rdfs.org/ns/void#inDataset": ["http://w3id.org/bb5kbc/Brandenburg_5000_BC_Data"], "http://www.opengis.net/ont/geosparql#asWKT": ["POINT(14.14 53.24)"], "http://www.w3.org/1999/02/22-rdf-syntax-ns#type": ["http://www.opengis.net/ont/sf#Point"]}, "geometry": {"type": "Point", "coordinates": [14.14, 53.24]}}, {"type": "Feature", "id": "http://w3id.org/bb5kbc/site_180_geom", "name": "", "dateprops": [], "properties": {"http://fuzzy-sl.squirrel.link/ontology/hasPointType": ["https://fuzzy-sl.wikibase.cloud/entity/Q126"], "http://rdfs.org/ns/void#inDataset": ["http://w3id.org/bb5kbc/Brandenburg_5000_BC_Data"], "http://www.opengis.net/ont/geosparql#asWKT": ["POINT(18.72 52.67)"], "http://www.w3.org/1999/02/22-rdf-syntax-ns#type": ["http://www.opengis.net/ont/sf#Point"]}, "geometry": {"type": "Point", "coordinates": [18.72, 52.67]}}, {"type": "Feature", "id": "http://w3id.org/bb5kbc/site_2_geom", "name": "", "dateprops": [], "properties": {"http://fuzzy-sl.squirrel.link/ontology/hasPointType": ["https://fuzzy-sl.wikibase.cloud/entity/Q126"], "http://rdfs.org/ns/void#inDataset": ["http://w3id.org/bb5kbc/Brandenburg_5000_BC_Data"], "http://www.opengis.net/ont/geosparql#asWKT": ["POINT(10.66 50.98)"], "http://www.w3.org/1999/02/22-rdf-syntax-ns#type": ["http://www.opengis.net/ont/sf#Point"]}, "geometry": {"type": "Point", "coordinates": [10.66, 50.98]}}, {"type": "Feature", "id": "http://w3id.org/bb5kbc/site_364_geom", "name": "", "dateprops": [], "properties": {"http://fuzzy-sl.squirrel.link/ontology/hasPointType": ["https://fuzzy-sl.wikibase.cloud/entity/Q126"], "http://rdfs.org/ns/void#inDataset": ["http://w3id.org/bb5kbc/Brandenburg_5000_BC_Data"], "http://www.opengis.net/ont/geosparql#asWKT": ["POINT(13.38 52.94)"], "http://www.w3.org/1999/02/22-rdf-syntax-ns#type": ["http://www.opengis.net/ont/sf#Point"]}, "geometry": {"type": "Point", "coordinates": [13.38, 52.94]}}, {"type": "Feature", "id": "http://w3id.org/bb5kbc/site_410_geom", "name": "", "dateprops": [], "properties": {"http://fuzzy-sl.squirrel.link/ontology/hasPointType": ["https://fuzzy-sl.wikibase.cloud/entity/Q126"], "http://rdfs.org/ns/void#inDataset": ["http://w3id.org/bb5kbc/Brandenburg_5000_BC_Data"], "http://www.opengis.net/ont/geosparql#asWKT": ["POINT(13.07 52.35)"], "http://www.w3.org/1999/02/22-rdf-syntax-ns#type": ["http://www.opengis.net/ont/sf#Point"]}, "geometry": {"type": "Point", "coordinates": [13.07, 52.35]}}, {"type": "Feature", "id": "http://w3id.org/bb5kbc/site_85_geom", "name": "", "dateprops": [], "properties": {"http://fuzzy-sl.squirrel.link/ontology/hasPointType": ["https://fuzzy-sl.wikibase.cloud/entity/Q126"], "http://rdfs.org/ns/void#inDataset": ["http://w3id.org/bb5kbc/Brandenburg_5000_BC_Data"], "http://www.opengis.net/ont/geosparql#asWKT": ["POINT(14.49 53.41)"], "http://www.w3.org/1999/02/22-rdf-syntax-ns#type": ["http://www.opengis.net/ont/sf#Point"]}, "geometry": {"type": "Point", "coordinates": [14.49, 53.41]}}, {"type": "Feature", "id": "http://w3id.org/bb5kbc/site_415_geom", "name": "", "dateprops": [], "properties": {"http://fuzzy-sl.squirrel.link/ontology/hasPointType": ["https://fuzzy-sl.wikibase.cloud/entity/Q126"], "http://rdfs.org/ns/void#inDataset": ["http://w3id.org/bb5kbc/Brandenburg_5000_BC_Data"], "http://www.opengis.net/ont/geosparql#asWKT": ["POINT(13 52.47)"], "http://www.w3.org/1999/02/22-rdf-syntax-ns#type": ["http://www.opengis.net/ont/sf#Point"]}, "geometry": {"type": "Point", "coordinates": [13.0, 52.47]}}, {"type": "Feature", "id": "http://w3id.org/bb5kbc/site_423_geom", "name": "", "dateprops": [], "properties": {"http://fuzzy-sl.squirrel.link/ontology/hasPointType": ["https://fuzzy-sl.wikibase.cloud/entity/Q126"], "http://rdfs.org/ns/void#inDataset": ["http://w3id.org/bb5kbc/Brandenburg_5000_BC_Data"], "http://www.opengis.net/ont/geosparql#asWKT": ["POINT(13.06 52.3)"], "http://www.w3.org/1999/02/22-rdf-syntax-ns#type": ["http://www.opengis.net/ont/sf#Point"]}, "geometry": {"type": "Point", "coordinates": [13.06, 52.3]}}, {"type": "Feature", "id": "http://w3id.org/bb5kbc/site_37_geom", "name": "", "dateprops": [], "properties": {"http://fuzzy-sl.squirrel.link/ontology/hasPointType": ["https://fuzzy-sl.wikibase.cloud/entity/Q126"], "http://rdfs.org/ns/void#inDataset": ["http://w3id.org/bb5kbc/Brandenburg_5000_BC_Data"], "http://www.opengis.net/ont/geosparql#asWKT": ["POINT(13.05 51.99)"], "http://www.w3.org/1999/02/22-rdf-syntax-ns#type": ["http://www.opengis.net/ont/sf#Point"]}, "geometry": {"type": "Point", "coordinates": [13.05, 51.99]}}, {"type": "Feature", "id": "http://w3id.org/bb5kbc/site_558_geom", "name": "", "dateprops": [], "properties": {"http://fuzzy-sl.squirrel.link/ontology/hasPointType": ["https://fuzzy-sl.wikibase.cloud/entity/Q126"], "http://rdfs.org/ns/void#inDataset": ["http://w3id.org/bb5kbc/Brandenburg_5000_BC_Data"], "http://www.opengis.net/ont/geosparql#asWKT": ["POINT(14.44 53.43)"], "http://www.w3.org/1999/02/22-rdf-syntax-ns#type": ["http://www.opengis.net/ont/sf#Point"]}, "geometry": {"type": "Point", "coordinates": [14.44, 53.43]}}, {"type": "Feature", "id": "http://w3id.org/bb5kbc/site_305_geom", "name": "", "dateprops": [], "properties": {"http://fuzzy-sl.squirrel.link/ontology/hasPointType": ["https://fuzzy-sl.wikibase.cloud/entity/Q126"], "http://rdfs.org/ns/void#inDataset": ["http://w3id.org/bb5kbc/Brandenburg_5000_BC_Data"], "http://www.opengis.net/ont/geosparql#asWKT": ["POINT(13.65 52.91)"], "http://www.w3.org/1999/02/22-rdf-syntax-ns#type": ["http://www.opengis.net/ont/sf#Point"]}, "geometry": {"type": "Point", "coordinates": [13.65, 52.91]}}, {"type": "Feature", "id": "http://w3id.org/bb5kbc/site_306_geom", "name": "", "dateprops": [], "properties": {"http://fuzzy-sl.squirrel.link/ontology/hasPointType": ["https://fuzzy-sl.wikibase.cloud/entity/Q126"], "http://rdfs.org/ns/void#inDataset": ["http://w3id.org/bb5kbc/Brandenburg_5000_BC_Data"], "http://www.opengis.net/ont/geosparql#asWKT": ["POINT(12.57 52.43)"], "http://www.w3.org/1999/02/22-rdf-syntax-ns#type": ["http://www.opengis.net/ont/sf#Point"]}, "geometry": {"type": "Point", "coordinates": [12.57, 52.43]}}, {"type": "Feature", "id": "http://w3id.org/bb5kbc/site_284_geom", "name": "", "dateprops": [], "properties": {"http://fuzzy-sl.squirrel.link/ontology/hasPointType": ["https://fuzzy-sl.wikibase.cloud/entity/Q126"], "http://rdfs.org/ns/void#inDataset": ["http://w3id.org/bb5kbc/Brandenburg_5000_BC_Data"], "http://www.opengis.net/ont/geosparql#asWKT": ["POINT(12.97 52.55)"], "http://www.w3.org/1999/02/22-rdf-syntax-ns#type": ["http://www.opengis.net/ont/sf#Point"]}, "geometry": {"type": "Point", "coordinates": [12.97, 52.55]}}, {"type": "Feature", "id": "http://w3id.org/bb5kbc/site_546_geom", "name": "", "dateprops": [], "properties": {"http://fuzzy-sl.squirrel.link/ontology/hasPointType": ["https://fuzzy-sl.wikibase.cloud/entity/Q126"], "http://rdfs.org/ns/void#inDataset": ["http://w3id.org/bb5kbc/Brandenburg_5000_BC_Data"], "http://www.opengis.net/ont/geosparql#asWKT": ["POINT(18.1 52.77)"], "http://www.w3.org/1999/02/22-rdf-syntax-ns#type": ["http://www.opengis.net/ont/sf#Point"]}, "geometry": {"type": "Point", "coordinates": [18.1, 52.77]}}, {"type": "Feature", "id": "http://w3id.org/bb5kbc/site_548_geom", "name": "", "dateprops": [], "properties": {"http://fuzzy-sl.squirrel.link/ontology/hasPointType": ["https://fuzzy-sl.wikibase.cloud/entity/Q126"], "http://rdfs.org/ns/void#inDataset": ["http://w3id.org/bb5kbc/Brandenburg_5000_BC_Data"], "http://www.opengis.net/ont/geosparql#asWKT": ["POINT(19.01 52.57)"], "http://www.w3.org/1999/02/22-rdf-syntax-ns#type": ["http://www.opengis.net/ont/sf#Point"]}, "geometry": {"type": "Point", "coordinates": [19.01, 52.57]}}, {"type": "Feature", "id": "http://w3id.org/bb5kbc/site_397_geom", "name": "", "dateprops": [], "properties": {"http://fuzzy-sl.squirrel.link/ontology/hasPointType": ["https://fuzzy-sl.wikibase.cloud/entity/Q126"], "http://rdfs.org/ns/void#inDataset": ["http://w3id.org/bb5kbc/Brandenburg_5000_BC_Data"], "http://www.opengis.net/ont/geosparql#asWKT": ["POINT(12.74 52.72)"], "http://www.w3.org/1999/02/22-rdf-syntax-ns#type": ["http://www.opengis.net/ont/sf#Point"]}, "geometry": {"type": "Point", "coordinates": [12.74, 52.72]}}, {"type": "Feature", "id": "http://w3id.org/bb5kbc/site_456_geom", "name": "", "dateprops": [], "properties": {"http://fuzzy-sl.squirrel.link/ontology/hasPointType": ["https://fuzzy-sl.wikibase.cloud/entity/Q126"], "http://rdfs.org/ns/void#inDataset": ["http://w3id.org/bb5kbc/Brandenburg_5000_BC_Data"], "http://www.opengis.net/ont/geosparql#asWKT": ["POINT(13.22 52.22)"], "http://www.w3.org/1999/02/22-rdf-syntax-ns#type": ["http://www.opengis.net/ont/sf#Point"]}, "geometry": {"type": "Point", "coordinates": [13.22, 52.22]}}, {"type": "Feature", "id": "http://w3id.org/bb5kbc/site_448_geom", "name": "", "dateprops": [], "properties": {"http://fuzzy-sl.squirrel.link/ontology/hasPointType": ["https://fuzzy-sl.wikibase.cloud/entity/Q126"], "http://rdfs.org/ns/void#inDataset": ["http://w3id.org/bb5kbc/Brandenburg_5000_BC_Data"], "http://www.opengis.net/ont/geosparql#asWKT": ["POINT(13.16 52.3)"], "http://www.w3.org/1999/02/22-rdf-syntax-ns#type": ["http://www.opengis.net/ont/sf#Point"]}, "geometry": {"type": "Point", "coordinates": [13.16, 52.3]}}, {"type": "Feature", "id": "http://w3id.org/bb5kbc/site_398_geom", "name": "", "dateprops": [], "properties": {"http://fuzzy-sl.squirrel.link/ontology/hasPointType": ["https://fuzzy-sl.wikibase.cloud/entity/Q126"], "http://rdfs.org/ns/void#inDataset": ["http://w3id.org/bb5kbc/Brandenburg_5000_BC_Data"], "http://www.opengis.net/ont/geosparql#asWKT": ["POINT(12.75 52.71)"], "http://www.w3.org/1999/02/22-rdf-syntax-ns#type": ["http://www.opengis.net/ont/sf#Point"]}, "geometry": {"type": "Point", "coordinates": [12.75, 52.71]}}, {"type": "Feature", "id": "http://w3id.org/bb5kbc/site_404_geom", "name": "", "dateprops": [], "properties": {"http://fuzzy-sl.squirrel.link/ontology/hasPointType": ["https://fuzzy-sl.wikibase.cloud/entity/Q126"], "http://rdfs.org/ns/void#inDataset": ["http://w3id.org/bb5kbc/Brandenburg_5000_BC_Data"], "http://www.opengis.net/ont/geosparql#asWKT": ["POINT(12.78 52.31)"], "http://www.w3.org/1999/02/22-rdf-syntax-ns#type": ["http://www.opengis.net/ont/sf#Point"]}, "geometry": {"type": "Point", "coordinates": [12.78, 52.31]}}, {"type": "Feature", "id": "http://w3id.org/bb5kbc/site_478_geom", "name": "", "dateprops": [], "properties": {"http://fuzzy-sl.squirrel.link/ontology/hasPointType": ["https://fuzzy-sl.wikibase.cloud/entity/Q126"], "http://rdfs.org/ns/void#inDataset": ["http://w3id.org/bb5kbc/Brandenburg_5000_BC_Data"], "http://www.opengis.net/ont/geosparql#asWKT": ["POINT(14.44 53.27)"], "http://www.w3.org/1999/02/22-rdf-syntax-ns#type": ["http://www.opengis.net/ont/sf#Point"]}, "geometry": {"type": "Point", "coordinates": [14.44, 53.27]}}, {"type": "Feature", "id": "http://w3id.org/bb5kbc/site_14_geom", "name": "", "dateprops": [], "properties": {"http://fuzzy-sl.squirrel.link/ontology/hasPointType": ["https://fuzzy-sl.wikibase.cloud/entity/Q126"], "http://rdfs.org/ns/void#inDataset": ["http://w3id.org/bb5kbc/Brandenburg_5000_BC_Data"], "http://www.opengis.net/ont/geosparql#asWKT": ["POINT(11.56 51.5)"], "http://www.w3.org/1999/02/22-rdf-syntax-ns#type": ["http://www.opengis.net/ont/sf#Point"]}, "geometry": {"type": "Point", "coordinates": [11.56, 51.5]}}, {"type": "Feature", "id": "http://w3id.org/bb5kbc/site_20_geom", "name": "", "dateprops": [], "properties": {"http://fuzzy-sl.squirrel.link/ontology/hasPointType": ["https://fuzzy-sl.wikibase.cloud/entity/Q126"], "http://rdfs.org/ns/void#inDataset": ["http://w3id.org/bb5kbc/Brandenburg_5000_BC_Data"], "http://www.opengis.net/ont/geosparql#asWKT": ["POINT(11.77 51.89)"], "http://www.w3.org/1999/02/22-rdf-syntax-ns#type": ["http://www.opengis.net/ont/sf#Point"]}, "geometry": {"type": "Point", "coordinates": [11.77, 51.89]}}, {"type": "Feature", "id": "http://w3id.org/bb5kbc/site_435_geom", "name": "", "dateprops": [], "properties": {"http://fuzzy-sl.squirrel.link/ontology/hasPointType": ["https://fuzzy-sl.wikibase.cloud/entity/Q126"], "http://rdfs.org/ns/void#inDataset": ["http://w3id.org/bb5kbc/Brandenburg_5000_BC_Data"], "http://www.opengis.net/ont/geosparql#asWKT": ["POINT(11.75 53.14)"], "http://www.w3.org/1999/02/22-rdf-syntax-ns#type": ["http://www.opengis.net/ont/sf#Point"]}, "geometry": {"type": "Point", "coordinates": [11.75, 53.14]}}, {"type": "Feature", "id": "http://w3id.org/bb5kbc/site_341_geom", "name": "", "dateprops": [], "properties": {"http://fuzzy-sl.squirrel.link/ontology/hasPointType": ["https://fuzzy-sl.wikibase.cloud/entity/Q126"], "http://rdfs.org/ns/void#inDataset": ["http://w3id.org/bb5kbc/Brandenburg_5000_BC_Data"], "http://www.opengis.net/ont/geosparql#asWKT": ["POINT(13.13 52.61)"], "http://www.w3.org/1999/02/22-rdf-syntax-ns#type": ["http://www.opengis.net/ont/sf#Point"]}, "geometry": {"type": "Point", "coordinates": [13.13, 52.61]}}, {"type": "Feature", "id": "http://w3id.org/bb5kbc/site_15_geom", "name": "", "dateprops": [], "properties": {"http://fuzzy-sl.squirrel.link/ontology/hasPointType": ["https://fuzzy-sl.wikibase.cloud/entity/Q126"], "http://rdfs.org/ns/void#inDataset": ["http://w3id.org/bb5kbc/Brandenburg_5000_BC_Data"], "http://www.opengis.net/ont/geosparql#asWKT": ["POINT(11.56 52.24)"], "http://www.w3.org/1999/02/22-rdf-syntax-ns#type": ["http://www.opengis.net/ont/sf#Point"]}, "geometry": {"type": "Point", "coordinates": [11.56, 52.24]}}, {"type": "Feature", "id": "http://w3id.org/bb5kbc/site_562_geom", "name": "", "dateprops": [], "properties": {"http://fuzzy-sl.squirrel.link/ontology/hasPointType": ["https://fuzzy-sl.wikibase.cloud/entity/Q126"], "http://rdfs.org/ns/void#inDataset": ["http://w3id.org/bb5kbc/Brandenburg_5000_BC_Data"], "http://www.opengis.net/ont/geosparql#asWKT": ["POINT(14.46 53.44)"], "http://www.w3.org/1999/02/22-rdf-syntax-ns#type": ["http://www.opengis.net/ont/sf#Point"]}, "geometry": {"type": "Point", "coordinates": [14.46, 53.44]}}, {"type": "Feature", "id": "http://w3id.org/bb5kbc/site_136_geom", "name": "", "dateprops": [], "properties": {"http://fuzzy-sl.squirrel.link/ontology/hasPointType": ["https://fuzzy-sl.wikibase.cloud/entity/Q126"], "http://rdfs.org/ns/void#inDataset": ["http://w3id.org/bb5kbc/Brandenburg_5000_BC_Data"], "http://www.opengis.net/ont/geosparql#asWKT": ["POINT(16.11 51.65)"], "http://www.w3.org/1999/02/22-rdf-syntax-ns#type": ["http://www.opengis.net/ont/sf#Point"]}, "geometry": {"type": "Point", "coordinates": [16.11, 51.65]}}, {"type": "Feature", "id": "http://w3id.org/bb5kbc/site_10_geom", "name": "", "dateprops": [], "properties": {"http://fuzzy-sl.squirrel.link/ontology/hasPointType": ["https://fuzzy-sl.wikibase.cloud/entity/Q126"], "http://rdfs.org/ns/void#inDataset": ["http://w3id.org/bb5kbc/Brandenburg_5000_BC_Data"], "http://www.opengis.net/ont/geosparql#asWKT": ["POINT(11.41 50.93)"], "http://www.w3.org/1999/02/22-rdf-syntax-ns#type": ["http://www.opengis.net/ont/sf#Point"]}, "geometry": {"type": "Point", "coordinates": [11.41, 50.93]}}, {"type": "Feature", "id": "http://w3id.org/bb5kbc/site_194_geom", "name": "", "dateprops": [], "properties": {"http://fuzzy-sl.squirrel.link/ontology/hasPointType": ["https://fuzzy-sl.wikibase.cloud/entity/Q126"], "http://rdfs.org/ns/void#inDataset": ["http://w3id.org/bb5kbc/Brandenburg_5000_BC_Data"], "http://www.opengis.net/ont/geosparql#asWKT": ["POINT(18.8 52.63)"], "http://www.w3.org/1999/02/22-rdf-syntax-ns#type": ["http://www.opengis.net/ont/sf#Point"]}, "geometry": {"type": "Point", "coordinates": [18.8, 52.63]}}, {"type": "Feature", "id": "http://w3id.org/bb5kbc/site_510_geom", "name": "", "dateprops": [], "properties": {"http://fuzzy-sl.squirrel.link/ontology/hasPointType": ["https://fuzzy-sl.wikibase.cloud/entity/Q126"], "http://rdfs.org/ns/void#inDataset": ["http://w3id.org/bb5kbc/Brandenburg_5000_BC_Data"], "http://www.opengis.net/ont/geosparql#asWKT": ["POINT(12.52 52.75)"], "http://www.w3.org/1999/02/22-rdf-syntax-ns#type": ["http://www.opengis.net/ont/sf#Point"]}, "geometry": {"type": "Point", "coordinates": [12.52, 52.75]}}, {"type": "Feature", "id": "http://w3id.org/bb5kbc/site_184_geom", "name": "", "dateprops": [], "properties": {"http://fuzzy-sl.squirrel.link/ontology/hasPointType": ["https://fuzzy-sl.wikibase.cloud/entity/Q126"], "http://rdfs.org/ns/void#inDataset": ["http://w3id.org/bb5kbc/Brandenburg_5000_BC_Data"], "http://www.opengis.net/ont/geosparql#asWKT": ["POINT(18.74 52.59)"], "http://www.w3.org/1999/02/22-rdf-syntax-ns#type": ["http://www.opengis.net/ont/sf#Point"]}, "geometry": {"type": "Point", "coordinates": [18.74, 52.59]}}, {"type": "Feature", "id": "http://w3id.org/bb5kbc/site_310_geom", "name": "", "dateprops": [], "properties": {"http://fuzzy-sl.squirrel.link/ontology/hasPointType": ["https://fuzzy-sl.wikibase.cloud/entity/Q126"], "http://rdfs.org/ns/void#inDataset": ["http://w3id.org/bb5kbc/Brandenburg_5000_BC_Data"], "http://www.opengis.net/ont/geosparql#asWKT": ["POINT(13.76 52.22)"], "http://www.w3.org/1999/02/22-rdf-syntax-ns#type": ["http://www.opengis.net/ont/sf#Point"]}, "geometry": {"type": "Point", "coordinates": [13.76, 52.22]}}, {"type": "Feature", "id": "http://w3id.org/bb5kbc/site_387_geom", "name": "", "dateprops": [], "properties": {"http://fuzzy-sl.squirrel.link/ontology/hasPointType": ["https://fuzzy-sl.wikibase.cloud/entity/Q126"], "http://rdfs.org/ns/void#inDataset": ["http://w3id.org/bb5kbc/Brandenburg_5000_BC_Data"], "http://www.opengis.net/ont/geosparql#asWKT": ["POINT(12.86 53.17)"], "http://www.w3.org/1999/02/22-rdf-syntax-ns#type": ["http://www.opengis.net/ont/sf#Point"]}, "geometry": {"type": "Point", "coordinates": [12.86, 53.17]}}, {"type": "Feature", "id": "http://w3id.org/bb5kbc/site_373_geom", "name": "", "dateprops": [], "properties": {"http://fuzzy-sl.squirrel.link/ontology/hasPointType": ["https://fuzzy-sl.wikibase.cloud/entity/Q126"], "http://rdfs.org/ns/void#inDataset": ["http://w3id.org/bb5kbc/Brandenburg_5000_BC_Data"], "http://www.opengis.net/ont/geosparql#asWKT": ["POINT(12.49 52.92)"], "http://www.w3.org/1999/02/22-rdf-syntax-ns#type": ["http://www.opengis.net/ont/sf#Point"]}, "geometry": {"type": "Point", "coordinates": [12.49, 52.92]}}, {"type": "Feature", "id": "http://w3id.org/bb5kbc/site_319_geom", "name": "", "dateprops": [], "properties": {"http://fuzzy-sl.squirrel.link/ontology/hasPointType": ["https://fuzzy-sl.wikibase.cloud/entity/Q126"], "http://rdfs.org/ns/void#inDataset": ["http://w3id.org/bb5kbc/Brandenburg_5000_BC_Data"], "http://www.opengis.net/ont/geosparql#asWKT": ["POINT(13.61 52.29)"], "http://www.w3.org/1999/02/22-rdf-syntax-ns#type": ["http://www.opengis.net/ont/sf#Point"]}, "geometry": {"type": "Point", "coordinates": [13.61, 52.29]}}, {"type": "Feature", "id": "http://w3id.org/bb5kbc/site_185_geom", "name": "", "dateprops": [], "properties": {"http://fuzzy-sl.squirrel.link/ontology/hasPointType": ["https://fuzzy-sl.wikibase.cloud/entity/Q126"], "http://rdfs.org/ns/void#inDataset": ["http://w3id.org/bb5kbc/Brandenburg_5000_BC_Data"], "http://www.opengis.net/ont/geosparql#asWKT": ["POINT(18.77 52.64)"], "http://www.w3.org/1999/02/22-rdf-syntax-ns#type": ["http://www.opengis.net/ont/sf#Point"]}, "geometry": {"type": "Point", "coordinates": [18.77, 52.64]}}, {"type": "Feature", "id": "http://w3id.org/bb5kbc/site_318_geom", "name": "", "dateprops": [], "properties": {"http://fuzzy-sl.squirrel.link/ontology/hasPointType": ["https://fuzzy-sl.wikibase.cloud/entity/Q126"], "http://rdfs.org/ns/void#inDataset": ["http://w3id.org/bb5kbc/Brandenburg_5000_BC_Data"], "http://www.opengis.net/ont/geosparql#asWKT": ["POINT(13.59 52.37)"], "http://www.w3.org/1999/02/22-rdf-syntax-ns#type": ["http://www.opengis.net/ont/sf#Point"]}, "geometry": {"type": "Point", "coordinates": [13.59, 52.37]}}, {"type": "Feature", "id": "http://w3id.org/bb5kbc/site_277_geom", "name": "", "dateprops": [], "properties": {"http://fuzzy-sl.squirrel.link/ontology/hasPointType": ["https://fuzzy-sl.wikibase.cloud/entity/Q126"], "http://rdfs.org/ns/void#inDataset": ["http://w3id.org/bb5kbc/Brandenburg_5000_BC_Data"], "http://www.opengis.net/ont/geosparql#asWKT": ["POINT(12.96 52.58)"], "http://www.w3.org/1999/02/22-rdf-syntax-ns#type": ["http://www.opengis.net/ont/sf#Point"]}, "geometry": {"type": "Point", "coordinates": [12.96, 52.58]}}, {"type": "Feature", "id": "http://w3id.org/bb5kbc/site_66_geom", "name": "", "dateprops": [], "properties": {"http://fuzzy-sl.squirrel.link/ontology/hasPointType": ["https://fuzzy-sl.wikibase.cloud/entity/Q126"], "http://rdfs.org/ns/void#inDataset": ["http://w3id.org/bb5kbc/Brandenburg_5000_BC_Data"], "http://www.opengis.net/ont/geosparql#asWKT": ["POINT(13.97 53.05)"], "http://www.w3.org/1999/02/22-rdf-syntax-ns#type": ["http://www.opengis.net/ont/sf#Point"]}, "geometry": {"type": "Point", "coordinates": [13.97, 53.05]}}, {"type": "Feature", "id": "http://w3id.org/bb5kbc/site_187_geom", "name": "", "dateprops": [], "properties": {"http://fuzzy-sl.squirrel.link/ontology/hasPointType": ["https://fuzzy-sl.wikibase.cloud/entity/Q126"], "http://rdfs.org/ns/void#inDataset": ["http://w3id.org/bb5kbc/Brandenburg_5000_BC_Data"], "http://www.opengis.net/ont/geosparql#asWKT": ["POINT(18.78 52.59)"], "http://www.w3.org/1999/02/22-rdf-syntax-ns#type": ["http://www.opengis.net/ont/sf#Point"]}, "geometry": {"type": "Point", "coordinates": [18.78, 52.59]}}, {"type": "Feature", "id": "http://w3id.org/bb5kbc/site_367_geom", "name": "", "dateprops": [], "properties": {"http://fuzzy-sl.squirrel.link/ontology/hasPointType": ["https://fuzzy-sl.wikibase.cloud/entity/Q126"], "http://rdfs.org/ns/void#inDataset": ["http://w3id.org/bb5kbc/Brandenburg_5000_BC_Data"], "http://www.opengis.net/ont/geosparql#asWKT": ["POINT(13.97 51.87)"], "http://www.w3.org/1999/02/22-rdf-syntax-ns#type": ["http://www.opengis.net/ont/sf#Point"]}, "geometry": {"type": "Point", "coordinates": [13.97, 51.87]}}, {"type": "Feature", "id": "http://w3id.org/bb5kbc/site_100_geom", "name": "", "dateprops": [], "properties": {"http://fuzzy-sl.squirrel.link/ontology/hasPointType": ["https://fuzzy-sl.wikibase.cloud/entity/Q126"], "http://rdfs.org/ns/void#inDataset": ["http://w3id.org/bb5kbc/Brandenburg_5000_BC_Data"], "http://www.opengis.net/ont/geosparql#asWKT": ["POINT(14.79 51.88)"], "http://www.w3.org/1999/02/22-rdf-syntax-ns#type": ["http://www.opengis.net/ont/sf#Point"]}, "geometry": {"type": "Point", "coordinates": [14.79, 51.88]}}, {"type": "Feature", "id": "http://w3id.org/bb5kbc/site_13_geom", "name": "", "dateprops": [], "properties": {"http://fuzzy-sl.squirrel.link/ontology/hasPointType": ["https://fuzzy-sl.wikibase.cloud/entity/Q126"], "http://rdfs.org/ns/void#inDataset": ["http://w3id.org/bb5kbc/Brandenburg_5000_BC_Data"], "http://www.opengis.net/ont/geosparql#asWKT": ["POINT(11.54 51.88)"], "http://www.w3.org/1999/02/22-rdf-syntax-ns#type": ["http://www.opengis.net/ont/sf#Point"]}, "geometry": {"type": "Point", "coordinates": [11.54, 51.88]}}, {"type": "Feature", "id": "http://w3id.org/bb5kbc/site_359_geom", "name": "", "dateprops": [], "properties": {"http://fuzzy-sl.squirrel.link/ontology/hasPointType": ["https://fuzzy-sl.wikibase.cloud/entity/Q126"], "http://rdfs.org/ns/void#inDataset": ["http://w3id.org/bb5kbc/Brandenburg_5000_BC_Data"], "http://www.opengis.net/ont/geosparql#asWKT": ["POINT(13.27 52.69)"], "http://www.w3.org/1999/02/22-rdf-syntax-ns#type": ["http://www.opengis.net/ont/sf#Point"]}, "geometry": {"type": "Point", "coordinates": [13.27, 52.69]}}, {"type": "Feature", "id": "http://w3id.org/bb5kbc/site_489_geom", "name": "", "dateprops": [], "properties": {"http://fuzzy-sl.squirrel.link/ontology/hasPointType": ["https://fuzzy-sl.wikibase.cloud/entity/Q126"], "http://rdfs.org/ns/void#inDataset": ["http://w3id.org/bb5kbc/Brandenburg_5000_BC_Data"], "http://www.opengis.net/ont/geosparql#asWKT": ["POINT(13.54 53.09)"], "http://www.w3.org/1999/02/22-rdf-syntax-ns#type": ["http://www.opengis.net/ont/sf#Point"]}, "geometry": {"type": "Point", "coordinates": [13.54, 53.09]}}, {"type": "Feature", "id": "http://w3id.org/bb5kbc/site_171_geom", "name": "", "dateprops": [], "properties": {"http://fuzzy-sl.squirrel.link/ontology/hasPointType": ["https://fuzzy-sl.wikibase.cloud/entity/Q126"], "http://rdfs.org/ns/void#inDataset": ["http://w3id.org/bb5kbc/Brandenburg_5000_BC_Data"], "http://www.opengis.net/ont/geosparql#asWKT": ["POINT(17.84 50.3)"], "http://www.w3.org/1999/02/22-rdf-syntax-ns#type": ["http://www.opengis.net/ont/sf#Point"]}, "geometry": {"type": "Point", "coordinates": [17.84, 50.3]}}, {"type": "Feature", "id": "http://w3id.org/bb5kbc/site_58_geom", "name": "", "dateprops": [], "properties": {"http://fuzzy-sl.squirrel.link/ontology/hasPointType": ["https://fuzzy-sl.wikibase.cloud/entity/Q126"], "http://rdfs.org/ns/void#inDataset": ["http://w3id.org/bb5kbc/Brandenburg_5000_BC_Data"], "http://www.opengis.net/ont/geosparql#asWKT": ["POINT(13.91 52.1)"], "http://www.w3.org/1999/02/22-rdf-syntax-ns#type": ["http://www.opengis.net/ont/sf#Point"]}, "geometry": {"type": "Point", "coordinates": [13.91, 52.1]}}, {"type": "Feature", "id": "http://w3id.org/bb5kbc/site_425_geom", "name": "", "dateprops": [], "properties": {"http://fuzzy-sl.squirrel.link/ontology/hasPointType": ["https://fuzzy-sl.wikibase.cloud/entity/Q126"], "http://rdfs.org/ns/void#inDataset": ["http://w3id.org/bb5kbc/Brandenburg_5000_BC_Data"], "http://www.opengis.net/ont/geosparql#asWKT": ["POINT(12.92 52.42)"], "http://www.w3.org/1999/02/22-rdf-syntax-ns#type": ["http://www.opengis.net/ont/sf#Point"]}, "geometry": {"type": "Point", "coordinates": [12.92, 52.42]}}, {"type": "Feature", "id": "http://w3id.org/bb5kbc/site_461_geom", "name": "", "dateprops": [], "properties": {"http://fuzzy-sl.squirrel.link/ontology/hasPointType": ["https://fuzzy-sl.wikibase.cloud/entity/Q126"], "http://rdfs.org/ns/void#inDataset": ["http://w3id.org/bb5kbc/Brandenburg_5000_BC_Data"], "http://www.opengis.net/ont/geosparql#asWKT": ["POINT(13.14 52.24)"], "http://www.w3.org/1999/02/22-rdf-syntax-ns#type": ["http://www.opengis.net/ont/sf#Point"]}, "geometry": {"type": "Point", "coordinates": [13.14, 52.24]}}, {"type": "Feature", "id": "http://w3id.org/bb5kbc/site_488_geom", "name": "", "dateprops": [], "properties": {"http://fuzzy-sl.squirrel.link/ontology/hasPointType": ["https://fuzzy-sl.wikibase.cloud/entity/Q126"], "http://rdfs.org/ns/void#inDataset": ["http://w3id.org/bb5kbc/Brandenburg_5000_BC_Data"], "http://www.opengis.net/ont/geosparql#asWKT": ["POINT(13.62 53.07)"], "http://www.w3.org/1999/02/22-rdf-syntax-ns#type": ["http://www.opengis.net/ont/sf#Point"]}, "geometry": {"type": "Point", "coordinates": [13.62, 53.07]}}, {"type": "Feature", "id": "http://w3id.org/bb5kbc/site_498_geom", "name": "", "dateprops": [], "properties": {"http://fuzzy-sl.squirrel.link/ontology/hasPointType": ["https://fuzzy-sl.wikibase.cloud/entity/Q126"], "http://rdfs.org/ns/void#inDataset": ["http://w3id.org/bb5kbc/Brandenburg_5000_BC_Data"], "http://www.opengis.net/ont/geosparql#asWKT": ["POINT(14.12 53.36)"], "http://www.w3.org/1999/02/22-rdf-syntax-ns#type": ["http://www.opengis.net/ont/sf#Point"]}, "geometry": {"type": "Point", "coordinates": [14.12, 53.36]}}, {"type": "Feature", "id": "http://w3id.org/bb5kbc/site_175_geom", "name": "", "dateprops": [], "properties": {"http://fuzzy-sl.squirrel.link/ontology/hasPointType": ["https://fuzzy-sl.wikibase.cloud/entity/Q126"], "http://rdfs.org/ns/void#inDataset": ["http://w3id.org/bb5kbc/Brandenburg_5000_BC_Data"], "http://www.opengis.net/ont/geosparql#asWKT": ["POINT(18.61 53.19)"], "http://www.w3.org/1999/02/22-rdf-syntax-ns#type": ["http://www.opengis.net/ont/sf#Point"]}, "geometry": {"type": "Point", "coordinates": [18.61, 53.19]}}, {"type": "Feature", "id": "http://w3id.org/bb5kbc/site_429_geom", "name": "", "dateprops": [], "properties": {"http://fuzzy-sl.squirrel.link/ontology/hasPointType": ["https://fuzzy-sl.wikibase.cloud/entity/Q126"], "http://rdfs.org/ns/void#inDataset": ["http://w3id.org/bb5kbc/Brandenburg_5000_BC_Data"], "http://www.opengis.net/ont/geosparql#asWKT": ["POINT(11.89 53.21)"], "http://www.w3.org/1999/02/22-rdf-syntax-ns#type": ["http://www.opengis.net/ont/sf#Point"]}, "geometry": {"type": "Point", "coordinates": [11.89, 53.21]}}, {"type": "Feature", "id": "http://w3id.org/bb5kbc/site_428_geom", "name": "", "dateprops": [], "properties": {"http://fuzzy-sl.squirrel.link/ontology/hasPointType": ["https://fuzzy-sl.wikibase.cloud/entity/Q126"], "http://rdfs.org/ns/void#inDataset": ["http://w3id.org/bb5kbc/Brandenburg_5000_BC_Data"], "http://www.opengis.net/ont/geosparql#asWKT": ["POINT(11.85 53.23)"], "http://www.w3.org/1999/02/22-rdf-syntax-ns#type": ["http://www.opengis.net/ont/sf#Point"]}, "geometry": {"type": "Point", "coordinates": [11.85, 53.23]}}, {"type": "Feature", "id": "http://w3id.org/bb5kbc/site_580_geom", "name": "", "dateprops": [], "properties": {"http://fuzzy-sl.squirrel.link/ontology/hasPointType": ["https://fuzzy-sl.wikibase.cloud/entity/Q126"], "http://rdfs.org/ns/void#inDataset": ["http://w3id.org/bb5kbc/Brandenburg_5000_BC_Data"], "http://www.opengis.net/ont/geosparql#asWKT": ["POINT(13.07 52.4)"], "http://www.w3.org/1999/02/22-rdf-syntax-ns#type": ["http://www.opengis.net/ont/sf#Point"]}, "geometry": {"type": "Point", "coordinates": [13.07, 52.4]}}, {"type": "Feature", "id": "http://w3id.org/bb5kbc/site_286_geom", "name": "", "dateprops": [], "properties": {"http://fuzzy-sl.squirrel.link/ontology/hasPointType": ["https://fuzzy-sl.wikibase.cloud/entity/Q126"], "http://rdfs.org/ns/void#inDataset": ["http://w3id.org/bb5kbc/Brandenburg_5000_BC_Data"], "http://www.opengis.net/ont/geosparql#asWKT": ["POINT(12.91 52.74)"], "http://www.w3.org/1999/02/22-rdf-syntax-ns#type": ["http://www.opengis.net/ont/sf#Point"]}, "geometry": {"type": "Point", "coordinates": [12.91, 52.74]}}, {"type": "Feature", "id": "http://w3id.org/bb5kbc/site_426_geom", "name": "", "dateprops": [], "properties": {"http://fuzzy-sl.squirrel.link/ontology/hasPointType": ["https://fuzzy-sl.wikibase.cloud/entity/Q126"], "http://rdfs.org/ns/void#inDataset": ["http://w3id.org/bb5kbc/Brandenburg_5000_BC_Data"], "http://www.opengis.net/ont/geosparql#asWKT": ["POINT(13.21 52.4)"], "http://www.w3.org/1999/02/22-rdf-syntax-ns#type": ["http://www.opengis.net/ont/sf#Point"]}, "geometry": {"type": "Point", "coordinates": [13.21, 52.4]}}, {"type": "Feature", "id": "http://w3id.org/bb5kbc/site_197_geom", "name": "", "dateprops": [], "properties": {"http://fuzzy-sl.squirrel.link/ontology/hasPointType": ["https://fuzzy-sl.wikibase.cloud/entity/Q126"], "http://rdfs.org/ns/void#inDataset": ["http://w3id.org/bb5kbc/Brandenburg_5000_BC_Data"], "http://www.opengis.net/ont/geosparql#asWKT": ["POINT(18.81 52.62)"], "http://www.w3.org/1999/02/22-rdf-syntax-ns#type": ["http://www.opengis.net/ont/sf#Point"]}, "geometry": {"type": "Point", "coordinates": [18.81, 52.62]}}, {"type": "Feature", "id": "http://w3id.org/bb5kbc/site_261_geom", "name": "", "dateprops": [], "properties": {"http://fuzzy-sl.squirrel.link/ontology/hasPointType": ["https://fuzzy-sl.wikibase.cloud/entity/Q126"], "http://rdfs.org/ns/void#inDataset": ["http://w3id.org/bb5kbc/Brandenburg_5000_BC_Data"], "http://www.opengis.net/ont/geosparql#asWKT": ["POINT(12.43 52.38)"], "http://www.w3.org/1999/02/22-rdf-syntax-ns#type": ["http://www.opengis.net/ont/sf#Point"]}, "geometry": {"type": "Point", "coordinates": [12.43, 52.38]}}, {"type": "Feature", "id": "http://w3id.org/bb5kbc/site_453_geom", "name": "", "dateprops": [], "properties": {"http://fuzzy-sl.squirrel.link/ontology/hasPointType": ["https://fuzzy-sl.wikibase.cloud/entity/Q126"], "http://rdfs.org/ns/void#inDataset": ["http://w3id.org/bb5kbc/Brandenburg_5000_BC_Data"], "http://www.opengis.net/ont/geosparql#asWKT": ["POINT(13.39 52.14)"], "http://www.w3.org/1999/02/22-rdf-syntax-ns#type": ["http://www.opengis.net/ont/sf#Point"]}, "geometry": {"type": "Point", "coordinates": [13.39, 52.14]}}, {"type": "Feature", "id": "http://w3id.org/bb5kbc/site_344_geom", "name": "", "dateprops": [], "properties": {"http://fuzzy-sl.squirrel.link/ontology/hasPointType": ["https://fuzzy-sl.wikibase.cloud/entity/Q126"], "http://rdfs.org/ns/void#inDataset": ["http://w3id.org/bb5kbc/Brandenburg_5000_BC_Data"], "http://www.opengis.net/ont/geosparql#asWKT": ["POINT(12.24 52.74)"], "http://www.w3.org/1999/02/22-rdf-syntax-ns#type": ["http://www.opengis.net/ont/sf#Point"]}, "geometry": {"type": "Point", "coordinates": [12.24, 52.74]}}, {"type": "Feature", "id": "http://w3id.org/bb5kbc/site_392_geom", "name": "", "dateprops": [], "properties": {"http://fuzzy-sl.squirrel.link/ontology/hasPointType": ["https://fuzzy-sl.wikibase.cloud/entity/Q126"], "http://rdfs.org/ns/void#inDataset": ["http://w3id.org/bb5kbc/Brandenburg_5000_BC_Data"], "http://www.opengis.net/ont/geosparql#asWKT": ["POINT(12.81 53.02)"], "http://www.w3.org/1999/02/22-rdf-syntax-ns#type": ["http://www.opengis.net/ont/sf#Point"]}, "geometry": {"type": "Point", "coordinates": [12.81, 53.02]}}, {"type": "Feature", "id": "http://w3id.org/bb5kbc/site_75_geom", "name": "", "dateprops": [], "properties": {"http://fuzzy-sl.squirrel.link/ontology/hasPointType": ["https://fuzzy-sl.wikibase.cloud/entity/Q126"], "http://rdfs.org/ns/void#inDataset": ["http://w3id.org/bb5kbc/Brandenburg_5000_BC_Data"], "http://www.opengis.net/ont/geosparql#asWKT": ["POINT(14.19 53.06)"], "http://www.w3.org/1999/02/22-rdf-syntax-ns#type": ["http://www.opengis.net/ont/sf#Point"]}, "geometry": {"type": "Point", "coordinates": [14.19, 53.06]}}, {"type": "Feature", "id": "http://w3id.org/bb5kbc/site_525_geom", "name": "", "dateprops": [], "properties": {"http://fuzzy-sl.squirrel.link/ontology/hasPointType": ["https://fuzzy-sl.wikibase.cloud/entity/Q126"], "http://rdfs.org/ns/void#inDataset": ["http://w3id.org/bb5kbc/Brandenburg_5000_BC_Data"], "http://www.opengis.net/ont/geosparql#asWKT": ["POINT(18.23 52.74)"], "http://www.w3.org/1999/02/22-rdf-syntax-ns#type": ["http://www.opengis.net/ont/sf#Point"]}, "geometry": {"type": "Point", "coordinates": [18.23, 52.74]}}, {"type": "Feature", "id": "http://w3id.org/bb5kbc/site_56_geom", "name": "", "dateprops": [], "properties": {"http://fuzzy-sl.squirrel.link/ontology/hasPointType": ["https://fuzzy-sl.wikibase.cloud/entity/Q126"], "http://rdfs.org/ns/void#inDataset": ["http://w3id.org/bb5kbc/Brandenburg_5000_BC_Data"], "http://www.opengis.net/ont/geosparql#asWKT": ["POINT(13.88 52.1)"], "http://www.w3.org/1999/02/22-rdf-syntax-ns#type": ["http://www.opengis.net/ont/sf#Point"]}, "geometry": {"type": "Point", "coordinates": [13.88, 52.1]}}, {"type": "Feature", "id": "http://w3id.org/bb5kbc/site_225_geom", "name": "", "dateprops": [], "properties": {"http://fuzzy-sl.squirrel.link/ontology/hasPointType": ["https://fuzzy-sl.wikibase.cloud/entity/Q126"], "http://rdfs.org/ns/void#inDataset": ["http://w3id.org/bb5kbc/Brandenburg_5000_BC_Data"], "http://www.opengis.net/ont/geosparql#asWKT": ["POINT(18.98 52.6)"], "http://www.w3.org/1999/02/22-rdf-syntax-ns#type": ["http://www.opengis.net/ont/sf#Point"]}, "geometry": {"type": "Point", "coordinates": [18.98, 52.6]}}, {"type": "Feature", "id": "http://w3id.org/bb5kbc/site_94_geom", "name": "", "dateprops": [], "properties": {"http://fuzzy-sl.squirrel.link/ontology/hasPointType": ["https://fuzzy-sl.wikibase.cloud/entity/Q126"], "http://rdfs.org/ns/void#inDataset": ["http://w3id.org/bb5kbc/Brandenburg_5000_BC_Data"], "http://www.opengis.net/ont/geosparql#asWKT": ["POINT(14.74 51.86)"], "http://www.w3.org/1999/02/22-rdf-syntax-ns#type": ["http://www.opengis.net/ont/sf#Point"]}, "geometry": {"type": "Point", "coordinates": [14.74, 51.86]}}, {"type": "Feature", "id": "http://w3id.org/bb5kbc/site_483_geom", "name": "", "dateprops": [], "properties": {"http://fuzzy-sl.squirrel.link/ontology/hasPointType": ["https://fuzzy-sl.wikibase.cloud/entity/Q126"], "http://rdfs.org/ns/void#inDataset": ["http://w3id.org/bb5kbc/Brandenburg_5000_BC_Data"], "http://www.opengis.net/ont/geosparql#asWKT": ["POINT(13.62 53.39)"], "http://www.w3.org/1999/02/22-rdf-syntax-ns#type": ["http://www.opengis.net/ont/sf#Point"]}, "geometry": {"type": "Point", "coordinates": [13.62, 53.39]}}, {"type": "Feature", "id": "http://w3id.org/bb5kbc/site_201_geom", "name": "", "dateprops": [], "properties": {"http://fuzzy-sl.squirrel.link/ontology/hasPointType": ["https://fuzzy-sl.wikibase.cloud/entity/Q126"], "http://rdfs.org/ns/void#inDataset": ["http://w3id.org/bb5kbc/Brandenburg_5000_BC_Data"], "http://www.opengis.net/ont/geosparql#asWKT": ["POINT(18.82 52.62)"], "http://www.w3.org/1999/02/22-rdf-syntax-ns#type": ["http://www.opengis.net/ont/sf#Point"]}, "geometry": {"type": "Point", "coordinates": [18.82, 52.62]}}, {"type": "Feature", "id": "http://w3id.org/bb5kbc/site_98_geom", "name": "", "dateprops": [], "properties": {"http://fuzzy-sl.squirrel.link/ontology/hasPointType": ["https://fuzzy-sl.wikibase.cloud/entity/Q126"], "http://rdfs.org/ns/void#inDataset": ["http://w3id.org/bb5kbc/Brandenburg_5000_BC_Data"], "http://www.opengis.net/ont/geosparql#asWKT": ["POINT(14.77 51.85)"], "http://www.w3.org/1999/02/22-rdf-syntax-ns#type": ["http://www.opengis.net/ont/sf#Point"]}, "geometry": {"type": "Point", "coordinates": [14.77, 51.85]}}, {"type": "Feature", "id": "http://w3id.org/bb5kbc/site_202_geom", "name": "", "dateprops": [], "properties": {"http://fuzzy-sl.squirrel.link/ontology/hasPointType": ["https://fuzzy-sl.wikibase.cloud/entity/Q126"], "http://rdfs.org/ns/void#inDataset": ["http://w3id.org/bb5kbc/Brandenburg_5000_BC_Data"], "http://www.opengis.net/ont/geosparql#asWKT": ["POINT(18.82 52.63)"], "http://www.w3.org/1999/02/22-rdf-syntax-ns#type": ["http://www.opengis.net/ont/sf#Point"]}, "geometry": {"type": "Point", "coordinates": [18.82, 52.63]}}, {"type": "Feature", "id": "http://w3id.org/bb5kbc/site_11_geom", "name": "", "dateprops": [], "properties": {"http://fuzzy-sl.squirrel.link/ontology/hasPointType": ["https://fuzzy-sl.wikibase.cloud/entity/Q126"], "http://rdfs.org/ns/void#inDataset": ["http://w3id.org/bb5kbc/Brandenburg_5000_BC_Data"], "http://www.opengis.net/ont/geosparql#asWKT": ["POINT(11.42 51.02)"], "http://www.w3.org/1999/02/22-rdf-syntax-ns#type": ["http://www.opengis.net/ont/sf#Point"]}, "geometry": {"type": "Point", "coordinates": [11.42, 51.02]}}, {"type": "Feature", "id": "http://w3id.org/bb5kbc/site_96_geom", "name": "", "dateprops": [], "properties": {"http://fuzzy-sl.squirrel.link/ontology/hasPointType": ["https://fuzzy-sl.wikibase.cloud/entity/Q126"], "http://rdfs.org/ns/void#inDataset": ["http://w3id.org/bb5kbc/Brandenburg_5000_BC_Data"], "http://www.opengis.net/ont/geosparql#asWKT": ["POINT(14.73 53.14)"], "http://www.w3.org/1999/02/22-rdf-syntax-ns#type": ["http://www.opengis.net/ont/sf#Point"]}, "geometry": {"type": "Point", "coordinates": [14.73, 53.14]}}, {"type": "Feature", "id": "http://w3id.org/bb5kbc/site_267_geom", "name": "", "dateprops": [], "properties": {"http://fuzzy-sl.squirrel.link/ontology/hasPointType": ["https://fuzzy-sl.wikibase.cloud/entity/Q126"], "http://rdfs.org/ns/void#inDataset": ["http://w3id.org/bb5kbc/Brandenburg_5000_BC_Data"], "http://www.opengis.net/ont/geosparql#asWKT": ["POINT(13.87 53.3)"], "http://www.w3.org/1999/02/22-rdf-syntax-ns#type": ["http://www.opengis.net/ont/sf#Point"]}, "geometry": {"type": "Point", "coordinates": [13.87, 53.3]}}, {"type": "Feature", "id": "http://w3id.org/bb5kbc/site_378_geom", "name": "", "dateprops": [], "properties": {"http://fuzzy-sl.squirrel.link/ontology/hasPointType": ["https://fuzzy-sl.wikibase.cloud/entity/Q126"], "http://rdfs.org/ns/void#inDataset": ["http://w3id.org/bb5kbc/Brandenburg_5000_BC_Data"], "http://www.opengis.net/ont/geosparql#asWKT": ["POINT(12.29 52.83)"], "http://www.w3.org/1999/02/22-rdf-syntax-ns#type": ["http://www.opengis.net/ont/sf#Point"]}, "geometry": {"type": "Point", "coordinates": [12.29, 52.83]}}, {"type": "Feature", "id": "http://w3id.org/bb5kbc/site_240_geom", "name": "", "dateprops": [], "properties": {"http://fuzzy-sl.squirrel.link/ontology/hasPointType": ["https://fuzzy-sl.wikibase.cloud/entity/Q126"], "http://rdfs.org/ns/void#inDataset": ["http://w3id.org/bb5kbc/Brandenburg_5000_BC_Data"], "http://www.opengis.net/ont/geosparql#asWKT": ["POINT(12.54 52.75)"], "http://www.w3.org/1999/02/22-rdf-syntax-ns#type": ["http://www.opengis.net/ont/sf#Point"]}, "geometry": {"type": "Point", "coordinates": [12.54, 52.75]}}, {"type": "Feature", "id": "http://w3id.org/bb5kbc/site_467_geom", "name": "", "dateprops": [], "properties": {"http://fuzzy-sl.squirrel.link/ontology/hasPointType": ["https://fuzzy-sl.wikibase.cloud/entity/Q126"], "http://rdfs.org/ns/void#inDataset": ["http://w3id.org/bb5kbc/Brandenburg_5000_BC_Data"], "http://www.opengis.net/ont/geosparql#asWKT": ["POINT(14.12 53.04)"], "http://www.w3.org/1999/02/22-rdf-syntax-ns#type": ["http://www.opengis.net/ont/sf#Point"]}, "geometry": {"type": "Point", "coordinates": [14.12, 53.04]}}, {"type": "Feature", "id": "http://w3id.org/bb5kbc/site_173_geom", "name": "", "dateprops": [], "properties": {"http://fuzzy-sl.squirrel.link/ontology/hasPointType": ["https://fuzzy-sl.wikibase.cloud/entity/Q126"], "http://rdfs.org/ns/void#inDataset": ["http://w3id.org/bb5kbc/Brandenburg_5000_BC_Data"], "http://www.opengis.net/ont/geosparql#asWKT": ["POINT(18.17 50.08)"], "http://www.w3.org/1999/02/22-rdf-syntax-ns#type": ["http://www.opengis.net/ont/sf#Point"]}, "geometry": {"type": "Point", "coordinates": [18.17, 50.08]}}, {"type": "Feature", "id": "http://w3id.org/bb5kbc/site_190_geom", "name": "", "dateprops": [], "properties": {"http://fuzzy-sl.squirrel.link/ontology/hasPointType": ["https://fuzzy-sl.wikibase.cloud/entity/Q126"], "http://rdfs.org/ns/void#inDataset": ["http://w3id.org/bb5kbc/Brandenburg_5000_BC_Data"], "http://www.opengis.net/ont/geosparql#asWKT": ["POINT(18.79 52.64)"], "http://www.w3.org/1999/02/22-rdf-syntax-ns#type": ["http://www.opengis.net/ont/sf#Point"]}, "geometry": {"type": "Point", "coordinates": [18.79, 52.64]}}, {"type": "Feature", "id": "http://w3id.org/bb5kbc/site_540_geom", "name": "", "dateprops": [], "properties": {"http://fuzzy-sl.squirrel.link/ontology/hasPointType": ["https://fuzzy-sl.wikibase.cloud/entity/Q126"], "http://rdfs.org/ns/void#inDataset": ["http://w3id.org/bb5kbc/Brandenburg_5000_BC_Data"], "http://www.opengis.net/ont/geosparql#asWKT": ["POINT(17.9 52.7)"], "http://www.w3.org/1999/02/22-rdf-syntax-ns#type": ["http://www.opengis.net/ont/sf#Point"]}, "geometry": {"type": "Point", "coordinates": [17.9, 52.7]}}, {"type": "Feature", "id": "http://w3id.org/bb5kbc/site_371_geom", "name": "", "dateprops": [], "properties": {"http://fuzzy-sl.squirrel.link/ontology/hasPointType": ["https://fuzzy-sl.wikibase.cloud/entity/Q126"], "http://rdfs.org/ns/void#inDataset": ["http://w3id.org/bb5kbc/Brandenburg_5000_BC_Data"], "http://www.opengis.net/ont/geosparql#asWKT": ["POINT(14.14 52.45)"], "http://www.w3.org/1999/02/22-rdf-syntax-ns#type": ["http://www.opengis.net/ont/sf#Point"]}, "geometry": {"type": "Point", "coordinates": [14.14, 52.45]}}, {"type": "Feature", "id": "http://w3id.org/bb5kbc/site_214_geom", "name": "", "dateprops": [], "properties": {"http://fuzzy-sl.squirrel.link/ontology/hasPointType": ["https://fuzzy-sl.wikibase.cloud/entity/Q126"], "http://rdfs.org/ns/void#inDataset": ["http://w3id.org/bb5kbc/Brandenburg_5000_BC_Data"], "http://www.opengis.net/ont/geosparql#asWKT": ["POINT(18.92 52.61)"], "http://www.w3.org/1999/02/22-rdf-syntax-ns#type": ["http://www.opengis.net/ont/sf#Point"]}, "geometry": {"type": "Point", "coordinates": [18.92, 52.61]}}, {"type": "Feature", "id": "http://w3id.org/bb5kbc/site_356_geom", "name": "", "dateprops": [], "properties": {"http://fuzzy-sl.squirrel.link/ontology/hasPointType": ["https://fuzzy-sl.wikibase.cloud/entity/Q126"], "http://rdfs.org/ns/void#inDataset": ["http://w3id.org/bb5kbc/Brandenburg_5000_BC_Data"], "http://www.opengis.net/ont/geosparql#asWKT": ["POINT(13.17 52.86)"], "http://www.w3.org/1999/02/22-rdf-syntax-ns#type": ["http://www.opengis.net/ont/sf#Point"]}, "geometry": {"type": "Point", "coordinates": [13.17, 52.86]}}, {"type": "Feature", "id": "http://w3id.org/bb5kbc/site_481_geom", "name": "", "dateprops": [], "properties": {"http://fuzzy-sl.squirrel.link/ontology/hasPointType": ["https://fuzzy-sl.wikibase.cloud/entity/Q126"], "http://rdfs.org/ns/void#inDataset": ["http://w3id.org/bb5kbc/Brandenburg_5000_BC_Data"], "http://www.opengis.net/ont/geosparql#asWKT": ["POINT(13.71 53.29)"], "http://www.w3.org/1999/02/22-rdf-syntax-ns#type": ["http://www.opengis.net/ont/sf#Point"]}, "geometry": {"type": "Point", "coordinates": [13.71, 53.29]}}, {"type": "Feature", "id": "http://w3id.org/bb5kbc/site_48_geom", "name": "", "dateprops": [], "properties": {"http://fuzzy-sl.squirrel.link/ontology/hasPointType": ["https://fuzzy-sl.wikibase.cloud/entity/Q126"], "http://rdfs.org/ns/void#inDataset": ["http://w3id.org/bb5kbc/Brandenburg_5000_BC_Data"], "http://www.opengis.net/ont/geosparql#asWKT": ["POINT(13.46 52.33)"], "http://www.w3.org/1999/02/22-rdf-syntax-ns#type": ["http://www.opengis.net/ont/sf#Point"]}, "geometry": {"type": "Point", "coordinates": [13.46, 52.33]}}, {"type": "Feature", "id": "http://w3id.org/bb5kbc/site_6_geom", "name": "", "dateprops": [], "properties": {"http://fuzzy-sl.squirrel.link/ontology/hasPointType": ["https://fuzzy-sl.wikibase.cloud/entity/Q126"], "http://rdfs.org/ns/void#inDataset": ["http://w3id.org/bb5kbc/Brandenburg_5000_BC_Data"], "http://www.opengis.net/ont/geosparql#asWKT": ["POINT(11.11 51.81)"], "http://www.w3.org/1999/02/22-rdf-syntax-ns#type": ["http://www.opengis.net/ont/sf#Point"]}, "geometry": {"type": "Point", "coordinates": [11.11, 51.81]}}, {"type": "Feature", "id": "http://w3id.org/bb5kbc/site_380_geom", "name": "", "dateprops": [], "properties": {"http://fuzzy-sl.squirrel.link/ontology/hasPointType": ["https://fuzzy-sl.wikibase.cloud/entity/Q126"], "http://rdfs.org/ns/void#inDataset": ["http://w3id.org/bb5kbc/Brandenburg_5000_BC_Data"], "http://www.opengis.net/ont/geosparql#asWKT": ["POINT(12.48 52.91)"], "http://www.w3.org/1999/02/22-rdf-syntax-ns#type": ["http://www.opengis.net/ont/sf#Point"]}, "geometry": {"type": "Point", "coordinates": [12.48, 52.91]}}, {"type": "Feature", "id": "http://w3id.org/bb5kbc/site_334_geom", "name": "", "dateprops": [], "properties": {"http://fuzzy-sl.squirrel.link/ontology/hasPointType": ["https://fuzzy-sl.wikibase.cloud/entity/Q126"], "http://rdfs.org/ns/void#inDataset": ["http://w3id.org/bb5kbc/Brandenburg_5000_BC_Data"], "http://www.opengis.net/ont/geosparql#asWKT": ["POINT(13.1 52.6)"], "http://www.w3.org/1999/02/22-rdf-syntax-ns#type": ["http://www.opengis.net/ont/sf#Point"]}, "geometry": {"type": "Point", "coordinates": [13.1, 52.6]}}, {"type": "Feature", "id": "http://w3id.org/bb5kbc/site_499_geom", "name": "", "dateprops": [], "properties": {"http://fuzzy-sl.squirrel.link/ontology/hasPointType": ["https://fuzzy-sl.wikibase.cloud/entity/Q126"], "http://rdfs.org/ns/void#inDataset": ["http://w3id.org/bb5kbc/Brandenburg_5000_BC_Data"], "http://www.opengis.net/ont/geosparql#asWKT": ["POINT(13.82 53.3)"], "http://www.w3.org/1999/02/22-rdf-syntax-ns#type": ["http://www.opengis.net/ont/sf#Point"]}, "geometry": {"type": "Point", "coordinates": [13.82, 53.3]}}, {"type": "Feature", "id": "http://w3id.org/bb5kbc/site_212_geom", "name": "", "dateprops": [], "properties": {"http://fuzzy-sl.squirrel.link/ontology/hasPointType": ["https://fuzzy-sl.wikibase.cloud/entity/Q126"], "http://rdfs.org/ns/void#inDataset": ["http://w3id.org/bb5kbc/Brandenburg_5000_BC_Data"], "http://www.opengis.net/ont/geosparql#asWKT": ["POINT(18.92 52.61)"], "http://www.w3.org/1999/02/22-rdf-syntax-ns#type": ["http://www.opengis.net/ont/sf#Point"]}, "geometry": {"type": "Point", "coordinates": [18.92, 52.61]}}, {"type": "Feature", "id": "http://w3id.org/bb5kbc/site_213_geom", "name": "", "dateprops": [], "properties": {"http://fuzzy-sl.squirrel.link/ontology/hasPointType": ["https://fuzzy-sl.wikibase.cloud/entity/Q126"], "http://rdfs.org/ns/void#inDataset": ["http://w3id.org/bb5kbc/Brandenburg_5000_BC_Data"], "http://www.opengis.net/ont/geosparql#asWKT": ["POINT(18.92 52.61)"], "http://www.w3.org/1999/02/22-rdf-syntax-ns#type": ["http://www.opengis.net/ont/sf#Point"]}, "geometry": {"type": "Point", "coordinates": [18.92, 52.61]}}, {"type": "Feature", "id": "http://w3id.org/bb5kbc/site_189_geom", "name": "", "dateprops": [], "properties": {"http://fuzzy-sl.squirrel.link/ontology/hasPointType": ["https://fuzzy-sl.wikibase.cloud/entity/Q126"], "http://rdfs.org/ns/void#inDataset": ["http://w3id.org/bb5kbc/Brandenburg_5000_BC_Data"], "http://www.opengis.net/ont/geosparql#asWKT": ["POINT(18.78 52.64)"], "http://www.w3.org/1999/02/22-rdf-syntax-ns#type": ["http://www.opengis.net/ont/sf#Point"]}, "geometry": {"type": "Point", "coordinates": [18.78, 52.64]}}, {"type": "Feature", "id": "http://w3id.org/bb5kbc/site_25_geom", "name": "", "dateprops": [], "properties": {"http://fuzzy-sl.squirrel.link/ontology/hasPointType": ["https://fuzzy-sl.wikibase.cloud/entity/Q126"], "http://rdfs.org/ns/void#inDataset": ["http://w3id.org/bb5kbc/Brandenburg_5000_BC_Data"], "http://www.opengis.net/ont/geosparql#asWKT": ["POINT(12.01 51.1)"], "http://www.w3.org/1999/02/22-rdf-syntax-ns#type": ["http://www.opengis.net/ont/sf#Point"]}, "geometry": {"type": "Point", "coordinates": [12.01, 51.1]}}, {"type": "Feature", "id": "http://w3id.org/bb5kbc/site_536_geom", "name": "", "dateprops": [], "properties": {"http://fuzzy-sl.squirrel.link/ontology/hasPointType": ["https://fuzzy-sl.wikibase.cloud/entity/Q126"], "http://rdfs.org/ns/void#inDataset": ["http://w3id.org/bb5kbc/Brandenburg_5000_BC_Data"], "http://www.opengis.net/ont/geosparql#asWKT": ["POINT(18.76 52.47)"], "http://www.w3.org/1999/02/22-rdf-syntax-ns#type": ["http://www.opengis.net/ont/sf#Point"]}, "geometry": {"type": "Point", "coordinates": [18.76, 52.47]}}, {"type": "Feature", "id": "http://w3id.org/bb5kbc/site_191_geom", "name": "", "dateprops": [], "properties": {"http://fuzzy-sl.squirrel.link/ontology/hasPointType": ["https://fuzzy-sl.wikibase.cloud/entity/Q126"], "http://rdfs.org/ns/void#inDataset": ["http://w3id.org/bb5kbc/Brandenburg_5000_BC_Data"], "http://www.opengis.net/ont/geosparql#asWKT": ["POINT(18.79 52.61)"], "http://www.w3.org/1999/02/22-rdf-syntax-ns#type": ["http://www.opengis.net/ont/sf#Point"]}, "geometry": {"type": "Point", "coordinates": [18.79, 52.61]}}, {"type": "Feature", "id": "http://w3id.org/bb5kbc/site_280_geom", "name": "", "dateprops": [], "properties": {"http://fuzzy-sl.squirrel.link/ontology/hasPointType": ["https://fuzzy-sl.wikibase.cloud/entity/Q126"], "http://rdfs.org/ns/void#inDataset": ["http://w3id.org/bb5kbc/Brandenburg_5000_BC_Data"], "http://www.opengis.net/ont/geosparql#asWKT": ["POINT(13.95 53.23)"], "http://www.w3.org/1999/02/22-rdf-syntax-ns#type": ["http://www.opengis.net/ont/sf#Point"]}, "geometry": {"type": "Point", "coordinates": [13.95, 53.23]}}, {"type": "Feature", "id": "http://w3id.org/bb5kbc/site_266_geom", "name": "", "dateprops": [], "properties": {"http://fuzzy-sl.squirrel.link/ontology/hasPointType": ["https://fuzzy-sl.wikibase.cloud/entity/Q126"], "http://rdfs.org/ns/void#inDataset": ["http://w3id.org/bb5kbc/Brandenburg_5000_BC_Data"], "http://www.opengis.net/ont/geosparql#asWKT": ["POINT(13.09 52.36)"], "http://www.w3.org/1999/02/22-rdf-syntax-ns#type": ["http://www.opengis.net/ont/sf#Point"]}, "geometry": {"type": "Point", "coordinates": [13.09, 52.36]}}, {"type": "Feature", "id": "http://w3id.org/bb5kbc/site_288_geom", "name": "", "dateprops": [], "properties": {"http://fuzzy-sl.squirrel.link/ontology/hasPointType": ["https://fuzzy-sl.wikibase.cloud/entity/Q126"], "http://rdfs.org/ns/void#inDataset": ["http://w3id.org/bb5kbc/Brandenburg_5000_BC_Data"], "http://www.opengis.net/ont/geosparql#asWKT": ["POINT(12.78 52.54)"], "http://www.w3.org/1999/02/22-rdf-syntax-ns#type": ["http://www.opengis.net/ont/sf#Point"]}, "geometry": {"type": "Point", "coordinates": [12.78, 52.54]}}, {"type": "Feature", "id": "http://w3id.org/bb5kbc/site_244_geom", "name": "", "dateprops": [], "properties": {"http://fuzzy-sl.squirrel.link/ontology/hasPointType": ["https://fuzzy-sl.wikibase.cloud/entity/Q126"], "http://rdfs.org/ns/void#inDataset": ["http://w3id.org/bb5kbc/Brandenburg_5000_BC_Data"], "http://www.opengis.net/ont/geosparql#asWKT": ["POINT(13.53 54.48)"], "http://www.w3.org/1999/02/22-rdf-syntax-ns#type": ["http://www.opengis.net/ont/sf#Point"]}, "geometry": {"type": "Point", "coordinates": [13.53, 54.48]}}, {"type": "Feature", "id": "http://w3id.org/bb5kbc/site_182_geom", "name": "", "dateprops": [], "properties": {"http://fuzzy-sl.squirrel.link/ontology/hasPointType": ["https://fuzzy-sl.wikibase.cloud/entity/Q126"], "http://rdfs.org/ns/void#inDataset": ["http://w3id.org/bb5kbc/Brandenburg_5000_BC_Data"], "http://www.opengis.net/ont/geosparql#asWKT": ["POINT(18.73 52.6)"], "http://www.w3.org/1999/02/22-rdf-syntax-ns#type": ["http://www.opengis.net/ont/sf#Point"]}, "geometry": {"type": "Point", "coordinates": [18.73, 52.6]}}, {"type": "Feature", "id": "http://w3id.org/bb5kbc/site_249_geom", "name": "", "dateprops": [], "properties": {"http://fuzzy-sl.squirrel.link/ontology/hasPointType": ["https://fuzzy-sl.wikibase.cloud/entity/Q126"], "http://rdfs.org/ns/void#inDataset": ["http://w3id.org/bb5kbc/Brandenburg_5000_BC_Data"], "http://www.opengis.net/ont/geosparql#asWKT": ["POINT(17.98 52.74)"], "http://www.w3.org/1999/02/22-rdf-syntax-ns#type": ["http://www.opengis.net/ont/sf#Point"]}, "geometry": {"type": "Point", "coordinates": [17.98, 52.74]}}, {"type": "Feature", "id": "http://w3id.org/bb5kbc/site_317_geom", "name": "", "dateprops": [], "properties": {"http://fuzzy-sl.squirrel.link/ontology/hasPointType": ["https://fuzzy-sl.wikibase.cloud/entity/Q126"], "http://rdfs.org/ns/void#inDataset": ["http://w3id.org/bb5kbc/Brandenburg_5000_BC_Data"], "http://www.opengis.net/ont/geosparql#asWKT": ["POINT(13.53 52.28)"], "http://www.w3.org/1999/02/22-rdf-syntax-ns#type": ["http://www.opengis.net/ont/sf#Point"]}, "geometry": {"type": "Point", "coordinates": [13.53, 52.28]}}, {"type": "Feature", "id": "http://w3id.org/bb5kbc/site_44_geom", "name": "", "dateprops": [], "properties": {"http://fuzzy-sl.squirrel.link/ontology/hasPointType": ["https://fuzzy-sl.wikibase.cloud/entity/Q126"], "http://rdfs.org/ns/void#inDataset": ["http://w3id.org/bb5kbc/Brandenburg_5000_BC_Data"], "http://www.opengis.net/ont/geosparql#asWKT": ["POINT(13.09 51.96)"], "http://www.w3.org/1999/02/22-rdf-syntax-ns#type": ["http://www.opengis.net/ont/sf#Point"]}, "geometry": {"type": "Point", "coordinates": [13.09, 51.96]}}, {"type": "Feature", "id": "http://w3id.org/bb5kbc/site_463_geom", "name": "", "dateprops": [], "properties": {"http://fuzzy-sl.squirrel.link/ontology/hasPointType": ["https://fuzzy-sl.wikibase.cloud/entity/Q126"], "http://rdfs.org/ns/void#inDataset": ["http://w3id.org/bb5kbc/Brandenburg_5000_BC_Data"], "http://www.opengis.net/ont/geosparql#asWKT": ["POINT(13.2 52.19)"], "http://www.w3.org/1999/02/22-rdf-syntax-ns#type": ["http://www.opengis.net/ont/sf#Point"]}, "geometry": {"type": "Point", "coordinates": [13.2, 52.19]}}, {"type": "Feature", "id": "http://w3id.org/bb5kbc/site_314_geom", "name": "", "dateprops": [], "properties": {"http://fuzzy-sl.squirrel.link/ontology/hasPointType": ["https://fuzzy-sl.wikibase.cloud/entity/Q126"], "http://rdfs.org/ns/void#inDataset": ["http://w3id.org/bb5kbc/Brandenburg_5000_BC_Data"], "http://www.opengis.net/ont/geosparql#asWKT": ["POINT(14.19 52.04)"], "http://www.w3.org/1999/02/22-rdf-syntax-ns#type": ["http://www.opengis.net/ont/sf#Point"]}, "geometry": {"type": "Point", "coordinates": [14.19, 52.04]}}, {"type": "Feature", "id": "http://w3id.org/bb5kbc/site_21_geom", "name": "", "dateprops": [], "properties": {"http://fuzzy-sl.squirrel.link/ontology/hasPointType": ["https://fuzzy-sl.wikibase.cloud/entity/Q126"], "http://rdfs.org/ns/void#inDataset": ["http://w3id.org/bb5kbc/Brandenburg_5000_BC_Data"], "http://www.opengis.net/ont/geosparql#asWKT": ["POINT(11.79 52.11)"], "http://www.w3.org/1999/02/22-rdf-syntax-ns#type": ["http://www.opengis.net/ont/sf#Point"]}, "geometry": {"type": "Point", "coordinates": [11.79, 52.11]}}, {"type": "Feature", "id": "http://w3id.org/bb5kbc/site_505_geom", "name": "", "dateprops": [], "properties": {"http://fuzzy-sl.squirrel.link/ontology/hasPointType": ["https://fuzzy-sl.wikibase.cloud/entity/Q126"], "http://rdfs.org/ns/void#inDataset": ["http://w3id.org/bb5kbc/Brandenburg_5000_BC_Data"], "http://www.opengis.net/ont/geosparql#asWKT": ["POINT(12.38 52.39)"], "http://www.w3.org/1999/02/22-rdf-syntax-ns#type": ["http://www.opengis.net/ont/sf#Point"]}, "geometry": {"type": "Point", "coordinates": [12.38, 52.39]}}, {"type": "Feature", "id": "http://w3id.org/bb5kbc/site_222_geom", "name": "", "dateprops": [], "properties": {"http://fuzzy-sl.squirrel.link/ontology/hasPointType": ["https://fuzzy-sl.wikibase.cloud/entity/Q126"], "http://rdfs.org/ns/void#inDataset": ["http://w3id.org/bb5kbc/Brandenburg_5000_BC_Data"], "http://www.opengis.net/ont/geosparql#asWKT": ["POINT(18.97 52.62)"], "http://www.w3.org/1999/02/22-rdf-syntax-ns#type": ["http://www.opengis.net/ont/sf#Point"]}, "geometry": {"type": "Point", "coordinates": [18.97, 52.62]}}, {"type": "Feature", "id": "http://w3id.org/bb5kbc/site_291_geom", "name": "", "dateprops": [], "properties": {"http://fuzzy-sl.squirrel.link/ontology/hasPointType": ["https://fuzzy-sl.wikibase.cloud/entity/Q126"], "http://rdfs.org/ns/void#inDataset": ["http://w3id.org/bb5kbc/Brandenburg_5000_BC_Data"], "http://www.opengis.net/ont/geosparql#asWKT": ["POINT(12.92 52.54)"], "http://www.w3.org/1999/02/22-rdf-syntax-ns#type": ["http://www.opengis.net/ont/sf#Point"]}, "geometry": {"type": "Point", "coordinates": [12.92, 52.54]}}, {"type": "Feature", "id": "http://w3id.org/bb5kbc/site_302_geom", "name": "", "dateprops": [], "properties": {"http://fuzzy-sl.squirrel.link/ontology/hasPointType": ["https://fuzzy-sl.wikibase.cloud/entity/Q126"], "http://rdfs.org/ns/void#inDataset": ["http://w3id.org/bb5kbc/Brandenburg_5000_BC_Data"], "http://www.opengis.net/ont/geosparql#asWKT": ["POINT(12.99 52.48)"], "http://www.w3.org/1999/02/22-rdf-syntax-ns#type": ["http://www.opengis.net/ont/sf#Point"]}, "geometry": {"type": "Point", "coordinates": [12.99, 52.48]}}, {"type": "Feature", "id": "http://w3id.org/bb5kbc/site_169_geom", "name": "", "dateprops": [], "properties": {"http://fuzzy-sl.squirrel.link/ontology/hasPointType": ["https://fuzzy-sl.wikibase.cloud/entity/Q126"], "http://rdfs.org/ns/void#inDataset": ["http://w3id.org/bb5kbc/Brandenburg_5000_BC_Data"], "http://www.opengis.net/ont/geosparql#asWKT": ["POINT(17.43 53.04)"], "http://www.w3.org/1999/02/22-rdf-syntax-ns#type": ["http://www.opengis.net/ont/sf#Point"]}, "geometry": {"type": "Point", "coordinates": [17.43, 53.04]}}, {"type": "Feature", "id": "http://w3id.org/bb5kbc/site_485_geom", "name": "", "dateprops": [], "properties": {"http://fuzzy-sl.squirrel.link/ontology/hasPointType": ["https://fuzzy-sl.wikibase.cloud/entity/Q126"], "http://rdfs.org/ns/void#inDataset": ["http://w3id.org/bb5kbc/Brandenburg_5000_BC_Data"], "http://www.opengis.net/ont/geosparql#asWKT": ["POINT(14.28 53.08)"], "http://www.w3.org/1999/02/22-rdf-syntax-ns#type": ["http://www.opengis.net/ont/sf#Point"]}, "geometry": {"type": "Point", "coordinates": [14.28, 53.08]}}, {"type": "Feature", "id": "http://w3id.org/bb5kbc/site_391_geom", "name": "", "dateprops": [], "properties": {"http://fuzzy-sl.squirrel.link/ontology/hasPointType": ["https://fuzzy-sl.wikibase.cloud/entity/Q126"], "http://rdfs.org/ns/void#inDataset": ["http://w3id.org/bb5kbc/Brandenburg_5000_BC_Data"], "http://www.opengis.net/ont/geosparql#asWKT": ["POINT(12.83 52.96)"], "http://www.w3.org/1999/02/22-rdf-syntax-ns#type": ["http://www.opengis.net/ont/sf#Point"]}, "geometry": {"type": "Point", "coordinates": [12.83, 52.96]}}, {"type": "Feature", "id": "http://w3id.org/bb5kbc/site_92_geom", "name": "", "dateprops": [], "properties": {"http://fuzzy-sl.squirrel.link/ontology/hasPointType": ["https://fuzzy-sl.wikibase.cloud/entity/Q126"], "http://rdfs.org/ns/void#inDataset": ["http://w3id.org/bb5kbc/Brandenburg_5000_BC_Data"], "http://www.opengis.net/ont/geosparql#asWKT": ["POINT(14.54 51.81)"], "http://www.w3.org/1999/02/22-rdf-syntax-ns#type": ["http://www.opengis.net/ont/sf#Point"]}, "geometry": {"type": "Point", "coordinates": [14.54, 51.81]}}, {"type": "Feature", "id": "http://w3id.org/bb5kbc/site_228_geom", "name": "", "dateprops": [], "properties": {"http://fuzzy-sl.squirrel.link/ontology/hasPointType": ["https://fuzzy-sl.wikibase.cloud/entity/Q126"], "http://rdfs.org/ns/void#inDataset": ["http://w3id.org/bb5kbc/Brandenburg_5000_BC_Data"], "http://www.opengis.net/ont/geosparql#asWKT": ["POINT(21.23 54.19)"], "http://www.w3.org/1999/02/22-rdf-syntax-ns#type": ["http://www.opengis.net/ont/sf#Point"]}, "geometry": {"type": "Point", "coordinates": [21.23, 54.19]}}, {"type": "Feature", "id": "http://w3id.org/bb5kbc/site_246_geom", "name": "", "dateprops": [], "properties": {"http://fuzzy-sl.squirrel.link/ontology/hasPointType": ["https://fuzzy-sl.wikibase.cloud/entity/Q126"], "http://rdfs.org/ns/void#inDataset": ["http://w3id.org/bb5kbc/Brandenburg_5000_BC_Data"], "http://www.opengis.net/ont/geosparql#asWKT": ["POINT(15.56 52.45)"], "http://www.w3.org/1999/02/22-rdf-syntax-ns#type": ["http://www.opengis.net/ont/sf#Point"]}, "geometry": {"type": "Point", "coordinates": [15.56, 52.45]}}, {"type": "Feature", "id": "http://w3id.org/bb5kbc/site_164_geom", "name": "", "dateprops": [], "properties": {"http://fuzzy-sl.squirrel.link/ontology/hasPointType": ["https://fuzzy-sl.wikibase.cloud/entity/Q126"], "http://rdfs.org/ns/void#inDataset": ["http://w3id.org/bb5kbc/Brandenburg_5000_BC_Data"], "http://www.opengis.net/ont/geosparql#asWKT": ["POINT(17.09 51.07)"], "http://www.w3.org/1999/02/22-rdf-syntax-ns#type": ["http://www.opengis.net/ont/sf#Point"]}, "geometry": {"type": "Point", "coordinates": [17.09, 51.07]}}, {"type": "Feature", "id": "http://w3id.org/bb5kbc/site_97_geom", "name": "", "dateprops": [], "properties": {"http://fuzzy-sl.squirrel.link/ontology/hasPointType": ["https://fuzzy-sl.wikibase.cloud/entity/Q126"], "http://rdfs.org/ns/void#inDataset": ["http://w3id.org/bb5kbc/Brandenburg_5000_BC_Data"], "http://www.opengis.net/ont/geosparql#asWKT": ["POINT(14.75 51.8)"], "http://www.w3.org/1999/02/22-rdf-syntax-ns#type": ["http://www.opengis.net/ont/sf#Point"]}, "geometry": {"type": "Point", "coordinates": [14.75, 51.8]}}, {"type": "Feature", "id": "http://w3id.org/bb5kbc/site_65_geom", "name": "", "dateprops": [], "properties": {"http://fuzzy-sl.squirrel.link/ontology/hasPointType": ["https://fuzzy-sl.wikibase.cloud/entity/Q126"], "http://rdfs.org/ns/void#inDataset": ["http://w3id.org/bb5kbc/Brandenburg_5000_BC_Data"], "http://www.opengis.net/ont/geosparql#asWKT": ["POINT(13.97 53.18)"], "http://www.w3.org/1999/02/22-rdf-syntax-ns#type": ["http://www.opengis.net/ont/sf#Point"]}, "geometry": {"type": "Point", "coordinates": [13.97, 53.18]}}, {"type": "Feature", "id": "http://w3id.org/bb5kbc/site_360_geom", "name": "", "dateprops": [], "properties": {"http://fuzzy-sl.squirrel.link/ontology/hasPointType": ["https://fuzzy-sl.wikibase.cloud/entity/Q126"], "http://rdfs.org/ns/void#inDataset": ["http://w3id.org/bb5kbc/Brandenburg_5000_BC_Data"], "http://www.opengis.net/ont/geosparql#asWKT": ["POINT(13.31 53.05)"], "http://www.w3.org/1999/02/22-rdf-syntax-ns#type": ["http://www.opengis.net/ont/sf#Point"]}, "geometry": {"type": "Point", "coordinates": [13.31, 53.05]}}, {"type": "Feature", "id": "http://w3id.org/bb5kbc/site_521_geom", "name": "", "dateprops": [], "properties": {"http://fuzzy-sl.squirrel.link/ontology/hasPointType": ["https://fuzzy-sl.wikibase.cloud/entity/Q126"], "http://rdfs.org/ns/void#inDataset": ["http://w3id.org/bb5kbc/Brandenburg_5000_BC_Data"], "http://www.opengis.net/ont/geosparql#asWKT": ["POINT(18.27 52.91)"], "http://www.w3.org/1999/02/22-rdf-syntax-ns#type": ["http://www.opengis.net/ont/sf#Point"]}, "geometry": {"type": "Point", "coordinates": [18.27, 52.91]}}, {"type": "Feature", "id": "http://w3id.org/bb5kbc/site_535_geom", "name": "", "dateprops": [], "properties": {"http://fuzzy-sl.squirrel.link/ontology/hasPointType": ["https://fuzzy-sl.wikibase.cloud/entity/Q126"], "http://rdfs.org/ns/void#inDataset": ["http://w3id.org/bb5kbc/Brandenburg_5000_BC_Data"], "http://www.opengis.net/ont/geosparql#asWKT": ["POINT(18.62 52.67)"], "http://www.w3.org/1999/02/22-rdf-syntax-ns#type": ["http://www.opengis.net/ont/sf#Point"]}, "geometry": {"type": "Point", "coordinates": [18.62, 52.67]}}, {"type": "Feature", "id": "http://w3id.org/bb5kbc/site_497_geom", "name": "", "dateprops": [], "properties": {"http://fuzzy-sl.squirrel.link/ontology/hasPointType": ["https://fuzzy-sl.wikibase.cloud/entity/Q126"], "http://rdfs.org/ns/void#inDataset": ["http://w3id.org/bb5kbc/Brandenburg_5000_BC_Data"], "http://www.opengis.net/ont/geosparql#asWKT": ["POINT(13.88 53.41)"], "http://www.w3.org/1999/02/22-rdf-syntax-ns#type": ["http://www.opengis.net/ont/sf#Point"]}, "geometry": {"type": "Point", "coordinates": [13.88, 53.41]}}, {"type": "Feature", "id": "http://w3id.org/bb5kbc/site_527_geom", "name": "", "dateprops": [], "properties": {"http://fuzzy-sl.squirrel.link/ontology/hasPointType": ["https://fuzzy-sl.wikibase.cloud/entity/Q126"], "http://rdfs.org/ns/void#inDataset": ["http://w3id.org/bb5kbc/Brandenburg_5000_BC_Data"], "http://www.opengis.net/ont/geosparql#asWKT": ["POINT(18.56 52.68)"], "http://www.w3.org/1999/02/22-rdf-syntax-ns#type": ["http://www.opengis.net/ont/sf#Point"]}, "geometry": {"type": "Point", "coordinates": [18.56, 52.68]}}, {"type": "Feature", "id": "http://w3id.org/bb5kbc/site_557_geom", "name": "", "dateprops": [], "properties": {"http://fuzzy-sl.squirrel.link/ontology/hasPointType": ["https://fuzzy-sl.wikibase.cloud/entity/Q126"], "http://rdfs.org/ns/void#inDataset": ["http://w3id.org/bb5kbc/Brandenburg_5000_BC_Data"], "http://www.opengis.net/ont/geosparql#asWKT": ["POINT(14.46 53.42)"], "http://www.w3.org/1999/02/22-rdf-syntax-ns#type": ["http://www.opengis.net/ont/sf#Point"]}, "geometry": {"type": "Point", "coordinates": [14.46, 53.42]}}, {"type": "Feature", "id": "http://w3id.org/bb5kbc/site_582_geom", "name": "", "dateprops": [], "properties": {"http://fuzzy-sl.squirrel.link/ontology/hasPointType": ["https://fuzzy-sl.wikibase.cloud/entity/Q126"], "http://rdfs.org/ns/void#inDataset": ["http://w3id.org/bb5kbc/Brandenburg_5000_BC_Data"], "http://www.opengis.net/ont/geosparql#asWKT": ["POINT(12.32 52.76)"], "http://www.w3.org/1999/02/22-rdf-syntax-ns#type": ["http://www.opengis.net/ont/sf#Point"]}, "geometry": {"type": "Point", "coordinates": [12.32, 52.76]}}, {"type": "Feature", "id": "http://w3id.org/bb5kbc/site_264_geom", "name": "", "dateprops": [], "properties": {"http://fuzzy-sl.squirrel.link/ontology/hasPointType": ["https://fuzzy-sl.wikibase.cloud/entity/Q126"], "http://rdfs.org/ns/void#inDataset": ["http://w3id.org/bb5kbc/Brandenburg_5000_BC_Data"], "http://www.opengis.net/ont/geosparql#asWKT": ["POINT(14.14 53.08)"], "http://www.w3.org/1999/02/22-rdf-syntax-ns#type": ["http://www.opengis.net/ont/sf#Point"]}, "geometry": {"type": "Point", "coordinates": [14.14, 53.08]}}, {"type": "Feature", "id": "http://w3id.org/bb5kbc/site_243_geom", "name": "", "dateprops": [], "properties": {"http://fuzzy-sl.squirrel.link/ontology/hasPointType": ["https://fuzzy-sl.wikibase.cloud/entity/Q126"], "http://rdfs.org/ns/void#inDataset": ["http://w3id.org/bb5kbc/Brandenburg_5000_BC_Data"], "http://www.opengis.net/ont/geosparql#asWKT": ["POINT(14.8 52.06)"], "http://www.w3.org/1999/02/22-rdf-syntax-ns#type": ["http://www.opengis.net/ont/sf#Point"]}, "geometry": {"type": "Point", "coordinates": [14.8, 52.06]}}, {"type": "Feature", "id": "http://w3id.org/bb5kbc/site_436_geom", "name": "", "dateprops": [], "properties": {"http://fuzzy-sl.squirrel.link/ontology/hasPointType": ["https://fuzzy-sl.wikibase.cloud/entity/Q126"], "http://rdfs.org/ns/void#inDataset": ["http://w3id.org/bb5kbc/Brandenburg_5000_BC_Data"], "http://www.opengis.net/ont/geosparql#asWKT": ["POINT(11.82 53.03)"], "http://www.w3.org/1999/02/22-rdf-syntax-ns#type": ["http://www.opengis.net/ont/sf#Point"]}, "geometry": {"type": "Point", "coordinates": [11.82, 53.03]}}, {"type": "Feature", "id": "http://w3id.org/bb5kbc/site_518_geom", "name": "", "dateprops": [], "properties": {"http://fuzzy-sl.squirrel.link/ontology/hasPointType": ["https://fuzzy-sl.wikibase.cloud/entity/Q126"], "http://rdfs.org/ns/void#inDataset": ["http://w3id.org/bb5kbc/Brandenburg_5000_BC_Data"], "http://www.opengis.net/ont/geosparql#asWKT": ["POINT(18.07 52.95)"], "http://www.w3.org/1999/02/22-rdf-syntax-ns#type": ["http://www.opengis.net/ont/sf#Point"]}, "geometry": {"type": "Point", "coordinates": [18.07, 52.95]}}, {"type": "Feature", "id": "http://w3id.org/bb5kbc/site_245_geom", "name": "", "dateprops": [], "properties": {"http://fuzzy-sl.squirrel.link/ontology/hasPointType": ["https://fuzzy-sl.wikibase.cloud/entity/Q126"], "http://rdfs.org/ns/void#inDataset": ["http://w3id.org/bb5kbc/Brandenburg_5000_BC_Data"], "http://www.opengis.net/ont/geosparql#asWKT": ["POINT(14.23 51.65)"], "http://www.w3.org/1999/02/22-rdf-syntax-ns#type": ["http://www.opengis.net/ont/sf#Point"]}, "geometry": {"type": "Point", "coordinates": [14.23, 51.65]}}, {"type": "Feature", "id": "http://w3id.org/bb5kbc/site_30_geom", "name": "", "dateprops": [], "properties": {"http://fuzzy-sl.squirrel.link/ontology/hasPointType": ["https://fuzzy-sl.wikibase.cloud/entity/Q126"], "http://rdfs.org/ns/void#inDataset": ["http://w3id.org/bb5kbc/Brandenburg_5000_BC_Data"], "http://www.opengis.net/ont/geosparql#asWKT": ["POINT(12.14 50.9)"], "http://www.w3.org/1999/02/22-rdf-syntax-ns#type": ["http://www.opengis.net/ont/sf#Point"]}, "geometry": {"type": "Point", "coordinates": [12.14, 50.9]}}, {"type": "Feature", "id": "http://w3id.org/bb5kbc/site_402_geom", "name": "", "dateprops": [], "properties": {"http://fuzzy-sl.squirrel.link/ontology/hasPointType": ["https://fuzzy-sl.wikibase.cloud/entity/Q126"], "http://rdfs.org/ns/void#inDataset": ["http://w3id.org/bb5kbc/Brandenburg_5000_BC_Data"], "http://www.opengis.net/ont/geosparql#asWKT": ["POINT(13.05 52.39)"], "http://www.w3.org/1999/02/22-rdf-syntax-ns#type": ["http://www.opengis.net/ont/sf#Point"]}, "geometry": {"type": "Point", "coordinates": [13.05, 52.39]}}, {"type": "Feature", "id": "http://w3id.org/bb5kbc/site_198_geom", "name": "", "dateprops": [], "properties": {"http://fuzzy-sl.squirrel.link/ontology/hasPointType": ["https://fuzzy-sl.wikibase.cloud/entity/Q126"], "http://rdfs.org/ns/void#inDataset": ["http://w3id.org/bb5kbc/Brandenburg_5000_BC_Data"], "http://www.opengis.net/ont/geosparql#asWKT": ["POINT(18.81 52.63)"], "http://www.w3.org/1999/02/22-rdf-syntax-ns#type": ["http://www.opengis.net/ont/sf#Point"]}, "geometry": {"type": "Point", "coordinates": [18.81, 52.63]}}, {"type": "Feature", "id": "http://w3id.org/bb5kbc/site_393_geom", "name": "", "dateprops": [], "properties": {"http://fuzzy-sl.squirrel.link/ontology/hasPointType": ["https://fuzzy-sl.wikibase.cloud/entity/Q126"], "http://rdfs.org/ns/void#inDataset": ["http://w3id.org/bb5kbc/Brandenburg_5000_BC_Data"], "http://www.opengis.net/ont/geosparql#asWKT": ["POINT(12.73 52.72)"], "http://www.w3.org/1999/02/22-rdf-syntax-ns#type": ["http://www.opengis.net/ont/sf#Point"]}, "geometry": {"type": "Point", "coordinates": [12.73, 52.72]}}, {"type": "Feature", "id": "http://w3id.org/bb5kbc/site_221_geom", "name": "", "dateprops": [], "properties": {"http://fuzzy-sl.squirrel.link/ontology/hasPointType": ["https://fuzzy-sl.wikibase.cloud/entity/Q126"], "http://rdfs.org/ns/void#inDataset": ["http://w3id.org/bb5kbc/Brandenburg_5000_BC_Data"], "http://www.opengis.net/ont/geosparql#asWKT": ["POINT(18.95 52.63)"], "http://www.w3.org/1999/02/22-rdf-syntax-ns#type": ["http://www.opengis.net/ont/sf#Point"]}, "geometry": {"type": "Point", "coordinates": [18.95, 52.63]}}, {"type": "Feature", "id": "http://w3id.org/bb5kbc/site_339_geom", "name": "", "dateprops": [], "properties": {"http://fuzzy-sl.squirrel.link/ontology/hasPointType": ["https://fuzzy-sl.wikibase.cloud/entity/Q126"], "http://rdfs.org/ns/void#inDataset": ["http://w3id.org/bb5kbc/Brandenburg_5000_BC_Data"], "http://www.opengis.net/ont/geosparql#asWKT": ["POINT(12.31 52.61)"], "http://www.w3.org/1999/02/22-rdf-syntax-ns#type": ["http://www.opengis.net/ont/sf#Point"]}, "geometry": {"type": "Point", "coordinates": [12.31, 52.61]}}, {"type": "Feature", "id": "http://w3id.org/bb5kbc/site_419_geom", "name": "", "dateprops": [], "properties": {"http://fuzzy-sl.squirrel.link/ontology/hasPointType": ["https://fuzzy-sl.wikibase.cloud/entity/Q126"], "http://rdfs.org/ns/void#inDataset": ["http://w3id.org/bb5kbc/Brandenburg_5000_BC_Data"], "http://www.opengis.net/ont/geosparql#asWKT": ["POINT(12.93 52.33)"], "http://www.w3.org/1999/02/22-rdf-syntax-ns#type": ["http://www.opengis.net/ont/sf#Point"]}, "geometry": {"type": "Point", "coordinates": [12.93, 52.33]}}, {"type": "Feature", "id": "http://w3id.org/bb5kbc/site_141_geom", "name": "", "dateprops": [], "properties": {"http://fuzzy-sl.squirrel.link/ontology/hasPointType": ["https://fuzzy-sl.wikibase.cloud/entity/Q126"], "http://rdfs.org/ns/void#inDataset": ["http://w3id.org/bb5kbc/Brandenburg_5000_BC_Data"], "http://www.opengis.net/ont/geosparql#asWKT": ["POINT(16.19 51.66)"], "http://www.w3.org/1999/02/22-rdf-syntax-ns#type": ["http://www.opengis.net/ont/sf#Point"]}, "geometry": {"type": "Point", "coordinates": [16.19, 51.66]}}, {"type": "Feature", "id": "http://w3id.org/bb5kbc/site_158_geom", "name": "", "dateprops": [], "properties": {"http://fuzzy-sl.squirrel.link/ontology/hasPointType": ["https://fuzzy-sl.wikibase.cloud/entity/Q126"], "http://rdfs.org/ns/void#inDataset": ["http://w3id.org/bb5kbc/Brandenburg_5000_BC_Data"], "http://www.opengis.net/ont/geosparql#asWKT": ["POINT(16.86 50.96)"], "http://www.w3.org/1999/02/22-rdf-syntax-ns#type": ["http://www.opengis.net/ont/sf#Point"]}, "geometry": {"type": "Point", "coordinates": [16.86, 50.96]}}, {"type": "Feature", "id": "http://w3id.org/bb5kbc/site_9_geom", "name": "", "dateprops": [], "properties": {"http://fuzzy-sl.squirrel.link/ontology/hasPointType": ["https://fuzzy-sl.wikibase.cloud/entity/Q126"], "http://rdfs.org/ns/void#inDataset": ["http://w3id.org/bb5kbc/Brandenburg_5000_BC_Data"], "http://www.opengis.net/ont/geosparql#asWKT": ["POINT(11.29 51.82)"], "http://www.w3.org/1999/02/22-rdf-syntax-ns#type": ["http://www.opengis.net/ont/sf#Point"]}, "geometry": {"type": "Point", "coordinates": [11.29, 51.82]}}, {"type": "Feature", "id": "http://w3id.org/bb5kbc/site_533_geom", "name": "", "dateprops": [], "properties": {"http://fuzzy-sl.squirrel.link/ontology/hasPointType": ["https://fuzzy-sl.wikibase.cloud/entity/Q126"], "http://rdfs.org/ns/void#inDataset": ["http://w3id.org/bb5kbc/Brandenburg_5000_BC_Data"], "http://www.opengis.net/ont/geosparql#asWKT": ["POINT(18.3 52.74)"], "http://www.w3.org/1999/02/22-rdf-syntax-ns#type": ["http://www.opengis.net/ont/sf#Point"]}, "geometry": {"type": "Point", "coordinates": [18.3, 52.74]}}, {"type": "Feature", "id": "http://w3id.org/bb5kbc/site_251_geom", "name": "", "dateprops": [], "properties": {"http://fuzzy-sl.squirrel.link/ontology/hasPointType": ["https://fuzzy-sl.wikibase.cloud/entity/Q126"], "http://rdfs.org/ns/void#inDataset": ["http://w3id.org/bb5kbc/Brandenburg_5000_BC_Data"], "http://www.opengis.net/ont/geosparql#asWKT": ["POINT(14.09 52.77)"], "http://www.w3.org/1999/02/22-rdf-syntax-ns#type": ["http://www.opengis.net/ont/sf#Point"]}, "geometry": {"type": "Point", "coordinates": [14.09, 52.77]}}, {"type": "Feature", "id": "http://w3id.org/bb5kbc/site_60_geom", "name": "", "dateprops": [], "properties": {"http://fuzzy-sl.squirrel.link/ontology/hasPointType": ["https://fuzzy-sl.wikibase.cloud/entity/Q126"], "http://rdfs.org/ns/void#inDataset": ["http://w3id.org/bb5kbc/Brandenburg_5000_BC_Data"], "http://www.opengis.net/ont/geosparql#asWKT": ["POINT(13.93 51.91)"], "http://www.w3.org/1999/02/22-rdf-syntax-ns#type": ["http://www.opengis.net/ont/sf#Point"]}, "geometry": {"type": "Point", "coordinates": [13.93, 51.91]}}, {"type": "Feature", "id": "http://w3id.org/bb5kbc/site_307_geom", "name": "", "dateprops": [], "properties": {"http://fuzzy-sl.squirrel.link/ontology/hasPointType": ["https://fuzzy-sl.wikibase.cloud/entity/Q126"], "http://rdfs.org/ns/void#inDataset": ["http://w3id.org/bb5kbc/Brandenburg_5000_BC_Data"], "http://www.opengis.net/ont/geosparql#asWKT": ["POINT(12.54 52.4)"], "http://www.w3.org/1999/02/22-rdf-syntax-ns#type": ["http://www.opengis.net/ont/sf#Point"]}, "geometry": {"type": "Point", "coordinates": [12.54, 52.4]}}, {"type": "Feature", "id": "http://w3id.org/bb5kbc/site_522_geom", "name": "", "dateprops": [], "properties": {"http://fuzzy-sl.squirrel.link/ontology/hasPointType": ["https://fuzzy-sl.wikibase.cloud/entity/Q126"], "http://rdfs.org/ns/void#inDataset": ["http://w3id.org/bb5kbc/Brandenburg_5000_BC_Data"], "http://www.opengis.net/ont/geosparql#asWKT": ["POINT(17.51 52.89)"], "http://www.w3.org/1999/02/22-rdf-syntax-ns#type": ["http://www.opengis.net/ont/sf#Point"]}, "geometry": {"type": "Point", "coordinates": [17.51, 52.89]}}, {"type": "Feature", "id": "http://w3id.org/bb5kbc/site_181_geom", "name": "", "dateprops": [], "properties": {"http://fuzzy-sl.squirrel.link/ontology/hasPointType": ["https://fuzzy-sl.wikibase.cloud/entity/Q126"], "http://rdfs.org/ns/void#inDataset": ["http://w3id.org/bb5kbc/Brandenburg_5000_BC_Data"], "http://www.opengis.net/ont/geosparql#asWKT": ["POINT(18.72 52.6)"], "http://www.w3.org/1999/02/22-rdf-syntax-ns#type": ["http://www.opengis.net/ont/sf#Point"]}, "geometry": {"type": "Point", "coordinates": [18.72, 52.6]}}, {"type": "Feature", "id": "http://w3id.org/bb5kbc/site_366_geom", "name": "", "dateprops": [], "properties": {"http://fuzzy-sl.squirrel.link/ontology/hasPointType": ["https://fuzzy-sl.wikibase.cloud/entity/Q126"], "http://rdfs.org/ns/void#inDataset": ["http://w3id.org/bb5kbc/Brandenburg_5000_BC_Data"], "http://www.opengis.net/ont/geosparql#asWKT": ["POINT(14.04 51.86)"], "http://www.w3.org/1999/02/22-rdf-syntax-ns#type": ["http://www.opengis.net/ont/sf#Point"]}, "geometry": {"type": "Point", "coordinates": [14.04, 51.86]}}, {"type": "Feature", "id": "http://w3id.org/bb5kbc/site_70_geom", "name": "", "dateprops": [], "properties": {"http://fuzzy-sl.squirrel.link/ontology/hasPointType": ["https://fuzzy-sl.wikibase.cloud/entity/Q126"], "http://rdfs.org/ns/void#inDataset": ["http://w3id.org/bb5kbc/Brandenburg_5000_BC_Data"], "http://www.opengis.net/ont/geosparql#asWKT": ["POINT(14.08 53.12)"], "http://www.w3.org/1999/02/22-rdf-syntax-ns#type": ["http://www.opengis.net/ont/sf#Point"]}, "geometry": {"type": "Point", "coordinates": [14.08, 53.12]}}, {"type": "Feature", "id": "http://w3id.org/bb5kbc/site_550_geom", "name": "", "dateprops": [], "properties": {"http://fuzzy-sl.squirrel.link/ontology/hasPointType": ["https://fuzzy-sl.wikibase.cloud/entity/Q126"], "http://rdfs.org/ns/void#inDataset": ["http://w3id.org/bb5kbc/Brandenburg_5000_BC_Data"], "http://www.opengis.net/ont/geosparql#asWKT": ["POINT(18.44 52.68)"], "http://www.w3.org/1999/02/22-rdf-syntax-ns#type": ["http://www.opengis.net/ont/sf#Point"]}, "geometry": {"type": "Point", "coordinates": [18.44, 52.68]}}, {"type": "Feature", "id": "http://w3id.org/bb5kbc/site_541_geom", "name": "", "dateprops": [], "properties": {"http://fuzzy-sl.squirrel.link/ontology/hasPointType": ["https://fuzzy-sl.wikibase.cloud/entity/Q126"], "http://rdfs.org/ns/void#inDataset": ["http://w3id.org/bb5kbc/Brandenburg_5000_BC_Data"], "http://www.opengis.net/ont/geosparql#asWKT": ["POINT(18.08 52.79)"], "http://www.w3.org/1999/02/22-rdf-syntax-ns#type": ["http://www.opengis.net/ont/sf#Point"]}, "geometry": {"type": "Point", "coordinates": [18.08, 52.79]}}, {"type": "Feature", "id": "http://w3id.org/bb5kbc/site_480_geom", "name": "", "dateprops": [], "properties": {"http://fuzzy-sl.squirrel.link/ontology/hasPointType": ["https://fuzzy-sl.wikibase.cloud/entity/Q126"], "http://rdfs.org/ns/void#inDataset": ["http://w3id.org/bb5kbc/Brandenburg_5000_BC_Data"], "http://www.opengis.net/ont/geosparql#asWKT": ["POINT(13.6 53.4)"], "http://www.w3.org/1999/02/22-rdf-syntax-ns#type": ["http://www.opengis.net/ont/sf#Point"]}, "geometry": {"type": "Point", "coordinates": [13.6, 53.4]}}, {"type": "Feature", "id": "http://w3id.org/bb5kbc/site_207_geom", "name": "", "dateprops": [], "properties": {"http://fuzzy-sl.squirrel.link/ontology/hasPointType": ["https://fuzzy-sl.wikibase.cloud/entity/Q126"], "http://rdfs.org/ns/void#inDataset": ["http://w3id.org/bb5kbc/Brandenburg_5000_BC_Data"], "http://www.opengis.net/ont/geosparql#asWKT": ["POINT(18.88 52.61)"], "http://www.w3.org/1999/02/22-rdf-syntax-ns#type": ["http://www.opengis.net/ont/sf#Point"]}, "geometry": {"type": "Point", "coordinates": [18.88, 52.61]}}, {"type": "Feature", "id": "http://w3id.org/bb5kbc/site_283_geom", "name": "", "dateprops": [], "properties": {"http://fuzzy-sl.squirrel.link/ontology/hasPointType": ["https://fuzzy-sl.wikibase.cloud/entity/Q126"], "http://rdfs.org/ns/void#inDataset": ["http://w3id.org/bb5kbc/Brandenburg_5000_BC_Data"], "http://www.opengis.net/ont/geosparql#asWKT": ["POINT(12.39 52.51)"], "http://www.w3.org/1999/02/22-rdf-syntax-ns#type": ["http://www.opengis.net/ont/sf#Point"]}, "geometry": {"type": "Point", "coordinates": [12.39, 52.51]}}, {"type": "Feature", "id": "http://w3id.org/bb5kbc/site_193_geom", "name": "", "dateprops": [], "properties": {"http://fuzzy-sl.squirrel.link/ontology/hasPointType": ["https://fuzzy-sl.wikibase.cloud/entity/Q126"], "http://rdfs.org/ns/void#inDataset": ["http://w3id.org/bb5kbc/Brandenburg_5000_BC_Data"], "http://www.opengis.net/ont/geosparql#asWKT": ["POINT(18.8 52.63)"], "http://www.w3.org/1999/02/22-rdf-syntax-ns#type": ["http://www.opengis.net/ont/sf#Point"]}, "geometry": {"type": "Point", "coordinates": [18.8, 52.63]}}, {"type": "Feature", "id": "http://w3id.org/bb5kbc/site_441_geom", "name": "", "dateprops": [], "properties": {"http://fuzzy-sl.squirrel.link/ontology/hasPointType": ["https://fuzzy-sl.wikibase.cloud/entity/Q126"], "http://rdfs.org/ns/void#inDataset": ["http://w3id.org/bb5kbc/Brandenburg_5000_BC_Data"], "http://www.opengis.net/ont/geosparql#asWKT": ["POINT(11.83 53.24)"], "http://www.w3.org/1999/02/22-rdf-syntax-ns#type": ["http://www.opengis.net/ont/sf#Point"]}, "geometry": {"type": "Point", "coordinates": [11.83, 53.24]}}, {"type": "Feature", "id": "http://w3id.org/bb5kbc/site_8_geom", "name": "", "dateprops": [], "properties": {"http://fuzzy-sl.squirrel.link/ontology/hasPointType": ["https://fuzzy-sl.wikibase.cloud/entity/Q126"], "http://rdfs.org/ns/void#inDataset": ["http://w3id.org/bb5kbc/Brandenburg_5000_BC_Data"], "http://www.opengis.net/ont/geosparql#asWKT": ["POINT(11.18 51.81)"], "http://www.w3.org/1999/02/22-rdf-syntax-ns#type": ["http://www.opengis.net/ont/sf#Point"]}, "geometry": {"type": "Point", "coordinates": [11.18, 51.81]}}, {"type": "Feature", "id": "http://w3id.org/bb5kbc/site_18_geom", "name": "", "dateprops": [], "properties": {"http://fuzzy-sl.squirrel.link/ontology/hasPointType": ["https://fuzzy-sl.wikibase.cloud/entity/Q126"], "http://rdfs.org/ns/void#inDataset": ["http://w3id.org/bb5kbc/Brandenburg_5000_BC_Data"], "http://www.opengis.net/ont/geosparql#asWKT": ["POINT(11.71 51.79)"], "http://www.w3.org/1999/02/22-rdf-syntax-ns#type": ["http://www.opengis.net/ont/sf#Point"]}, "geometry": {"type": "Point", "coordinates": [11.71, 51.79]}}, {"type": "Feature", "id": "http://w3id.org/bb5kbc/site_236_geom", "name": "", "dateprops": [], "properties": {"http://fuzzy-sl.squirrel.link/ontology/hasPointType": ["https://fuzzy-sl.wikibase.cloud/entity/Q126"], "http://rdfs.org/ns/void#inDataset": ["http://w3id.org/bb5kbc/Brandenburg_5000_BC_Data"], "http://www.opengis.net/ont/geosparql#asWKT": ["POINT(14.47 53.43)"], "http://www.w3.org/1999/02/22-rdf-syntax-ns#type": ["http://www.opengis.net/ont/sf#Point"]}, "geometry": {"type": "Point", "coordinates": [14.47, 53.43]}}, {"type": "Feature", "id": "http://w3id.org/bb5kbc/site_161_geom", "name": "", "dateprops": [], "properties": {"http://fuzzy-sl.squirrel.link/ontology/hasPointType": ["https://fuzzy-sl.wikibase.cloud/entity/Q126"], "http://rdfs.org/ns/void#inDataset": ["http://w3id.org/bb5kbc/Brandenburg_5000_BC_Data"], "http://www.opengis.net/ont/geosparql#asWKT": ["POINT(16.89 51.15)"], "http://www.w3.org/1999/02/22-rdf-syntax-ns#type": ["http://www.opengis.net/ont/sf#Point"]}, "geometry": {"type": "Point", "coordinates": [16.89, 51.15]}}, {"type": "Feature", "id": "http://w3id.org/bb5kbc/site_216_geom", "name": "", "dateprops": [], "properties": {"http://fuzzy-sl.squirrel.link/ontology/hasPointType": ["https://fuzzy-sl.wikibase.cloud/entity/Q126"], "http://rdfs.org/ns/void#inDataset": ["http://w3id.org/bb5kbc/Brandenburg_5000_BC_Data"], "http://www.opengis.net/ont/geosparql#asWKT": ["POINT(18.92 52.61)"], "http://www.w3.org/1999/02/22-rdf-syntax-ns#type": ["http://www.opengis.net/ont/sf#Point"]}, "geometry": {"type": "Point", "coordinates": [18.92, 52.61]}}, {"type": "Feature", "id": "http://w3id.org/bb5kbc/site_377_geom", "name": "", "dateprops": [], "properties": {"http://fuzzy-sl.squirrel.link/ontology/hasPointType": ["https://fuzzy-sl.wikibase.cloud/entity/Q126"], "http://rdfs.org/ns/void#inDataset": ["http://w3id.org/bb5kbc/Brandenburg_5000_BC_Data"], "http://www.opengis.net/ont/geosparql#asWKT": ["POINT(12.31 52.87)"], "http://www.w3.org/1999/02/22-rdf-syntax-ns#type": ["http://www.opengis.net/ont/sf#Point"]}, "geometry": {"type": "Point", "coordinates": [12.31, 52.87]}}, {"type": "Feature", "id": "http://w3id.org/bb5kbc/site_532_geom", "name": "", "dateprops": [], "properties": {"http://fuzzy-sl.squirrel.link/ontology/hasPointType": ["https://fuzzy-sl.wikibase.cloud/entity/Q126"], "http://rdfs.org/ns/void#inDataset": ["http://w3id.org/bb5kbc/Brandenburg_5000_BC_Data"], "http://www.opengis.net/ont/geosparql#asWKT": ["POINT(18.31 52.74)"], "http://www.w3.org/1999/02/22-rdf-syntax-ns#type": ["http://www.opengis.net/ont/sf#Point"]}, "geometry": {"type": "Point", "coordinates": [18.31, 52.74]}}, {"type": "Feature", "id": "http://w3id.org/bb5kbc/site_323_geom", "name": "", "dateprops": [], "properties": {"http://fuzzy-sl.squirrel.link/ontology/hasPointType": ["https://fuzzy-sl.wikibase.cloud/entity/Q126"], "http://rdfs.org/ns/void#inDataset": ["http://w3id.org/bb5kbc/Brandenburg_5000_BC_Data"], "http://www.opengis.net/ont/geosparql#asWKT": ["POINT(13.85 52.03)"], "http://www.w3.org/1999/02/22-rdf-syntax-ns#type": ["http://www.opengis.net/ont/sf#Point"]}, "geometry": {"type": "Point", "coordinates": [13.85, 52.03]}}, {"type": "Feature", "id": "http://w3id.org/bb5kbc/site_427_geom", "name": "", "dateprops": [], "properties": {"http://fuzzy-sl.squirrel.link/ontology/hasPointType": ["https://fuzzy-sl.wikibase.cloud/entity/Q126"], "http://rdfs.org/ns/void#inDataset": ["http://w3id.org/bb5kbc/Brandenburg_5000_BC_Data"], "http://www.opengis.net/ont/geosparql#asWKT": ["POINT(12.97 52.23)"], "http://www.w3.org/1999/02/22-rdf-syntax-ns#type": ["http://www.opengis.net/ont/sf#Point"]}, "geometry": {"type": "Point", "coordinates": [12.97, 52.23]}}, {"type": "Feature", "id": "http://w3id.org/bb5kbc/site_442_geom", "name": "", "dateprops": [], "properties": {"http://fuzzy-sl.squirrel.link/ontology/hasPointType": ["https://fuzzy-sl.wikibase.cloud/entity/Q126"], "http://rdfs.org/ns/void#inDataset": ["http://w3id.org/bb5kbc/Brandenburg_5000_BC_Data"], "http://www.opengis.net/ont/geosparql#asWKT": ["POINT(11.56 53.07)"], "http://www.w3.org/1999/02/22-rdf-syntax-ns#type": ["http://www.opengis.net/ont/sf#Point"]}, "geometry": {"type": "Point", "coordinates": [11.56, 53.07]}}, {"type": "Feature", "id": "http://w3id.org/bb5kbc/site_69_geom", "name": "", "dateprops": [], "properties": {"http://fuzzy-sl.squirrel.link/ontology/hasPointType": ["https://fuzzy-sl.wikibase.cloud/entity/Q126"], "http://rdfs.org/ns/void#inDataset": ["http://w3id.org/bb5kbc/Brandenburg_5000_BC_Data"], "http://www.opengis.net/ont/geosparql#asWKT": ["POINT(14.02 53.22)"], "http://www.w3.org/1999/02/22-rdf-syntax-ns#type": ["http://www.opengis.net/ont/sf#Point"]}, "geometry": {"type": "Point", "coordinates": [14.02, 53.22]}}, {"type": "Feature", "id": "http://w3id.org/bb5kbc/site_89_geom", "name": "", "dateprops": [], "properties": {"http://fuzzy-sl.squirrel.link/ontology/hasPointType": ["https://fuzzy-sl.wikibase.cloud/entity/Q126"], "http://rdfs.org/ns/void#inDataset": ["http://w3id.org/bb5kbc/Brandenburg_5000_BC_Data"], "http://www.opengis.net/ont/geosparql#asWKT": ["POINT(14.53 51.37)"], "http://www.w3.org/1999/02/22-rdf-syntax-ns#type": ["http://www.opengis.net/ont/sf#Point"]}, "geometry": {"type": "Point", "coordinates": [14.53, 51.37]}}, {"type": "Feature", "id": "http://w3id.org/bb5kbc/site_327_geom", "name": "", "dateprops": [], "properties": {"http://fuzzy-sl.squirrel.link/ontology/hasPointType": ["https://fuzzy-sl.wikibase.cloud/entity/Q126"], "http://rdfs.org/ns/void#inDataset": ["http://w3id.org/bb5kbc/Brandenburg_5000_BC_Data"], "http://www.opengis.net/ont/geosparql#asWKT": ["POINT(13.22 51.83)"], "http://www.w3.org/1999/02/22-rdf-syntax-ns#type": ["http://www.opengis.net/ont/sf#Point"]}, "geometry": {"type": "Point", "coordinates": [13.22, 51.83]}}, {"type": "Feature", "id": "http://w3id.org/bb5kbc/site_226_geom", "name": "", "dateprops": [], "properties": {"http://fuzzy-sl.squirrel.link/ontology/hasPointType": ["https://fuzzy-sl.wikibase.cloud/entity/Q126"], "http://rdfs.org/ns/void#inDataset": ["http://w3id.org/bb5kbc/Brandenburg_5000_BC_Data"], "http://www.opengis.net/ont/geosparql#asWKT": ["POINT(18.98 52.6)"], "http://www.w3.org/1999/02/22-rdf-syntax-ns#type": ["http://www.opengis.net/ont/sf#Point"]}, "geometry": {"type": "Point", "coordinates": [18.98, 52.6]}}, {"type": "Feature", "id": "http://w3id.org/bb5kbc/site_86_geom", "name": "", "dateprops": [], "properties": {"http://fuzzy-sl.squirrel.link/ontology/hasPointType": ["https://fuzzy-sl.wikibase.cloud/entity/Q126"], "http://rdfs.org/ns/void#inDataset": ["http://w3id.org/bb5kbc/Brandenburg_5000_BC_Data"], "http://www.opengis.net/ont/geosparql#asWKT": ["POINT(14.52 51.8)"], "http://www.w3.org/1999/02/22-rdf-syntax-ns#type": ["http://www.opengis.net/ont/sf#Point"]}, "geometry": {"type": "Point", "coordinates": [14.52, 51.8]}}, {"type": "Feature", "id": "http://w3id.org/bb5kbc/site_170_geom", "name": "", "dateprops": [], "properties": {"http://fuzzy-sl.squirrel.link/ontology/hasPointType": ["https://fuzzy-sl.wikibase.cloud/entity/Q126"], "http://rdfs.org/ns/void#inDataset": ["http://w3id.org/bb5kbc/Brandenburg_5000_BC_Data"], "http://www.opengis.net/ont/geosparql#asWKT": ["POINT(17.84 50.12)"], "http://www.w3.org/1999/02/22-rdf-syntax-ns#type": ["http://www.opengis.net/ont/sf#Point"]}, "geometry": {"type": "Point", "coordinates": [17.84, 50.12]}}, {"type": "Feature", "id": "http://w3id.org/bb5kbc/site_354_geom", "name": "", "dateprops": [], "properties": {"http://fuzzy-sl.squirrel.link/ontology/hasPointType": ["https://fuzzy-sl.wikibase.cloud/entity/Q126"], "http://rdfs.org/ns/void#inDataset": ["http://w3id.org/bb5kbc/Brandenburg_5000_BC_Data"], "http://www.opengis.net/ont/geosparql#asWKT": ["POINT(13.32 52.95)"], "http://www.w3.org/1999/02/22-rdf-syntax-ns#type": ["http://www.opengis.net/ont/sf#Point"]}, "geometry": {"type": "Point", "coordinates": [13.32, 52.95]}}, {"type": "Feature", "id": "http://w3id.org/bb5kbc/site_500_geom", "name": "", "dateprops": [], "properties": {"http://fuzzy-sl.squirrel.link/ontology/hasPointType": ["https://fuzzy-sl.wikibase.cloud/entity/Q126"], "http://rdfs.org/ns/void#inDataset": ["http://w3id.org/bb5kbc/Brandenburg_5000_BC_Data"], "http://www.opengis.net/ont/geosparql#asWKT": ["POINT(13.53 52.99)"], "http://www.w3.org/1999/02/22-rdf-syntax-ns#type": ["http://www.opengis.net/ont/sf#Point"]}, "geometry": {"type": "Point", "coordinates": [13.53, 52.99]}}, {"type": "Feature", "id": "http://w3id.org/bb5kbc/site_523_geom", "name": "", "dateprops": [], "properties": {"http://fuzzy-sl.squirrel.link/ontology/hasPointType": ["https://fuzzy-sl.wikibase.cloud/entity/Q126"], "http://rdfs.org/ns/void#inDataset": ["http://w3id.org/bb5kbc/Brandenburg_5000_BC_Data"], "http://www.opengis.net/ont/geosparql#asWKT": ["POINT(17.75 52.74)"], "http://www.w3.org/1999/02/22-rdf-syntax-ns#type": ["http://www.opengis.net/ont/sf#Point"]}, "geometry": {"type": "Point", "coordinates": [17.75, 52.74]}}, {"type": "Feature", "id": "http://w3id.org/bb5kbc/site_338_geom", "name": "", "dateprops": [], "properties": {"http://fuzzy-sl.squirrel.link/ontology/hasPointType": ["https://fuzzy-sl.wikibase.cloud/entity/Q126"], "http://rdfs.org/ns/void#inDataset": ["http://w3id.org/bb5kbc/Brandenburg_5000_BC_Data"], "http://www.opengis.net/ont/geosparql#asWKT": ["POINT(12.34 52.6)"], "http://www.w3.org/1999/02/22-rdf-syntax-ns#type": ["http://www.opengis.net/ont/sf#Point"]}, "geometry": {"type": "Point", "coordinates": [12.34, 52.6]}}, {"type": "Feature", "id": "http://w3id.org/bb5kbc/site_1_geom", "name": "", "dateprops": [], "properties": {"http://fuzzy-sl.squirrel.link/ontology/hasPointType": ["https://fuzzy-sl.wikibase.cloud/entity/Q126"], "http://rdfs.org/ns/void#inDataset": ["http://w3id.org/bb5kbc/Brandenburg_5000_BC_Data"], "http://www.opengis.net/ont/geosparql#asWKT": ["POINT(10.58 51.03)"], "http://www.w3.org/1999/02/22-rdf-syntax-ns#type": ["http://www.opengis.net/ont/sf#Point"]}, "geometry": {"type": "Point", "coordinates": [10.58, 51.03]}}, {"type": "Feature", "id": "http://w3id.org/bb5kbc/site_460_geom", "name": "", "dateprops": [], "properties": {"http://fuzzy-sl.squirrel.link/ontology/hasPointType": ["https://fuzzy-sl.wikibase.cloud/entity/Q126"], "http://rdfs.org/ns/void#inDataset": ["http://w3id.org/bb5kbc/Brandenburg_5000_BC_Data"], "http://www.opengis.net/ont/geosparql#asWKT": ["POINT(13.14 52.23)"], "http://www.w3.org/1999/02/22-rdf-syntax-ns#type": ["http://www.opengis.net/ont/sf#Point"]}, "geometry": {"type": "Point", "coordinates": [13.14, 52.23]}}, {"type": "Feature", "id": "http://w3id.org/bb5kbc/site_210_geom", "name": "", "dateprops": [], "properties": {"http://fuzzy-sl.squirrel.link/ontology/hasPointType": ["https://fuzzy-sl.wikibase.cloud/entity/Q126"], "http://rdfs.org/ns/void#inDataset": ["http://w3id.org/bb5kbc/Brandenburg_5000_BC_Data"], "http://www.opengis.net/ont/geosparql#asWKT": ["POINT(18.9 52.62)"], "http://www.w3.org/1999/02/22-rdf-syntax-ns#type": ["http://www.opengis.net/ont/sf#Point"]}, "geometry": {"type": "Point", "coordinates": [18.9, 52.62]}}, {"type": "Feature", "id": "http://w3id.org/bb5kbc/site_83_geom", "name": "", "dateprops": [], "properties": {"http://fuzzy-sl.squirrel.link/ontology/hasPointType": ["https://fuzzy-sl.wikibase.cloud/entity/Q126"], "http://rdfs.org/ns/void#inDataset": ["http://w3id.org/bb5kbc/Brandenburg_5000_BC_Data"], "http://www.opengis.net/ont/geosparql#asWKT": ["POINT(14.46 52.44)"], "http://www.w3.org/1999/02/22-rdf-syntax-ns#type": ["http://www.opengis.net/ont/sf#Point"]}, "geometry": {"type": "Point", "coordinates": [14.46, 52.44]}}, {"type": "Feature", "id": "http://w3id.org/bb5kbc/site_53_geom", "name": "", "dateprops": [], "properties": {"http://fuzzy-sl.squirrel.link/ontology/hasPointType": ["https://fuzzy-sl.wikibase.cloud/entity/Q126"], "http://rdfs.org/ns/void#inDataset": ["http://w3id.org/bb5kbc/Brandenburg_5000_BC_Data"], "http://www.opengis.net/ont/geosparql#asWKT": ["POINT(13.66 51.85)"], "http://www.w3.org/1999/02/22-rdf-syntax-ns#type": ["http://www.opengis.net/ont/sf#Point"]}, "geometry": {"type": "Point", "coordinates": [13.66, 51.85]}}, {"type": "Feature", "id": "http://w3id.org/bb5kbc/site_172_geom", "name": "", "dateprops": [], "properties": {"http://fuzzy-sl.squirrel.link/ontology/hasPointType": ["https://fuzzy-sl.wikibase.cloud/entity/Q126"], "http://rdfs.org/ns/void#inDataset": ["http://w3id.org/bb5kbc/Brandenburg_5000_BC_Data"], "http://www.opengis.net/ont/geosparql#asWKT": ["POINT(17.89 52.32)"], "http://www.w3.org/1999/02/22-rdf-syntax-ns#type": ["http://www.opengis.net/ont/sf#Point"]}, "geometry": {"type": "Point", "coordinates": [17.89, 52.32]}}, {"type": "Feature", "id": "http://w3id.org/bb5kbc/site_351_geom", "name": "", "dateprops": [], "properties": {"http://fuzzy-sl.squirrel.link/ontology/hasPointType": ["https://fuzzy-sl.wikibase.cloud/entity/Q126"], "http://rdfs.org/ns/void#inDataset": ["http://w3id.org/bb5kbc/Brandenburg_5000_BC_Data"], "http://www.opengis.net/ont/geosparql#asWKT": ["POINT(14.39 52.51)"], "http://www.w3.org/1999/02/22-rdf-syntax-ns#type": ["http://www.opengis.net/ont/sf#Point"]}, "geometry": {"type": "Point", "coordinates": [14.39, 52.51]}}, {"type": "Feature", "id": "http://w3id.org/bb5kbc/site_151_geom", "name": "", "dateprops": [], "properties": {"http://fuzzy-sl.squirrel.link/ontology/hasPointType": ["https://fuzzy-sl.wikibase.cloud/entity/Q126"], "http://rdfs.org/ns/void#inDataset": ["http://w3id.org/bb5kbc/Brandenburg_5000_BC_Data"], "http://www.opengis.net/ont/geosparql#asWKT": ["POINT(16.68 51.26)"], "http://www.w3.org/1999/02/22-rdf-syntax-ns#type": ["http://www.opengis.net/ont/sf#Point"]}, "geometry": {"type": "Point", "coordinates": [16.68, 51.26]}}, {"type": "Feature", "id": "http://w3id.org/bb5kbc/site_434_geom", "name": "", "dateprops": [], "properties": {"http://fuzzy-sl.squirrel.link/ontology/hasPointType": ["https://fuzzy-sl.wikibase.cloud/entity/Q126"], "http://rdfs.org/ns/void#inDataset": ["http://w3id.org/bb5kbc/Brandenburg_5000_BC_Data"], "http://www.opengis.net/ont/geosparql#asWKT": ["POINT(11.5 53.1)"], "http://www.w3.org/1999/02/22-rdf-syntax-ns#type": ["http://www.opengis.net/ont/sf#Point"]}, "geometry": {"type": "Point", "coordinates": [11.5, 53.1]}}, {"type": "Feature", "id": "http://w3id.org/bb5kbc/site_388_geom", "name": "", "dateprops": [], "properties": {"http://fuzzy-sl.squirrel.link/ontology/hasPointType": ["https://fuzzy-sl.wikibase.cloud/entity/Q126"], "http://rdfs.org/ns/void#inDataset": ["http://w3id.org/bb5kbc/Brandenburg_5000_BC_Data"], "http://www.opengis.net/ont/geosparql#asWKT": ["POINT(12.89 52.84)"], "http://www.w3.org/1999/02/22-rdf-syntax-ns#type": ["http://www.opengis.net/ont/sf#Point"]}, "geometry": {"type": "Point", "coordinates": [12.89, 52.84]}}, {"type": "Feature", "id": "http://w3id.org/bb5kbc/site_446_geom", "name": "", "dateprops": [], "properties": {"http://fuzzy-sl.squirrel.link/ontology/hasPointType": ["https://fuzzy-sl.wikibase.cloud/entity/Q126"], "http://rdfs.org/ns/void#inDataset": ["http://w3id.org/bb5kbc/Brandenburg_5000_BC_Data"], "http://www.opengis.net/ont/geosparql#asWKT": ["POINT(13.38 52.32)"], "http://www.w3.org/1999/02/22-rdf-syntax-ns#type": ["http://www.opengis.net/ont/sf#Point"]}, "geometry": {"type": "Point", "coordinates": [13.38, 52.32]}}, {"type": "Feature", "id": "http://w3id.org/bb5kbc/site_50_geom", "name": "", "dateprops": [], "properties": {"http://fuzzy-sl.squirrel.link/ontology/hasPointType": ["https://fuzzy-sl.wikibase.cloud/entity/Q126"], "http://rdfs.org/ns/void#inDataset": ["http://w3id.org/bb5kbc/Brandenburg_5000_BC_Data"], "http://www.opengis.net/ont/geosparql#asWKT": ["POINT(13.56 52.25)"], "http://www.w3.org/1999/02/22-rdf-syntax-ns#type": ["http://www.opengis.net/ont/sf#Point"]}, "geometry": {"type": "Point", "coordinates": [13.56, 52.25]}}, {"type": "Feature", "id": "http://w3id.org/bb5kbc/site_399_geom", "name": "", "dateprops": [], "properties": {"http://fuzzy-sl.squirrel.link/ontology/hasPointType": ["https://fuzzy-sl.wikibase.cloud/entity/Q126"], "http://rdfs.org/ns/void#inDataset": ["http://w3id.org/bb5kbc/Brandenburg_5000_BC_Data"], "http://www.opengis.net/ont/geosparql#asWKT": ["POINT(13.08 52.38)"], "http://www.w3.org/1999/02/22-rdf-syntax-ns#type": ["http://www.opengis.net/ont/sf#Point"]}, "geometry": {"type": "Point", "coordinates": [13.08, 52.38]}}, {"type": "Feature", "id": "http://w3id.org/bb5kbc/site_464_geom", "name": "", "dateprops": [], "properties": {"http://fuzzy-sl.squirrel.link/ontology/hasPointType": ["https://fuzzy-sl.wikibase.cloud/entity/Q126"], "http://rdfs.org/ns/void#inDataset": ["http://w3id.org/bb5kbc/Brandenburg_5000_BC_Data"], "http://www.opengis.net/ont/geosparql#asWKT": ["POINT(14.01 53.02)"], "http://www.w3.org/1999/02/22-rdf-syntax-ns#type": ["http://www.opengis.net/ont/sf#Point"]}, "geometry": {"type": "Point", "coordinates": [14.01, 53.02]}}, {"type": "Feature", "id": "http://w3id.org/bb5kbc/site_564_geom", "name": "", "dateprops": [], "properties": {"http://fuzzy-sl.squirrel.link/ontology/hasPointType": ["https://fuzzy-sl.wikibase.cloud/entity/Q126"], "http://rdfs.org/ns/void#inDataset": ["http://w3id.org/bb5kbc/Brandenburg_5000_BC_Data"], "http://www.opengis.net/ont/geosparql#asWKT": ["POINT(13.94 52.39)"], "http://www.w3.org/1999/02/22-rdf-syntax-ns#type": ["http://www.opengis.net/ont/sf#Point"]}, "geometry": {"type": "Point", "coordinates": [13.94, 52.39]}}, {"type": "Feature", "id": "http://w3id.org/bb5kbc/site_321_geom", "name": "", "dateprops": [], "properties": {"http://fuzzy-sl.squirrel.link/ontology/hasPointType": ["https://fuzzy-sl.wikibase.cloud/entity/Q126"], "http://rdfs.org/ns/void#inDataset": ["http://w3id.org/bb5kbc/Brandenburg_5000_BC_Data"], "http://www.opengis.net/ont/geosparql#asWKT": ["POINT(13.55 52.27)"], "http://www.w3.org/1999/02/22-rdf-syntax-ns#type": ["http://www.opengis.net/ont/sf#Point"]}, "geometry": {"type": "Point", "coordinates": [13.55, 52.27]}}, {"type": "Feature", "id": "http://w3id.org/bb5kbc/site_422_geom", "name": "", "dateprops": [], "properties": {"http://fuzzy-sl.squirrel.link/ontology/hasPointType": ["https://fuzzy-sl.wikibase.cloud/entity/Q126"], "http://rdfs.org/ns/void#inDataset": ["http://w3id.org/bb5kbc/Brandenburg_5000_BC_Data"], "http://www.opengis.net/ont/geosparql#asWKT": ["POINT(12.88 52.12)"], "http://www.w3.org/1999/02/22-rdf-syntax-ns#type": ["http://www.opengis.net/ont/sf#Point"]}, "geometry": {"type": "Point", "coordinates": [12.88, 52.12]}}, {"type": "Feature", "id": "http://w3id.org/bb5kbc/site_35_geom", "name": "", "dateprops": [], "properties": {"http://fuzzy-sl.squirrel.link/ontology/hasPointType": ["https://fuzzy-sl.wikibase.cloud/entity/Q126"], "http://rdfs.org/ns/void#inDataset": ["http://w3id.org/bb5kbc/Brandenburg_5000_BC_Data"], "http://www.opengis.net/ont/geosparql#asWKT": ["POINT(12.9 51.67)"], "http://www.w3.org/1999/02/22-rdf-syntax-ns#type": ["http://www.opengis.net/ont/sf#Point"]}, "geometry": {"type": "Point", "coordinates": [12.9, 51.67]}}, {"type": "Feature", "id": "http://w3id.org/bb5kbc/site_224_geom", "name": "", "dateprops": [], "properties": {"http://fuzzy-sl.squirrel.link/ontology/hasPointType": ["https://fuzzy-sl.wikibase.cloud/entity/Q126"], "http://rdfs.org/ns/void#inDataset": ["http://w3id.org/bb5kbc/Brandenburg_5000_BC_Data"], "http://www.opengis.net/ont/geosparql#asWKT": ["POINT(18.98 52.6)"], "http://www.w3.org/1999/02/22-rdf-syntax-ns#type": ["http://www.opengis.net/ont/sf#Point"]}, "geometry": {"type": "Point", "coordinates": [18.98, 52.6]}}, {"type": "Feature", "id": "http://w3id.org/bb5kbc/site_492_geom", "name": "", "dateprops": [], "properties": {"http://fuzzy-sl.squirrel.link/ontology/hasPointType": ["https://fuzzy-sl.wikibase.cloud/entity/Q126"], "http://rdfs.org/ns/void#inDataset": ["http://w3id.org/bb5kbc/Brandenburg_5000_BC_Data"], "http://www.opengis.net/ont/geosparql#asWKT": ["POINT(14.05 53.02)"], "http://www.w3.org/1999/02/22-rdf-syntax-ns#type": ["http://www.opengis.net/ont/sf#Point"]}, "geometry": {"type": "Point", "coordinates": [14.05, 53.02]}}, {"type": "Feature", "id": "http://w3id.org/bb5kbc/site_530_geom", "name": "", "dateprops": [], "properties": {"http://fuzzy-sl.squirrel.link/ontology/hasPointType": ["https://fuzzy-sl.wikibase.cloud/entity/Q126"], "http://rdfs.org/ns/void#inDataset": ["http://w3id.org/bb5kbc/Brandenburg_5000_BC_Data"], "http://www.opengis.net/ont/geosparql#asWKT": ["POINT(18.25 52.69)"], "http://www.w3.org/1999/02/22-rdf-syntax-ns#type": ["http://www.opengis.net/ont/sf#Point"]}, "geometry": {"type": "Point", "coordinates": [18.25, 52.69]}}, {"type": "Feature", "id": "http://w3id.org/bb5kbc/site_529_geom", "name": "", "dateprops": [], "properties": {"http://fuzzy-sl.squirrel.link/ontology/hasPointType": ["https://fuzzy-sl.wikibase.cloud/entity/Q126"], "http://rdfs.org/ns/void#inDataset": ["http://w3id.org/bb5kbc/Brandenburg_5000_BC_Data"], "http://www.opengis.net/ont/geosparql#asWKT": ["POINT(18.28 52.64)"], "http://www.w3.org/1999/02/22-rdf-syntax-ns#type": ["http://www.opengis.net/ont/sf#Point"]}, "geometry": {"type": "Point", "coordinates": [18.28, 52.64]}}, {"type": "Feature", "id": "http://w3id.org/bb5kbc/site_571_geom", "name": "", "dateprops": [], "properties": {"http://fuzzy-sl.squirrel.link/ontology/hasPointType": ["https://fuzzy-sl.wikibase.cloud/entity/Q126"], "http://rdfs.org/ns/void#inDataset": ["http://w3id.org/bb5kbc/Brandenburg_5000_BC_Data"], "http://www.opengis.net/ont/geosparql#asWKT": ["POINT(13.89 52.09)"], "http://www.w3.org/1999/02/22-rdf-syntax-ns#type": ["http://www.opengis.net/ont/sf#Point"]}, "geometry": {"type": "Point", "coordinates": [13.89, 52.09]}}, {"type": "Feature", "id": "http://w3id.org/bb5kbc/site_476_geom", "name": "", "dateprops": [], "properties": {"http://fuzzy-sl.squirrel.link/ontology/hasPointType": ["https://fuzzy-sl.wikibase.cloud/entity/Q126"], "http://rdfs.org/ns/void#inDataset": ["http://w3id.org/bb5kbc/Brandenburg_5000_BC_Data"], "http://www.opengis.net/ont/geosparql#asWKT": ["POINT(13.98 52.98)"], "http://www.w3.org/1999/02/22-rdf-syntax-ns#type": ["http://www.opengis.net/ont/sf#Point"]}, "geometry": {"type": "Point", "coordinates": [13.98, 52.98]}}, {"type": "Feature", "id": "http://w3id.org/bb5kbc/site_486_geom", "name": "", "dateprops": [], "properties": {"http://fuzzy-sl.squirrel.link/ontology/hasPointType": ["https://fuzzy-sl.wikibase.cloud/entity/Q126"], "http://rdfs.org/ns/void#inDataset": ["http://w3id.org/bb5kbc/Brandenburg_5000_BC_Data"], "http://www.opengis.net/ont/geosparql#asWKT": ["POINT(13.53 53.14)"], "http://www.w3.org/1999/02/22-rdf-syntax-ns#type": ["http://www.opengis.net/ont/sf#Point"]}, "geometry": {"type": "Point", "coordinates": [13.53, 53.14]}}, {"type": "Feature", "id": "http://w3id.org/bb5kbc/site_103_geom", "name": "", "dateprops": [], "properties": {"http://fuzzy-sl.squirrel.link/ontology/hasPointType": ["https://fuzzy-sl.wikibase.cloud/entity/Q126"], "http://rdfs.org/ns/void#inDataset": ["http://w3id.org/bb5kbc/Brandenburg_5000_BC_Data"], "http://www.opengis.net/ont/geosparql#asWKT": ["POINT(14.85 53.13)"], "http://www.w3.org/1999/02/22-rdf-syntax-ns#type": ["http://www.opengis.net/ont/sf#Point"]}, "geometry": {"type": "Point", "coordinates": [14.85, 53.13]}}, {"type": "Feature", "id": "http://w3id.org/bb5kbc/site_260_geom", "name": "", "dateprops": [], "properties": {"http://fuzzy-sl.squirrel.link/ontology/hasPointType": ["https://fuzzy-sl.wikibase.cloud/entity/Q126"], "http://rdfs.org/ns/void#inDataset": ["http://w3id.org/bb5kbc/Brandenburg_5000_BC_Data"], "http://www.opengis.net/ont/geosparql#asWKT": ["POINT(12.54 52.75)"], "http://www.w3.org/1999/02/22-rdf-syntax-ns#type": ["http://www.opengis.net/ont/sf#Point"]}, "geometry": {"type": "Point", "coordinates": [12.54, 52.75]}}, {"type": "Feature", "id": "http://w3id.org/bb5kbc/site_275_geom", "name": "", "dateprops": [], "properties": {"http://fuzzy-sl.squirrel.link/ontology/hasPointType": ["https://fuzzy-sl.wikibase.cloud/entity/Q126"], "http://rdfs.org/ns/void#inDataset": ["http://w3id.org/bb5kbc/Brandenburg_5000_BC_Data"], "http://www.opengis.net/ont/geosparql#asWKT": ["POINT(12.95 52.56)"], "http://www.w3.org/1999/02/22-rdf-syntax-ns#type": ["http://www.opengis.net/ont/sf#Point"]}, "geometry": {"type": "Point", "coordinates": [12.95, 52.56]}}, {"type": "Feature", "id": "http://w3id.org/bb5kbc/site_17_geom", "name": "", "dateprops": [], "properties": {"http://fuzzy-sl.squirrel.link/ontology/hasPointType": ["https://fuzzy-sl.wikibase.cloud/entity/Q126"], "http://rdfs.org/ns/void#inDataset": ["http://w3id.org/bb5kbc/Brandenburg_5000_BC_Data"], "http://www.opengis.net/ont/geosparql#asWKT": ["POINT(11.68 52.11)"], "http://www.w3.org/1999/02/22-rdf-syntax-ns#type": ["http://www.opengis.net/ont/sf#Point"]}, "geometry": {"type": "Point", "coordinates": [11.68, 52.11]}}, {"type": "Feature", "id": "http://w3id.org/bb5kbc/site_159_geom", "name": "", "dateprops": [], "properties": {"http://fuzzy-sl.squirrel.link/ontology/hasPointType": ["https://fuzzy-sl.wikibase.cloud/entity/Q126"], "http://rdfs.org/ns/void#inDataset": ["http://w3id.org/bb5kbc/Brandenburg_5000_BC_Data"], "http://www.opengis.net/ont/geosparql#asWKT": ["POINT(16.87 50.86)"], "http://www.w3.org/1999/02/22-rdf-syntax-ns#type": ["http://www.opengis.net/ont/sf#Point"]}, "geometry": {"type": "Point", "coordinates": [16.87, 50.86]}}, {"type": "Feature", "id": "http://w3id.org/bb5kbc/site_390_geom", "name": "", "dateprops": [], "properties": {"http://fuzzy-sl.squirrel.link/ontology/hasPointType": ["https://fuzzy-sl.wikibase.cloud/entity/Q126"], "http://rdfs.org/ns/void#inDataset": ["http://w3id.org/bb5kbc/Brandenburg_5000_BC_Data"], "http://www.opengis.net/ont/geosparql#asWKT": ["POINT(12.93 52.98)"], "http://www.w3.org/1999/02/22-rdf-syntax-ns#type": ["http://www.opengis.net/ont/sf#Point"]}, "geometry": {"type": "Point", "coordinates": [12.93, 52.98]}}, {"type": "Feature", "id": "http://w3id.org/bb5kbc/site_459_geom", "name": "", "dateprops": [], "properties": {"http://fuzzy-sl.squirrel.link/ontology/hasPointType": ["https://fuzzy-sl.wikibase.cloud/entity/Q126"], "http://rdfs.org/ns/void#inDataset": ["http://w3id.org/bb5kbc/Brandenburg_5000_BC_Data"], "http://www.opengis.net/ont/geosparql#asWKT": ["POINT(13.13 52.24)"], "http://www.w3.org/1999/02/22-rdf-syntax-ns#type": ["http://www.opengis.net/ont/sf#Point"]}, "geometry": {"type": "Point", "coordinates": [13.13, 52.24]}}, {"type": "Feature", "id": "http://w3id.org/bb5kbc/site_549_geom", "name": "", "dateprops": [], "properties": {"http://fuzzy-sl.squirrel.link/ontology/hasPointType": ["https://fuzzy-sl.wikibase.cloud/entity/Q126"], "http://rdfs.org/ns/void#inDataset": ["http://w3id.org/bb5kbc/Brandenburg_5000_BC_Data"], "http://www.opengis.net/ont/geosparql#asWKT": ["POINT(19.01 52.57)"], "http://www.w3.org/1999/02/22-rdf-syntax-ns#type": ["http://www.opengis.net/ont/sf#Point"]}, "geometry": {"type": "Point", "coordinates": [19.01, 52.57]}}, {"type": "Feature", "id": "http://w3id.org/bb5kbc/site_504_geom", "name": "", "dateprops": [], "properties": {"http://fuzzy-sl.squirrel.link/ontology/hasPointType": ["https://fuzzy-sl.wikibase.cloud/entity/Q126"], "http://rdfs.org/ns/void#inDataset": ["http://w3id.org/bb5kbc/Brandenburg_5000_BC_Data"], "http://www.opengis.net/ont/geosparql#asWKT": ["POINT(12.9 52.66)"], "http://www.w3.org/1999/02/22-rdf-syntax-ns#type": ["http://www.opengis.net/ont/sf#Point"]}, "geometry": {"type": "Point", "coordinates": [12.9, 52.66]}}, {"type": "Feature", "id": "http://w3id.org/bb5kbc/site_146_geom", "name": "", "dateprops": [], "properties": {"http://fuzzy-sl.squirrel.link/ontology/hasPointType": ["https://fuzzy-sl.wikibase.cloud/entity/Q126"], "http://rdfs.org/ns/void#inDataset": ["http://w3id.org/bb5kbc/Brandenburg_5000_BC_Data"], "http://www.opengis.net/ont/geosparql#asWKT": ["POINT(16.43 51.41)"], "http://www.w3.org/1999/02/22-rdf-syntax-ns#type": ["http://www.opengis.net/ont/sf#Point"]}, "geometry": {"type": "Point", "coordinates": [16.43, 51.41]}}, {"type": "Feature", "id": "http://w3id.org/bb5kbc/site_289_geom", "name": "", "dateprops": [], "properties": {"http://fuzzy-sl.squirrel.link/ontology/hasPointType": ["https://fuzzy-sl.wikibase.cloud/entity/Q126"], "http://rdfs.org/ns/void#inDataset": ["http://w3id.org/bb5kbc/Brandenburg_5000_BC_Data"], "http://www.opengis.net/ont/geosparql#asWKT": ["POINT(12.95 52.44)"], "http://www.w3.org/1999/02/22-rdf-syntax-ns#type": ["http://www.opengis.net/ont/sf#Point"]}, "geometry": {"type": "Point", "coordinates": [12.95, 52.44]}}, {"type": "Feature", "id": "http://w3id.org/bb5kbc/site_39_geom", "name": "", "dateprops": [], "properties": {"http://fuzzy-sl.squirrel.link/ontology/hasPointType": ["https://fuzzy-sl.wikibase.cloud/entity/Q126"], "http://rdfs.org/ns/void#inDataset": ["http://w3id.org/bb5kbc/Brandenburg_5000_BC_Data"], "http://www.opengis.net/ont/geosparql#asWKT": ["POINT(13.07 51.96)"], "http://www.w3.org/1999/02/22-rdf-syntax-ns#type": ["http://www.opengis.net/ont/sf#Point"]}, "geometry": {"type": "Point", "coordinates": [13.07, 51.96]}}, {"type": "Feature", "id": "http://w3id.org/bb5kbc/site_160_geom", "name": "", "dateprops": [], "properties": {"http://fuzzy-sl.squirrel.link/ontology/hasPointType": ["https://fuzzy-sl.wikibase.cloud/entity/Q126"], "http://rdfs.org/ns/void#inDataset": ["http://w3id.org/bb5kbc/Brandenburg_5000_BC_Data"], "http://www.opengis.net/ont/geosparql#asWKT": ["POINT(16.87 50.86)"], "http://www.w3.org/1999/02/22-rdf-syntax-ns#type": ["http://www.opengis.net/ont/sf#Point"]}, "geometry": {"type": "Point", "coordinates": [16.87, 50.86]}}, {"type": "Feature", "id": "http://w3id.org/bb5kbc/site_29_geom", "name": "", "dateprops": [], "properties": {"http://fuzzy-sl.squirrel.link/ontology/hasPointType": ["https://fuzzy-sl.wikibase.cloud/entity/Q126"], "http://rdfs.org/ns/void#inDataset": ["http://w3id.org/bb5kbc/Brandenburg_5000_BC_Data"], "http://www.opengis.net/ont/geosparql#asWKT": ["POINT(12.11 51.63)"], "http://www.w3.org/1999/02/22-rdf-syntax-ns#type": ["http://www.opengis.net/ont/sf#Point"]}, "geometry": {"type": "Point", "coordinates": [12.11, 51.63]}}, {"type": "Feature", "id": "http://w3id.org/bb5kbc/site_38_geom", "name": "", "dateprops": [], "properties": {"http://fuzzy-sl.squirrel.link/ontology/hasPointType": ["https://fuzzy-sl.wikibase.cloud/entity/Q126"], "http://rdfs.org/ns/void#inDataset": ["http://w3id.org/bb5kbc/Brandenburg_5000_BC_Data"], "http://www.opengis.net/ont/geosparql#asWKT": ["POINT(13.07 51.96)"], "http://www.w3.org/1999/02/22-rdf-syntax-ns#type": ["http://www.opengis.net/ont/sf#Point"]}, "geometry": {"type": "Point", "coordinates": [13.07, 51.96]}}, {"type": "Feature", "id": "http://w3id.org/bb5kbc/site_253_geom", "name": "", "dateprops": [], "properties": {"http://fuzzy-sl.squirrel.link/ontology/hasPointType": ["https://fuzzy-sl.wikibase.cloud/entity/Q126"], "http://rdfs.org/ns/void#inDataset": ["http://w3id.org/bb5kbc/Brandenburg_5000_BC_Data"], "http://www.opengis.net/ont/geosparql#asWKT": ["POINT(14.3 52.17)"], "http://www.w3.org/1999/02/22-rdf-syntax-ns#type": ["http://www.opengis.net/ont/sf#Point"]}, "geometry": {"type": "Point", "coordinates": [14.3, 52.17]}}, {"type": "Feature", "id": "http://w3id.org/bb5kbc/site_407_geom", "name": "", "dateprops": [], "properties": {"http://fuzzy-sl.squirrel.link/ontology/hasPointType": ["https://fuzzy-sl.wikibase.cloud/entity/Q126"], "http://rdfs.org/ns/void#inDataset": ["http://w3id.org/bb5kbc/Brandenburg_5000_BC_Data"], "http://www.opengis.net/ont/geosparql#asWKT": ["POINT(12.91 52.44)"], "http://www.w3.org/1999/02/22-rdf-syntax-ns#type": ["http://www.opengis.net/ont/sf#Point"]}, "geometry": {"type": "Point", "coordinates": [12.91, 52.44]}}, {"type": "Feature", "id": "http://w3id.org/bb5kbc/site_413_geom", "name": "", "dateprops": [], "properties": {"http://fuzzy-sl.squirrel.link/ontology/hasPointType": ["https://fuzzy-sl.wikibase.cloud/entity/Q126"], "http://rdfs.org/ns/void#inDataset": ["http://w3id.org/bb5kbc/Brandenburg_5000_BC_Data"], "http://www.opengis.net/ont/geosparql#asWKT": ["POINT(13.05 52.46)"], "http://www.w3.org/1999/02/22-rdf-syntax-ns#type": ["http://www.opengis.net/ont/sf#Point"]}, "geometry": {"type": "Point", "coordinates": [13.05, 52.46]}}, {"type": "Feature", "id": "http://w3id.org/bb5kbc/site_517_geom", "name": "", "dateprops": [], "properties": {"http://fuzzy-sl.squirrel.link/ontology/hasPointType": ["https://fuzzy-sl.wikibase.cloud/entity/Q126"], "http://rdfs.org/ns/void#inDataset": ["http://w3id.org/bb5kbc/Brandenburg_5000_BC_Data"], "http://www.opengis.net/ont/geosparql#asWKT": ["POINT(18.08 52.79)"], "http://www.w3.org/1999/02/22-rdf-syntax-ns#type": ["http://www.opengis.net/ont/sf#Point"]}, "geometry": {"type": "Point", "coordinates": [18.08, 52.79]}}, {"type": "Feature", "id": "http://w3id.org/bb5kbc/site_126_geom", "name": "", "dateprops": [], "properties": {"http://fuzzy-sl.squirrel.link/ontology/hasPointType": ["https://fuzzy-sl.wikibase.cloud/entity/Q126"], "http://rdfs.org/ns/void#inDataset": ["http://w3id.org/bb5kbc/Brandenburg_5000_BC_Data"], "http://www.opengis.net/ont/geosparql#asWKT": ["POINT(15.82 51.73)"], "http://www.w3.org/1999/02/22-rdf-syntax-ns#type": ["http://www.opengis.net/ont/sf#Point"]}, "geometry": {"type": "Point", "coordinates": [15.82, 51.73]}}, {"type": "Feature", "id": "http://w3id.org/bb5kbc/site_134_geom", "name": "", "dateprops": [], "properties": {"http://fuzzy-sl.squirrel.link/ontology/hasPointType": ["https://fuzzy-sl.wikibase.cloud/entity/Q126"], "http://rdfs.org/ns/void#inDataset": ["http://w3id.org/bb5kbc/Brandenburg_5000_BC_Data"], "http://www.opengis.net/ont/geosparql#asWKT": ["POINT(16.09 51.66)"], "http://www.w3.org/1999/02/22-rdf-syntax-ns#type": ["http://www.opengis.net/ont/sf#Point"]}, "geometry": {"type": "Point", "coordinates": [16.09, 51.66]}}, {"type": "Feature", "id": "http://w3id.org/bb5kbc/site_153_geom", "name": "", "dateprops": [], "properties": {"http://fuzzy-sl.squirrel.link/ontology/hasPointType": ["https://fuzzy-sl.wikibase.cloud/entity/Q126"], "http://rdfs.org/ns/void#inDataset": ["http://w3id.org/bb5kbc/Brandenburg_5000_BC_Data"], "http://www.opengis.net/ont/geosparql#asWKT": ["POINT(16.72 52.07)"], "http://www.w3.org/1999/02/22-rdf-syntax-ns#type": ["http://www.opengis.net/ont/sf#Point"]}, "geometry": {"type": "Point", "coordinates": [16.72, 52.07]}}, {"type": "Feature", "id": "http://w3id.org/bb5kbc/site_512_geom", "name": "", "dateprops": [], "properties": {"http://fuzzy-sl.squirrel.link/ontology/hasPointType": ["https://fuzzy-sl.wikibase.cloud/entity/Q126"], "http://rdfs.org/ns/void#inDataset": ["http://w3id.org/bb5kbc/Brandenburg_5000_BC_Data"], "http://www.opengis.net/ont/geosparql#asWKT": ["POINT(18.49 52.73)"], "http://www.w3.org/1999/02/22-rdf-syntax-ns#type": ["http://www.opengis.net/ont/sf#Point"]}, "geometry": {"type": "Point", "coordinates": [18.49, 52.73]}}, {"type": "Feature", "id": "http://w3id.org/bb5kbc/site_54_geom", "name": "", "dateprops": [], "properties": {"http://fuzzy-sl.squirrel.link/ontology/hasPointType": ["https://fuzzy-sl.wikibase.cloud/entity/Q126"], "http://rdfs.org/ns/void#inDataset": ["http://w3id.org/bb5kbc/Brandenburg_5000_BC_Data"], "http://www.opengis.net/ont/geosparql#asWKT": ["POINT(13.8 51.91)"], "http://www.w3.org/1999/02/22-rdf-syntax-ns#type": ["http://www.opengis.net/ont/sf#Point"]}, "geometry": {"type": "Point", "coordinates": [13.8, 51.91]}}, {"type": "Feature", "id": "http://w3id.org/bb5kbc/site_418_geom", "name": "", "dateprops": [], "properties": {"http://fuzzy-sl.squirrel.link/ontology/hasPointType": ["https://fuzzy-sl.wikibase.cloud/entity/Q126"], "http://rdfs.org/ns/void#inDataset": ["http://w3id.org/bb5kbc/Brandenburg_5000_BC_Data"], "http://www.opengis.net/ont/geosparql#asWKT": ["POINT(12.96 52.46)"], "http://www.w3.org/1999/02/22-rdf-syntax-ns#type": ["http://www.opengis.net/ont/sf#Point"]}, "geometry": {"type": "Point", "coordinates": [12.96, 52.46]}}, {"type": "Feature", "id": "http://w3id.org/bb5kbc/site_292_geom", "name": "", "dateprops": [], "properties": {"http://fuzzy-sl.squirrel.link/ontology/hasPointType": ["https://fuzzy-sl.wikibase.cloud/entity/Q126"], "http://rdfs.org/ns/void#inDataset": ["http://w3id.org/bb5kbc/Brandenburg_5000_BC_Data"], "http://www.opengis.net/ont/geosparql#asWKT": ["POINT(13.05 51.99)"], "http://www.w3.org/1999/02/22-rdf-syntax-ns#type": ["http://www.opengis.net/ont/sf#Point"]}, "geometry": {"type": "Point", "coordinates": [13.05, 51.99]}}, {"type": "Feature", "id": "http://w3id.org/bb5kbc/site_507_geom", "name": "", "dateprops": [], "properties": {"http://fuzzy-sl.squirrel.link/ontology/hasPointType": ["https://fuzzy-sl.wikibase.cloud/entity/Q126"], "http://rdfs.org/ns/void#inDataset": ["http://w3id.org/bb5kbc/Brandenburg_5000_BC_Data"], "http://www.opengis.net/ont/geosparql#asWKT": ["POINT(13.86 52.09)"], "http://www.w3.org/1999/02/22-rdf-syntax-ns#type": ["http://www.opengis.net/ont/sf#Point"]}, "geometry": {"type": "Point", "coordinates": [13.86, 52.09]}}, {"type": "Feature", "id": "http://w3id.org/bb5kbc/site_285_geom", "name": "", "dateprops": [], "properties": {"http://fuzzy-sl.squirrel.link/ontology/hasPointType": ["https://fuzzy-sl.wikibase.cloud/entity/Q126"], "http://rdfs.org/ns/void#inDataset": ["http://w3id.org/bb5kbc/Brandenburg_5000_BC_Data"], "http://www.opengis.net/ont/geosparql#asWKT": ["POINT(13.56 51.44)"], "http://www.w3.org/1999/02/22-rdf-syntax-ns#type": ["http://www.opengis.net/ont/sf#Point"]}, "geometry": {"type": "Point", "coordinates": [13.56, 51.44]}}, {"type": "Feature", "id": "http://w3id.org/bb5kbc/site_433_geom", "name": "", "dateprops": [], "properties": {"http://fuzzy-sl.squirrel.link/ontology/hasPointType": ["https://fuzzy-sl.wikibase.cloud/entity/Q126"], "http://rdfs.org/ns/void#inDataset": ["http://w3id.org/bb5kbc/Brandenburg_5000_BC_Data"], "http://www.opengis.net/ont/geosparql#asWKT": ["POINT(11.62 53.07)"], "http://www.w3.org/1999/02/22-rdf-syntax-ns#type": ["http://www.opengis.net/ont/sf#Point"]}, "geometry": {"type": "Point", "coordinates": [11.62, 53.07]}}, {"type": "Feature", "id": "http://w3id.org/bb5kbc/site_122_geom", "name": "", "dateprops": [], "properties": {"http://fuzzy-sl.squirrel.link/ontology/hasPointType": ["https://fuzzy-sl.wikibase.cloud/entity/Q126"], "http://rdfs.org/ns/void#inDataset": ["http://w3id.org/bb5kbc/Brandenburg_5000_BC_Data"], "http://www.opengis.net/ont/geosparql#asWKT": ["POINT(15.57 52.08)"], "http://www.w3.org/1999/02/22-rdf-syntax-ns#type": ["http://www.opengis.net/ont/sf#Point"]}, "geometry": {"type": "Point", "coordinates": [15.57, 52.08]}}, {"type": "Feature", "id": "http://w3id.org/bb5kbc/site_82_geom", "name": "", "dateprops": [], "properties": {"http://fuzzy-sl.squirrel.link/ontology/hasPointType": ["https://fuzzy-sl.wikibase.cloud/entity/Q126"], "http://rdfs.org/ns/void#inDataset": ["http://w3id.org/bb5kbc/Brandenburg_5000_BC_Data"], "http://www.opengis.net/ont/geosparql#asWKT": ["POINT(14.42 51.8)"], "http://www.w3.org/1999/02/22-rdf-syntax-ns#type": ["http://www.opengis.net/ont/sf#Point"]}, "geometry": {"type": "Point", "coordinates": [14.42, 51.8]}}, {"type": "Feature", "id": "http://w3id.org/bb5kbc/site_256_geom", "name": "", "dateprops": [], "properties": {"http://fuzzy-sl.squirrel.link/ontology/hasPointType": ["https://fuzzy-sl.wikibase.cloud/entity/Q126"], "http://rdfs.org/ns/void#inDataset": ["http://w3id.org/bb5kbc/Brandenburg_5000_BC_Data"], "http://www.opengis.net/ont/geosparql#asWKT": ["POINT(14.11 53.42)"], "http://www.w3.org/1999/02/22-rdf-syntax-ns#type": ["http://www.opengis.net/ont/sf#Point"]}, "geometry": {"type": "Point", "coordinates": [14.11, 53.42]}}, {"type": "Feature", "id": "http://w3id.org/bb5kbc/site_155_geom", "name": "", "dateprops": [], "properties": {"http://fuzzy-sl.squirrel.link/ontology/hasPointType": ["https://fuzzy-sl.wikibase.cloud/entity/Q126"], "http://rdfs.org/ns/void#inDataset": ["http://w3id.org/bb5kbc/Brandenburg_5000_BC_Data"], "http://www.opengis.net/ont/geosparql#asWKT": ["POINT(16.8 50.9)"], "http://www.w3.org/1999/02/22-rdf-syntax-ns#type": ["http://www.opengis.net/ont/sf#Point"]}, "geometry": {"type": "Point", "coordinates": [16.8, 50.9]}}, {"type": "Feature", "id": "http://w3id.org/bb5kbc/site_219_geom", "name": "", "dateprops": [], "properties": {"http://fuzzy-sl.squirrel.link/ontology/hasPointType": ["https://fuzzy-sl.wikibase.cloud/entity/Q126"], "http://rdfs.org/ns/void#inDataset": ["http://w3id.org/bb5kbc/Brandenburg_5000_BC_Data"], "http://www.opengis.net/ont/geosparql#asWKT": ["POINT(18.93 52.6)"], "http://www.w3.org/1999/02/22-rdf-syntax-ns#type": ["http://www.opengis.net/ont/sf#Point"]}, "geometry": {"type": "Point", "coordinates": [18.93, 52.6]}}, {"type": "Feature", "id": "http://w3id.org/bb5kbc/site_186_geom", "name": "", "dateprops": [], "properties": {"http://fuzzy-sl.squirrel.link/ontology/hasPointType": ["https://fuzzy-sl.wikibase.cloud/entity/Q126"], "http://rdfs.org/ns/void#inDataset": ["http://w3id.org/bb5kbc/Brandenburg_5000_BC_Data"], "http://www.opengis.net/ont/geosparql#asWKT": ["POINT(18.78 52.6)"], "http://www.w3.org/1999/02/22-rdf-syntax-ns#type": ["http://www.opengis.net/ont/sf#Point"]}, "geometry": {"type": "Point", "coordinates": [18.78, 52.6]}}, {"type": "Feature", "id": "http://w3id.org/bb5kbc/site_19_geom", "name": "", "dateprops": [], "properties": {"http://fuzzy-sl.squirrel.link/ontology/hasPointType": ["https://fuzzy-sl.wikibase.cloud/entity/Q126"], "http://rdfs.org/ns/void#inDataset": ["http://w3id.org/bb5kbc/Brandenburg_5000_BC_Data"], "http://www.opengis.net/ont/geosparql#asWKT": ["POINT(11.71 51.16)"], "http://www.w3.org/1999/02/22-rdf-syntax-ns#type": ["http://www.opengis.net/ont/sf#Point"]}, "geometry": {"type": "Point", "coordinates": [11.71, 51.16]}}, {"type": "Feature", "id": "http://w3id.org/bb5kbc/site_166_geom", "name": "", "dateprops": [], "properties": {"http://fuzzy-sl.squirrel.link/ontology/hasPointType": ["https://fuzzy-sl.wikibase.cloud/entity/Q126"], "http://rdfs.org/ns/void#inDataset": ["http://w3id.org/bb5kbc/Brandenburg_5000_BC_Data"], "http://www.opengis.net/ont/geosparql#asWKT": ["POINT(17.19 50.97)"], "http://www.w3.org/1999/02/22-rdf-syntax-ns#type": ["http://www.opengis.net/ont/sf#Point"]}, "geometry": {"type": "Point", "coordinates": [17.19, 50.97]}}, {"type": "Feature", "id": "http://w3id.org/bb5kbc/site_417_geom", "name": "", "dateprops": [], "properties": {"http://fuzzy-sl.squirrel.link/ontology/hasPointType": ["https://fuzzy-sl.wikibase.cloud/entity/Q126"], "http://rdfs.org/ns/void#inDataset": ["http://w3id.org/bb5kbc/Brandenburg_5000_BC_Data"], "http://www.opengis.net/ont/geosparql#asWKT": ["POINT(13.14 52.35)"], "http://www.w3.org/1999/02/22-rdf-syntax-ns#type": ["http://www.opengis.net/ont/sf#Point"]}, "geometry": {"type": "Point", "coordinates": [13.14, 52.35]}}, {"type": "Feature", "id": "http://w3id.org/bb5kbc/site_237_geom", "name": "", "dateprops": [], "properties": {"http://fuzzy-sl.squirrel.link/ontology/hasPointType": ["https://fuzzy-sl.wikibase.cloud/entity/Q126"], "http://rdfs.org/ns/void#inDataset": ["http://w3id.org/bb5kbc/Brandenburg_5000_BC_Data"], "http://www.opengis.net/ont/geosparql#asWKT": ["POINT(14.47 53.43)"], "http://www.w3.org/1999/02/22-rdf-syntax-ns#type": ["http://www.opengis.net/ont/sf#Point"]}, "geometry": {"type": "Point", "coordinates": [14.47, 53.43]}}, {"type": "Feature", "id": "http://w3id.org/bb5kbc/site_374_geom", "name": "", "dateprops": [], "properties": {"http://fuzzy-sl.squirrel.link/ontology/hasPointType": ["https://fuzzy-sl.wikibase.cloud/entity/Q126"], "http://rdfs.org/ns/void#inDataset": ["http://w3id.org/bb5kbc/Brandenburg_5000_BC_Data"], "http://www.opengis.net/ont/geosparql#asWKT": ["POINT(12.22 52.91)"], "http://www.w3.org/1999/02/22-rdf-syntax-ns#type": ["http://www.opengis.net/ont/sf#Point"]}, "geometry": {"type": "Point", "coordinates": [12.22, 52.91]}}, {"type": "Feature", "id": "http://w3id.org/bb5kbc/site_465_geom", "name": "", "dateprops": [], "properties": {"http://fuzzy-sl.squirrel.link/ontology/hasPointType": ["https://fuzzy-sl.wikibase.cloud/entity/Q126"], "http://rdfs.org/ns/void#inDataset": ["http://w3id.org/bb5kbc/Brandenburg_5000_BC_Data"], "http://www.opengis.net/ont/geosparql#asWKT": ["POINT(14.05 53.02)"], "http://www.w3.org/1999/02/22-rdf-syntax-ns#type": ["http://www.opengis.net/ont/sf#Point"]}, "geometry": {"type": "Point", "coordinates": [14.05, 53.02]}}, {"type": "Feature", "id": "http://w3id.org/bb5kbc/site_368_geom", "name": "", "dateprops": [], "properties": {"http://fuzzy-sl.squirrel.link/ontology/hasPointType": ["https://fuzzy-sl.wikibase.cloud/entity/Q126"], "http://rdfs.org/ns/void#inDataset": ["http://w3id.org/bb5kbc/Brandenburg_5000_BC_Data"], "http://www.opengis.net/ont/geosparql#asWKT": ["POINT(13.9 52.31)"], "http://www.w3.org/1999/02/22-rdf-syntax-ns#type": ["http://www.opengis.net/ont/sf#Point"]}, "geometry": {"type": "Point", "coordinates": [13.9, 52.31]}}, {"type": "Feature", "id": "http://w3id.org/bb5kbc/site_430_geom", "name": "", "dateprops": [], "properties": {"http://fuzzy-sl.squirrel.link/ontology/hasPointType": ["https://fuzzy-sl.wikibase.cloud/entity/Q126"], "http://rdfs.org/ns/void#inDataset": ["http://w3id.org/bb5kbc/Brandenburg_5000_BC_Data"], "http://www.opengis.net/ont/geosparql#asWKT": ["POINT(12.03 53.24)"], "http://www.w3.org/1999/02/22-rdf-syntax-ns#type": ["http://www.opengis.net/ont/sf#Point"]}, "geometry": {"type": "Point", "coordinates": [12.03, 53.24]}}, {"type": "Feature", "id": "http://w3id.org/bb5kbc/site_195_geom", "name": "", "dateprops": [], "properties": {"http://fuzzy-sl.squirrel.link/ontology/hasPointType": ["https://fuzzy-sl.wikibase.cloud/entity/Q126"], "http://rdfs.org/ns/void#inDataset": ["http://w3id.org/bb5kbc/Brandenburg_5000_BC_Data"], "http://www.opengis.net/ont/geosparql#asWKT": ["POINT(18.8 52.62)"], "http://www.w3.org/1999/02/22-rdf-syntax-ns#type": ["http://www.opengis.net/ont/sf#Point"]}, "geometry": {"type": "Point", "coordinates": [18.8, 52.62]}}, {"type": "Feature", "id": "http://w3id.org/bb5kbc/site_466_geom", "name": "", "dateprops": [], "properties": {"http://fuzzy-sl.squirrel.link/ontology/hasPointType": ["https://fuzzy-sl.wikibase.cloud/entity/Q126"], "http://rdfs.org/ns/void#inDataset": ["http://w3id.org/bb5kbc/Brandenburg_5000_BC_Data"], "http://www.opengis.net/ont/geosparql#asWKT": ["POINT(14.13 53.02)"], "http://www.w3.org/1999/02/22-rdf-syntax-ns#type": ["http://www.opengis.net/ont/sf#Point"]}, "geometry": {"type": "Point", "coordinates": [14.13, 53.02]}}, {"type": "Feature", "id": "http://w3id.org/bb5kbc/site_296_geom", "name": "", "dateprops": [], "properties": {"http://fuzzy-sl.squirrel.link/ontology/hasPointType": ["https://fuzzy-sl.wikibase.cloud/entity/Q126"], "http://rdfs.org/ns/void#inDataset": ["http://w3id.org/bb5kbc/Brandenburg_5000_BC_Data"], "http://www.opengis.net/ont/geosparql#asWKT": ["POINT(12.49 52.4)"], "http://www.w3.org/1999/02/22-rdf-syntax-ns#type": ["http://www.opengis.net/ont/sf#Point"]}, "geometry": {"type": "Point", "coordinates": [12.49, 52.4]}}, {"type": "Feature", "id": "http://w3id.org/bb5kbc/site_45_geom", "name": "", "dateprops": [], "properties": {"http://fuzzy-sl.squirrel.link/ontology/hasPointType": ["https://fuzzy-sl.wikibase.cloud/entity/Q126"], "http://rdfs.org/ns/void#inDataset": ["http://w3id.org/bb5kbc/Brandenburg_5000_BC_Data"], "http://www.opengis.net/ont/geosparql#asWKT": ["POINT(13.09 51.96)"], "http://www.w3.org/1999/02/22-rdf-syntax-ns#type": ["http://www.opengis.net/ont/sf#Point"]}, "geometry": {"type": "Point", "coordinates": [13.09, 51.96]}}, {"type": "Feature", "id": "http://w3id.org/bb5kbc/site_147_geom", "name": "", "dateprops": [], "properties": {"http://fuzzy-sl.squirrel.link/ontology/hasPointType": ["https://fuzzy-sl.wikibase.cloud/entity/Q126"], "http://rdfs.org/ns/void#inDataset": ["http://w3id.org/bb5kbc/Brandenburg_5000_BC_Data"], "http://www.opengis.net/ont/geosparql#asWKT": ["POINT(16.45 51.54)"], "http://www.w3.org/1999/02/22-rdf-syntax-ns#type": ["http://www.opengis.net/ont/sf#Point"]}, "geometry": {"type": "Point", "coordinates": [16.45, 51.54]}}, {"type": "Feature", "id": "http://w3id.org/bb5kbc/site_556_geom", "name": "", "dateprops": [], "properties": {"http://fuzzy-sl.squirrel.link/ontology/hasPointType": ["https://fuzzy-sl.wikibase.cloud/entity/Q126"], "http://rdfs.org/ns/void#inDataset": ["http://w3id.org/bb5kbc/Brandenburg_5000_BC_Data"], "http://www.opengis.net/ont/geosparql#asWKT": ["POINT(14.44 53.42)"], "http://www.w3.org/1999/02/22-rdf-syntax-ns#type": ["http://www.opengis.net/ont/sf#Point"]}, "geometry": {"type": "Point", "coordinates": [14.44, 53.42]}}, {"type": "Feature", "id": "http://w3id.org/bb5kbc/site_299_geom", "name": "", "dateprops": [], "properties": {"http://fuzzy-sl.squirrel.link/ontology/hasPointType": ["https://fuzzy-sl.wikibase.cloud/entity/Q126"], "http://rdfs.org/ns/void#inDataset": ["http://w3id.org/bb5kbc/Brandenburg_5000_BC_Data"], "http://www.opengis.net/ont/geosparql#asWKT": ["POINT(13.07 52.4)"], "http://www.w3.org/1999/02/22-rdf-syntax-ns#type": ["http://www.opengis.net/ont/sf#Point"]}, "geometry": {"type": "Point", "coordinates": [13.07, 52.4]}}, {"type": "Feature", "id": "http://w3id.org/bb5kbc/site_232_geom", "name": "", "dateprops": [], "properties": {"http://fuzzy-sl.squirrel.link/ontology/hasPointType": ["https://fuzzy-sl.wikibase.cloud/entity/Q126"], "http://rdfs.org/ns/void#inDataset": ["http://w3id.org/bb5kbc/Brandenburg_5000_BC_Data"], "http://www.opengis.net/ont/geosparql#asWKT": ["POINT(14.54 52.34)"], "http://www.w3.org/1999/02/22-rdf-syntax-ns#type": ["http://www.opengis.net/ont/sf#Point"]}, "geometry": {"type": "Point", "coordinates": [14.54, 52.34]}}, {"type": "Feature", "id": "http://w3id.org/bb5kbc/site_494_geom", "name": "", "dateprops": [], "properties": {"http://fuzzy-sl.squirrel.link/ontology/hasPointType": ["https://fuzzy-sl.wikibase.cloud/entity/Q126"], "http://rdfs.org/ns/void#inDataset": ["http://w3id.org/bb5kbc/Brandenburg_5000_BC_Data"], "http://www.opengis.net/ont/geosparql#asWKT": ["POINT(14.04 53.19)"], "http://www.w3.org/1999/02/22-rdf-syntax-ns#type": ["http://www.opengis.net/ont/sf#Point"]}, "geometry": {"type": "Point", "coordinates": [14.04, 53.19]}}, {"type": "Feature", "id": "http://w3id.org/bb5kbc/site_258_geom", "name": "", "dateprops": [], "properties": {"http://fuzzy-sl.squirrel.link/ontology/hasPointType": ["https://fuzzy-sl.wikibase.cloud/entity/Q126"], "http://rdfs.org/ns/void#inDataset": ["http://w3id.org/bb5kbc/Brandenburg_5000_BC_Data"], "http://www.opengis.net/ont/geosparql#asWKT": ["POINT(14.16 53.03)"], "http://www.w3.org/1999/02/22-rdf-syntax-ns#type": ["http://www.opengis.net/ont/sf#Point"]}, "geometry": {"type": "Point", "coordinates": [14.16, 53.03]}}, {"type": "Feature", "id": "http://w3id.org/bb5kbc/site_293_geom", "name": "", "dateprops": [], "properties": {"http://fuzzy-sl.squirrel.link/ontology/hasPointType": ["https://fuzzy-sl.wikibase.cloud/entity/Q126"], "http://rdfs.org/ns/void#inDataset": ["http://w3id.org/bb5kbc/Brandenburg_5000_BC_Data"], "http://www.opengis.net/ont/geosparql#asWKT": ["POINT(12.86 52.47)"], "http://www.w3.org/1999/02/22-rdf-syntax-ns#type": ["http://www.opengis.net/ont/sf#Point"]}, "geometry": {"type": "Point", "coordinates": [12.86, 52.47]}}, {"type": "Feature", "id": "http://w3id.org/bb5kbc/site_385_geom", "name": "", "dateprops": [], "properties": {"http://fuzzy-sl.squirrel.link/ontology/hasPointType": ["https://fuzzy-sl.wikibase.cloud/entity/Q126"], "http://rdfs.org/ns/void#inDataset": ["http://w3id.org/bb5kbc/Brandenburg_5000_BC_Data"], "http://www.opengis.net/ont/geosparql#asWKT": ["POINT(12.63 52.87)"], "http://www.w3.org/1999/02/22-rdf-syntax-ns#type": ["http://www.opengis.net/ont/sf#Point"]}, "geometry": {"type": "Point", "coordinates": [12.63, 52.87]}}, {"type": "Feature", "id": "http://w3id.org/bb5kbc/site_342_geom", "name": "", "dateprops": [], "properties": {"http://fuzzy-sl.squirrel.link/ontology/hasPointType": ["https://fuzzy-sl.wikibase.cloud/entity/Q126"], "http://rdfs.org/ns/void#inDataset": ["http://w3id.org/bb5kbc/Brandenburg_5000_BC_Data"], "http://www.opengis.net/ont/geosparql#asWKT": ["POINT(12.27 52.59)"], "http://www.w3.org/1999/02/22-rdf-syntax-ns#type": ["http://www.opengis.net/ont/sf#Point"]}, "geometry": {"type": "Point", "coordinates": [12.27, 52.59]}}, {"type": "Feature", "id": "http://w3id.org/bb5kbc/site_250_geom", "name": "", "dateprops": [], "properties": {"http://fuzzy-sl.squirrel.link/ontology/hasPointType": ["https://fuzzy-sl.wikibase.cloud/entity/Q126"], "http://rdfs.org/ns/void#inDataset": ["http://w3id.org/bb5kbc/Brandenburg_5000_BC_Data"], "http://www.opengis.net/ont/geosparql#asWKT": ["POINT(12.88 52.84)"], "http://www.w3.org/1999/02/22-rdf-syntax-ns#type": ["http://www.opengis.net/ont/sf#Point"]}, "geometry": {"type": "Point", "coordinates": [12.88, 52.84]}}, {"type": "Feature", "id": "http://w3id.org/bb5kbc/site_381_geom", "name": "", "dateprops": [], "properties": {"http://fuzzy-sl.squirrel.link/ontology/hasPointType": ["https://fuzzy-sl.wikibase.cloud/entity/Q126"], "http://rdfs.org/ns/void#inDataset": ["http://w3id.org/bb5kbc/Brandenburg_5000_BC_Data"], "http://www.opengis.net/ont/geosparql#asWKT": ["POINT(12.82 53.02)"], "http://www.w3.org/1999/02/22-rdf-syntax-ns#type": ["http://www.opengis.net/ont/sf#Point"]}, "geometry": {"type": "Point", "coordinates": [12.82, 53.02]}}, {"type": "Feature", "id": "http://w3id.org/bb5kbc/site_506_geom", "name": "", "dateprops": [], "properties": {"http://fuzzy-sl.squirrel.link/ontology/hasPointType": ["https://fuzzy-sl.wikibase.cloud/entity/Q126"], "http://rdfs.org/ns/void#inDataset": ["http://w3id.org/bb5kbc/Brandenburg_5000_BC_Data"], "http://www.opengis.net/ont/geosparql#asWKT": ["POINT(14.19 52.04)"], "http://www.w3.org/1999/02/22-rdf-syntax-ns#type": ["http://www.opengis.net/ont/sf#Point"]}, "geometry": {"type": "Point", "coordinates": [14.19, 52.04]}}, {"type": "Feature", "id": "http://w3id.org/bb5kbc/site_491_geom", "name": "", "dateprops": [], "properties": {"http://fuzzy-sl.squirrel.link/ontology/hasPointType": ["https://fuzzy-sl.wikibase.cloud/entity/Q126"], "http://rdfs.org/ns/void#inDataset": ["http://w3id.org/bb5kbc/Brandenburg_5000_BC_Data"], "http://www.opengis.net/ont/geosparql#asWKT": ["POINT(13.3 53.22)"], "http://www.w3.org/1999/02/22-rdf-syntax-ns#type": ["http://www.opengis.net/ont/sf#Point"]}, "geometry": {"type": "Point", "coordinates": [13.3, 53.22]}}, {"type": "Feature", "id": "http://w3id.org/bb5kbc/site_350_geom", "name": "", "dateprops": [], "properties": {"http://fuzzy-sl.squirrel.link/ontology/hasPointType": ["https://fuzzy-sl.wikibase.cloud/entity/Q126"], "http://rdfs.org/ns/void#inDataset": ["http://w3id.org/bb5kbc/Brandenburg_5000_BC_Data"], "http://www.opengis.net/ont/geosparql#asWKT": ["POINT(14.12 52.56)"], "http://www.w3.org/1999/02/22-rdf-syntax-ns#type": ["http://www.opengis.net/ont/sf#Point"]}, "geometry": {"type": "Point", "coordinates": [14.12, 52.56]}}, {"type": "Feature", "id": "http://w3id.org/bb5kbc/site_450_geom", "name": "", "dateprops": [], "properties": {"http://fuzzy-sl.squirrel.link/ontology/hasPointType": ["https://fuzzy-sl.wikibase.cloud/entity/Q126"], "http://rdfs.org/ns/void#inDataset": ["http://w3id.org/bb5kbc/Brandenburg_5000_BC_Data"], "http://www.opengis.net/ont/geosparql#asWKT": ["POINT(13.44 52.18)"], "http://www.w3.org/1999/02/22-rdf-syntax-ns#type": ["http://www.opengis.net/ont/sf#Point"]}, "geometry": {"type": "Point", "coordinates": [13.44, 52.18]}}, {"type": "Feature", "id": "http://w3id.org/bb5kbc/site_254_geom", "name": "", "dateprops": [], "properties": {"http://fuzzy-sl.squirrel.link/ontology/hasPointType": ["https://fuzzy-sl.wikibase.cloud/entity/Q126"], "http://rdfs.org/ns/void#inDataset": ["http://w3id.org/bb5kbc/Brandenburg_5000_BC_Data"], "http://www.opengis.net/ont/geosparql#asWKT": ["POINT(13.94 53.22)"], "http://www.w3.org/1999/02/22-rdf-syntax-ns#type": ["http://www.opengis.net/ont/sf#Point"]}, "geometry": {"type": "Point", "coordinates": [13.94, 53.22]}}, {"type": "Feature", "id": "http://w3id.org/bb5kbc/site_563_geom", "name": "", "dateprops": [], "properties": {"http://fuzzy-sl.squirrel.link/ontology/hasPointType": ["https://fuzzy-sl.wikibase.cloud/entity/Q126"], "http://rdfs.org/ns/void#inDataset": ["http://w3id.org/bb5kbc/Brandenburg_5000_BC_Data"], "http://www.opengis.net/ont/geosparql#asWKT": ["POINT(13.89 52.1)"], "http://www.w3.org/1999/02/22-rdf-syntax-ns#type": ["http://www.opengis.net/ont/sf#Point"]}, "geometry": {"type": "Point", "coordinates": [13.89, 52.1]}}, {"type": "Feature", "id": "http://w3id.org/bb5kbc/site_421_geom", "name": "", "dateprops": [], "properties": {"http://fuzzy-sl.squirrel.link/ontology/hasPointType": ["https://fuzzy-sl.wikibase.cloud/entity/Q126"], "http://rdfs.org/ns/void#inDataset": ["http://w3id.org/bb5kbc/Brandenburg_5000_BC_Data"], "http://www.opengis.net/ont/geosparql#asWKT": ["POINT(12.87 52.07)"], "http://www.w3.org/1999/02/22-rdf-syntax-ns#type": ["http://www.opengis.net/ont/sf#Point"]}, "geometry": {"type": "Point", "coordinates": [12.87, 52.07]}}, {"type": "Feature", "id": "http://w3id.org/bb5kbc/site_304_geom", "name": "", "dateprops": [], "properties": {"http://fuzzy-sl.squirrel.link/ontology/hasPointType": ["https://fuzzy-sl.wikibase.cloud/entity/Q126"], "http://rdfs.org/ns/void#inDataset": ["http://w3id.org/bb5kbc/Brandenburg_5000_BC_Data"], "http://www.opengis.net/ont/geosparql#asWKT": ["POINT(12.96 52.56)"], "http://www.w3.org/1999/02/22-rdf-syntax-ns#type": ["http://www.opengis.net/ont/sf#Point"]}, "geometry": {"type": "Point", "coordinates": [12.96, 52.56]}}, {"type": "Feature", "id": "http://w3id.org/bb5kbc/site_412_geom", "name": "", "dateprops": [], "properties": {"http://fuzzy-sl.squirrel.link/ontology/hasPointType": ["https://fuzzy-sl.wikibase.cloud/entity/Q126"], "http://rdfs.org/ns/void#inDataset": ["http://w3id.org/bb5kbc/Brandenburg_5000_BC_Data"], "http://www.opengis.net/ont/geosparql#asWKT": ["POINT(12.98 52.37)"], "http://www.w3.org/1999/02/22-rdf-syntax-ns#type": ["http://www.opengis.net/ont/sf#Point"]}, "geometry": {"type": "Point", "coordinates": [12.98, 52.37]}}, {"type": "Feature", "id": "http://w3id.org/bb5kbc/site_238_geom", "name": "", "dateprops": [], "properties": {"http://fuzzy-sl.squirrel.link/ontology/hasPointType": ["https://fuzzy-sl.wikibase.cloud/entity/Q126"], "http://rdfs.org/ns/void#inDataset": ["http://w3id.org/bb5kbc/Brandenburg_5000_BC_Data"], "http://www.opengis.net/ont/geosparql#asWKT": ["POINT(15.06 53.09)"], "http://www.w3.org/1999/02/22-rdf-syntax-ns#type": ["http://www.opengis.net/ont/sf#Point"]}, "geometry": {"type": "Point", "coordinates": [15.06, 53.09]}}, {"type": "Feature", "id": "http://w3id.org/bb5kbc/site_531_geom", "name": "", "dateprops": [], "properties": {"http://fuzzy-sl.squirrel.link/ontology/hasPointType": ["https://fuzzy-sl.wikibase.cloud/entity/Q126"], "http://rdfs.org/ns/void#inDataset": ["http://w3id.org/bb5kbc/Brandenburg_5000_BC_Data"], "http://www.opengis.net/ont/geosparql#asWKT": ["POINT(18.31 52.74)"], "http://www.w3.org/1999/02/22-rdf-syntax-ns#type": ["http://www.opengis.net/ont/sf#Point"]}, "geometry": {"type": "Point", "coordinates": [18.31, 52.74]}}, {"type": "Feature", "id": "http://w3id.org/bb5kbc/site_537_geom", "name": "", "dateprops": [], "properties": {"http://fuzzy-sl.squirrel.link/ontology/hasPointType": ["https://fuzzy-sl.wikibase.cloud/entity/Q126"], "http://rdfs.org/ns/void#inDataset": ["http://w3id.org/bb5kbc/Brandenburg_5000_BC_Data"], "http://www.opengis.net/ont/geosparql#asWKT": ["POINT(17.51 53.07)"], "http://www.w3.org/1999/02/22-rdf-syntax-ns#type": ["http://www.opengis.net/ont/sf#Point"]}, "geometry": {"type": "Point", "coordinates": [17.51, 53.07]}}, {"type": "Feature", "id": "http://w3id.org/bb5kbc/site_74_geom", "name": "", "dateprops": [], "properties": {"http://fuzzy-sl.squirrel.link/ontology/hasPointType": ["https://fuzzy-sl.wikibase.cloud/entity/Q126"], "http://rdfs.org/ns/void#inDataset": ["http://w3id.org/bb5kbc/Brandenburg_5000_BC_Data"], "http://www.opengis.net/ont/geosparql#asWKT": ["POINT(14.19 53.06)"], "http://www.w3.org/1999/02/22-rdf-syntax-ns#type": ["http://www.opengis.net/ont/sf#Point"]}, "geometry": {"type": "Point", "coordinates": [14.19, 53.06]}}, {"type": "Feature", "id": "http://w3id.org/bb5kbc/site_308_geom", "name": "", "dateprops": [], "properties": {"http://fuzzy-sl.squirrel.link/ontology/hasPointType": ["https://fuzzy-sl.wikibase.cloud/entity/Q126"], "http://rdfs.org/ns/void#inDataset": ["http://w3id.org/bb5kbc/Brandenburg_5000_BC_Data"], "http://www.opengis.net/ont/geosparql#asWKT": ["POINT(12.56 52.42)"], "http://www.w3.org/1999/02/22-rdf-syntax-ns#type": ["http://www.opengis.net/ont/sf#Point"]}, "geometry": {"type": "Point", "coordinates": [12.56, 52.42]}}, {"type": "Feature", "id": "http://w3id.org/bb5kbc/site_101_geom", "name": "", "dateprops": [], "properties": {"http://fuzzy-sl.squirrel.link/ontology/hasPointType": ["https://fuzzy-sl.wikibase.cloud/entity/Q126"], "http://rdfs.org/ns/void#inDataset": ["http://w3id.org/bb5kbc/Brandenburg_5000_BC_Data"], "http://www.opengis.net/ont/geosparql#asWKT": ["POINT(14.82 51.86)"], "http://www.w3.org/1999/02/22-rdf-syntax-ns#type": ["http://www.opengis.net/ont/sf#Point"]}, "geometry": {"type": "Point", "coordinates": [14.82, 51.86]}}, {"type": "Feature", "id": "http://w3id.org/bb5kbc/site_300_geom", "name": "", "dateprops": [], "properties": {"http://fuzzy-sl.squirrel.link/ontology/hasPointType": ["https://fuzzy-sl.wikibase.cloud/entity/Q126"], "http://rdfs.org/ns/void#inDataset": ["http://w3id.org/bb5kbc/Brandenburg_5000_BC_Data"], "http://www.opengis.net/ont/geosparql#asWKT": ["POINT(13.07 52.4)"], "http://www.w3.org/1999/02/22-rdf-syntax-ns#type": ["http://www.opengis.net/ont/sf#Point"]}, "geometry": {"type": "Point", "coordinates": [13.07, 52.4]}}, {"type": "Feature", "id": "http://w3id.org/bb5kbc/site_148_geom", "name": "", "dateprops": [], "properties": {"http://fuzzy-sl.squirrel.link/ontology/hasPointType": ["https://fuzzy-sl.wikibase.cloud/entity/Q126"], "http://rdfs.org/ns/void#inDataset": ["http://w3id.org/bb5kbc/Brandenburg_5000_BC_Data"], "http://www.opengis.net/ont/geosparql#asWKT": ["POINT(16.52 51.66)"], "http://www.w3.org/1999/02/22-rdf-syntax-ns#type": ["http://www.opengis.net/ont/sf#Point"]}, "geometry": {"type": "Point", "coordinates": [16.52, 51.66]}}, {"type": "Feature", "id": "http://w3id.org/bb5kbc/site_77_geom", "name": "", "dateprops": [], "properties": {"http://fuzzy-sl.squirrel.link/ontology/hasPointType": ["https://fuzzy-sl.wikibase.cloud/entity/Q126"], "http://rdfs.org/ns/void#inDataset": ["http://w3id.org/bb5kbc/Brandenburg_5000_BC_Data"], "http://www.opengis.net/ont/geosparql#asWKT": ["POINT(14.2 52.09)"], "http://www.w3.org/1999/02/22-rdf-syntax-ns#type": ["http://www.opengis.net/ont/sf#Point"]}, "geometry": {"type": "Point", "coordinates": [14.2, 52.09]}}, {"type": "Feature", "id": "http://w3id.org/bb5kbc/site_355_geom", "name": "", "dateprops": [], "properties": {"http://fuzzy-sl.squirrel.link/ontology/hasPointType": ["https://fuzzy-sl.wikibase.cloud/entity/Q126"], "http://rdfs.org/ns/void#inDataset": ["http://w3id.org/bb5kbc/Brandenburg_5000_BC_Data"], "http://www.opengis.net/ont/geosparql#asWKT": ["POINT(13.05 52.79)"], "http://www.w3.org/1999/02/22-rdf-syntax-ns#type": ["http://www.opengis.net/ont/sf#Point"]}, "geometry": {"type": "Point", "coordinates": [13.05, 52.79]}}, {"type": "Feature", "id": "http://w3id.org/bb5kbc/site_395_geom", "name": "", "dateprops": [], "properties": {"http://fuzzy-sl.squirrel.link/ontology/hasPointType": ["https://fuzzy-sl.wikibase.cloud/entity/Q126"], "http://rdfs.org/ns/void#inDataset": ["http://w3id.org/bb5kbc/Brandenburg_5000_BC_Data"], "http://www.opengis.net/ont/geosparql#asWKT": ["POINT(12.85 53.17)"], "http://www.w3.org/1999/02/22-rdf-syntax-ns#type": ["http://www.opengis.net/ont/sf#Point"]}, "geometry": {"type": "Point", "coordinates": [12.85, 53.17]}}, {"type": "Feature", "id": "http://w3id.org/bb5kbc/site_239_geom", "name": "", "dateprops": [], "properties": {"http://fuzzy-sl.squirrel.link/ontology/hasPointType": ["https://fuzzy-sl.wikibase.cloud/entity/Q126"], "http://rdfs.org/ns/void#inDataset": ["http://w3id.org/bb5kbc/Brandenburg_5000_BC_Data"], "http://www.opengis.net/ont/geosparql#asWKT": ["POINT(14.85 53.2)"], "http://www.w3.org/1999/02/22-rdf-syntax-ns#type": ["http://www.opengis.net/ont/sf#Point"]}, "geometry": {"type": "Point", "coordinates": [14.85, 53.2]}}, {"type": "Feature", "id": "http://w3id.org/bb5kbc/site_588_geom", "name": "", "dateprops": [], "properties": {"http://fuzzy-sl.squirrel.link/ontology/hasPointType": ["https://fuzzy-sl.wikibase.cloud/entity/Q126"], "http://rdfs.org/ns/void#inDataset": ["http://w3id.org/bb5kbc/Brandenburg_5000_BC_Data"], "http://www.opengis.net/ont/geosparql#asWKT": ["POINT(13.83 53.22)"], "http://www.w3.org/1999/02/22-rdf-syntax-ns#type": ["http://www.opengis.net/ont/sf#Point"]}, "geometry": {"type": "Point", "coordinates": [13.83, 53.22]}}, {"type": "Feature", "id": "http://w3id.org/bb5kbc/site_552_geom", "name": "", "dateprops": [], "properties": {"http://fuzzy-sl.squirrel.link/ontology/hasPointType": ["https://fuzzy-sl.wikibase.cloud/entity/Q126"], "http://rdfs.org/ns/void#inDataset": ["http://w3id.org/bb5kbc/Brandenburg_5000_BC_Data"], "http://www.opengis.net/ont/geosparql#asWKT": ["POINT(14.53 51.38)"], "http://www.w3.org/1999/02/22-rdf-syntax-ns#type": ["http://www.opengis.net/ont/sf#Point"]}, "geometry": {"type": "Point", "coordinates": [14.53, 51.38]}}, {"type": "Feature", "id": "http://w3id.org/bb5kbc/site_61_geom", "name": "", "dateprops": [], "properties": {"http://fuzzy-sl.squirrel.link/ontology/hasPointType": ["https://fuzzy-sl.wikibase.cloud/entity/Q126"], "http://rdfs.org/ns/void#inDataset": ["http://w3id.org/bb5kbc/Brandenburg_5000_BC_Data"], "http://www.opengis.net/ont/geosparql#asWKT": ["POINT(13.93 51.91)"], "http://www.w3.org/1999/02/22-rdf-syntax-ns#type": ["http://www.opengis.net/ont/sf#Point"]}, "geometry": {"type": "Point", "coordinates": [13.93, 51.91]}}, {"type": "Feature", "id": "http://w3id.org/bb5kbc/site_405_geom", "name": "", "dateprops": [], "properties": {"http://fuzzy-sl.squirrel.link/ontology/hasPointType": ["https://fuzzy-sl.wikibase.cloud/entity/Q126"], "http://rdfs.org/ns/void#inDataset": ["http://w3id.org/bb5kbc/Brandenburg_5000_BC_Data"], "http://www.opengis.net/ont/geosparql#asWKT": ["POINT(12.49 52.51)"], "http://www.w3.org/1999/02/22-rdf-syntax-ns#type": ["http://www.opengis.net/ont/sf#Point"]}, "geometry": {"type": "Point", "coordinates": [12.49, 52.51]}}, {"type": "Feature", "id": "http://w3id.org/bb5kbc/site_551_geom", "name": "", "dateprops": [], "properties": {"http://fuzzy-sl.squirrel.link/ontology/hasPointType": ["https://fuzzy-sl.wikibase.cloud/entity/Q126"], "http://rdfs.org/ns/void#inDataset": ["http://w3id.org/bb5kbc/Brandenburg_5000_BC_Data"], "http://www.opengis.net/ont/geosparql#asWKT": ["POINT(14.53 51.37)"], "http://www.w3.org/1999/02/22-rdf-syntax-ns#type": ["http://www.opengis.net/ont/sf#Point"]}, "geometry": {"type": "Point", "coordinates": [14.53, 51.37]}}, {"type": "Feature", "id": "http://w3id.org/bb5kbc/site_414_geom", "name": "", "dateprops": [], "properties": {"http://fuzzy-sl.squirrel.link/ontology/hasPointType": ["https://fuzzy-sl.wikibase.cloud/entity/Q126"], "http://rdfs.org/ns/void#inDataset": ["http://w3id.org/bb5kbc/Brandenburg_5000_BC_Data"], "http://www.opengis.net/ont/geosparql#asWKT": ["POINT(12.84 52.39)"], "http://www.w3.org/1999/02/22-rdf-syntax-ns#type": ["http://www.opengis.net/ont/sf#Point"]}, "geometry": {"type": "Point", "coordinates": [12.84, 52.39]}}, {"type": "Feature", "id": "http://w3id.org/bb5kbc/site_163_geom", "name": "", "dateprops": [], "properties": {"http://fuzzy-sl.squirrel.link/ontology/hasPointType": ["https://fuzzy-sl.wikibase.cloud/entity/Q126"], "http://rdfs.org/ns/void#inDataset": ["http://w3id.org/bb5kbc/Brandenburg_5000_BC_Data"], "http://www.opengis.net/ont/geosparql#asWKT": ["POINT(16.97 51.11)"], "http://www.w3.org/1999/02/22-rdf-syntax-ns#type": ["http://www.opengis.net/ont/sf#Point"]}, "geometry": {"type": "Point", "coordinates": [16.97, 51.11]}}, {"type": "Feature", "id": "http://w3id.org/bb5kbc/site_233_geom", "name": "", "dateprops": [], "properties": {"http://fuzzy-sl.squirrel.link/ontology/hasPointType": ["https://fuzzy-sl.wikibase.cloud/entity/Q126"], "http://rdfs.org/ns/void#inDataset": ["http://w3id.org/bb5kbc/Brandenburg_5000_BC_Data"], "http://www.opengis.net/ont/geosparql#asWKT": ["POINT(14.53 52.34)"], "http://www.w3.org/1999/02/22-rdf-syntax-ns#type": ["http://www.opengis.net/ont/sf#Point"]}, "geometry": {"type": "Point", "coordinates": [14.53, 52.34]}}, {"type": "Feature", "id": "http://w3id.org/bb5kbc/site_87_geom", "name": "", "dateprops": [], "properties": {"http://fuzzy-sl.squirrel.link/ontology/hasPointType": ["https://fuzzy-sl.wikibase.cloud/entity/Q126"], "http://rdfs.org/ns/void#inDataset": ["http://w3id.org/bb5kbc/Brandenburg_5000_BC_Data"], "http://www.opengis.net/ont/geosparql#asWKT": ["POINT(14.53 51.38)"], "http://www.w3.org/1999/02/22-rdf-syntax-ns#type": ["http://www.opengis.net/ont/sf#Point"]}, "geometry": {"type": "Point", "coordinates": [14.53, 51.38]}}, {"type": "Feature", "id": "http://w3id.org/bb5kbc/site_99_geom", "name": "", "dateprops": [], "properties": {"http://fuzzy-sl.squirrel.link/ontology/hasPointType": ["https://fuzzy-sl.wikibase.cloud/entity/Q126"], "http://rdfs.org/ns/void#inDataset": ["http://w3id.org/bb5kbc/Brandenburg_5000_BC_Data"], "http://www.opengis.net/ont/geosparql#asWKT": ["POINT(14.78 51.84)"], "http://www.w3.org/1999/02/22-rdf-syntax-ns#type": ["http://www.opengis.net/ont/sf#Point"]}, "geometry": {"type": "Point", "coordinates": [14.78, 51.84]}}, {"type": "Feature", "id": "http://w3id.org/bb5kbc/site_468_geom", "name": "", "dateprops": [], "properties": {"http://fuzzy-sl.squirrel.link/ontology/hasPointType": ["https://fuzzy-sl.wikibase.cloud/entity/Q126"], "http://rdfs.org/ns/void#inDataset": ["http://w3id.org/bb5kbc/Brandenburg_5000_BC_Data"], "http://www.opengis.net/ont/geosparql#asWKT": ["POINT(13.97 53.03)"], "http://www.w3.org/1999/02/22-rdf-syntax-ns#type": ["http://www.opengis.net/ont/sf#Point"]}, "geometry": {"type": "Point", "coordinates": [13.97, 53.03]}}, {"type": "Feature", "id": "http://w3id.org/bb5kbc/site_257_geom", "name": "", "dateprops": [], "properties": {"http://fuzzy-sl.squirrel.link/ontology/hasPointType": ["https://fuzzy-sl.wikibase.cloud/entity/Q126"], "http://rdfs.org/ns/void#inDataset": ["http://w3id.org/bb5kbc/Brandenburg_5000_BC_Data"], "http://www.opengis.net/ont/geosparql#asWKT": ["POINT(12.96 52.56)"], "http://www.w3.org/1999/02/22-rdf-syntax-ns#type": ["http://www.opengis.net/ont/sf#Point"]}, "geometry": {"type": "Point", "coordinates": [12.96, 52.56]}}, {"type": "Feature", "id": "http://w3id.org/bb5kbc/site_93_geom", "name": "", "dateprops": [], "properties": {"http://fuzzy-sl.squirrel.link/ontology/hasPointType": ["https://fuzzy-sl.wikibase.cloud/entity/Q126"], "http://rdfs.org/ns/void#inDataset": ["http://w3id.org/bb5kbc/Brandenburg_5000_BC_Data"], "http://www.opengis.net/ont/geosparql#asWKT": ["POINT(14.73 51.96)"], "http://www.w3.org/1999/02/22-rdf-syntax-ns#type": ["http://www.opengis.net/ont/sf#Point"]}, "geometry": {"type": "Point", "coordinates": [14.73, 51.96]}}, {"type": "Feature", "id": "http://w3id.org/bb5kbc/site_484_geom", "name": "", "dateprops": [], "properties": {"http://fuzzy-sl.squirrel.link/ontology/hasPointType": ["https://fuzzy-sl.wikibase.cloud/entity/Q126"], "http://rdfs.org/ns/void#inDataset": ["http://w3id.org/bb5kbc/Brandenburg_5000_BC_Data"], "http://www.opengis.net/ont/geosparql#asWKT": ["POINT(14.24 53.39)"], "http://www.w3.org/1999/02/22-rdf-syntax-ns#type": ["http://www.opengis.net/ont/sf#Point"]}, "geometry": {"type": "Point", "coordinates": [14.24, 53.39]}}, {"type": "Feature", "id": "http://w3id.org/bb5kbc/site_107_geom", "name": "", "dateprops": [], "properties": {"http://fuzzy-sl.squirrel.link/ontology/hasPointType": ["https://fuzzy-sl.wikibase.cloud/entity/Q126"], "http://rdfs.org/ns/void#inDataset": ["http://w3id.org/bb5kbc/Brandenburg_5000_BC_Data"], "http://www.opengis.net/ont/geosparql#asWKT": ["POINT(14.9 53.15)"], "http://www.w3.org/1999/02/22-rdf-syntax-ns#type": ["http://www.opengis.net/ont/sf#Point"]}, "geometry": {"type": "Point", "coordinates": [14.9, 53.15]}}, {"type": "Feature", "id": "http://w3id.org/bb5kbc/site_516_geom", "name": "", "dateprops": [], "properties": {"http://fuzzy-sl.squirrel.link/ontology/hasPointType": ["https://fuzzy-sl.wikibase.cloud/entity/Q126"], "http://rdfs.org/ns/void#inDataset": ["http://w3id.org/bb5kbc/Brandenburg_5000_BC_Data"], "http://www.opengis.net/ont/geosparql#asWKT": ["POINT(18.08 52.73)"], "http://www.w3.org/1999/02/22-rdf-syntax-ns#type": ["http://www.opengis.net/ont/sf#Point"]}, "geometry": {"type": "Point", "coordinates": [18.08, 52.73]}}, {"type": "Feature", "id": "http://w3id.org/bb5kbc/site_389_geom", "name": "", "dateprops": [], "properties": {"http://fuzzy-sl.squirrel.link/ontology/hasPointType": ["https://fuzzy-sl.wikibase.cloud/entity/Q126"], "http://rdfs.org/ns/void#inDataset": ["http://w3id.org/bb5kbc/Brandenburg_5000_BC_Data"], "http://www.opengis.net/ont/geosparql#asWKT": ["POINT(12.95 52.93)"], "http://www.w3.org/1999/02/22-rdf-syntax-ns#type": ["http://www.opengis.net/ont/sf#Point"]}, "geometry": {"type": "Point", "coordinates": [12.95, 52.93]}}, {"type": "Feature", "id": "http://w3id.org/bb5kbc/site_490_geom", "name": "", "dateprops": [], "properties": {"http://fuzzy-sl.squirrel.link/ontology/hasPointType": ["https://fuzzy-sl.wikibase.cloud/entity/Q126"], "http://rdfs.org/ns/void#inDataset": ["http://w3id.org/bb5kbc/Brandenburg_5000_BC_Data"], "http://www.opengis.net/ont/geosparql#asWKT": ["POINT(14.28 53.05)"], "http://www.w3.org/1999/02/22-rdf-syntax-ns#type": ["http://www.opengis.net/ont/sf#Point"]}, "geometry": {"type": "Point", "coordinates": [14.28, 53.05]}}, {"type": "Feature", "id": "http://w3id.org/bb5kbc/site_178_geom", "name": "", "dateprops": [], "properties": {"http://fuzzy-sl.squirrel.link/ontology/hasPointType": ["https://fuzzy-sl.wikibase.cloud/entity/Q126"], "http://rdfs.org/ns/void#inDataset": ["http://w3id.org/bb5kbc/Brandenburg_5000_BC_Data"], "http://www.opengis.net/ont/geosparql#asWKT": ["POINT(18.65 53.91)"], "http://www.w3.org/1999/02/22-rdf-syntax-ns#type": ["http://www.opengis.net/ont/sf#Point"]}, "geometry": {"type": "Point", "coordinates": [18.65, 53.91]}}, {"type": "Feature", "id": "http://w3id.org/bb5kbc/site_223_geom", "name": "", "dateprops": [], "properties": {"http://fuzzy-sl.squirrel.link/ontology/hasPointType": ["https://fuzzy-sl.wikibase.cloud/entity/Q126"], "http://rdfs.org/ns/void#inDataset": ["http://w3id.org/bb5kbc/Brandenburg_5000_BC_Data"], "http://www.opengis.net/ont/geosparql#asWKT": ["POINT(18.98 52.61)"], "http://www.w3.org/1999/02/22-rdf-syntax-ns#type": ["http://www.opengis.net/ont/sf#Point"]}, "geometry": {"type": "Point", "coordinates": [18.98, 52.61]}}, {"type": "Feature", "id": "http://w3id.org/bb5kbc/site_152_geom", "name": "", "dateprops": [], "properties": {"http://fuzzy-sl.squirrel.link/ontology/hasPointType": ["https://fuzzy-sl.wikibase.cloud/entity/Q126"], "http://rdfs.org/ns/void#inDataset": ["http://w3id.org/bb5kbc/Brandenburg_5000_BC_Data"], "http://www.opengis.net/ont/geosparql#asWKT": ["POINT(16.72 52.07)"], "http://www.w3.org/1999/02/22-rdf-syntax-ns#type": ["http://www.opengis.net/ont/sf#Point"]}, "geometry": {"type": "Point", "coordinates": [16.72, 52.07]}}, {"type": "Feature", "id": "http://w3id.org/bb5kbc/site_269_geom", "name": "", "dateprops": [], "properties": {"http://fuzzy-sl.squirrel.link/ontology/hasPointType": ["https://fuzzy-sl.wikibase.cloud/entity/Q126"], "http://rdfs.org/ns/void#inDataset": ["http://w3id.org/bb5kbc/Brandenburg_5000_BC_Data"], "http://www.opengis.net/ont/geosparql#asWKT": ["POINT(12.75 52.63)"], "http://www.w3.org/1999/02/22-rdf-syntax-ns#type": ["http://www.opengis.net/ont/sf#Point"]}, "geometry": {"type": "Point", "coordinates": [12.75, 52.63]}}, {"type": "Feature", "id": "http://w3id.org/bb5kbc/site_544_geom", "name": "", "dateprops": [], "properties": {"http://fuzzy-sl.squirrel.link/ontology/hasPointType": ["https://fuzzy-sl.wikibase.cloud/entity/Q126"], "http://rdfs.org/ns/void#inDataset": ["http://w3id.org/bb5kbc/Brandenburg_5000_BC_Data"], "http://www.opengis.net/ont/geosparql#asWKT": ["POINT(18.11 52.75)"], "http://www.w3.org/1999/02/22-rdf-syntax-ns#type": ["http://www.opengis.net/ont/sf#Point"]}, "geometry": {"type": "Point", "coordinates": [18.11, 52.75]}}, {"type": "Feature", "id": "http://w3id.org/bb5kbc/site_301_geom", "name": "", "dateprops": [], "properties": {"http://fuzzy-sl.squirrel.link/ontology/hasPointType": ["https://fuzzy-sl.wikibase.cloud/entity/Q126"], "http://rdfs.org/ns/void#inDataset": ["http://w3id.org/bb5kbc/Brandenburg_5000_BC_Data"], "http://www.opengis.net/ont/geosparql#asWKT": ["POINT(13.03 51.97)"], "http://www.w3.org/1999/02/22-rdf-syntax-ns#type": ["http://www.opengis.net/ont/sf#Point"]}, "geometry": {"type": "Point", "coordinates": [13.03, 51.97]}}, {"type": "Feature", "id": "http://w3id.org/bb5kbc/site_358_geom", "name": "", "dateprops": [], "properties": {"http://fuzzy-sl.squirrel.link/ontology/hasPointType": ["https://fuzzy-sl.wikibase.cloud/entity/Q126"], "http://rdfs.org/ns/void#inDataset": ["http://w3id.org/bb5kbc/Brandenburg_5000_BC_Data"], "http://www.opengis.net/ont/geosparql#asWKT": ["POINT(13.25 52.69)"], "http://www.w3.org/1999/02/22-rdf-syntax-ns#type": ["http://www.opengis.net/ont/sf#Point"]}, "geometry": {"type": "Point", "coordinates": [13.25, 52.69]}}, {"type": "Feature", "id": "http://w3id.org/bb5kbc/site_43_geom", "name": "", "dateprops": [], "properties": {"http://fuzzy-sl.squirrel.link/ontology/hasPointType": ["https://fuzzy-sl.wikibase.cloud/entity/Q126"], "http://rdfs.org/ns/void#inDataset": ["http://w3id.org/bb5kbc/Brandenburg_5000_BC_Data"], "http://www.opengis.net/ont/geosparql#asWKT": ["POINT(13.09 51.97)"], "http://www.w3.org/1999/02/22-rdf-syntax-ns#type": ["http://www.opengis.net/ont/sf#Point"]}, "geometry": {"type": "Point", "coordinates": [13.09, 51.97]}}, {"type": "Feature", "id": "http://w3id.org/bb5kbc/site_553_geom", "name": "", "dateprops": [], "properties": {"http://fuzzy-sl.squirrel.link/ontology/hasPointType": ["https://fuzzy-sl.wikibase.cloud/entity/Q126"], "http://rdfs.org/ns/void#inDataset": ["http://w3id.org/bb5kbc/Brandenburg_5000_BC_Data"], "http://www.opengis.net/ont/geosparql#asWKT": ["POINT(14.46 53.42)"], "http://www.w3.org/1999/02/22-rdf-syntax-ns#type": ["http://www.opengis.net/ont/sf#Point"]}, "geometry": {"type": "Point", "coordinates": [14.46, 53.42]}}, {"type": "Feature", "id": "http://w3id.org/bb5kbc/site_554_geom", "name": "", "dateprops": [], "properties": {"http://fuzzy-sl.squirrel.link/ontology/hasPointType": ["https://fuzzy-sl.wikibase.cloud/entity/Q126"], "http://rdfs.org/ns/void#inDataset": ["http://w3id.org/bb5kbc/Brandenburg_5000_BC_Data"], "http://www.opengis.net/ont/geosparql#asWKT": ["POINT(14.52 53.39)"], "http://www.w3.org/1999/02/22-rdf-syntax-ns#type": ["http://www.opengis.net/ont/sf#Point"]}, "geometry": {"type": "Point", "coordinates": [14.52, 53.39]}}, {"type": "Feature", "id": "http://w3id.org/bb5kbc/site_200_geom", "name": "", "dateprops": [], "properties": {"http://fuzzy-sl.squirrel.link/ontology/hasPointType": ["https://fuzzy-sl.wikibase.cloud/entity/Q126"], "http://rdfs.org/ns/void#inDataset": ["http://w3id.org/bb5kbc/Brandenburg_5000_BC_Data"], "http://www.opengis.net/ont/geosparql#asWKT": ["POINT(18.82 52.63)"], "http://www.w3.org/1999/02/22-rdf-syntax-ns#type": ["http://www.opengis.net/ont/sf#Point"]}, "geometry": {"type": "Point", "coordinates": [18.82, 52.63]}}, {"type": "Feature", "id": "http://w3id.org/bb5kbc/site_394_geom", "name": "", "dateprops": [], "properties": {"http://fuzzy-sl.squirrel.link/ontology/hasPointType": ["https://fuzzy-sl.wikibase.cloud/entity/Q126"], "http://rdfs.org/ns/void#inDataset": ["http://w3id.org/bb5kbc/Brandenburg_5000_BC_Data"], "http://www.opengis.net/ont/geosparql#asWKT": ["POINT(12.48 52.91)"], "http://www.w3.org/1999/02/22-rdf-syntax-ns#type": ["http://www.opengis.net/ont/sf#Point"]}, "geometry": {"type": "Point", "coordinates": [12.48, 52.91]}}, {"type": "Feature", "id": "http://w3id.org/bb5kbc/site_584_geom", "name": "", "dateprops": [], "properties": {"http://fuzzy-sl.squirrel.link/ontology/hasPointType": ["https://fuzzy-sl.wikibase.cloud/entity/Q126"], "http://rdfs.org/ns/void#inDataset": ["http://w3id.org/bb5kbc/Brandenburg_5000_BC_Data"], "http://www.opengis.net/ont/geosparql#asWKT": ["POINT(13.06 51.96)"], "http://www.w3.org/1999/02/22-rdf-syntax-ns#type": ["http://www.opengis.net/ont/sf#Point"]}, "geometry": {"type": "Point", "coordinates": [13.06, 51.96]}}, {"type": "Feature", "id": "http://w3id.org/bb5kbc/site_215_geom", "name": "", "dateprops": [], "properties": {"http://fuzzy-sl.squirrel.link/ontology/hasPointType": ["https://fuzzy-sl.wikibase.cloud/entity/Q126"], "http://rdfs.org/ns/void#inDataset": ["http://w3id.org/bb5kbc/Brandenburg_5000_BC_Data"], "http://www.opengis.net/ont/geosparql#asWKT": ["POINT(18.92 52.61)"], "http://www.w3.org/1999/02/22-rdf-syntax-ns#type": ["http://www.opengis.net/ont/sf#Point"]}, "geometry": {"type": "Point", "coordinates": [18.92, 52.61]}}, {"type": "Feature", "id": "http://w3id.org/bb5kbc/site_340_geom", "name": "", "dateprops": [], "properties": {"http://fuzzy-sl.squirrel.link/ontology/hasPointType": ["https://fuzzy-sl.wikibase.cloud/entity/Q126"], "http://rdfs.org/ns/void#inDataset": ["http://w3id.org/bb5kbc/Brandenburg_5000_BC_Data"], "http://www.opengis.net/ont/geosparql#asWKT": ["POINT(12.23 52.74)"], "http://www.w3.org/1999/02/22-rdf-syntax-ns#type": ["http://www.opengis.net/ont/sf#Point"]}, "geometry": {"type": "Point", "coordinates": [12.23, 52.74]}}, {"type": "Feature", "id": "http://w3id.org/bb5kbc/site_140_geom", "name": "", "dateprops": [], "properties": {"http://fuzzy-sl.squirrel.link/ontology/hasPointType": ["https://fuzzy-sl.wikibase.cloud/entity/Q126"], "http://rdfs.org/ns/void#inDataset": ["http://w3id.org/bb5kbc/Brandenburg_5000_BC_Data"], "http://www.opengis.net/ont/geosparql#asWKT": ["POINT(16.16 51.08)"], "http://www.w3.org/1999/02/22-rdf-syntax-ns#type": ["http://www.opengis.net/ont/sf#Point"]}, "geometry": {"type": "Point", "coordinates": [16.16, 51.08]}}, {"type": "Feature", "id": "http://w3id.org/bb5kbc/site_309_geom", "name": "", "dateprops": [], "properties": {"http://fuzzy-sl.squirrel.link/ontology/hasPointType": ["https://fuzzy-sl.wikibase.cloud/entity/Q126"], "http://rdfs.org/ns/void#inDataset": ["http://w3id.org/bb5kbc/Brandenburg_5000_BC_Data"], "http://www.opengis.net/ont/geosparql#asWKT": ["POINT(12.56 52.41)"], "http://www.w3.org/1999/02/22-rdf-syntax-ns#type": ["http://www.opengis.net/ont/sf#Point"]}, "geometry": {"type": "Point", "coordinates": [12.56, 52.41]}}, {"type": "Feature", "id": "http://w3id.org/bb5kbc/site_496_geom", "name": "", "dateprops": [], "properties": {"http://fuzzy-sl.squirrel.link/ontology/hasPointType": ["https://fuzzy-sl.wikibase.cloud/entity/Q126"], "http://rdfs.org/ns/void#inDataset": ["http://w3id.org/bb5kbc/Brandenburg_5000_BC_Data"], "http://www.opengis.net/ont/geosparql#asWKT": ["POINT(14.09 53.38)"], "http://www.w3.org/1999/02/22-rdf-syntax-ns#type": ["http://www.opengis.net/ont/sf#Point"]}, "geometry": {"type": "Point", "coordinates": [14.09, 53.38]}}, {"type": "Feature", "id": "http://w3id.org/bb5kbc/site_218_geom", "name": "", "dateprops": [], "properties": {"http://fuzzy-sl.squirrel.link/ontology/hasPointType": ["https://fuzzy-sl.wikibase.cloud/entity/Q126"], "http://rdfs.org/ns/void#inDataset": ["http://w3id.org/bb5kbc/Brandenburg_5000_BC_Data"], "http://www.opengis.net/ont/geosparql#asWKT": ["POINT(18.92 52.6)"], "http://www.w3.org/1999/02/22-rdf-syntax-ns#type": ["http://www.opengis.net/ont/sf#Point"]}, "geometry": {"type": "Point", "coordinates": [18.92, 52.6]}}, {"type": "Feature", "id": "http://w3id.org/bb5kbc/site_352_geom", "name": "", "dateprops": [], "properties": {"http://fuzzy-sl.squirrel.link/ontology/hasPointType": ["https://fuzzy-sl.wikibase.cloud/entity/Q126"], "http://rdfs.org/ns/void#inDataset": ["http://w3id.org/bb5kbc/Brandenburg_5000_BC_Data"], "http://www.opengis.net/ont/geosparql#asWKT": ["POINT(13.41 52.95)"], "http://www.w3.org/1999/02/22-rdf-syntax-ns#type": ["http://www.opengis.net/ont/sf#Point"]}, "geometry": {"type": "Point", "coordinates": [13.41, 52.95]}}, {"type": "Feature", "id": "http://w3id.org/bb5kbc/site_349_geom", "name": "", "dateprops": [], "properties": {"http://fuzzy-sl.squirrel.link/ontology/hasPointType": ["https://fuzzy-sl.wikibase.cloud/entity/Q126"], "http://rdfs.org/ns/void#inDataset": ["http://w3id.org/bb5kbc/Brandenburg_5000_BC_Data"], "http://www.opengis.net/ont/geosparql#asWKT": ["POINT(12.36 52.77)"], "http://www.w3.org/1999/02/22-rdf-syntax-ns#type": ["http://www.opengis.net/ont/sf#Point"]}, "geometry": {"type": "Point", "coordinates": [12.36, 52.77]}}, {"type": "Feature", "id": "http://w3id.org/bb5kbc/site_162_geom", "name": "", "dateprops": [], "properties": {"http://fuzzy-sl.squirrel.link/ontology/hasPointType": ["https://fuzzy-sl.wikibase.cloud/entity/Q126"], "http://rdfs.org/ns/void#inDataset": ["http://w3id.org/bb5kbc/Brandenburg_5000_BC_Data"], "http://www.opengis.net/ont/geosparql#asWKT": ["POINT(16.95 51.13)"], "http://www.w3.org/1999/02/22-rdf-syntax-ns#type": ["http://www.opengis.net/ont/sf#Point"]}, "geometry": {"type": "Point", "coordinates": [16.95, 51.13]}}, {"type": "Feature", "id": "http://w3id.org/bb5kbc/site_295_geom", "name": "", "dateprops": [], "properties": {"http://fuzzy-sl.squirrel.link/ontology/hasPointType": ["https://fuzzy-sl.wikibase.cloud/entity/Q126"], "http://rdfs.org/ns/void#inDataset": ["http://w3id.org/bb5kbc/Brandenburg_5000_BC_Data"], "http://www.opengis.net/ont/geosparql#asWKT": ["POINT(12.98 52.62)"], "http://www.w3.org/1999/02/22-rdf-syntax-ns#type": ["http://www.opengis.net/ont/sf#Point"]}, "geometry": {"type": "Point", "coordinates": [12.98, 52.62]}}, {"type": "Feature", "id": "http://w3id.org/bb5kbc/site_384_geom", "name": "", "dateprops": [], "properties": {"http://fuzzy-sl.squirrel.link/ontology/hasPointType": ["https://fuzzy-sl.wikibase.cloud/entity/Q126"], "http://rdfs.org/ns/void#inDataset": ["http://w3id.org/bb5kbc/Brandenburg_5000_BC_Data"], "http://www.opengis.net/ont/geosparql#asWKT": ["POINT(12.68 52.87)"], "http://www.w3.org/1999/02/22-rdf-syntax-ns#type": ["http://www.opengis.net/ont/sf#Point"]}, "geometry": {"type": "Point", "coordinates": [12.68, 52.87]}}, {"type": "Feature", "id": "http://w3id.org/bb5kbc/site_581_geom", "name": "", "dateprops": [], "properties": {"http://fuzzy-sl.squirrel.link/ontology/hasPointType": ["https://fuzzy-sl.wikibase.cloud/entity/Q126"], "http://rdfs.org/ns/void#inDataset": ["http://w3id.org/bb5kbc/Brandenburg_5000_BC_Data"], "http://www.opengis.net/ont/geosparql#asWKT": ["POINT(14.05 52.41)"], "http://www.w3.org/1999/02/22-rdf-syntax-ns#type": ["http://www.opengis.net/ont/sf#Point"]}, "geometry": {"type": "Point", "coordinates": [14.05, 52.41]}}, {"type": "Feature", "id": "http://w3id.org/bb5kbc/site_565_geom", "name": "", "dateprops": [], "properties": {"http://fuzzy-sl.squirrel.link/ontology/hasPointType": ["https://fuzzy-sl.wikibase.cloud/entity/Q126"], "http://rdfs.org/ns/void#inDataset": ["http://w3id.org/bb5kbc/Brandenburg_5000_BC_Data"], "http://www.opengis.net/ont/geosparql#asWKT": ["POINT(12.35 52.76)"], "http://www.w3.org/1999/02/22-rdf-syntax-ns#type": ["http://www.opengis.net/ont/sf#Point"]}, "geometry": {"type": "Point", "coordinates": [12.35, 52.76]}}, {"type": "Feature", "id": "http://w3id.org/bb5kbc/site_408_geom", "name": "", "dateprops": [], "properties": {"http://fuzzy-sl.squirrel.link/ontology/hasPointType": ["https://fuzzy-sl.wikibase.cloud/entity/Q126"], "http://rdfs.org/ns/void#inDataset": ["http://w3id.org/bb5kbc/Brandenburg_5000_BC_Data"], "http://www.opengis.net/ont/geosparql#asWKT": ["POINT(12.93 52.42)"], "http://www.w3.org/1999/02/22-rdf-syntax-ns#type": ["http://www.opengis.net/ont/sf#Point"]}, "geometry": {"type": "Point", "coordinates": [12.93, 52.42]}}, {"type": "Feature", "id": "http://w3id.org/bb5kbc/site_470_geom", "name": "", "dateprops": [], "properties": {"http://fuzzy-sl.squirrel.link/ontology/hasPointType": ["https://fuzzy-sl.wikibase.cloud/entity/Q126"], "http://rdfs.org/ns/void#inDataset": ["http://w3id.org/bb5kbc/Brandenburg_5000_BC_Data"], "http://www.opengis.net/ont/geosparql#asWKT": ["POINT(14.18 53.06)"], "http://www.w3.org/1999/02/22-rdf-syntax-ns#type": ["http://www.opengis.net/ont/sf#Point"]}, "geometry": {"type": "Point", "coordinates": [14.18, 53.06]}}, {"type": "Feature", "id": "http://w3id.org/bb5kbc/site_188_geom", "name": "", "dateprops": [], "properties": {"http://fuzzy-sl.squirrel.link/ontology/hasPointType": ["https://fuzzy-sl.wikibase.cloud/entity/Q126"], "http://rdfs.org/ns/void#inDataset": ["http://w3id.org/bb5kbc/Brandenburg_5000_BC_Data"], "http://www.opengis.net/ont/geosparql#asWKT": ["POINT(18.78 52.63)"], "http://www.w3.org/1999/02/22-rdf-syntax-ns#type": ["http://www.opengis.net/ont/sf#Point"]}, "geometry": {"type": "Point", "coordinates": [18.78, 52.63]}}, {"type": "Feature", "id": "http://w3id.org/bb5kbc/site_121_geom", "name": "", "dateprops": [], "properties": {"http://fuzzy-sl.squirrel.link/ontology/hasPointType": ["https://fuzzy-sl.wikibase.cloud/entity/Q126"], "http://rdfs.org/ns/void#inDataset": ["http://w3id.org/bb5kbc/Brandenburg_5000_BC_Data"], "http://www.opengis.net/ont/geosparql#asWKT": ["POINT(15.57 52.78)"], "http://www.w3.org/1999/02/22-rdf-syntax-ns#type": ["http://www.opengis.net/ont/sf#Point"]}, "geometry": {"type": "Point", "coordinates": [15.57, 52.78]}}, {"type": "Feature", "id": "http://w3id.org/bb5kbc/site_156_geom", "name": "", "dateprops": [], "properties": {"http://fuzzy-sl.squirrel.link/ontology/hasPointType": ["https://fuzzy-sl.wikibase.cloud/entity/Q126"], "http://rdfs.org/ns/void#inDataset": ["http://w3id.org/bb5kbc/Brandenburg_5000_BC_Data"], "http://www.opengis.net/ont/geosparql#asWKT": ["POINT(16.83 50.99)"], "http://www.w3.org/1999/02/22-rdf-syntax-ns#type": ["http://www.opengis.net/ont/sf#Point"]}, "geometry": {"type": "Point", "coordinates": [16.83, 50.99]}}, {"type": "Feature", "id": "http://w3id.org/bb5kbc/site_4_geom", "name": "", "dateprops": [], "properties": {"http://fuzzy-sl.squirrel.link/ontology/hasPointType": ["https://fuzzy-sl.wikibase.cloud/entity/Q126"], "http://rdfs.org/ns/void#inDataset": ["http://w3id.org/bb5kbc/Brandenburg_5000_BC_Data"], "http://www.opengis.net/ont/geosparql#asWKT": ["POINT(11.06 51.87)"], "http://www.w3.org/1999/02/22-rdf-syntax-ns#type": ["http://www.opengis.net/ont/sf#Point"]}, "geometry": {"type": "Point", "coordinates": [11.06, 51.87]}}, {"type": "Feature", "id": "http://w3id.org/bb5kbc/site_281_geom", "name": "", "dateprops": [], "properties": {"http://fuzzy-sl.squirrel.link/ontology/hasPointType": ["https://fuzzy-sl.wikibase.cloud/entity/Q126"], "http://rdfs.org/ns/void#inDataset": ["http://w3id.org/bb5kbc/Brandenburg_5000_BC_Data"], "http://www.opengis.net/ont/geosparql#asWKT": ["POINT(12.91 52.6)"], "http://www.w3.org/1999/02/22-rdf-syntax-ns#type": ["http://www.opengis.net/ont/sf#Point"]}, "geometry": {"type": "Point", "coordinates": [12.91, 52.6]}}, {"type": "Feature", "id": "http://w3id.org/bb5kbc/site_81_geom", "name": "", "dateprops": [], "properties": {"http://fuzzy-sl.squirrel.link/ontology/hasPointType": ["https://fuzzy-sl.wikibase.cloud/entity/Q126"], "http://rdfs.org/ns/void#inDataset": ["http://w3id.org/bb5kbc/Brandenburg_5000_BC_Data"], "http://www.opengis.net/ont/geosparql#asWKT": ["POINT(14.39 53.21)"], "http://www.w3.org/1999/02/22-rdf-syntax-ns#type": ["http://www.opengis.net/ont/sf#Point"]}, "geometry": {"type": "Point", "coordinates": [14.39, 53.21]}}, {"type": "Feature", "id": "http://w3id.org/bb5kbc/site_76_geom", "name": "", "dateprops": [], "properties": {"http://fuzzy-sl.squirrel.link/ontology/hasPointType": ["https://fuzzy-sl.wikibase.cloud/entity/Q126"], "http://rdfs.org/ns/void#inDataset": ["http://w3id.org/bb5kbc/Brandenburg_5000_BC_Data"], "http://www.opengis.net/ont/geosparql#asWKT": ["POINT(14.2 52.21)"], "http://www.w3.org/1999/02/22-rdf-syntax-ns#type": ["http://www.opengis.net/ont/sf#Point"]}, "geometry": {"type": "Point", "coordinates": [14.2, 52.21]}}, {"type": "Feature", "id": "http://w3id.org/bb5kbc/site_487_geom", "name": "", "dateprops": [], "properties": {"http://fuzzy-sl.squirrel.link/ontology/hasPointType": ["https://fuzzy-sl.wikibase.cloud/entity/Q126"], "http://rdfs.org/ns/void#inDataset": ["http://w3id.org/bb5kbc/Brandenburg_5000_BC_Data"], "http://www.opengis.net/ont/geosparql#asWKT": ["POINT(13.6 53.15)"], "http://www.w3.org/1999/02/22-rdf-syntax-ns#type": ["http://www.opengis.net/ont/sf#Point"]}, "geometry": {"type": "Point", "coordinates": [13.6, 53.15]}}, {"type": "Feature", "id": "http://w3id.org/bb5kbc/site_242_geom", "name": "", "dateprops": [], "properties": {"http://fuzzy-sl.squirrel.link/ontology/hasPointType": ["https://fuzzy-sl.wikibase.cloud/entity/Q126"], "http://rdfs.org/ns/void#inDataset": ["http://w3id.org/bb5kbc/Brandenburg_5000_BC_Data"], "http://www.opengis.net/ont/geosparql#asWKT": ["POINT(21.23 54.19)"], "http://www.w3.org/1999/02/22-rdf-syntax-ns#type": ["http://www.opengis.net/ont/sf#Point"]}, "geometry": {"type": "Point", "coordinates": [21.23, 54.19]}}, {"type": "Feature", "id": "http://w3id.org/bb5kbc/site_88_geom", "name": "", "dateprops": [], "properties": {"http://fuzzy-sl.squirrel.link/ontology/hasPointType": ["https://fuzzy-sl.wikibase.cloud/entity/Q126"], "http://rdfs.org/ns/void#inDataset": ["http://w3id.org/bb5kbc/Brandenburg_5000_BC_Data"], "http://www.opengis.net/ont/geosparql#asWKT": ["POINT(14.53 51.37)"], "http://www.w3.org/1999/02/22-rdf-syntax-ns#type": ["http://www.opengis.net/ont/sf#Point"]}, "geometry": {"type": "Point", "coordinates": [14.53, 51.37]}}, {"type": "Feature", "id": "http://w3id.org/bb5kbc/site_12_geom", "name": "", "dateprops": [], "properties": {"http://fuzzy-sl.squirrel.link/ontology/hasPointType": ["https://fuzzy-sl.wikibase.cloud/entity/Q126"], "http://rdfs.org/ns/void#inDataset": ["http://w3id.org/bb5kbc/Brandenburg_5000_BC_Data"], "http://www.opengis.net/ont/geosparql#asWKT": ["POINT(11.5 51.27)"], "http://www.w3.org/1999/02/22-rdf-syntax-ns#type": ["http://www.opengis.net/ont/sf#Point"]}, "geometry": {"type": "Point", "coordinates": [11.5, 51.27]}}, {"type": "Feature", "id": "http://w3id.org/bb5kbc/site_482_geom", "name": "", "dateprops": [], "properties": {"http://fuzzy-sl.squirrel.link/ontology/hasPointType": ["https://fuzzy-sl.wikibase.cloud/entity/Q126"], "http://rdfs.org/ns/void#inDataset": ["http://w3id.org/bb5kbc/Brandenburg_5000_BC_Data"], "http://www.opengis.net/ont/geosparql#asWKT": ["POINT(13.94 53.35)"], "http://www.w3.org/1999/02/22-rdf-syntax-ns#type": ["http://www.opengis.net/ont/sf#Point"]}, "geometry": {"type": "Point", "coordinates": [13.94, 53.35]}}, {"type": "Feature", "id": "http://w3id.org/bb5kbc/site_78_geom", "name": "", "dateprops": [], "properties": {"http://fuzzy-sl.squirrel.link/ontology/hasPointType": ["https://fuzzy-sl.wikibase.cloud/entity/Q126"], "http://rdfs.org/ns/void#inDataset": ["http://w3id.org/bb5kbc/Brandenburg_5000_BC_Data"], "http://www.opengis.net/ont/geosparql#asWKT": ["POINT(14.32 52.86)"], "http://www.w3.org/1999/02/22-rdf-syntax-ns#type": ["http://www.opengis.net/ont/sf#Point"]}, "geometry": {"type": "Point", "coordinates": [14.32, 52.86]}}, {"type": "Feature", "id": "http://w3id.org/bb5kbc/site_55_geom", "name": "", "dateprops": [], "properties": {"http://fuzzy-sl.squirrel.link/ontology/hasPointType": ["https://fuzzy-sl.wikibase.cloud/entity/Q126"], "http://rdfs.org/ns/void#inDataset": ["http://w3id.org/bb5kbc/Brandenburg_5000_BC_Data"], "http://www.opengis.net/ont/geosparql#asWKT": ["POINT(13.88 52.1)"], "http://www.w3.org/1999/02/22-rdf-syntax-ns#type": ["http://www.opengis.net/ont/sf#Point"]}, "geometry": {"type": "Point", "coordinates": [13.88, 52.1]}}, {"type": "Feature", "id": "http://w3id.org/bb5kbc/site_333_geom", "name": "", "dateprops": [], "properties": {"http://fuzzy-sl.squirrel.link/ontology/hasPointType": ["https://fuzzy-sl.wikibase.cloud/entity/Q126"], "http://rdfs.org/ns/void#inDataset": ["http://w3id.org/bb5kbc/Brandenburg_5000_BC_Data"], "http://www.opengis.net/ont/geosparql#asWKT": ["POINT(12.66 52.74)"], "http://www.w3.org/1999/02/22-rdf-syntax-ns#type": ["http://www.opengis.net/ont/sf#Point"]}, "geometry": {"type": "Point", "coordinates": [12.66, 52.74]}}, {"type": "Feature", "id": "http://w3id.org/bb5kbc/site_589_geom", "name": "", "dateprops": [], "properties": {"http://fuzzy-sl.squirrel.link/ontology/hasPointType": ["https://fuzzy-sl.wikibase.cloud/entity/Q126"], "http://rdfs.org/ns/void#inDataset": ["http://w3id.org/bb5kbc/Brandenburg_5000_BC_Data"], "http://www.opengis.net/ont/geosparql#asWKT": ["POINT(12.35 52.76)"], "http://www.w3.org/1999/02/22-rdf-syntax-ns#type": ["http://www.opengis.net/ont/sf#Point"]}, "geometry": {"type": "Point", "coordinates": [12.35, 52.76]}}, {"type": "Feature", "id": "http://w3id.org/bb5kbc/site_444_geom", "name": "", "dateprops": [], "properties": {"http://fuzzy-sl.squirrel.link/ontology/hasPointType": ["https://fuzzy-sl.wikibase.cloud/entity/Q126"], "http://rdfs.org/ns/void#inDataset": ["http://w3id.org/bb5kbc/Brandenburg_5000_BC_Data"], "http://www.opengis.net/ont/geosparql#asWKT": ["POINT(13.14 52.24)"], "http://www.w3.org/1999/02/22-rdf-syntax-ns#type": ["http://www.opengis.net/ont/sf#Point"]}, "geometry": {"type": "Point", "coordinates": [13.14, 52.24]}}, {"type": "Feature", "id": "http://w3id.org/bb5kbc/site_28_geom", "name": "", "dateprops": [], "properties": {"http://fuzzy-sl.squirrel.link/ontology/hasPointType": ["https://fuzzy-sl.wikibase.cloud/entity/Q126"], "http://rdfs.org/ns/void#inDataset": ["http://w3id.org/bb5kbc/Brandenburg_5000_BC_Data"], "http://www.opengis.net/ont/geosparql#asWKT": ["POINT(12.11 51.05)"], "http://www.w3.org/1999/02/22-rdf-syntax-ns#type": ["http://www.opengis.net/ont/sf#Point"]}, "geometry": {"type": "Point", "coordinates": [12.11, 51.05]}}, {"type": "Feature", "id": "http://w3id.org/bb5kbc/site_168_geom", "name": "", "dateprops": [], "properties": {"http://fuzzy-sl.squirrel.link/ontology/hasPointType": ["https://fuzzy-sl.wikibase.cloud/entity/Q126"], "http://rdfs.org/ns/void#inDataset": ["http://w3id.org/bb5kbc/Brandenburg_5000_BC_Data"], "http://www.opengis.net/ont/geosparql#asWKT": ["POINT(17.27 50.81)"], "http://www.w3.org/1999/02/22-rdf-syntax-ns#type": ["http://www.opengis.net/ont/sf#Point"]}, "geometry": {"type": "Point", "coordinates": [17.27, 50.81]}}, {"type": "Feature", "id": "http://w3id.org/bb5kbc/site_262_geom", "name": "", "dateprops": [], "properties": {"http://fuzzy-sl.squirrel.link/ontology/hasPointType": ["https://fuzzy-sl.wikibase.cloud/entity/Q126"], "http://rdfs.org/ns/void#inDataset": ["http://w3id.org/bb5kbc/Brandenburg_5000_BC_Data"], "http://www.opengis.net/ont/geosparql#asWKT": ["POINT(14.09 52.13)"], "http://www.w3.org/1999/02/22-rdf-syntax-ns#type": ["http://www.opengis.net/ont/sf#Point"]}, "geometry": {"type": "Point", "coordinates": [14.09, 52.13]}}, {"type": "Feature", "id": "http://w3id.org/bb5kbc/site_432_geom", "name": "", "dateprops": [], "properties": {"http://fuzzy-sl.squirrel.link/ontology/hasPointType": ["https://fuzzy-sl.wikibase.cloud/entity/Q126"], "http://rdfs.org/ns/void#inDataset": ["http://w3id.org/bb5kbc/Brandenburg_5000_BC_Data"], "http://www.opengis.net/ont/geosparql#asWKT": ["POINT(12.25 53.2)"], "http://www.w3.org/1999/02/22-rdf-syntax-ns#type": ["http://www.opengis.net/ont/sf#Point"]}, "geometry": {"type": "Point", "coordinates": [12.25, 53.2]}}, {"type": "Feature", "id": "http://w3id.org/bb5kbc/site_123_geom", "name": "", "dateprops": [], "properties": {"http://fuzzy-sl.squirrel.link/ontology/hasPointType": ["https://fuzzy-sl.wikibase.cloud/entity/Q126"], "http://rdfs.org/ns/void#inDataset": ["http://w3id.org/bb5kbc/Brandenburg_5000_BC_Data"], "http://www.opengis.net/ont/geosparql#asWKT": ["POINT(15.62 52.73)"], "http://www.w3.org/1999/02/22-rdf-syntax-ns#type": ["http://www.opengis.net/ont/sf#Point"]}, "geometry": {"type": "Point", "coordinates": [15.62, 52.73]}}, {"type": "Feature", "id": "http://w3id.org/bb5kbc/site_49_geom", "name": "", "dateprops": [], "properties": {"http://fuzzy-sl.squirrel.link/ontology/hasPointType": ["https://fuzzy-sl.wikibase.cloud/entity/Q126"], "http://rdfs.org/ns/void#inDataset": ["http://w3id.org/bb5kbc/Brandenburg_5000_BC_Data"], "http://www.opengis.net/ont/geosparql#asWKT": ["POINT(13.47 52.35)"], "http://www.w3.org/1999/02/22-rdf-syntax-ns#type": ["http://www.opengis.net/ont/sf#Point"]}, "geometry": {"type": "Point", "coordinates": [13.47, 52.35]}}, {"type": "Feature", "id": "http://w3id.org/bb5kbc/site_471_geom", "name": "", "dateprops": [], "properties": {"http://fuzzy-sl.squirrel.link/ontology/hasPointType": ["https://fuzzy-sl.wikibase.cloud/entity/Q126"], "http://rdfs.org/ns/void#inDataset": ["http://w3id.org/bb5kbc/Brandenburg_5000_BC_Data"], "http://www.opengis.net/ont/geosparql#asWKT": ["POINT(14.17 53.04)"], "http://www.w3.org/1999/02/22-rdf-syntax-ns#type": ["http://www.opengis.net/ont/sf#Point"]}, "geometry": {"type": "Point", "coordinates": [14.17, 53.04]}}, {"type": "Feature", "id": "http://w3id.org/bb5kbc/site_328_geom", "name": "", "dateprops": [], "properties": {"http://fuzzy-sl.squirrel.link/ontology/hasPointType": ["https://fuzzy-sl.wikibase.cloud/entity/Q126"], "http://rdfs.org/ns/void#inDataset": ["http://w3id.org/bb5kbc/Brandenburg_5000_BC_Data"], "http://www.opengis.net/ont/geosparql#asWKT": ["POINT(13.54 51.47)"], "http://www.w3.org/1999/02/22-rdf-syntax-ns#type": ["http://www.opengis.net/ont/sf#Point"]}, "geometry": {"type": "Point", "coordinates": [13.54, 51.47]}}, {"type": "Feature", "id": "http://w3id.org/bb5kbc/site_64_geom", "name": "", "dateprops": [], "properties": {"http://fuzzy-sl.squirrel.link/ontology/hasPointType": ["https://fuzzy-sl.wikibase.cloud/entity/Q126"], "http://rdfs.org/ns/void#inDataset": ["http://w3id.org/bb5kbc/Brandenburg_5000_BC_Data"], "http://www.opengis.net/ont/geosparql#asWKT": ["POINT(13.96 53.19)"], "http://www.w3.org/1999/02/22-rdf-syntax-ns#type": ["http://www.opengis.net/ont/sf#Point"]}, "geometry": {"type": "Point", "coordinates": [13.96, 53.19]}}, {"type": "Feature", "id": "http://w3id.org/bb5kbc/site_508_geom", "name": "", "dateprops": [], "properties": {"http://fuzzy-sl.squirrel.link/ontology/hasPointType": ["https://fuzzy-sl.wikibase.cloud/entity/Q126"], "http://rdfs.org/ns/void#inDataset": ["http://w3id.org/bb5kbc/Brandenburg_5000_BC_Data"], "http://www.opengis.net/ont/geosparql#asWKT": ["POINT(12.6 52.75)"], "http://www.w3.org/1999/02/22-rdf-syntax-ns#type": ["http://www.opengis.net/ont/sf#Point"]}, "geometry": {"type": "Point", "coordinates": [12.6, 52.75]}}, {"type": "Feature", "id": "http://w3id.org/bb5kbc/site_36_geom", "name": "", "dateprops": [], "properties": {"http://fuzzy-sl.squirrel.link/ontology/hasPointType": ["https://fuzzy-sl.wikibase.cloud/entity/Q126"], "http://rdfs.org/ns/void#inDataset": ["http://w3id.org/bb5kbc/Brandenburg_5000_BC_Data"], "http://www.opengis.net/ont/geosparql#asWKT": ["POINT(13.03 51.97)"], "http://www.w3.org/1999/02/22-rdf-syntax-ns#type": ["http://www.opengis.net/ont/sf#Point"]}, "geometry": {"type": "Point", "coordinates": [13.03, 51.97]}}, {"type": "Feature", "id": "http://w3id.org/bb5kbc/site_311_geom", "name": "", "dateprops": [], "properties": {"http://fuzzy-sl.squirrel.link/ontology/hasPointType": ["https://fuzzy-sl.wikibase.cloud/entity/Q126"], "http://rdfs.org/ns/void#inDataset": ["http://w3id.org/bb5kbc/Brandenburg_5000_BC_Data"], "http://www.opengis.net/ont/geosparql#asWKT": ["POINT(13.71 52.24)"], "http://www.w3.org/1999/02/22-rdf-syntax-ns#type": ["http://www.opengis.net/ont/sf#Point"]}, "geometry": {"type": "Point", "coordinates": [13.71, 52.24]}}, {"type": "Feature", "id": "http://w3id.org/bb5kbc/site_312_geom", "name": "", "dateprops": [], "properties": {"http://fuzzy-sl.squirrel.link/ontology/hasPointType": ["https://fuzzy-sl.wikibase.cloud/entity/Q126"], "http://rdfs.org/ns/void#inDataset": ["http://w3id.org/bb5kbc/Brandenburg_5000_BC_Data"], "http://www.opengis.net/ont/geosparql#asWKT": ["POINT(13.53 52.26)"], "http://www.w3.org/1999/02/22-rdf-syntax-ns#type": ["http://www.opengis.net/ont/sf#Point"]}, "geometry": {"type": "Point", "coordinates": [13.53, 52.26]}}, {"type": "Feature", "id": "http://w3id.org/bb5kbc/site_514_geom", "name": "", "dateprops": [], "properties": {"http://fuzzy-sl.squirrel.link/ontology/hasPointType": ["https://fuzzy-sl.wikibase.cloud/entity/Q126"], "http://rdfs.org/ns/void#inDataset": ["http://w3id.org/bb5kbc/Brandenburg_5000_BC_Data"], "http://www.opengis.net/ont/geosparql#asWKT": ["POINT(18.54 52.61)"], "http://www.w3.org/1999/02/22-rdf-syntax-ns#type": ["http://www.opengis.net/ont/sf#Point"]}, "geometry": {"type": "Point", "coordinates": [18.54, 52.61]}}, {"type": "Feature", "id": "http://w3id.org/bb5kbc/site_369_geom", "name": "", "dateprops": [], "properties": {"http://fuzzy-sl.squirrel.link/ontology/hasPointType": ["https://fuzzy-sl.wikibase.cloud/entity/Q126"], "http://rdfs.org/ns/void#inDataset": ["http://w3id.org/bb5kbc/Brandenburg_5000_BC_Data"], "http://www.opengis.net/ont/geosparql#asWKT": ["POINT(14.05 52.36)"], "http://www.w3.org/1999/02/22-rdf-syntax-ns#type": ["http://www.opengis.net/ont/sf#Point"]}, "geometry": {"type": "Point", "coordinates": [14.05, 52.36]}}, {"type": "Feature", "id": "http://w3id.org/bb5kbc/site_174_geom", "name": "", "dateprops": [], "properties": {"http://fuzzy-sl.squirrel.link/ontology/hasPointType": ["https://fuzzy-sl.wikibase.cloud/entity/Q126"], "http://rdfs.org/ns/void#inDataset": ["http://w3id.org/bb5kbc/Brandenburg_5000_BC_Data"], "http://www.opengis.net/ont/geosparql#asWKT": ["POINT(18.24 53.43)"], "http://www.w3.org/1999/02/22-rdf-syntax-ns#type": ["http://www.opengis.net/ont/sf#Point"]}, "geometry": {"type": "Point", "coordinates": [18.24, 53.43]}}, {"type": "Feature", "id": "http://w3id.org/bb5kbc/site_131_geom", "name": "", "dateprops": [], "properties": {"http://fuzzy-sl.squirrel.link/ontology/hasPointType": ["https://fuzzy-sl.wikibase.cloud/entity/Q126"], "http://rdfs.org/ns/void#inDataset": ["http://w3id.org/bb5kbc/Brandenburg_5000_BC_Data"], "http://www.opengis.net/ont/geosparql#asWKT": ["POINT(16.02 51.68)"], "http://www.w3.org/1999/02/22-rdf-syntax-ns#type": ["http://www.opengis.net/ont/sf#Point"]}, "geometry": {"type": "Point", "coordinates": [16.02, 51.68]}}, {"type": "Feature", "id": "http://w3id.org/bb5kbc/site_209_geom", "name": "", "dateprops": [], "properties": {"http://fuzzy-sl.squirrel.link/ontology/hasPointType": ["https://fuzzy-sl.wikibase.cloud/entity/Q126"], "http://rdfs.org/ns/void#inDataset": ["http://w3id.org/bb5kbc/Brandenburg_5000_BC_Data"], "http://www.opengis.net/ont/geosparql#asWKT": ["POINT(18.89 52.65)"], "http://www.w3.org/1999/02/22-rdf-syntax-ns#type": ["http://www.opengis.net/ont/sf#Point"]}, "geometry": {"type": "Point", "coordinates": [18.89, 52.65]}}, {"type": "Feature", "id": "http://w3id.org/bb5kbc/site_411_geom", "name": "", "dateprops": [], "properties": {"http://fuzzy-sl.squirrel.link/ontology/hasPointType": ["https://fuzzy-sl.wikibase.cloud/entity/Q126"], "http://rdfs.org/ns/void#inDataset": ["http://w3id.org/bb5kbc/Brandenburg_5000_BC_Data"], "http://www.opengis.net/ont/geosparql#asWKT": ["POINT(12.96 52.36)"], "http://www.w3.org/1999/02/22-rdf-syntax-ns#type": ["http://www.opengis.net/ont/sf#Point"]}, "geometry": {"type": "Point", "coordinates": [12.96, 52.36]}}, {"type": "Feature", "id": "http://w3id.org/bb5kbc/site_279_geom", "name": "", "dateprops": [], "properties": {"http://fuzzy-sl.squirrel.link/ontology/hasPointType": ["https://fuzzy-sl.wikibase.cloud/entity/Q126"], "http://rdfs.org/ns/void#inDataset": ["http://w3id.org/bb5kbc/Brandenburg_5000_BC_Data"], "http://www.opengis.net/ont/geosparql#asWKT": ["POINT(13.99 53.11)"], "http://www.w3.org/1999/02/22-rdf-syntax-ns#type": ["http://www.opengis.net/ont/sf#Point"]}, "geometry": {"type": "Point", "coordinates": [13.99, 53.11]}}, {"type": "Feature", "id": "http://w3id.org/bb5kbc/site_534_geom", "name": "", "dateprops": [], "properties": {"http://fuzzy-sl.squirrel.link/ontology/hasPointType": ["https://fuzzy-sl.wikibase.cloud/entity/Q126"], "http://rdfs.org/ns/void#inDataset": ["http://w3id.org/bb5kbc/Brandenburg_5000_BC_Data"], "http://www.opengis.net/ont/geosparql#asWKT": ["POINT(18.87 52.41)"], "http://www.w3.org/1999/02/22-rdf-syntax-ns#type": ["http://www.opengis.net/ont/sf#Point"]}, "geometry": {"type": "Point", "coordinates": [18.87, 52.41]}}, {"type": "Feature", "id": "http://w3id.org/bb5kbc/site_129_geom", "name": "", "dateprops": [], "properties": {"http://fuzzy-sl.squirrel.link/ontology/hasPointType": ["https://fuzzy-sl.wikibase.cloud/entity/Q126"], "http://rdfs.org/ns/void#inDataset": ["http://w3id.org/bb5kbc/Brandenburg_5000_BC_Data"], "http://www.opengis.net/ont/geosparql#asWKT": ["POINT(15.98 51.67)"], "http://www.w3.org/1999/02/22-rdf-syntax-ns#type": ["http://www.opengis.net/ont/sf#Point"]}, "geometry": {"type": "Point", "coordinates": [15.98, 51.67]}}, {"type": "Feature", "id": "http://w3id.org/bb5kbc/site_287_geom", "name": "", "dateprops": [], "properties": {"http://fuzzy-sl.squirrel.link/ontology/hasPointType": ["https://fuzzy-sl.wikibase.cloud/entity/Q126"], "http://rdfs.org/ns/void#inDataset": ["http://w3id.org/bb5kbc/Brandenburg_5000_BC_Data"], "http://www.opengis.net/ont/geosparql#asWKT": ["POINT(14.17 53.03)"], "http://www.w3.org/1999/02/22-rdf-syntax-ns#type": ["http://www.opengis.net/ont/sf#Point"]}, "geometry": {"type": "Point", "coordinates": [14.17, 53.03]}}, {"type": "Feature", "id": "http://w3id.org/bb5kbc/site_26_geom", "name": "", "dateprops": [], "properties": {"http://fuzzy-sl.squirrel.link/ontology/hasPointType": ["https://fuzzy-sl.wikibase.cloud/entity/Q126"], "http://rdfs.org/ns/void#inDataset": ["http://w3id.org/bb5kbc/Brandenburg_5000_BC_Data"], "http://www.opengis.net/ont/geosparql#asWKT": ["POINT(12.03 51.75)"], "http://www.w3.org/1999/02/22-rdf-syntax-ns#type": ["http://www.opengis.net/ont/sf#Point"]}, "geometry": {"type": "Point", "coordinates": [12.03, 51.75]}}, {"type": "Feature", "id": "http://w3id.org/bb5kbc/site_524_geom", "name": "", "dateprops": [], "properties": {"http://fuzzy-sl.squirrel.link/ontology/hasPointType": ["https://fuzzy-sl.wikibase.cloud/entity/Q126"], "http://rdfs.org/ns/void#inDataset": ["http://w3id.org/bb5kbc/Brandenburg_5000_BC_Data"], "http://www.opengis.net/ont/geosparql#asWKT": ["POINT(18.22 52.68)"], "http://www.w3.org/1999/02/22-rdf-syntax-ns#type": ["http://www.opengis.net/ont/sf#Point"]}, "geometry": {"type": "Point", "coordinates": [18.22, 52.68]}}, {"type": "Feature", "id": "http://w3id.org/bb5kbc/site_445_geom", "name": "", "dateprops": [], "properties": {"http://fuzzy-sl.squirrel.link/ontology/hasPointType": ["https://fuzzy-sl.wikibase.cloud/entity/Q126"], "http://rdfs.org/ns/void#inDataset": ["http://w3id.org/bb5kbc/Brandenburg_5000_BC_Data"], "http://www.opengis.net/ont/geosparql#asWKT": ["POINT(13.2 52.31)"], "http://www.w3.org/1999/02/22-rdf-syntax-ns#type": ["http://www.opengis.net/ont/sf#Point"]}, "geometry": {"type": "Point", "coordinates": [13.2, 52.31]}}, {"type": "Feature", "id": "http://w3id.org/bb5kbc/site_23_geom", "name": "", "dateprops": [], "properties": {"http://fuzzy-sl.squirrel.link/ontology/hasPointType": ["https://fuzzy-sl.wikibase.cloud/entity/Q126"], "http://rdfs.org/ns/void#inDataset": ["http://w3id.org/bb5kbc/Brandenburg_5000_BC_Data"], "http://www.opengis.net/ont/geosparql#asWKT": ["POINT(11.93 51.61)"], "http://www.w3.org/1999/02/22-rdf-syntax-ns#type": ["http://www.opengis.net/ont/sf#Point"]}, "geometry": {"type": "Point", "coordinates": [11.93, 51.61]}}, {"type": "Feature", "id": "http://w3id.org/bb5kbc/site_526_geom", "name": "", "dateprops": [], "properties": {"http://fuzzy-sl.squirrel.link/ontology/hasPointType": ["https://fuzzy-sl.wikibase.cloud/entity/Q126"], "http://rdfs.org/ns/void#inDataset": ["http://w3id.org/bb5kbc/Brandenburg_5000_BC_Data"], "http://www.opengis.net/ont/geosparql#asWKT": ["POINT(18.25 52.74)"], "http://www.w3.org/1999/02/22-rdf-syntax-ns#type": ["http://www.opengis.net/ont/sf#Point"]}, "geometry": {"type": "Point", "coordinates": [18.25, 52.74]}}, {"type": "Feature", "id": "http://w3id.org/bb5kbc/site_538_geom", "name": "", "dateprops": [], "properties": {"http://fuzzy-sl.squirrel.link/ontology/hasPointType": ["https://fuzzy-sl.wikibase.cloud/entity/Q126"], "http://rdfs.org/ns/void#inDataset": ["http://w3id.org/bb5kbc/Brandenburg_5000_BC_Data"], "http://www.opengis.net/ont/geosparql#asWKT": ["POINT(18.79 52.89)"], "http://www.w3.org/1999/02/22-rdf-syntax-ns#type": ["http://www.opengis.net/ont/sf#Point"]}, "geometry": {"type": "Point", "coordinates": [18.79, 52.89]}}, {"type": "Feature", "id": "http://w3id.org/bb5kbc/site_179_geom", "name": "", "dateprops": [], "properties": {"http://fuzzy-sl.squirrel.link/ontology/hasPointType": ["https://fuzzy-sl.wikibase.cloud/entity/Q126"], "http://rdfs.org/ns/void#inDataset": ["http://w3id.org/bb5kbc/Brandenburg_5000_BC_Data"], "http://www.opengis.net/ont/geosparql#asWKT": ["POINT(18.7 53.2)"], "http://www.w3.org/1999/02/22-rdf-syntax-ns#type": ["http://www.opengis.net/ont/sf#Point"]}, "geometry": {"type": "Point", "coordinates": [18.7, 53.2]}}, {"type": "Feature", "id": "http://w3id.org/bb5kbc/site_265_geom", "name": "", "dateprops": [], "properties": {"http://fuzzy-sl.squirrel.link/ontology/hasPointType": ["https://fuzzy-sl.wikibase.cloud/entity/Q126"], "http://rdfs.org/ns/void#inDataset": ["http://w3id.org/bb5kbc/Brandenburg_5000_BC_Data"], "http://www.opengis.net/ont/geosparql#asWKT": ["POINT(13.05 52.4)"], "http://www.w3.org/1999/02/22-rdf-syntax-ns#type": ["http://www.opengis.net/ont/sf#Point"]}, "geometry": {"type": "Point", "coordinates": [13.05, 52.4]}}, {"type": "Feature", "id": "http://w3id.org/bb5kbc/site_574_geom", "name": "", "dateprops": [], "properties": {"http://fuzzy-sl.squirrel.link/ontology/hasPointType": ["https://fuzzy-sl.wikibase.cloud/entity/Q126"], "http://rdfs.org/ns/void#inDataset": ["http://w3id.org/bb5kbc/Brandenburg_5000_BC_Data"], "http://www.opengis.net/ont/geosparql#asWKT": ["POINT(13.88 52.1)"], "http://www.w3.org/1999/02/22-rdf-syntax-ns#type": ["http://www.opengis.net/ont/sf#Point"]}, "geometry": {"type": "Point", "coordinates": [13.88, 52.1]}}, {"type": "Feature", "id": "http://w3id.org/bb5kbc/site_363_geom", "name": "", "dateprops": [], "properties": {"http://fuzzy-sl.squirrel.link/ontology/hasPointType": ["https://fuzzy-sl.wikibase.cloud/entity/Q126"], "http://rdfs.org/ns/void#inDataset": ["http://w3id.org/bb5kbc/Brandenburg_5000_BC_Data"], "http://www.opengis.net/ont/geosparql#asWKT": ["POINT(13.42 52.95)"], "http://www.w3.org/1999/02/22-rdf-syntax-ns#type": ["http://www.opengis.net/ont/sf#Point"]}, "geometry": {"type": "Point", "coordinates": [13.42, 52.95]}}, {"type": "Feature", "id": "http://w3id.org/bb5kbc/site_22_geom", "name": "", "dateprops": [], "properties": {"http://fuzzy-sl.squirrel.link/ontology/hasPointType": ["https://fuzzy-sl.wikibase.cloud/entity/Q126"], "http://rdfs.org/ns/void#inDataset": ["http://w3id.org/bb5kbc/Brandenburg_5000_BC_Data"], "http://www.opengis.net/ont/geosparql#asWKT": ["POINT(11.92 51.13)"], "http://www.w3.org/1999/02/22-rdf-syntax-ns#type": ["http://www.opengis.net/ont/sf#Point"]}, "geometry": {"type": "Point", "coordinates": [11.92, 51.13]}}, {"type": "Feature", "id": "http://w3id.org/bb5kbc/site_474_geom", "name": "", "dateprops": [], "properties": {"http://fuzzy-sl.squirrel.link/ontology/hasPointType": ["https://fuzzy-sl.wikibase.cloud/entity/Q126"], "http://rdfs.org/ns/void#inDataset": ["http://w3id.org/bb5kbc/Brandenburg_5000_BC_Data"], "http://www.opengis.net/ont/geosparql#asWKT": ["POINT(14.12 53.1)"], "http://www.w3.org/1999/02/22-rdf-syntax-ns#type": ["http://www.opengis.net/ont/sf#Point"]}, "geometry": {"type": "Point", "coordinates": [14.12, 53.1]}}, {"type": "Feature", "id": "http://w3id.org/bb5kbc/site_7_geom", "name": "", "dateprops": [], "properties": {"http://fuzzy-sl.squirrel.link/ontology/hasPointType": ["https://fuzzy-sl.wikibase.cloud/entity/Q126"], "http://rdfs.org/ns/void#inDataset": ["http://w3id.org/bb5kbc/Brandenburg_5000_BC_Data"], "http://www.opengis.net/ont/geosparql#asWKT": ["POINT(11.17 51.81)"], "http://www.w3.org/1999/02/22-rdf-syntax-ns#type": ["http://www.opengis.net/ont/sf#Point"]}, "geometry": {"type": "Point", "coordinates": [11.17, 51.81]}}, {"type": "Feature", "id": "http://w3id.org/bb5kbc/site_234_geom", "name": "", "dateprops": [], "properties": {"http://fuzzy-sl.squirrel.link/ontology/hasPointType": ["https://fuzzy-sl.wikibase.cloud/entity/Q126"], "http://rdfs.org/ns/void#inDataset": ["http://w3id.org/bb5kbc/Brandenburg_5000_BC_Data"], "http://www.opengis.net/ont/geosparql#asWKT": ["POINT(14.52 52.35)"], "http://www.w3.org/1999/02/22-rdf-syntax-ns#type": ["http://www.opengis.net/ont/sf#Point"]}, "geometry": {"type": "Point", "coordinates": [14.52, 52.35]}}, {"type": "Feature", "id": "http://w3id.org/bb5kbc/site_274_geom", "name": "", "dateprops": [], "properties": {"http://fuzzy-sl.squirrel.link/ontology/hasPointType": ["https://fuzzy-sl.wikibase.cloud/entity/Q126"], "http://rdfs.org/ns/void#inDataset": ["http://w3id.org/bb5kbc/Brandenburg_5000_BC_Data"], "http://www.opengis.net/ont/geosparql#asWKT": ["POINT(13.69 52.37)"], "http://www.w3.org/1999/02/22-rdf-syntax-ns#type": ["http://www.opengis.net/ont/sf#Point"]}, "geometry": {"type": "Point", "coordinates": [13.69, 52.37]}}, {"type": "Feature", "id": "http://w3id.org/bb5kbc/site_345_geom", "name": "", "dateprops": [], "properties": {"http://fuzzy-sl.squirrel.link/ontology/hasPointType": ["https://fuzzy-sl.wikibase.cloud/entity/Q126"], "http://rdfs.org/ns/void#inDataset": ["http://w3id.org/bb5kbc/Brandenburg_5000_BC_Data"], "http://www.opengis.net/ont/geosparql#asWKT": ["POINT(12.33 52.8)"], "http://www.w3.org/1999/02/22-rdf-syntax-ns#type": ["http://www.opengis.net/ont/sf#Point"]}, "geometry": {"type": "Point", "coordinates": [12.33, 52.8]}}, {"type": "Feature", "id": "http://w3id.org/bb5kbc/site_272_geom", "name": "", "dateprops": [], "properties": {"http://fuzzy-sl.squirrel.link/ontology/hasPointType": ["https://fuzzy-sl.wikibase.cloud/entity/Q126"], "http://rdfs.org/ns/void#inDataset": ["http://w3id.org/bb5kbc/Brandenburg_5000_BC_Data"], "http://www.opengis.net/ont/geosparql#asWKT": ["POINT(12.76 52.54)"], "http://www.w3.org/1999/02/22-rdf-syntax-ns#type": ["http://www.opengis.net/ont/sf#Point"]}, "geometry": {"type": "Point", "coordinates": [12.76, 52.54]}}, {"type": "Feature", "id": "http://w3id.org/bb5kbc/site_116_geom", "name": "", "dateprops": [], "properties": {"http://fuzzy-sl.squirrel.link/ontology/hasPointType": ["https://fuzzy-sl.wikibase.cloud/entity/Q126"], "http://rdfs.org/ns/void#inDataset": ["http://w3id.org/bb5kbc/Brandenburg_5000_BC_Data"], "http://www.opengis.net/ont/geosparql#asWKT": ["POINT(15.14 52.83)"], "http://www.w3.org/1999/02/22-rdf-syntax-ns#type": ["http://www.opengis.net/ont/sf#Point"]}, "geometry": {"type": "Point", "coordinates": [15.14, 52.83]}}, {"type": "Feature", "id": "http://w3id.org/bb5kbc/site_560_geom", "name": "", "dateprops": [], "properties": {"http://fuzzy-sl.squirrel.link/ontology/hasPointType": ["https://fuzzy-sl.wikibase.cloud/entity/Q126"], "http://rdfs.org/ns/void#inDataset": ["http://w3id.org/bb5kbc/Brandenburg_5000_BC_Data"], "http://www.opengis.net/ont/geosparql#asWKT": ["POINT(14.46 53.38)"], "http://www.w3.org/1999/02/22-rdf-syntax-ns#type": ["http://www.opengis.net/ont/sf#Point"]}, "geometry": {"type": "Point", "coordinates": [14.46, 53.38]}}, {"type": "Feature", "id": "http://w3id.org/bb5kbc/site_79_geom", "name": "", "dateprops": [], "properties": {"http://fuzzy-sl.squirrel.link/ontology/hasPointType": ["https://fuzzy-sl.wikibase.cloud/entity/Q126"], "http://rdfs.org/ns/void#inDataset": ["http://w3id.org/bb5kbc/Brandenburg_5000_BC_Data"], "http://www.opengis.net/ont/geosparql#asWKT": ["POINT(14.33 52.61)"], "http://www.w3.org/1999/02/22-rdf-syntax-ns#type": ["http://www.opengis.net/ont/sf#Point"]}, "geometry": {"type": "Point", "coordinates": [14.33, 52.61]}}, {"type": "Feature", "id": "http://w3id.org/bb5kbc/site_255_geom", "name": "", "dateprops": [], "properties": {"http://fuzzy-sl.squirrel.link/ontology/hasPointType": ["https://fuzzy-sl.wikibase.cloud/entity/Q126"], "http://rdfs.org/ns/void#inDataset": ["http://w3id.org/bb5kbc/Brandenburg_5000_BC_Data"], "http://www.opengis.net/ont/geosparql#asWKT": ["POINT(13.01 52.42)"], "http://www.w3.org/1999/02/22-rdf-syntax-ns#type": ["http://www.opengis.net/ont/sf#Point"]}, "geometry": {"type": "Point", "coordinates": [13.01, 52.42]}}, {"type": "Feature", "id": "http://w3id.org/bb5kbc/site_3_geom", "name": "", "dateprops": [], "properties": {"http://fuzzy-sl.squirrel.link/ontology/hasPointType": ["https://fuzzy-sl.wikibase.cloud/entity/Q126"], "http://rdfs.org/ns/void#inDataset": ["http://w3id.org/bb5kbc/Brandenburg_5000_BC_Data"], "http://www.opengis.net/ont/geosparql#asWKT": ["POINT(10.66 51.24)"], "http://www.w3.org/1999/02/22-rdf-syntax-ns#type": ["http://www.opengis.net/ont/sf#Point"]}, "geometry": {"type": "Point", "coordinates": [10.66, 51.24]}}, {"type": "Feature", "id": "http://w3id.org/bb5kbc/site_315_geom", "name": "", "dateprops": [], "properties": {"http://fuzzy-sl.squirrel.link/ontology/hasPointType": ["https://fuzzy-sl.wikibase.cloud/entity/Q126"], "http://rdfs.org/ns/void#inDataset": ["http://w3id.org/bb5kbc/Brandenburg_5000_BC_Data"], "http://www.opengis.net/ont/geosparql#asWKT": ["POINT(14.19 52.05)"], "http://www.w3.org/1999/02/22-rdf-syntax-ns#type": ["http://www.opengis.net/ont/sf#Point"]}, "geometry": {"type": "Point", "coordinates": [14.19, 52.05]}}, {"type": "Feature", "id": "http://w3id.org/bb5kbc/site_329_geom", "name": "", "dateprops": [], "properties": {"http://fuzzy-sl.squirrel.link/ontology/hasPointType": ["https://fuzzy-sl.wikibase.cloud/entity/Q126"], "http://rdfs.org/ns/void#inDataset": ["http://w3id.org/bb5kbc/Brandenburg_5000_BC_Data"], "http://www.opengis.net/ont/geosparql#asWKT": ["POINT(13.39 51.66)"], "http://www.w3.org/1999/02/22-rdf-syntax-ns#type": ["http://www.opengis.net/ont/sf#Point"]}, "geometry": {"type": "Point", "coordinates": [13.39, 51.66]}}, {"type": "Feature", "id": "http://w3id.org/bb5kbc/site_449_geom", "name": "", "dateprops": [], "properties": {"http://fuzzy-sl.squirrel.link/ontology/hasPointType": ["https://fuzzy-sl.wikibase.cloud/entity/Q126"], "http://rdfs.org/ns/void#inDataset": ["http://w3id.org/bb5kbc/Brandenburg_5000_BC_Data"], "http://www.opengis.net/ont/geosparql#asWKT": ["POINT(13.34 52.16)"], "http://www.w3.org/1999/02/22-rdf-syntax-ns#type": ["http://www.opengis.net/ont/sf#Point"]}, "geometry": {"type": "Point", "coordinates": [13.34, 52.16]}}, {"type": "Feature", "id": "http://w3id.org/bb5kbc/site_416_geom", "name": "", "dateprops": [], "properties": {"http://fuzzy-sl.squirrel.link/ontology/hasPointType": ["https://fuzzy-sl.wikibase.cloud/entity/Q126"], "http://rdfs.org/ns/void#inDataset": ["http://w3id.org/bb5kbc/Brandenburg_5000_BC_Data"], "http://www.opengis.net/ont/geosparql#asWKT": ["POINT(12.63 52.42)"], "http://www.w3.org/1999/02/22-rdf-syntax-ns#type": ["http://www.opengis.net/ont/sf#Point"]}, "geometry": {"type": "Point", "coordinates": [12.63, 52.42]}}, {"type": "Feature", "id": "http://w3id.org/bb5kbc/site_67_geom", "name": "", "dateprops": [], "properties": {"http://fuzzy-sl.squirrel.link/ontology/hasPointType": ["https://fuzzy-sl.wikibase.cloud/entity/Q126"], "http://rdfs.org/ns/void#inDataset": ["http://w3id.org/bb5kbc/Brandenburg_5000_BC_Data"], "http://www.opengis.net/ont/geosparql#asWKT": ["POINT(14.01 53)"], "http://www.w3.org/1999/02/22-rdf-syntax-ns#type": ["http://www.opengis.net/ont/sf#Point"]}, "geometry": {"type": "Point", "coordinates": [14.01, 53.0]}}, {"type": "Feature", "id": "http://w3id.org/bb5kbc/site_165_geom", "name": "", "dateprops": [], "properties": {"http://fuzzy-sl.squirrel.link/ontology/hasPointType": ["https://fuzzy-sl.wikibase.cloud/entity/Q126"], "http://rdfs.org/ns/void#inDataset": ["http://w3id.org/bb5kbc/Brandenburg_5000_BC_Data"], "http://www.opengis.net/ont/geosparql#asWKT": ["POINT(17.12 50.45)"], "http://www.w3.org/1999/02/22-rdf-syntax-ns#type": ["http://www.opengis.net/ont/sf#Point"]}, "geometry": {"type": "Point", "coordinates": [17.12, 50.45]}}, {"type": "Feature", "id": "http://w3id.org/bb5kbc/site_230_geom", "name": "", "dateprops": [], "properties": {"http://fuzzy-sl.squirrel.link/ontology/hasPointType": ["https://fuzzy-sl.wikibase.cloud/entity/Q126"], "http://rdfs.org/ns/void#inDataset": ["http://w3id.org/bb5kbc/Brandenburg_5000_BC_Data"], "http://www.opengis.net/ont/geosparql#asWKT": ["POINT(12.81 52.46)"], "http://www.w3.org/1999/02/22-rdf-syntax-ns#type": ["http://www.opengis.net/ont/sf#Point"]}, "geometry": {"type": "Point", "coordinates": [12.81, 52.46]}}, {"type": "Feature", "id": "http://w3id.org/bb5kbc/site_475_geom", "name": "", "dateprops": [], "properties": {"http://fuzzy-sl.squirrel.link/ontology/hasPointType": ["https://fuzzy-sl.wikibase.cloud/entity/Q126"], "http://rdfs.org/ns/void#inDataset": ["http://w3id.org/bb5kbc/Brandenburg_5000_BC_Data"], "http://www.opengis.net/ont/geosparql#asWKT": ["POINT(14.14 53.08)"], "http://www.w3.org/1999/02/22-rdf-syntax-ns#type": ["http://www.opengis.net/ont/sf#Point"]}, "geometry": {"type": "Point", "coordinates": [14.14, 53.08]}}, {"type": "Feature", "id": "http://w3id.org/bb5kbc/site_111_geom", "name": "", "dateprops": [], "properties": {"http://fuzzy-sl.squirrel.link/ontology/hasPointType": ["https://fuzzy-sl.wikibase.cloud/entity/Q126"], "http://rdfs.org/ns/void#inDataset": ["http://w3id.org/bb5kbc/Brandenburg_5000_BC_Data"], "http://www.opengis.net/ont/geosparql#asWKT": ["POINT(15.08 53.2)"], "http://www.w3.org/1999/02/22-rdf-syntax-ns#type": ["http://www.opengis.net/ont/sf#Point"]}, "geometry": {"type": "Point", "coordinates": [15.08, 53.2]}}, {"type": "Feature", "id": "http://w3id.org/bb5kbc/site_401_geom", "name": "", "dateprops": [], "properties": {"http://fuzzy-sl.squirrel.link/ontology/hasPointType": ["https://fuzzy-sl.wikibase.cloud/entity/Q126"], "http://rdfs.org/ns/void#inDataset": ["http://w3id.org/bb5kbc/Brandenburg_5000_BC_Data"], "http://www.opengis.net/ont/geosparql#asWKT": ["POINT(12.98 52.45)"], "http://www.w3.org/1999/02/22-rdf-syntax-ns#type": ["http://www.opengis.net/ont/sf#Point"]}, "geometry": {"type": "Point", "coordinates": [12.98, 52.45]}}, {"type": "Feature", "id": "http://w3id.org/bb5kbc/site_205_geom", "name": "", "dateprops": [], "properties": {"http://fuzzy-sl.squirrel.link/ontology/hasPointType": ["https://fuzzy-sl.wikibase.cloud/entity/Q126"], "http://rdfs.org/ns/void#inDataset": ["http://w3id.org/bb5kbc/Brandenburg_5000_BC_Data"], "http://www.opengis.net/ont/geosparql#asWKT": ["POINT(18.86 52.62)"], "http://www.w3.org/1999/02/22-rdf-syntax-ns#type": ["http://www.opengis.net/ont/sf#Point"]}, "geometry": {"type": "Point", "coordinates": [18.86, 52.62]}}, {"type": "Feature", "id": "http://w3id.org/bb5kbc/site_324_geom", "name": "", "dateprops": [], "properties": {"http://fuzzy-sl.squirrel.link/ontology/hasPointType": ["https://fuzzy-sl.wikibase.cloud/entity/Q126"], "http://rdfs.org/ns/void#inDataset": ["http://w3id.org/bb5kbc/Brandenburg_5000_BC_Data"], "http://www.opengis.net/ont/geosparql#asWKT": ["POINT(13.63 52.17)"], "http://www.w3.org/1999/02/22-rdf-syntax-ns#type": ["http://www.opengis.net/ont/sf#Point"]}, "geometry": {"type": "Point", "coordinates": [13.63, 52.17]}}, {"type": "Feature", "id": "http://w3id.org/bb5kbc/site_379_geom", "name": "", "dateprops": [], "properties": {"http://fuzzy-sl.squirrel.link/ontology/hasPointType": ["https://fuzzy-sl.wikibase.cloud/entity/Q126"], "http://rdfs.org/ns/void#inDataset": ["http://w3id.org/bb5kbc/Brandenburg_5000_BC_Data"], "http://www.opengis.net/ont/geosparql#asWKT": ["POINT(12.46 52.89)"], "http://www.w3.org/1999/02/22-rdf-syntax-ns#type": ["http://www.opengis.net/ont/sf#Point"]}, "geometry": {"type": "Point", "coordinates": [12.46, 52.89]}}, {"type": "Feature", "id": "http://w3id.org/bb5kbc/site_303_geom", "name": "", "dateprops": [], "properties": {"http://fuzzy-sl.squirrel.link/ontology/hasPointType": ["https://fuzzy-sl.wikibase.cloud/entity/Q126"], "http://rdfs.org/ns/void#inDataset": ["http://w3id.org/bb5kbc/Brandenburg_5000_BC_Data"], "http://www.opengis.net/ont/geosparql#asWKT": ["POINT(13.96 53.43)"], "http://www.w3.org/1999/02/22-rdf-syntax-ns#type": ["http://www.opengis.net/ont/sf#Point"]}, "geometry": {"type": "Point", "coordinates": [13.96, 53.43]}}, {"type": "Feature", "id": "http://w3id.org/bb5kbc/site_149_geom", "name": "", "dateprops": [], "properties": {"http://fuzzy-sl.squirrel.link/ontology/hasPointType": ["https://fuzzy-sl.wikibase.cloud/entity/Q126"], "http://rdfs.org/ns/void#inDataset": ["http://w3id.org/bb5kbc/Brandenburg_5000_BC_Data"], "http://www.opengis.net/ont/geosparql#asWKT": ["POINT(16.52 51.7)"], "http://www.w3.org/1999/02/22-rdf-syntax-ns#type": ["http://www.opengis.net/ont/sf#Point"]}, "geometry": {"type": "Point", "coordinates": [16.52, 51.7]}}, {"type": "Feature", "id": "http://w3id.org/bb5kbc/site_477_geom", "name": "", "dateprops": [], "properties": {"http://fuzzy-sl.squirrel.link/ontology/hasPointType": ["https://fuzzy-sl.wikibase.cloud/entity/Q126"], "http://rdfs.org/ns/void#inDataset": ["http://w3id.org/bb5kbc/Brandenburg_5000_BC_Data"], "http://www.opengis.net/ont/geosparql#asWKT": ["POINT(14.08 53.11)"], "http://www.w3.org/1999/02/22-rdf-syntax-ns#type": ["http://www.opengis.net/ont/sf#Point"]}, "geometry": {"type": "Point", "coordinates": [14.08, 53.11]}}, {"type": "Feature", "id": "http://w3id.org/bb5kbc/site_192_geom", "name": "", "dateprops": [], "properties": {"http://fuzzy-sl.squirrel.link/ontology/hasPointType": ["https://fuzzy-sl.wikibase.cloud/entity/Q126"], "http://rdfs.org/ns/void#inDataset": ["http://w3id.org/bb5kbc/Brandenburg_5000_BC_Data"], "http://www.opengis.net/ont/geosparql#asWKT": ["POINT(18.79 52.64)"], "http://www.w3.org/1999/02/22-rdf-syntax-ns#type": ["http://www.opengis.net/ont/sf#Point"]}, "geometry": {"type": "Point", "coordinates": [18.79, 52.64]}}, {"type": "Feature", "id": "http://w3id.org/bb5kbc/site_138_geom", "name": "", "dateprops": [], "properties": {"http://fuzzy-sl.squirrel.link/ontology/hasPointType": ["https://fuzzy-sl.wikibase.cloud/entity/Q126"], "http://rdfs.org/ns/void#inDataset": ["http://w3id.org/bb5kbc/Brandenburg_5000_BC_Data"], "http://www.opengis.net/ont/geosparql#asWKT": ["POINT(16.13 51.65)"], "http://www.w3.org/1999/02/22-rdf-syntax-ns#type": ["http://www.opengis.net/ont/sf#Point"]}, "geometry": {"type": "Point", "coordinates": [16.13, 51.65]}}, {"type": "Feature", "id": "http://w3id.org/bb5kbc/site_5_geom", "name": "", "dateprops": [], "properties": {"http://fuzzy-sl.squirrel.link/ontology/hasPointType": ["https://fuzzy-sl.wikibase.cloud/entity/Q126"], "http://rdfs.org/ns/void#inDataset": ["http://w3id.org/bb5kbc/Brandenburg_5000_BC_Data"], "http://www.opengis.net/ont/geosparql#asWKT": ["POINT(11.06 51.29)"], "http://www.w3.org/1999/02/22-rdf-syntax-ns#type": ["http://www.opengis.net/ont/sf#Point"]}, "geometry": {"type": "Point", "coordinates": [11.06, 51.29]}}, {"type": "Feature", "id": "http://w3id.org/bb5kbc/site_447_geom", "name": "", "dateprops": [], "properties": {"http://fuzzy-sl.squirrel.link/ontology/hasPointType": ["https://fuzzy-sl.wikibase.cloud/entity/Q126"], "http://rdfs.org/ns/void#inDataset": ["http://w3id.org/bb5kbc/Brandenburg_5000_BC_Data"], "http://www.opengis.net/ont/geosparql#asWKT": ["POINT(13.16 52.28)"], "http://www.w3.org/1999/02/22-rdf-syntax-ns#type": ["http://www.opengis.net/ont/sf#Point"]}, "geometry": {"type": "Point", "coordinates": [13.16, 52.28]}}, {"type": "Feature", "id": "http://w3id.org/bb5kbc/site_347_geom", "name": "", "dateprops": [], "properties": {"http://fuzzy-sl.squirrel.link/ontology/hasPointType": ["https://fuzzy-sl.wikibase.cloud/entity/Q126"], "http://rdfs.org/ns/void#inDataset": ["http://w3id.org/bb5kbc/Brandenburg_5000_BC_Data"], "http://www.opengis.net/ont/geosparql#asWKT": ["POINT(12.95 52.54)"], "http://www.w3.org/1999/02/22-rdf-syntax-ns#type": ["http://www.opengis.net/ont/sf#Point"]}, "geometry": {"type": "Point", "coordinates": [12.95, 52.54]}}, {"type": "Feature", "id": "http://w3id.org/bb5kbc/site_139_geom", "name": "", "dateprops": [], "properties": {"http://fuzzy-sl.squirrel.link/ontology/hasPointType": ["https://fuzzy-sl.wikibase.cloud/entity/Q126"], "http://rdfs.org/ns/void#inDataset": ["http://w3id.org/bb5kbc/Brandenburg_5000_BC_Data"], "http://www.opengis.net/ont/geosparql#asWKT": ["POINT(16.14 51.65)"], "http://www.w3.org/1999/02/22-rdf-syntax-ns#type": ["http://www.opengis.net/ont/sf#Point"]}, "geometry": {"type": "Point", "coordinates": [16.14, 51.65]}}, {"type": "Feature", "id": "http://w3id.org/bb5kbc/site_128_geom", "name": "", "dateprops": [], "properties": {"http://fuzzy-sl.squirrel.link/ontology/hasPointType": ["https://fuzzy-sl.wikibase.cloud/entity/Q126"], "http://rdfs.org/ns/void#inDataset": ["http://w3id.org/bb5kbc/Brandenburg_5000_BC_Data"], "http://www.opengis.net/ont/geosparql#asWKT": ["POINT(15.93 51.67)"], "http://www.w3.org/1999/02/22-rdf-syntax-ns#type": ["http://www.opengis.net/ont/sf#Point"]}, "geometry": {"type": "Point", "coordinates": [15.93, 51.67]}}, {"type": "Feature", "id": "http://w3id.org/bb5kbc/site_316_geom", "name": "", "dateprops": [], "properties": {"http://fuzzy-sl.squirrel.link/ontology/hasPointType": ["https://fuzzy-sl.wikibase.cloud/entity/Q126"], "http://rdfs.org/ns/void#inDataset": ["http://w3id.org/bb5kbc/Brandenburg_5000_BC_Data"], "http://www.opengis.net/ont/geosparql#asWKT": ["POINT(13.72 51.95)"], "http://www.w3.org/1999/02/22-rdf-syntax-ns#type": ["http://www.opengis.net/ont/sf#Point"]}, "geometry": {"type": "Point", "coordinates": [13.72, 51.95]}}, {"type": "Feature", "id": "http://w3id.org/bb5kbc/site_439_geom", "name": "", "dateprops": [], "properties": {"http://fuzzy-sl.squirrel.link/ontology/hasPointType": ["https://fuzzy-sl.wikibase.cloud/entity/Q126"], "http://rdfs.org/ns/void#inDataset": ["http://w3id.org/bb5kbc/Brandenburg_5000_BC_Data"], "http://www.opengis.net/ont/geosparql#asWKT": ["POINT(12.01 53.18)"], "http://www.w3.org/1999/02/22-rdf-syntax-ns#type": ["http://www.opengis.net/ont/sf#Point"]}, "geometry": {"type": "Point", "coordinates": [12.01, 53.18]}}, {"type": "Feature", "id": "http://w3id.org/bb5kbc/site_585_geom", "name": "", "dateprops": [], "properties": {"http://fuzzy-sl.squirrel.link/ontology/hasPointType": ["https://fuzzy-sl.wikibase.cloud/entity/Q126"], "http://rdfs.org/ns/void#inDataset": ["http://w3id.org/bb5kbc/Brandenburg_5000_BC_Data"], "http://www.opengis.net/ont/geosparql#asWKT": ["POINT(13.83 53.32)"], "http://www.w3.org/1999/02/22-rdf-syntax-ns#type": ["http://www.opengis.net/ont/sf#Point"]}, "geometry": {"type": "Point", "coordinates": [13.83, 53.32]}}, {"type": "Feature", "id": "http://w3id.org/bb5kbc/site_220_geom", "name": "", "dateprops": [], "properties": {"http://fuzzy-sl.squirrel.link/ontology/hasPointType": ["https://fuzzy-sl.wikibase.cloud/entity/Q126"], "http://rdfs.org/ns/void#inDataset": ["http://w3id.org/bb5kbc/Brandenburg_5000_BC_Data"], "http://www.opengis.net/ont/geosparql#asWKT": ["POINT(18.95 52.63)"], "http://www.w3.org/1999/02/22-rdf-syntax-ns#type": ["http://www.opengis.net/ont/sf#Point"]}, "geometry": {"type": "Point", "coordinates": [18.95, 52.63]}}, {"type": "Feature", "id": "http://w3id.org/bb5kbc/site_542_geom", "name": "", "dateprops": [], "properties": {"http://fuzzy-sl.squirrel.link/ontology/hasPointType": ["https://fuzzy-sl.wikibase.cloud/entity/Q126"], "http://rdfs.org/ns/void#inDataset": ["http://w3id.org/bb5kbc/Brandenburg_5000_BC_Data"], "http://www.opengis.net/ont/geosparql#asWKT": ["POINT(18.03 52.87)"], "http://www.w3.org/1999/02/22-rdf-syntax-ns#type": ["http://www.opengis.net/ont/sf#Point"]}, "geometry": {"type": "Point", "coordinates": [18.03, 52.87]}}, {"type": "Feature", "id": "http://w3id.org/bb5kbc/site_231_geom", "name": "", "dateprops": [], "properties": {"http://fuzzy-sl.squirrel.link/ontology/hasPointType": ["https://fuzzy-sl.wikibase.cloud/entity/Q126"], "http://rdfs.org/ns/void#inDataset": ["http://w3id.org/bb5kbc/Brandenburg_5000_BC_Data"], "http://www.opengis.net/ont/geosparql#asWKT": ["POINT(14.34 52.85)"], "http://www.w3.org/1999/02/22-rdf-syntax-ns#type": ["http://www.opengis.net/ont/sf#Point"]}, "geometry": {"type": "Point", "coordinates": [14.34, 52.85]}}, {"type": "Feature", "id": "http://w3id.org/bb5kbc/site_322_geom", "name": "", "dateprops": [], "properties": {"http://fuzzy-sl.squirrel.link/ontology/hasPointType": ["https://fuzzy-sl.wikibase.cloud/entity/Q126"], "http://rdfs.org/ns/void#inDataset": ["http://w3id.org/bb5kbc/Brandenburg_5000_BC_Data"], "http://www.opengis.net/ont/geosparql#asWKT": ["POINT(13.89 52.09)"], "http://www.w3.org/1999/02/22-rdf-syntax-ns#type": ["http://www.opengis.net/ont/sf#Point"]}, "geometry": {"type": "Point", "coordinates": [13.89, 52.09]}}, {"type": "Feature", "id": "http://w3id.org/bb5kbc/site_501_geom", "name": "", "dateprops": [], "properties": {"http://fuzzy-sl.squirrel.link/ontology/hasPointType": ["https://fuzzy-sl.wikibase.cloud/entity/Q126"], "http://rdfs.org/ns/void#inDataset": ["http://w3id.org/bb5kbc/Brandenburg_5000_BC_Data"], "http://www.opengis.net/ont/geosparql#asWKT": ["POINT(14.08 53)"], "http://www.w3.org/1999/02/22-rdf-syntax-ns#type": ["http://www.opengis.net/ont/sf#Point"]}, "geometry": {"type": "Point", "coordinates": [14.08, 53.0]}}, {"type": "Feature", "id": "http://w3id.org/bb5kbc/site_382_geom", "name": "", "dateprops": [], "properties": {"http://fuzzy-sl.squirrel.link/ontology/hasPointType": ["https://fuzzy-sl.wikibase.cloud/entity/Q126"], "http://rdfs.org/ns/void#inDataset": ["http://w3id.org/bb5kbc/Brandenburg_5000_BC_Data"], "http://www.opengis.net/ont/geosparql#asWKT": ["POINT(12.96 52.92)"], "http://www.w3.org/1999/02/22-rdf-syntax-ns#type": ["http://www.opengis.net/ont/sf#Point"]}, "geometry": {"type": "Point", "coordinates": [12.96, 52.92]}}, {"type": "Feature", "id": "http://w3id.org/bb5kbc/site_515_geom", "name": "", "dateprops": [], "properties": {"http://fuzzy-sl.squirrel.link/ontology/hasPointType": ["https://fuzzy-sl.wikibase.cloud/entity/Q126"], "http://rdfs.org/ns/void#inDataset": ["http://w3id.org/bb5kbc/Brandenburg_5000_BC_Data"], "http://www.opengis.net/ont/geosparql#asWKT": ["POINT(17.72 52.79)"], "http://www.w3.org/1999/02/22-rdf-syntax-ns#type": ["http://www.opengis.net/ont/sf#Point"]}, "geometry": {"type": "Point", "coordinates": [17.72, 52.79]}}, {"type": "Feature", "id": "http://w3id.org/bb5kbc/site_543_geom", "name": "", "dateprops": [], "properties": {"http://fuzzy-sl.squirrel.link/ontology/hasPointType": ["https://fuzzy-sl.wikibase.cloud/entity/Q126"], "http://rdfs.org/ns/void#inDataset": ["http://w3id.org/bb5kbc/Brandenburg_5000_BC_Data"], "http://www.opengis.net/ont/geosparql#asWKT": ["POINT(18.07 52.77)"], "http://www.w3.org/1999/02/22-rdf-syntax-ns#type": ["http://www.opengis.net/ont/sf#Point"]}, "geometry": {"type": "Point", "coordinates": [18.07, 52.77]}}, {"type": "Feature", "id": "http://w3id.org/bb5kbc/site_119_geom", "name": "", "dateprops": [], "properties": {"http://fuzzy-sl.squirrel.link/ontology/hasPointType": ["https://fuzzy-sl.wikibase.cloud/entity/Q126"], "http://rdfs.org/ns/void#inDataset": ["http://w3id.org/bb5kbc/Brandenburg_5000_BC_Data"], "http://www.opengis.net/ont/geosparql#asWKT": ["POINT(15.53 52.44)"], "http://www.w3.org/1999/02/22-rdf-syntax-ns#type": ["http://www.opengis.net/ont/sf#Point"]}, "geometry": {"type": "Point", "coordinates": [15.53, 52.44]}}, {"type": "Feature", "id": "http://w3id.org/bb5kbc/site_370_geom", "name": "", "dateprops": [], "properties": {"http://fuzzy-sl.squirrel.link/ontology/hasPointType": ["https://fuzzy-sl.wikibase.cloud/entity/Q126"], "http://rdfs.org/ns/void#inDataset": ["http://w3id.org/bb5kbc/Brandenburg_5000_BC_Data"], "http://www.opengis.net/ont/geosparql#asWKT": ["POINT(14.09 52.33)"], "http://www.w3.org/1999/02/22-rdf-syntax-ns#type": ["http://www.opengis.net/ont/sf#Point"]}, "geometry": {"type": "Point", "coordinates": [14.09, 52.33]}}, {"type": "Feature", "id": "http://w3id.org/bb5kbc/site_424_geom", "name": "", "dateprops": [], "properties": {"http://fuzzy-sl.squirrel.link/ontology/hasPointType": ["https://fuzzy-sl.wikibase.cloud/entity/Q126"], "http://rdfs.org/ns/void#inDataset": ["http://w3id.org/bb5kbc/Brandenburg_5000_BC_Data"], "http://www.opengis.net/ont/geosparql#asWKT": ["POINT(12.91 52.43)"], "http://www.w3.org/1999/02/22-rdf-syntax-ns#type": ["http://www.opengis.net/ont/sf#Point"]}, "geometry": {"type": "Point", "coordinates": [12.91, 52.43]}}, {"type": "Feature", "id": "http://w3id.org/bb5kbc/site_472_geom", "name": "", "dateprops": [], "properties": {"http://fuzzy-sl.squirrel.link/ontology/hasPointType": ["https://fuzzy-sl.wikibase.cloud/entity/Q126"], "http://rdfs.org/ns/void#inDataset": ["http://w3id.org/bb5kbc/Brandenburg_5000_BC_Data"], "http://www.opengis.net/ont/geosparql#asWKT": ["POINT(13.94 53.04)"], "http://www.w3.org/1999/02/22-rdf-syntax-ns#type": ["http://www.opengis.net/ont/sf#Point"]}, "geometry": {"type": "Point", "coordinates": [13.94, 53.04]}}, {"type": "Feature", "id": "http://w3id.org/bb5kbc/site_68_geom", "name": "", "dateprops": [], "properties": {"http://fuzzy-sl.squirrel.link/ontology/hasPointType": ["https://fuzzy-sl.wikibase.cloud/entity/Q126"], "http://rdfs.org/ns/void#inDataset": ["http://w3id.org/bb5kbc/Brandenburg_5000_BC_Data"], "http://www.opengis.net/ont/geosparql#asWKT": ["POINT(14.02 53)"], "http://www.w3.org/1999/02/22-rdf-syntax-ns#type": ["http://www.opengis.net/ont/sf#Point"]}, "geometry": {"type": "Point", "coordinates": [14.02, 53.0]}}, {"type": "Feature", "id": "http://w3id.org/bb5kbc/site_332_geom", "name": "", "dateprops": [], "properties": {"http://fuzzy-sl.squirrel.link/ontology/hasPointType": ["https://fuzzy-sl.wikibase.cloud/entity/Q126"], "http://rdfs.org/ns/void#inDataset": ["http://w3id.org/bb5kbc/Brandenburg_5000_BC_Data"], "http://www.opengis.net/ont/geosparql#asWKT": ["POINT(12.87 52.65)"], "http://www.w3.org/1999/02/22-rdf-syntax-ns#type": ["http://www.opengis.net/ont/sf#Point"]}, "geometry": {"type": "Point", "coordinates": [12.87, 52.65]}}, {"type": "Feature", "id": "http://w3id.org/bb5kbc/site_586_geom", "name": "", "dateprops": [], "properties": {"http://fuzzy-sl.squirrel.link/ontology/hasPointType": ["https://fuzzy-sl.wikibase.cloud/entity/Q126"], "http://rdfs.org/ns/void#inDataset": ["http://w3id.org/bb5kbc/Brandenburg_5000_BC_Data"], "http://www.opengis.net/ont/geosparql#asWKT": ["POINT(14.12 53.33)"], "http://www.w3.org/1999/02/22-rdf-syntax-ns#type": ["http://www.opengis.net/ont/sf#Point"]}, "geometry": {"type": "Point", "coordinates": [14.12, 53.33]}}, {"type": "Feature", "id": "http://w3id.org/bb5kbc/site_528_geom", "name": "", "dateprops": [], "properties": {"http://fuzzy-sl.squirrel.link/ontology/hasPointType": ["https://fuzzy-sl.wikibase.cloud/entity/Q126"], "http://rdfs.org/ns/void#inDataset": ["http://w3id.org/bb5kbc/Brandenburg_5000_BC_Data"], "http://www.opengis.net/ont/geosparql#asWKT": ["POINT(18.57 52.69)"], "http://www.w3.org/1999/02/22-rdf-syntax-ns#type": ["http://www.opengis.net/ont/sf#Point"]}, "geometry": {"type": "Point", "coordinates": [18.57, 52.69]}}, {"type": "Feature", "id": "http://w3id.org/bb5kbc/site_502_geom", "name": "", "dateprops": [], "properties": {"http://fuzzy-sl.squirrel.link/ontology/hasPointType": ["https://fuzzy-sl.wikibase.cloud/entity/Q126"], "http://rdfs.org/ns/void#inDataset": ["http://w3id.org/bb5kbc/Brandenburg_5000_BC_Data"], "http://www.opengis.net/ont/geosparql#asWKT": ["POINT(13.84 53.25)"], "http://www.w3.org/1999/02/22-rdf-syntax-ns#type": ["http://www.opengis.net/ont/sf#Point"]}, "geometry": {"type": "Point", "coordinates": [13.84, 53.25]}}, {"type": "Feature", "id": "http://w3id.org/bb5kbc/site_438_geom", "name": "", "dateprops": [], "properties": {"http://fuzzy-sl.squirrel.link/ontology/hasPointType": ["https://fuzzy-sl.wikibase.cloud/entity/Q126"], "http://rdfs.org/ns/void#inDataset": ["http://w3id.org/bb5kbc/Brandenburg_5000_BC_Data"], "http://www.opengis.net/ont/geosparql#asWKT": ["POINT(11.92 53.12)"], "http://www.w3.org/1999/02/22-rdf-syntax-ns#type": ["http://www.opengis.net/ont/sf#Point"]}, "geometry": {"type": "Point", "coordinates": [11.92, 53.12]}}, {"type": "Feature", "id": "http://w3id.org/bb5kbc/site_59_geom", "name": "", "dateprops": [], "properties": {"http://fuzzy-sl.squirrel.link/ontology/hasPointType": ["https://fuzzy-sl.wikibase.cloud/entity/Q126"], "http://rdfs.org/ns/void#inDataset": ["http://w3id.org/bb5kbc/Brandenburg_5000_BC_Data"], "http://www.opengis.net/ont/geosparql#asWKT": ["POINT(13.91 52.1)"], "http://www.w3.org/1999/02/22-rdf-syntax-ns#type": ["http://www.opengis.net/ont/sf#Point"]}, "geometry": {"type": "Point", "coordinates": [13.91, 52.1]}}, {"type": "Feature", "id": "http://w3id.org/bb5kbc/site_27_geom", "name": "", "dateprops": [], "properties": {"http://fuzzy-sl.squirrel.link/ontology/hasPointType": ["https://fuzzy-sl.wikibase.cloud/entity/Q126"], "http://rdfs.org/ns/void#inDataset": ["http://w3id.org/bb5kbc/Brandenburg_5000_BC_Data"], "http://www.opengis.net/ont/geosparql#asWKT": ["POINT(12.07 51.36)"], "http://www.w3.org/1999/02/22-rdf-syntax-ns#type": ["http://www.opengis.net/ont/sf#Point"]}, "geometry": {"type": "Point", "coordinates": [12.07, 51.36]}}, {"type": "Feature", "id": "http://w3id.org/bb5kbc/site_365_geom", "name": "", "dateprops": [], "properties": {"http://fuzzy-sl.squirrel.link/ontology/hasPointType": ["https://fuzzy-sl.wikibase.cloud/entity/Q126"], "http://rdfs.org/ns/void#inDataset": ["http://w3id.org/bb5kbc/Brandenburg_5000_BC_Data"], "http://www.opengis.net/ont/geosparql#asWKT": ["POINT(13.25 52.75)"], "http://www.w3.org/1999/02/22-rdf-syntax-ns#type": ["http://www.opengis.net/ont/sf#Point"]}, "geometry": {"type": "Point", "coordinates": [13.25, 52.75]}}, {"type": "Feature", "id": "http://w3id.org/bb5kbc/site_495_geom", "name": "", "dateprops": [], "properties": {"http://fuzzy-sl.squirrel.link/ontology/hasPointType": ["https://fuzzy-sl.wikibase.cloud/entity/Q126"], "http://rdfs.org/ns/void#inDataset": ["http://w3id.org/bb5kbc/Brandenburg_5000_BC_Data"], "http://www.opengis.net/ont/geosparql#asWKT": ["POINT(13.63 53.19)"], "http://www.w3.org/1999/02/22-rdf-syntax-ns#type": ["http://www.opengis.net/ont/sf#Point"]}, "geometry": {"type": "Point", "coordinates": [13.63, 53.19]}}, {"type": "Feature", "id": "http://w3id.org/bb5kbc/site_431_geom", "name": "", "dateprops": [], "properties": {"http://fuzzy-sl.squirrel.link/ontology/hasPointType": ["https://fuzzy-sl.wikibase.cloud/entity/Q126"], "http://rdfs.org/ns/void#inDataset": ["http://w3id.org/bb5kbc/Brandenburg_5000_BC_Data"], "http://www.opengis.net/ont/geosparql#asWKT": ["POINT(11.97 53.05)"], "http://www.w3.org/1999/02/22-rdf-syntax-ns#type": ["http://www.opengis.net/ont/sf#Point"]}, "geometry": {"type": "Point", "coordinates": [11.97, 53.05]}}, {"type": "Feature", "id": "http://w3id.org/bb5kbc/site_227_geom", "name": "", "dateprops": [], "properties": {"http://fuzzy-sl.squirrel.link/ontology/hasPointType": ["https://fuzzy-sl.wikibase.cloud/entity/Q126"], "http://rdfs.org/ns/void#inDataset": ["http://w3id.org/bb5kbc/Brandenburg_5000_BC_Data"], "http://www.opengis.net/ont/geosparql#asWKT": ["POINT(19 52.57)"], "http://www.w3.org/1999/02/22-rdf-syntax-ns#type": ["http://www.opengis.net/ont/sf#Point"]}, "geometry": {"type": "Point", "coordinates": [19.0, 52.57]}}, {"type": "Feature", "id": "http://w3id.org/bb5kbc/site_248_geom", "name": "", "dateprops": [], "properties": {"http://fuzzy-sl.squirrel.link/ontology/hasPointType": ["https://fuzzy-sl.wikibase.cloud/entity/Q126"], "http://rdfs.org/ns/void#inDataset": ["http://w3id.org/bb5kbc/Brandenburg_5000_BC_Data"], "http://www.opengis.net/ont/geosparql#asWKT": ["POINT(16.92 52.37)"], "http://www.w3.org/1999/02/22-rdf-syntax-ns#type": ["http://www.opengis.net/ont/sf#Point"]}, "geometry": {"type": "Point", "coordinates": [16.92, 52.37]}}, {"type": "Feature", "id": "http://w3id.org/bb5kbc/site_372_geom", "name": "", "dateprops": [], "properties": {"http://fuzzy-sl.squirrel.link/ontology/hasPointType": ["https://fuzzy-sl.wikibase.cloud/entity/Q126"], "http://rdfs.org/ns/void#inDataset": ["http://w3id.org/bb5kbc/Brandenburg_5000_BC_Data"], "http://www.opengis.net/ont/geosparql#asWKT": ["POINT(13.86 52.19)"], "http://www.w3.org/1999/02/22-rdf-syntax-ns#type": ["http://www.opengis.net/ont/sf#Point"]}, "geometry": {"type": "Point", "coordinates": [13.86, 52.19]}}, {"type": "Feature", "id": "http://w3id.org/bb5kbc/site_561_geom", "name": "", "dateprops": [], "properties": {"http://fuzzy-sl.squirrel.link/ontology/hasPointType": ["https://fuzzy-sl.wikibase.cloud/entity/Q126"], "http://rdfs.org/ns/void#inDataset": ["http://w3id.org/bb5kbc/Brandenburg_5000_BC_Data"], "http://www.opengis.net/ont/geosparql#asWKT": ["POINT(14.46 53.41)"], "http://www.w3.org/1999/02/22-rdf-syntax-ns#type": ["http://www.opengis.net/ont/sf#Point"]}, "geometry": {"type": "Point", "coordinates": [14.46, 53.41]}}, {"type": "Feature", "id": "http://w3id.org/bb5kbc/site_47_geom", "name": "", "dateprops": [], "properties": {"http://fuzzy-sl.squirrel.link/ontology/hasPointType": ["https://fuzzy-sl.wikibase.cloud/entity/Q126"], "http://rdfs.org/ns/void#inDataset": ["http://w3id.org/bb5kbc/Brandenburg_5000_BC_Data"], "http://www.opengis.net/ont/geosparql#asWKT": ["POINT(13.14 52.26)"], "http://www.w3.org/1999/02/22-rdf-syntax-ns#type": ["http://www.opengis.net/ont/sf#Point"]}, "geometry": {"type": "Point", "coordinates": [13.14, 52.26]}}, {"type": "Feature", "id": "http://w3id.org/bb5kbc/site_325_geom", "name": "", "dateprops": [], "properties": {"http://fuzzy-sl.squirrel.link/ontology/hasPointType": ["https://fuzzy-sl.wikibase.cloud/entity/Q126"], "http://rdfs.org/ns/void#inDataset": ["http://w3id.org/bb5kbc/Brandenburg_5000_BC_Data"], "http://www.opengis.net/ont/geosparql#asWKT": ["POINT(13.58 52.16)"], "http://www.w3.org/1999/02/22-rdf-syntax-ns#type": ["http://www.opengis.net/ont/sf#Point"]}, "geometry": {"type": "Point", "coordinates": [13.58, 52.16]}}, {"type": "Feature", "id": "http://w3id.org/bb5kbc/site_145_geom", "name": "", "dateprops": [], "properties": {"http://fuzzy-sl.squirrel.link/ontology/hasPointType": ["https://fuzzy-sl.wikibase.cloud/entity/Q126"], "http://rdfs.org/ns/void#inDataset": ["http://w3id.org/bb5kbc/Brandenburg_5000_BC_Data"], "http://www.opengis.net/ont/geosparql#asWKT": ["POINT(16.31 51.09)"], "http://www.w3.org/1999/02/22-rdf-syntax-ns#type": ["http://www.opengis.net/ont/sf#Point"]}, "geometry": {"type": "Point", "coordinates": [16.31, 51.09]}}, {"type": "Feature", "id": "http://w3id.org/bb5kbc/site_259_geom", "name": "", "dateprops": [], "properties": {"http://fuzzy-sl.squirrel.link/ontology/hasPointType": ["https://fuzzy-sl.wikibase.cloud/entity/Q126"], "http://rdfs.org/ns/void#inDataset": ["http://w3id.org/bb5kbc/Brandenburg_5000_BC_Data"], "http://www.opengis.net/ont/geosparql#asWKT": ["POINT(14.52 52.33)"], "http://www.w3.org/1999/02/22-rdf-syntax-ns#type": ["http://www.opengis.net/ont/sf#Point"]}, "geometry": {"type": "Point", "coordinates": [14.52, 52.33]}}, {"type": "Feature", "id": "http://w3id.org/bb5kbc/site_343_geom", "name": "", "dateprops": [], "properties": {"http://fuzzy-sl.squirrel.link/ontology/hasPointType": ["https://fuzzy-sl.wikibase.cloud/entity/Q126"], "http://rdfs.org/ns/void#inDataset": ["http://w3id.org/bb5kbc/Brandenburg_5000_BC_Data"], "http://www.opengis.net/ont/geosparql#asWKT": ["POINT(13.07 52.63)"], "http://www.w3.org/1999/02/22-rdf-syntax-ns#type": ["http://www.opengis.net/ont/sf#Point"]}, "geometry": {"type": "Point", "coordinates": [13.07, 52.63]}}, {"type": "Feature", "id": "http://w3id.org/bb5kbc/site_235_geom", "name": "", "dateprops": [], "properties": {"http://fuzzy-sl.squirrel.link/ontology/hasPointType": ["https://fuzzy-sl.wikibase.cloud/entity/Q126"], "http://rdfs.org/ns/void#inDataset": ["http://w3id.org/bb5kbc/Brandenburg_5000_BC_Data"], "http://www.opengis.net/ont/geosparql#asWKT": ["POINT(14.44 53.42)"], "http://www.w3.org/1999/02/22-rdf-syntax-ns#type": ["http://www.opengis.net/ont/sf#Point"]}, "geometry": {"type": "Point", "coordinates": [14.44, 53.42]}}, {"type": "Feature", "id": "http://w3id.org/bb5kbc/site_346_geom", "name": "", "dateprops": [], "properties": {"http://fuzzy-sl.squirrel.link/ontology/hasPointType": ["https://fuzzy-sl.wikibase.cloud/entity/Q126"], "http://rdfs.org/ns/void#inDataset": ["http://w3id.org/bb5kbc/Brandenburg_5000_BC_Data"], "http://www.opengis.net/ont/geosparql#asWKT": ["POINT(12.63 52.74)"], "http://www.w3.org/1999/02/22-rdf-syntax-ns#type": ["http://www.opengis.net/ont/sf#Point"]}, "geometry": {"type": "Point", "coordinates": [12.63, 52.74]}}, {"type": "Feature", "id": "http://w3id.org/bb5kbc/site_91_geom", "name": "", "dateprops": [], "properties": {"http://fuzzy-sl.squirrel.link/ontology/hasPointType": ["https://fuzzy-sl.wikibase.cloud/entity/Q126"], "http://rdfs.org/ns/void#inDataset": ["http://w3id.org/bb5kbc/Brandenburg_5000_BC_Data"], "http://www.opengis.net/ont/geosparql#asWKT": ["POINT(14.54 51.81)"], "http://www.w3.org/1999/02/22-rdf-syntax-ns#type": ["http://www.opengis.net/ont/sf#Point"]}, "geometry": {"type": "Point", "coordinates": [14.54, 51.81]}}, {"type": "Feature", "id": "http://w3id.org/bb5kbc/site_437_geom", "name": "", "dateprops": [], "properties": {"http://fuzzy-sl.squirrel.link/ontology/hasPointType": ["https://fuzzy-sl.wikibase.cloud/entity/Q126"], "http://rdfs.org/ns/void#inDataset": ["http://w3id.org/bb5kbc/Brandenburg_5000_BC_Data"], "http://www.opengis.net/ont/geosparql#asWKT": ["POINT(11.77 53.13)"], "http://www.w3.org/1999/02/22-rdf-syntax-ns#type": ["http://www.opengis.net/ont/sf#Point"]}, "geometry": {"type": "Point", "coordinates": [11.77, 53.13]}}, {"type": "Feature", "id": "http://w3id.org/bb5kbc/site_440_geom", "name": "", "dateprops": [], "properties": {"http://fuzzy-sl.squirrel.link/ontology/hasPointType": ["https://fuzzy-sl.wikibase.cloud/entity/Q126"], "http://rdfs.org/ns/void#inDataset": ["http://w3id.org/bb5kbc/Brandenburg_5000_BC_Data"], "http://www.opengis.net/ont/geosparql#asWKT": ["POINT(11.83 52.97)"], "http://www.w3.org/1999/02/22-rdf-syntax-ns#type": ["http://www.opengis.net/ont/sf#Point"]}, "geometry": {"type": "Point", "coordinates": [11.83, 52.97]}}, {"type": "Feature", "id": "http://w3id.org/bb5kbc/site_473_geom", "name": "", "dateprops": [], "properties": {"http://fuzzy-sl.squirrel.link/ontology/hasPointType": ["https://fuzzy-sl.wikibase.cloud/entity/Q126"], "http://rdfs.org/ns/void#inDataset": ["http://w3id.org/bb5kbc/Brandenburg_5000_BC_Data"], "http://www.opengis.net/ont/geosparql#asWKT": ["POINT(13.98 53.11)"], "http://www.w3.org/1999/02/22-rdf-syntax-ns#type": ["http://www.opengis.net/ont/sf#Point"]}, "geometry": {"type": "Point", "coordinates": [13.98, 53.11]}}, {"type": "Feature", "id": "http://w3id.org/bb5kbc/site_294_geom", "name": "", "dateprops": [], "properties": {"http://fuzzy-sl.squirrel.link/ontology/hasPointType": ["https://fuzzy-sl.wikibase.cloud/entity/Q126"], "http://rdfs.org/ns/void#inDataset": ["http://w3id.org/bb5kbc/Brandenburg_5000_BC_Data"], "http://www.opengis.net/ont/geosparql#asWKT": ["POINT(12.6 52.45)"], "http://www.w3.org/1999/02/22-rdf-syntax-ns#type": ["http://www.opengis.net/ont/sf#Point"]}, "geometry": {"type": "Point", "coordinates": [12.6, 52.45]}}, {"type": "Feature", "id": "http://w3id.org/bb5kbc/site_282_geom", "name": "", "dateprops": [], "properties": {"http://fuzzy-sl.squirrel.link/ontology/hasPointType": ["https://fuzzy-sl.wikibase.cloud/entity/Q126"], "http://rdfs.org/ns/void#inDataset": ["http://w3id.org/bb5kbc/Brandenburg_5000_BC_Data"], "http://www.opengis.net/ont/geosparql#asWKT": ["POINT(14.15 53.4)"], "http://www.w3.org/1999/02/22-rdf-syntax-ns#type": ["http://www.opengis.net/ont/sf#Point"]}, "geometry": {"type": "Point", "coordinates": [14.15, 53.4]}}, {"type": "Feature", "id": "http://w3id.org/bb5kbc/site_46_geom", "name": "", "dateprops": [], "properties": {"http://fuzzy-sl.squirrel.link/ontology/hasPointType": ["https://fuzzy-sl.wikibase.cloud/entity/Q126"], "http://rdfs.org/ns/void#inDataset": ["http://w3id.org/bb5kbc/Brandenburg_5000_BC_Data"], "http://www.opengis.net/ont/geosparql#asWKT": ["POINT(13.09 51.96)"], "http://www.w3.org/1999/02/22-rdf-syntax-ns#type": ["http://www.opengis.net/ont/sf#Point"]}, "geometry": {"type": "Point", "coordinates": [13.09, 51.96]}}, {"type": "Feature", "id": "http://w3id.org/bb5kbc/site_587_geom", "name": "", "dateprops": [], "properties": {"http://fuzzy-sl.squirrel.link/ontology/hasPointType": ["https://fuzzy-sl.wikibase.cloud/entity/Q126"], "http://rdfs.org/ns/void#inDataset": ["http://w3id.org/bb5kbc/Brandenburg_5000_BC_Data"], "http://www.opengis.net/ont/geosparql#asWKT": ["POINT(13.96 53.28)"], "http://www.w3.org/1999/02/22-rdf-syntax-ns#type": ["http://www.opengis.net/ont/sf#Point"]}, "geometry": {"type": "Point", "coordinates": [13.96, 53.28]}}, {"type": "Feature", "id": "http://w3id.org/bb5kbc/site_268_geom", "name": "", "dateprops": [], "properties": {"http://fuzzy-sl.squirrel.link/ontology/hasPointType": ["https://fuzzy-sl.wikibase.cloud/entity/Q126"], "http://rdfs.org/ns/void#inDataset": ["http://w3id.org/bb5kbc/Brandenburg_5000_BC_Data"], "http://www.opengis.net/ont/geosparql#asWKT": ["POINT(12.75 52.63)"], "http://www.w3.org/1999/02/22-rdf-syntax-ns#type": ["http://www.opengis.net/ont/sf#Point"]}, "geometry": {"type": "Point", "coordinates": [12.75, 52.63]}}, {"type": "Feature", "id": "http://w3id.org/bb5kbc/site_386_geom", "name": "", "dateprops": [], "properties": {"http://fuzzy-sl.squirrel.link/ontology/hasPointType": ["https://fuzzy-sl.wikibase.cloud/entity/Q126"], "http://rdfs.org/ns/void#inDataset": ["http://w3id.org/bb5kbc/Brandenburg_5000_BC_Data"], "http://www.opengis.net/ont/geosparql#asWKT": ["POINT(12.63 52.86)"], "http://www.w3.org/1999/02/22-rdf-syntax-ns#type": ["http://www.opengis.net/ont/sf#Point"]}, "geometry": {"type": "Point", "coordinates": [12.63, 52.86]}}, {"type": "Feature", "id": "http://w3id.org/bb5kbc/site_217_geom", "name": "", "dateprops": [], "properties": {"http://fuzzy-sl.squirrel.link/ontology/hasPointType": ["https://fuzzy-sl.wikibase.cloud/entity/Q126"], "http://rdfs.org/ns/void#inDataset": ["http://w3id.org/bb5kbc/Brandenburg_5000_BC_Data"], "http://www.opengis.net/ont/geosparql#asWKT": ["POINT(18.92 52.59)"], "http://www.w3.org/1999/02/22-rdf-syntax-ns#type": ["http://www.opengis.net/ont/sf#Point"]}, "geometry": {"type": "Point", "coordinates": [18.92, 52.59]}}, {"type": "Feature", "id": "http://w3id.org/bb5kbc/site_406_geom", "name": "", "dateprops": [], "properties": {"http://fuzzy-sl.squirrel.link/ontology/hasPointType": ["https://fuzzy-sl.wikibase.cloud/entity/Q126"], "http://rdfs.org/ns/void#inDataset": ["http://w3id.org/bb5kbc/Brandenburg_5000_BC_Data"], "http://www.opengis.net/ont/geosparql#asWKT": ["POINT(12.92 52.42)"], "http://www.w3.org/1999/02/22-rdf-syntax-ns#type": ["http://www.opengis.net/ont/sf#Point"]}, "geometry": {"type": "Point", "coordinates": [12.92, 52.42]}}, {"type": "Feature", "id": "http://w3id.org/bb5kbc/site_575_geom", "name": "", "dateprops": [], "properties": {"http://fuzzy-sl.squirrel.link/ontology/hasPointType": ["https://fuzzy-sl.wikibase.cloud/entity/Q126"], "http://rdfs.org/ns/void#inDataset": ["http://w3id.org/bb5kbc/Brandenburg_5000_BC_Data"], "http://www.opengis.net/ont/geosparql#asWKT": ["POINT(14.54 51.81)"], "http://www.w3.org/1999/02/22-rdf-syntax-ns#type": ["http://www.opengis.net/ont/sf#Point"]}, "geometry": {"type": "Point", "coordinates": [14.54, 51.81]}}, {"type": "Feature", "id": "http://w3id.org/bb5kbc/site_337_geom", "name": "", "dateprops": [], "properties": {"http://fuzzy-sl.squirrel.link/ontology/hasPointType": ["https://fuzzy-sl.wikibase.cloud/entity/Q126"], "http://rdfs.org/ns/void#inDataset": ["http://w3id.org/bb5kbc/Brandenburg_5000_BC_Data"], "http://www.opengis.net/ont/geosparql#asWKT": ["POINT(12.39 52.8)"], "http://www.w3.org/1999/02/22-rdf-syntax-ns#type": ["http://www.opengis.net/ont/sf#Point"]}, "geometry": {"type": "Point", "coordinates": [12.39, 52.8]}}, {"type": "Feature", "id": "http://w3id.org/bb5kbc/site_539_geom", "name": "", "dateprops": [], "properties": {"http://fuzzy-sl.squirrel.link/ontology/hasPointType": ["https://fuzzy-sl.wikibase.cloud/entity/Q126"], "http://rdfs.org/ns/void#inDataset": ["http://w3id.org/bb5kbc/Brandenburg_5000_BC_Data"], "http://www.opengis.net/ont/geosparql#asWKT": ["POINT(18.49 52.76)"], "http://www.w3.org/1999/02/22-rdf-syntax-ns#type": ["http://www.opengis.net/ont/sf#Point"]}, "geometry": {"type": "Point", "coordinates": [18.49, 52.76]}}, {"type": "Feature", "id": "http://w3id.org/bb5kbc/site_270_geom", "name": "", "dateprops": [], "properties": {"http://fuzzy-sl.squirrel.link/ontology/hasPointType": ["https://fuzzy-sl.wikibase.cloud/entity/Q126"], "http://rdfs.org/ns/void#inDataset": ["http://w3id.org/bb5kbc/Brandenburg_5000_BC_Data"], "http://www.opengis.net/ont/geosparql#asWKT": ["POINT(12.88 52.1)"], "http://www.w3.org/1999/02/22-rdf-syntax-ns#type": ["http://www.opengis.net/ont/sf#Point"]}, "geometry": {"type": "Point", "coordinates": [12.88, 52.1]}}, {"type": "Feature", "id": "http://w3id.org/bb5kbc/site_559_geom", "name": "", "dateprops": [], "properties": {"http://fuzzy-sl.squirrel.link/ontology/hasPointType": ["https://fuzzy-sl.wikibase.cloud/entity/Q126"], "http://rdfs.org/ns/void#inDataset": ["http://w3id.org/bb5kbc/Brandenburg_5000_BC_Data"], "http://www.opengis.net/ont/geosparql#asWKT": ["POINT(14.49 53.35)"], "http://www.w3.org/1999/02/22-rdf-syntax-ns#type": ["http://www.opengis.net/ont/sf#Point"]}, "geometry": {"type": "Point", "coordinates": [14.49, 53.35]}}, {"type": "Feature", "id": "http://w3id.org/bb5kbc/site_125_geom", "name": "", "dateprops": [], "properties": {"http://fuzzy-sl.squirrel.link/ontology/hasPointType": ["https://fuzzy-sl.wikibase.cloud/entity/Q126"], "http://rdfs.org/ns/void#inDataset": ["http://w3id.org/bb5kbc/Brandenburg_5000_BC_Data"], "http://www.opengis.net/ont/geosparql#asWKT": ["POINT(15.79 52.1)"], "http://www.w3.org/1999/02/22-rdf-syntax-ns#type": ["http://www.opengis.net/ont/sf#Point"]}, "geometry": {"type": "Point", "coordinates": [15.79, 52.1]}}, {"type": "Feature", "id": "http://w3id.org/bb5kbc/site_396_geom", "name": "", "dateprops": [], "properties": {"http://fuzzy-sl.squirrel.link/ontology/hasPointType": ["https://fuzzy-sl.wikibase.cloud/entity/Q126"], "http://rdfs.org/ns/void#inDataset": ["http://w3id.org/bb5kbc/Brandenburg_5000_BC_Data"], "http://www.opengis.net/ont/geosparql#asWKT": ["POINT(12.3 52.84)"], "http://www.w3.org/1999/02/22-rdf-syntax-ns#type": ["http://www.opengis.net/ont/sf#Point"]}, "geometry": {"type": "Point", "coordinates": [12.3, 52.84]}}, {"type": "Feature", "id": "http://w3id.org/bb5kbc/site_73_geom", "name": "", "dateprops": [], "properties": {"http://fuzzy-sl.squirrel.link/ontology/hasPointType": ["https://fuzzy-sl.wikibase.cloud/entity/Q126"], "http://rdfs.org/ns/void#inDataset": ["http://w3id.org/bb5kbc/Brandenburg_5000_BC_Data"], "http://www.opengis.net/ont/geosparql#asWKT": ["POINT(14.17 53.03)"], "http://www.w3.org/1999/02/22-rdf-syntax-ns#type": ["http://www.opengis.net/ont/sf#Point"]}, "geometry": {"type": "Point", "coordinates": [14.17, 53.03]}}, {"type": "Feature", "id": "http://w3id.org/bb5kbc/site_454_geom", "name": "", "dateprops": [], "properties": {"http://fuzzy-sl.squirrel.link/ontology/hasPointType": ["https://fuzzy-sl.wikibase.cloud/entity/Q126"], "http://rdfs.org/ns/void#inDataset": ["http://w3id.org/bb5kbc/Brandenburg_5000_BC_Data"], "http://www.opengis.net/ont/geosparql#asWKT": ["POINT(13.52 52.11)"], "http://www.w3.org/1999/02/22-rdf-syntax-ns#type": ["http://www.opengis.net/ont/sf#Point"]}, "geometry": {"type": "Point", "coordinates": [13.52, 52.11]}}, {"type": "Feature", "id": "http://w3id.org/bb5kbc/site_493_geom", "name": "", "dateprops": [], "properties": {"http://fuzzy-sl.squirrel.link/ontology/hasPointType": ["https://fuzzy-sl.wikibase.cloud/entity/Q126"], "http://rdfs.org/ns/void#inDataset": ["http://w3id.org/bb5kbc/Brandenburg_5000_BC_Data"], "http://www.opengis.net/ont/geosparql#asWKT": ["POINT(14.22 53.05)"], "http://www.w3.org/1999/02/22-rdf-syntax-ns#type": ["http://www.opengis.net/ont/sf#Point"]}, "geometry": {"type": "Point", "coordinates": [14.22, 53.05]}}, {"type": "Feature", "id": "http://w3id.org/bb5kbc/site_590_geom", "name": "", "dateprops": [], "properties": {"http://fuzzy-sl.squirrel.link/ontology/hasPointType": ["https://fuzzy-sl.wikibase.cloud/entity/Q126"], "http://rdfs.org/ns/void#inDataset": ["http://w3id.org/bb5kbc/Brandenburg_5000_BC_Data"], "http://www.opengis.net/ont/geosparql#asWKT": ["POINT(12.92 52.54)"], "http://www.w3.org/1999/02/22-rdf-syntax-ns#type": ["http://www.opengis.net/ont/sf#Point"]}, "geometry": {"type": "Point", "coordinates": [12.92, 52.54]}}, {"type": "Feature", "id": "http://w3id.org/bb5kbc/site_72_geom", "name": "", "dateprops": [], "properties": {"http://fuzzy-sl.squirrel.link/ontology/hasPointType": ["https://fuzzy-sl.wikibase.cloud/entity/Q126"], "http://rdfs.org/ns/void#inDataset": ["http://w3id.org/bb5kbc/Brandenburg_5000_BC_Data"], "http://www.opengis.net/ont/geosparql#asWKT": ["POINT(14.17 53.03)"], "http://www.w3.org/1999/02/22-rdf-syntax-ns#type": ["http://www.opengis.net/ont/sf#Point"]}, "geometry": {"type": "Point", "coordinates": [14.17, 53.03]}}, {"type": "Feature", "id": "http://w3id.org/bb5kbc/site_203_geom", "name": "", "dateprops": [], "properties": {"http://fuzzy-sl.squirrel.link/ontology/hasPointType": ["https://fuzzy-sl.wikibase.cloud/entity/Q126"], "http://rdfs.org/ns/void#inDataset": ["http://w3id.org/bb5kbc/Brandenburg_5000_BC_Data"], "http://www.opengis.net/ont/geosparql#asWKT": ["POINT(18.82 52.62)"], "http://www.w3.org/1999/02/22-rdf-syntax-ns#type": ["http://www.opengis.net/ont/sf#Point"]}, "geometry": {"type": "Point", "coordinates": [18.82, 52.62]}}, {"type": "Feature", "id": "http://w3id.org/bb5kbc/site_167_geom", "name": "", "dateprops": [], "properties": {"http://fuzzy-sl.squirrel.link/ontology/hasPointType": ["https://fuzzy-sl.wikibase.cloud/entity/Q126"], "http://rdfs.org/ns/void#inDataset": ["http://w3id.org/bb5kbc/Brandenburg_5000_BC_Data"], "http://www.opengis.net/ont/geosparql#asWKT": ["POINT(17.2 51)"], "http://www.w3.org/1999/02/22-rdf-syntax-ns#type": ["http://www.opengis.net/ont/sf#Point"]}, "geometry": {"type": "Point", "coordinates": [17.2, 51.0]}}, {"type": "Feature", "id": "http://w3id.org/bb5kbc/site_376_geom", "name": "", "dateprops": [], "properties": {"http://fuzzy-sl.squirrel.link/ontology/hasPointType": ["https://fuzzy-sl.wikibase.cloud/entity/Q126"], "http://rdfs.org/ns/void#inDataset": ["http://w3id.org/bb5kbc/Brandenburg_5000_BC_Data"], "http://www.opengis.net/ont/geosparql#asWKT": ["POINT(12.41 52.98)"], "http://www.w3.org/1999/02/22-rdf-syntax-ns#type": ["http://www.opengis.net/ont/sf#Point"]}, "geometry": {"type": "Point", "coordinates": [12.41, 52.98]}}, {"type": "Feature", "id": "http://w3id.org/bb5kbc/site_150_geom", "name": "", "dateprops": [], "properties": {"http://fuzzy-sl.squirrel.link/ontology/hasPointType": ["https://fuzzy-sl.wikibase.cloud/entity/Q126"], "http://rdfs.org/ns/void#inDataset": ["http://w3id.org/bb5kbc/Brandenburg_5000_BC_Data"], "http://www.opengis.net/ont/geosparql#asWKT": ["POINT(16.54 51.67)"], "http://www.w3.org/1999/02/22-rdf-syntax-ns#type": ["http://www.opengis.net/ont/sf#Point"]}, "geometry": {"type": "Point", "coordinates": [16.54, 51.67]}}, {"type": "Feature", "id": "http://w3id.org/bb5kbc/site_362_geom", "name": "", "dateprops": [], "properties": {"http://fuzzy-sl.squirrel.link/ontology/hasPointType": ["https://fuzzy-sl.wikibase.cloud/entity/Q126"], "http://rdfs.org/ns/void#inDataset": ["http://w3id.org/bb5kbc/Brandenburg_5000_BC_Data"], "http://www.opengis.net/ont/geosparql#asWKT": ["POINT(13.19 52.75)"], "http://www.w3.org/1999/02/22-rdf-syntax-ns#type": ["http://www.opengis.net/ont/sf#Point"]}, "geometry": {"type": "Point", "coordinates": [13.19, 52.75]}}, {"type": "Feature", "id": "http://w3id.org/bb5kbc/site_16_geom", "name": "", "dateprops": [], "properties": {"http://fuzzy-sl.squirrel.link/ontology/hasPointType": ["https://fuzzy-sl.wikibase.cloud/entity/Q126"], "http://rdfs.org/ns/void#inDataset": ["http://w3id.org/bb5kbc/Brandenburg_5000_BC_Data"], "http://www.opengis.net/ont/geosparql#asWKT": ["POINT(11.63 52.21)"], "http://www.w3.org/1999/02/22-rdf-syntax-ns#type": ["http://www.opengis.net/ont/sf#Point"]}, "geometry": {"type": "Point", "coordinates": [11.63, 52.21]}}, {"type": "Feature", "id": "http://w3id.org/bb5kbc/site_383_geom", "name": "", "dateprops": [], "properties": {"http://fuzzy-sl.squirrel.link/ontology/hasPointType": ["https://fuzzy-sl.wikibase.cloud/entity/Q126"], "http://rdfs.org/ns/void#inDataset": ["http://w3id.org/bb5kbc/Brandenburg_5000_BC_Data"], "http://www.opengis.net/ont/geosparql#asWKT": ["POINT(12.8 52.83)"], "http://www.w3.org/1999/02/22-rdf-syntax-ns#type": ["http://www.opengis.net/ont/sf#Point"]}, "geometry": {"type": "Point", "coordinates": [12.8, 52.83]}}, {"type": "Feature", "id": "http://w3id.org/bb5kbc/site_90_geom", "name": "", "dateprops": [], "properties": {"http://fuzzy-sl.squirrel.link/ontology/hasPointType": ["https://fuzzy-sl.wikibase.cloud/entity/Q126"], "http://rdfs.org/ns/void#inDataset": ["http://w3id.org/bb5kbc/Brandenburg_5000_BC_Data"], "http://www.opengis.net/ont/geosparql#asWKT": ["POINT(14.54 51.81)"], "http://www.w3.org/1999/02/22-rdf-syntax-ns#type": ["http://www.opengis.net/ont/sf#Point"]}, "geometry": {"type": "Point", "coordinates": [14.54, 51.81]}}, {"type": "Feature", "id": "http://w3id.org/bb5kbc/site_326_geom", "name": "", "dateprops": [], "properties": {"http://fuzzy-sl.squirrel.link/ontology/hasPointType": ["https://fuzzy-sl.wikibase.cloud/entity/Q126"], "http://rdfs.org/ns/void#inDataset": ["http://w3id.org/bb5kbc/Brandenburg_5000_BC_Data"], "http://www.opengis.net/ont/geosparql#asWKT": ["POINT(13.73 52.09)"], "http://www.w3.org/1999/02/22-rdf-syntax-ns#type": ["http://www.opengis.net/ont/sf#Point"]}, "geometry": {"type": "Point", "coordinates": [13.73, 52.09]}}, {"type": "Feature", "id": "http://w3id.org/bb5kbc/site_462_geom", "name": "", "dateprops": [], "properties": {"http://fuzzy-sl.squirrel.link/ontology/hasPointType": ["https://fuzzy-sl.wikibase.cloud/entity/Q126"], "http://rdfs.org/ns/void#inDataset": ["http://w3id.org/bb5kbc/Brandenburg_5000_BC_Data"], "http://www.opengis.net/ont/geosparql#asWKT": ["POINT(13.47 52.31)"], "http://www.w3.org/1999/02/22-rdf-syntax-ns#type": ["http://www.opengis.net/ont/sf#Point"]}, "geometry": {"type": "Point", "coordinates": [13.47, 52.31]}}, {"type": "Feature", "id": "http://w3id.org/bb5kbc/site_443_geom", "name": "", "dateprops": [], "properties": {"http://fuzzy-sl.squirrel.link/ontology/hasPointType": ["https://fuzzy-sl.wikibase.cloud/entity/Q126"], "http://rdfs.org/ns/void#inDataset": ["http://w3id.org/bb5kbc/Brandenburg_5000_BC_Data"], "http://www.opengis.net/ont/geosparql#asWKT": ["POINT(14.23 51.64)"], "http://www.w3.org/1999/02/22-rdf-syntax-ns#type": ["http://www.opengis.net/ont/sf#Point"]}, "geometry": {"type": "Point", "coordinates": [14.23, 51.64]}}, {"type": "Feature", "id": "http://w3id.org/bb5kbc/site_142_geom", "name": "", "dateprops": [], "properties": {"http://fuzzy-sl.squirrel.link/ontology/hasPointType": ["https://fuzzy-sl.wikibase.cloud/entity/Q126"], "http://rdfs.org/ns/void#inDataset": ["http://w3id.org/bb5kbc/Brandenburg_5000_BC_Data"], "http://www.opengis.net/ont/geosparql#asWKT": ["POINT(16.16 51.63)"], "http://www.w3.org/1999/02/22-rdf-syntax-ns#type": ["http://www.opengis.net/ont/sf#Point"]}, "geometry": {"type": "Point", "coordinates": [16.16, 51.63]}}, {"type": "Feature", "id": "http://w3id.org/bb5kbc/site_57_geom", "name": "", "dateprops": [], "properties": {"http://fuzzy-sl.squirrel.link/ontology/hasPointType": ["https://fuzzy-sl.wikibase.cloud/entity/Q126"], "http://rdfs.org/ns/void#inDataset": ["http://w3id.org/bb5kbc/Brandenburg_5000_BC_Data"], "http://www.opengis.net/ont/geosparql#asWKT": ["POINT(13.88 52.1)"], "http://www.w3.org/1999/02/22-rdf-syntax-ns#type": ["http://www.opengis.net/ont/sf#Point"]}, "geometry": {"type": "Point", "coordinates": [13.88, 52.1]}}, {"type": "Feature", "id": "http://w3id.org/bb5kbc/site_196_geom", "name": "", "dateprops": [], "properties": {"http://fuzzy-sl.squirrel.link/ontology/hasPointType": ["https://fuzzy-sl.wikibase.cloud/entity/Q126"], "http://rdfs.org/ns/void#inDataset": ["http://w3id.org/bb5kbc/Brandenburg_5000_BC_Data"], "http://www.opengis.net/ont/geosparql#asWKT": ["POINT(18.81 52.63)"], "http://www.w3.org/1999/02/22-rdf-syntax-ns#type": ["http://www.opengis.net/ont/sf#Point"]}, "geometry": {"type": "Point", "coordinates": [18.81, 52.63]}}, {"type": "Feature", "id": "http://w3id.org/bb5kbc/site_455_geom", "name": "", "dateprops": [], "properties": {"http://fuzzy-sl.squirrel.link/ontology/hasPointType": ["https://fuzzy-sl.wikibase.cloud/entity/Q126"], "http://rdfs.org/ns/void#inDataset": ["http://w3id.org/bb5kbc/Brandenburg_5000_BC_Data"], "http://www.opengis.net/ont/geosparql#asWKT": ["POINT(13.47 52.22)"], "http://www.w3.org/1999/02/22-rdf-syntax-ns#type": ["http://www.opengis.net/ont/sf#Point"]}, "geometry": {"type": "Point", "coordinates": [13.47, 52.22]}}, {"type": "Feature", "id": "http://w3id.org/bb5kbc/site_199_geom", "name": "", "dateprops": [], "properties": {"http://fuzzy-sl.squirrel.link/ontology/hasPointType": ["https://fuzzy-sl.wikibase.cloud/entity/Q126"], "http://rdfs.org/ns/void#inDataset": ["http://w3id.org/bb5kbc/Brandenburg_5000_BC_Data"], "http://www.opengis.net/ont/geosparql#asWKT": ["POINT(18.81 52.62)"], "http://www.w3.org/1999/02/22-rdf-syntax-ns#type": ["http://www.opengis.net/ont/sf#Point"]}, "geometry": {"type": "Point", "coordinates": [18.81, 52.62]}}, {"type": "Feature", "id": "http://w3id.org/bb5kbc/site_513_geom", "name": "", "dateprops": [], "properties": {"http://fuzzy-sl.squirrel.link/ontology/hasPointType": ["https://fuzzy-sl.wikibase.cloud/entity/Q126"], "http://rdfs.org/ns/void#inDataset": ["http://w3id.org/bb5kbc/Brandenburg_5000_BC_Data"], "http://www.opengis.net/ont/geosparql#asWKT": ["POINT(18.16 52.77)"], "http://www.w3.org/1999/02/22-rdf-syntax-ns#type": ["http://www.opengis.net/ont/sf#Point"]}, "geometry": {"type": "Point", "coordinates": [18.16, 52.77]}}, {"type": "Feature", "id": "http://w3id.org/bb5kbc/site_375_geom", "name": "", "dateprops": [], "properties": {"http://fuzzy-sl.squirrel.link/ontology/hasPointType": ["https://fuzzy-sl.wikibase.cloud/entity/Q126"], "http://rdfs.org/ns/void#inDataset": ["http://w3id.org/bb5kbc/Brandenburg_5000_BC_Data"], "http://www.opengis.net/ont/geosparql#asWKT": ["POINT(12.43 52.78)"], "http://www.w3.org/1999/02/22-rdf-syntax-ns#type": ["http://www.opengis.net/ont/sf#Point"]}, "geometry": {"type": "Point", "coordinates": [12.43, 52.78]}}, {"type": "Feature", "id": "http://w3id.org/bb5kbc/site_157_geom", "name": "", "dateprops": [], "properties": {"http://fuzzy-sl.squirrel.link/ontology/hasPointType": ["https://fuzzy-sl.wikibase.cloud/entity/Q126"], "http://rdfs.org/ns/void#inDataset": ["http://w3id.org/bb5kbc/Brandenburg_5000_BC_Data"], "http://www.opengis.net/ont/geosparql#asWKT": ["POINT(16.84 50.86)"], "http://www.w3.org/1999/02/22-rdf-syntax-ns#type": ["http://www.opengis.net/ont/sf#Point"]}, "geometry": {"type": "Point", "coordinates": [16.84, 50.86]}}, {"type": "Feature", "id": "http://w3id.org/bb5kbc/site_520_geom", "name": "", "dateprops": [], "properties": {"http://fuzzy-sl.squirrel.link/ontology/hasPointType": ["https://fuzzy-sl.wikibase.cloud/entity/Q126"], "http://rdfs.org/ns/void#inDataset": ["http://w3id.org/bb5kbc/Brandenburg_5000_BC_Data"], "http://www.opengis.net/ont/geosparql#asWKT": ["POINT(17.75 52.78)"], "http://www.w3.org/1999/02/22-rdf-syntax-ns#type": ["http://www.opengis.net/ont/sf#Point"]}, "geometry": {"type": "Point", "coordinates": [17.75, 52.78]}}, {"type": "Feature", "id": "http://w3id.org/bb5kbc/site_114_geom", "name": "", "dateprops": [], "properties": {"http://fuzzy-sl.squirrel.link/ontology/hasPointType": ["https://fuzzy-sl.wikibase.cloud/entity/Q126"], "http://rdfs.org/ns/void#inDataset": ["http://w3id.org/bb5kbc/Brandenburg_5000_BC_Data"], "http://www.opengis.net/ont/geosparql#asWKT": ["POINT(15.12 53.15)"], "http://www.w3.org/1999/02/22-rdf-syntax-ns#type": ["http://www.opengis.net/ont/sf#Point"]}, "geometry": {"type": "Point", "coordinates": [15.12, 53.15]}}, {"type": "Feature", "id": "http://w3id.org/bb5kbc/site_336_geom", "name": "", "dateprops": [], "properties": {"http://fuzzy-sl.squirrel.link/ontology/hasPointType": ["https://fuzzy-sl.wikibase.cloud/entity/Q126"], "http://rdfs.org/ns/void#inDataset": ["http://w3id.org/bb5kbc/Brandenburg_5000_BC_Data"], "http://www.opengis.net/ont/geosparql#asWKT": ["POINT(12.64 52.65)"], "http://www.w3.org/1999/02/22-rdf-syntax-ns#type": ["http://www.opengis.net/ont/sf#Point"]}, "geometry": {"type": "Point", "coordinates": [12.64, 52.65]}}, {"type": "Feature", "id": "http://w3id.org/bb5kbc/site_40_geom", "name": "", "dateprops": [], "properties": {"http://fuzzy-sl.squirrel.link/ontology/hasPointType": ["https://fuzzy-sl.wikibase.cloud/entity/Q126"], "http://rdfs.org/ns/void#inDataset": ["http://w3id.org/bb5kbc/Brandenburg_5000_BC_Data"], "http://www.opengis.net/ont/geosparql#asWKT": ["POINT(13.08 51.96)"], "http://www.w3.org/1999/02/22-rdf-syntax-ns#type": ["http://www.opengis.net/ont/sf#Point"]}, "geometry": {"type": "Point", "coordinates": [13.08, 51.96]}}, {"type": "Feature", "id": "http://w3id.org/bb5kbc/site_298_geom", "name": "", "dateprops": [], "properties": {"http://fuzzy-sl.squirrel.link/ontology/hasPointType": ["https://fuzzy-sl.wikibase.cloud/entity/Q126"], "http://rdfs.org/ns/void#inDataset": ["http://w3id.org/bb5kbc/Brandenburg_5000_BC_Data"], "http://www.opengis.net/ont/geosparql#asWKT": ["POINT(14.15 53.06)"], "http://www.w3.org/1999/02/22-rdf-syntax-ns#type": ["http://www.opengis.net/ont/sf#Point"]}, "geometry": {"type": "Point", "coordinates": [14.15, 53.06]}}, {"type": "Feature", "id": "http://w3id.org/bb5kbc/site_276_geom", "name": "", "dateprops": [], "properties": {"http://fuzzy-sl.squirrel.link/ontology/hasPointType": ["https://fuzzy-sl.wikibase.cloud/entity/Q126"], "http://rdfs.org/ns/void#inDataset": ["http://w3id.org/bb5kbc/Brandenburg_5000_BC_Data"], "http://www.opengis.net/ont/geosparql#asWKT": ["POINT(12.96 52.57)"], "http://www.w3.org/1999/02/22-rdf-syntax-ns#type": ["http://www.opengis.net/ont/sf#Point"]}, "geometry": {"type": "Point", "coordinates": [12.96, 52.57]}}, {"type": "Feature", "id": "http://w3id.org/bb5kbc/site_24_geom", "name": "", "dateprops": [], "properties": {"http://fuzzy-sl.squirrel.link/ontology/hasPointType": ["https://fuzzy-sl.wikibase.cloud/entity/Q126"], "http://rdfs.org/ns/void#inDataset": ["http://w3id.org/bb5kbc/Brandenburg_5000_BC_Data"], "http://www.opengis.net/ont/geosparql#asWKT": ["POINT(11.97 51.4)"], "http://www.w3.org/1999/02/22-rdf-syntax-ns#type": ["http://www.opengis.net/ont/sf#Point"]}, "geometry": {"type": "Point", "coordinates": [11.97, 51.4]}}, {"type": "Feature", "id": "http://w3id.org/bb5kbc/site_206_geom", "name": "", "dateprops": [], "properties": {"http://fuzzy-sl.squirrel.link/ontology/hasPointType": ["https://fuzzy-sl.wikibase.cloud/entity/Q126"], "http://rdfs.org/ns/void#inDataset": ["http://w3id.org/bb5kbc/Brandenburg_5000_BC_Data"], "http://www.opengis.net/ont/geosparql#asWKT": ["POINT(18.88 52.64)"], "http://www.w3.org/1999/02/22-rdf-syntax-ns#type": ["http://www.opengis.net/ont/sf#Point"]}, "geometry": {"type": "Point", "coordinates": [18.88, 52.64]}}, {"type": "Feature", "id": "http://w3id.org/bb5kbc/site_400_geom", "name": "", "dateprops": [], "properties": {"http://fuzzy-sl.squirrel.link/ontology/hasPointType": ["https://fuzzy-sl.wikibase.cloud/entity/Q126"], "http://rdfs.org/ns/void#inDataset": ["http://w3id.org/bb5kbc/Brandenburg_5000_BC_Data"], "http://www.opengis.net/ont/geosparql#asWKT": ["POINT(13.09 52.38)"], "http://www.w3.org/1999/02/22-rdf-syntax-ns#type": ["http://www.opengis.net/ont/sf#Point"]}, "geometry": {"type": "Point", "coordinates": [13.09, 52.38]}}, {"type": "Feature", "id": "http://w3id.org/bb5kbc/site_34_geom", "name": "", "dateprops": [], "properties": {"http://fuzzy-sl.squirrel.link/ontology/hasPointType": ["https://fuzzy-sl.wikibase.cloud/entity/Q126"], "http://rdfs.org/ns/void#inDataset": ["http://w3id.org/bb5kbc/Brandenburg_5000_BC_Data"], "http://www.opengis.net/ont/geosparql#asWKT": ["POINT(12.54 52.75)"], "http://www.w3.org/1999/02/22-rdf-syntax-ns#type": ["http://www.opengis.net/ont/sf#Point"]}, "geometry": {"type": "Point", "coordinates": [12.54, 52.75]}}, {"type": "Feature", "id": "http://w3id.org/bb5kbc/site_353_geom", "name": "", "dateprops": [], "properties": {"http://fuzzy-sl.squirrel.link/ontology/hasPointType": ["https://fuzzy-sl.wikibase.cloud/entity/Q126"], "http://rdfs.org/ns/void#inDataset": ["http://w3id.org/bb5kbc/Brandenburg_5000_BC_Data"], "http://www.opengis.net/ont/geosparql#asWKT": ["POINT(13.25 53.02)"], "http://www.w3.org/1999/02/22-rdf-syntax-ns#type": ["http://www.opengis.net/ont/sf#Point"]}, "geometry": {"type": "Point", "coordinates": [13.25, 53.02]}}, {"type": "Feature", "id": "http://w3id.org/bb5kbc/site_241_geom", "name": "", "dateprops": [], "properties": {"http://fuzzy-sl.squirrel.link/ontology/hasPointType": ["https://fuzzy-sl.wikibase.cloud/entity/Q126"], "http://rdfs.org/ns/void#inDataset": ["http://w3id.org/bb5kbc/Brandenburg_5000_BC_Data"], "http://www.opengis.net/ont/geosparql#asWKT": ["POINT(14.2 52.09)"], "http://www.w3.org/1999/02/22-rdf-syntax-ns#type": ["http://www.opengis.net/ont/sf#Point"]}, "geometry": {"type": "Point", "coordinates": [14.2, 52.09]}}, {"type": "Feature", "id": "http://w3id.org/bb5kbc/site_208_geom", "name": "", "dateprops": [], "properties": {"http://fuzzy-sl.squirrel.link/ontology/hasPointType": ["https://fuzzy-sl.wikibase.cloud/entity/Q126"], "http://rdfs.org/ns/void#inDataset": ["http://w3id.org/bb5kbc/Brandenburg_5000_BC_Data"], "http://www.opengis.net/ont/geosparql#asWKT": ["POINT(18.88 52.65)"], "http://www.w3.org/1999/02/22-rdf-syntax-ns#type": ["http://www.opengis.net/ont/sf#Point"]}, "geometry": {"type": "Point", "coordinates": [18.88, 52.65]}}, {"type": "Feature", "id": "http://w3id.org/bb5kbc/site_503_geom", "name": "", "dateprops": [], "properties": {"http://fuzzy-sl.squirrel.link/ontology/hasPointType": ["https://fuzzy-sl.wikibase.cloud/entity/Q126"], "http://rdfs.org/ns/void#inDataset": ["http://w3id.org/bb5kbc/Brandenburg_5000_BC_Data"], "http://www.opengis.net/ont/geosparql#asWKT": ["POINT(13.93 53.31)"], "http://www.w3.org/1999/02/22-rdf-syntax-ns#type": ["http://www.opengis.net/ont/sf#Point"]}, "geometry": {"type": "Point", "coordinates": [13.93, 53.31]}}, {"type": "Feature", "id": "http://w3id.org/bb5kbc/site_278_geom", "name": "", "dateprops": [], "properties": {"http://fuzzy-sl.squirrel.link/ontology/hasPointType": ["https://fuzzy-sl.wikibase.cloud/entity/Q126"], "http://rdfs.org/ns/void#inDataset": ["http://w3id.org/bb5kbc/Brandenburg_5000_BC_Data"], "http://www.opengis.net/ont/geosparql#asWKT": ["POINT(12.96 52.58)"], "http://www.w3.org/1999/02/22-rdf-syntax-ns#type": ["http://www.opengis.net/ont/sf#Point"]}, "geometry": {"type": "Point", "coordinates": [12.96, 52.58]}}], "numberMatched": 540, "numberReturned": 540, "bbox": [10.58, 50.08, 21.23, 54.48], "crs": "http://www.opengis.net/def/crs/EPSG/0/4326"}