{"type": "FeatureCollection", "id": "https://fuzzy-sl.wikibase.cloud/entity/Q23", "name": "high", "features": [{"type": "Feature", "id": "http://w3id.org/bb5kbc/site_399", "name": "", "dateprops": [], "properties": {"http://fuzzy-sl.squirrel.link/ontology/certaintyLevel": ["https://fuzzy-sl.wikibase.cloud/entity/Q23"], "http://fuzzy-sl.squirrel.link/ontology/hasLocationType": ["https://fuzzy-sl.wikibase.cloud/entity/Q80"], "http://fuzzy-sl.squirrel.link/ontology/representativeGeometry": ["http://w3id.org/bb5kbc/site_399_geom"], "http://purl.org/dc/terms/identifier": ["399"], "http://rdfs.org/ns/void#inDataset": ["http://w3id.org/bb5kbc/Brandenburg_5000_BC_Data"], "http://w3id.org/bb5kbc/ont/hatFID": ["399"], "http://w3id.org/bb5kbc/ont/hatFundstellenID": ["335"], "http://w3id.org/bb5kbc/ont/hatFundstellenart": ["http://w3id.org/bb5kbc/fundstellenart_376218bc"], "http://w3id.org/bb5kbc/ont/hatGenauigkeit": ["0.0"], "http://w3id.org/bb5kbc/ont/hatKatalognummer": ["16054"], "http://w3id.org/bb5kbc/ont/hatKulturelleZuordnung": ["http://w3id.org/bb5kbc/site_399_culture"], "http://w3id.org/bb5kbc/ont/inGemeinde": ["http://w3id.org/bb5kbc/gemeinde_d5404511"], "http://w3id.org/bb5kbc/ont/wurdeEntdecktDurch": ["http://w3id.org/bb5kbc/site_399_discovery"], "http://w3id.org/bb5kbc/ont/wurdeGeoreferenziertDurch": ["http://w3id.org/bb5kbc/site_399_activity"], "http://www.opengis.net/ont/geosparql#hasGeometry": ["http://w3id.org/bb5kbc/site_399_geom"], "http://www.w3.org/1999/02/22-rdf-syntax-ns#type": ["http://w3id.org/bb5kbc/ont/Fundstelle"], "http://www.w3.org/2000/01/rdf-schema#label": ["Potsdam - 13"], "http://www.w3.org/2004/02/skos/core#prefLabel": ["Potsdam - 13"]}, "geometry": {"type": "Point", "coordinates": [13.08, 52.38]}}, {"type": "Feature", "id": "http://w3id.org/bb5kbc/site_251", "name": "", "dateprops": [], "properties": {"http://fuzzy-sl.squirrel.link/ontology/certaintyLevel": ["https://fuzzy-sl.wikibase.cloud/entity/Q23"], "http://fuzzy-sl.squirrel.link/ontology/hasLocationType": ["https://fuzzy-sl.wikibase.cloud/entity/Q80"], "http://fuzzy-sl.squirrel.link/ontology/representativeGeometry": ["http://w3id.org/bb5kbc/site_251_geom"], "http://purl.org/dc/terms/identifier": ["251"], "http://rdfs.org/ns/void#inDataset": ["http://w3id.org/bb5kbc/Brandenburg_5000_BC_Data"], "http://w3id.org/bb5kbc/ont/hatFID": ["251"], "http://w3id.org/bb5kbc/ont/hatFundstellenID": ["15"], "http://w3id.org/bb5kbc/ont/hatFundstellenart": ["http://w3id.org/bb5kbc/fundstellenart_376218bc"], "http://w3id.org/bb5kbc/ont/hatGenauigkeit": ["0.0"], "http://w3id.org/bb5kbc/ont/hatKatalognummer": ["1011"], "http://w3id.org/bb5kbc/ont/hatKulturelleZuordnung": ["http://w3id.org/bb5kbc/site_251_culture"], "http://w3id.org/bb5kbc/ont/inGemeinde": ["http://w3id.org/bb5kbc/gemeinde_31074870"], "http://w3id.org/bb5kbc/ont/wurdeEntdecktDurch": ["http://w3id.org/bb5kbc/site_251_discovery"], "http://w3id.org/bb5kbc/ont/wurdeGeoreferenziertDurch": ["http://w3id.org/bb5kbc/site_251_activity"], "http://www.opengis.net/ont/geosparql#hasGeometry": ["http://w3id.org/bb5kbc/site_251_geom"], "http://www.w3.org/1999/02/22-rdf-syntax-ns#type": ["http://w3id.org/bb5kbc/ont/Fundstelle"], "http://www.w3.org/2000/01/rdf-schema#label": ["Altranft 6"], "http://www.w3.org/2004/02/skos/core#prefLabel": ["Altranft 6"]}, "geometry": {"type": "Point", "coordinates": [14.09, 52.77]}}, {"type": "Feature", "id": "http://w3id.org/bb5kbc/site_365", "name": "", "dateprops": [], "properties": {"http://fuzzy-sl.squirrel.link/ontology/certaintyLevel": ["https://fuzzy-sl.wikibase.cloud/entity/Q23"], "http://fuzzy-sl.squirrel.link/ontology/hasLocationType": ["https://fuzzy-sl.wikibase.cloud/entity/Q80"], "http://fuzzy-sl.squirrel.link/ontology/representativeGeometry": ["http://w3id.org/bb5kbc/site_365_geom"], "http://purl.org/dc/terms/identifier": ["365"], "http://rdfs.org/ns/void#inDataset": ["http://w3id.org/bb5kbc/Brandenburg_5000_BC_Data"], "http://w3id.org/bb5kbc/ont/hatFID": ["365"], "http://w3id.org/bb5kbc/ont/hatFundstellenID": ["315"], "http://w3id.org/bb5kbc/ont/hatFundstellenart": ["http://w3id.org/bb5kbc/fundstellenart_376218bc"], "http://w3id.org/bb5kbc/ont/hatGenauigkeit": ["0.0"], "http://w3id.org/bb5kbc/ont/hatKatalognummer": ["57790"], "http://w3id.org/bb5kbc/ont/hatKulturelleZuordnung": ["http://w3id.org/bb5kbc/site_365_culture"], "http://w3id.org/bb5kbc/ont/inGemeinde": ["http://w3id.org/bb5kbc/gemeinde_5ad83012"], "http://w3id.org/bb5kbc/ont/wurdeEntdecktDurch": ["http://w3id.org/bb5kbc/site_365_discovery"], "http://w3id.org/bb5kbc/ont/wurdeGeoreferenziertDurch": ["http://w3id.org/bb5kbc/site_365_activity"], "http://www.opengis.net/ont/geosparql#hasGeometry": ["http://w3id.org/bb5kbc/site_365_geom"], "http://www.w3.org/1999/02/22-rdf-syntax-ns#type": ["http://w3id.org/bb5kbc/ont/Fundstelle"], "http://www.w3.org/2000/01/rdf-schema#label": ["Oranienburg - 42"], "http://www.w3.org/2004/02/skos/core#prefLabel": ["Oranienburg - 42"]}, "geometry": {"type": "Point", "coordinates": [13.25, 52.75]}}, {"type": "Feature", "id": "http://w3id.org/bb5kbc/site_490", "name": "", "dateprops": [], "properties": {"http://fuzzy-sl.squirrel.link/ontology/certaintyLevel": ["https://fuzzy-sl.wikibase.cloud/entity/Q23"], "http://fuzzy-sl.squirrel.link/ontology/hasLocationType": ["https://fuzzy-sl.wikibase.cloud/entity/Q80"], "http://fuzzy-sl.squirrel.link/ontology/representativeGeometry": ["http://w3id.org/bb5kbc/site_490_geom"], "http://purl.org/dc/terms/identifier": ["490"], "http://rdfs.org/ns/void#inDataset": ["http://w3id.org/bb5kbc/Brandenburg_5000_BC_Data"], "http://w3id.org/bb5kbc/ont/hatFID": ["490"], "http://w3id.org/bb5kbc/ont/hatFundstellenID": ["403"], "http://w3id.org/bb5kbc/ont/hatFundstellenart": ["http://w3id.org/bb5kbc/fundstellenart_376218bc"], "http://w3id.org/bb5kbc/ont/hatGenauigkeit": ["0.0"], "http://w3id.org/bb5kbc/ont/hatKatalognummer": ["20935"], "http://w3id.org/bb5kbc/ont/hatKulturelleZuordnung": ["http://w3id.org/bb5kbc/site_490_culture"], "http://w3id.org/bb5kbc/ont/inGemeinde": ["http://w3id.org/bb5kbc/gemeinde_57f651b9"], "http://w3id.org/bb5kbc/ont/wurdeEntdecktDurch": ["http://w3id.org/bb5kbc/site_490_discovery"], "http://w3id.org/bb5kbc/ont/wurdeGeoreferenziertDurch": ["http://w3id.org/bb5kbc/site_490_activity"], "http://www.opengis.net/ont/geosparql#hasGeometry": ["http://w3id.org/bb5kbc/site_490_geom"], "http://www.w3.org/1999/02/22-rdf-syntax-ns#type": ["http://w3id.org/bb5kbc/ont/Fundstelle"], "http://www.w3.org/2000/01/rdf-schema#label": ["Schwedt - 6"], "http://www.w3.org/2004/02/skos/core#prefLabel": ["Schwedt - 6"]}, "geometry": {"type": "Point", "coordinates": [14.28, 53.05]}}, {"type": "Feature", "id": "http://w3id.org/bb5kbc/site_385", "name": "", "dateprops": [], "properties": {"http://fuzzy-sl.squirrel.link/ontology/certaintyLevel": ["https://fuzzy-sl.wikibase.cloud/entity/Q23"], "http://fuzzy-sl.squirrel.link/ontology/hasLocationType": ["https://fuzzy-sl.wikibase.cloud/entity/Q80"], "http://fuzzy-sl.squirrel.link/ontology/representativeGeometry": ["http://w3id.org/bb5kbc/site_385_geom"], "http://purl.org/dc/terms/identifier": ["385"], "http://rdfs.org/ns/void#inDataset": ["http://w3id.org/bb5kbc/Brandenburg_5000_BC_Data"], "http://w3id.org/bb5kbc/ont/hatFID": ["385"], "http://w3id.org/bb5kbc/ont/hatFundstellenID": ["466"], "http://w3id.org/bb5kbc/ont/hatFundstellenart": ["http://w3id.org/bb5kbc/fundstellenart_376218bc"], "http://w3id.org/bb5kbc/ont/hatGenauigkeit": ["0.0"], "http://w3id.org/bb5kbc/ont/hatKatalognummer": ["13450"], "http://w3id.org/bb5kbc/ont/hatKulturelleZuordnung": ["http://w3id.org/bb5kbc/site_385_culture"], "http://w3id.org/bb5kbc/ont/inGemeinde": ["http://w3id.org/bb5kbc/gemeinde_405a2d04"], "http://w3id.org/bb5kbc/ont/wurdeEntdecktDurch": ["http://w3id.org/bb5kbc/site_385_discovery"], "http://w3id.org/bb5kbc/ont/wurdeGeoreferenziertDurch": ["http://w3id.org/bb5kbc/site_385_activity"], "http://www.opengis.net/ont/geosparql#hasGeometry": ["http://w3id.org/bb5kbc/site_385_geom"], "http://www.w3.org/1999/02/22-rdf-syntax-ns#type": ["http://w3id.org/bb5kbc/ont/Fundstelle"], "http://www.w3.org/2000/01/rdf-schema#label": ["Wildberg - 3"], "http://www.w3.org/2004/02/skos/core#prefLabel": ["Wildberg - 3"]}, "geometry": {"type": "Point", "coordinates": [12.63, 52.87]}}, {"type": "Feature", "id": "http://w3id.org/bb5kbc/site_43", "name": "", "dateprops": [], "properties": {"http://fuzzy-sl.squirrel.link/ontology/certaintyLevel": ["https://fuzzy-sl.wikibase.cloud/entity/Q23"], "http://fuzzy-sl.squirrel.link/ontology/hasLocationType": ["https://fuzzy-sl.wikibase.cloud/entity/Q80"], "http://fuzzy-sl.squirrel.link/ontology/representativeGeometry": ["http://w3id.org/bb5kbc/site_43_geom"], "http://purl.org/dc/terms/identifier": ["43"], "http://rdfs.org/ns/void#inDataset": ["http://w3id.org/bb5kbc/Brandenburg_5000_BC_Data"], "http://w3id.org/bb5kbc/ont/hatFID": ["43"], "http://w3id.org/bb5kbc/ont/hatFundstellenID": ["60"], "http://w3id.org/bb5kbc/ont/hatFundstellenart": ["http://w3id.org/bb5kbc/fundstellenart_376218bc"], "http://w3id.org/bb5kbc/ont/hatGenauigkeit": ["0.0"], "http://w3id.org/bb5kbc/ont/hatKatalognummer": ["9579"], "http://w3id.org/bb5kbc/ont/hatKulturelleZuordnung": ["http://w3id.org/bb5kbc/site_43_culture"], "http://w3id.org/bb5kbc/ont/hatPublikation": ["http://w3id.org/bb5kbc/pub_21405e20"], "http://w3id.org/bb5kbc/ont/inGemeinde": ["http://w3id.org/bb5kbc/gemeinde_7aa1556f"], "http://w3id.org/bb5kbc/ont/wurdeEntdecktDurch": ["http://w3id.org/bb5kbc/site_43_discovery"], "http://w3id.org/bb5kbc/ont/wurdeGeoreferenziertDurch": ["http://w3id.org/bb5kbc/site_43_activity"], "http://www.opengis.net/ont/geosparql#hasGeometry": ["http://w3id.org/bb5kbc/site_43_geom"], "http://www.w3.org/1999/02/22-rdf-syntax-ns#type": ["http://w3id.org/bb5kbc/ont/Fundstelle"], "http://www.w3.org/2000/01/rdf-schema#label": ["Bochow 7"], "http://www.w3.org/2004/02/skos/core#prefLabel": ["Bochow 7"]}, "geometry": {"type": "Point", "coordinates": [13.09, 51.97]}}, {"type": "Feature", "id": "http://w3id.org/bb5kbc/site_496", "name": "", "dateprops": [], "properties": {"http://fuzzy-sl.squirrel.link/ontology/certaintyLevel": ["https://fuzzy-sl.wikibase.cloud/entity/Q23"], "http://fuzzy-sl.squirrel.link/ontology/hasLocationType": ["https://fuzzy-sl.wikibase.cloud/entity/Q80"], "http://fuzzy-sl.squirrel.link/ontology/representativeGeometry": ["http://w3id.org/bb5kbc/site_496_geom"], "http://purl.org/dc/terms/identifier": ["496"], "http://rdfs.org/ns/void#inDataset": ["http://w3id.org/bb5kbc/Brandenburg_5000_BC_Data"], "http://w3id.org/bb5kbc/ont/hatFID": ["496"], "http://w3id.org/bb5kbc/ont/hatFundstellenID": ["91"], "http://w3id.org/bb5kbc/ont/hatFundstellenart": ["http://w3id.org/bb5kbc/fundstellenart_376218bc"], "http://w3id.org/bb5kbc/ont/hatGenauigkeit": ["0.0"], "http://w3id.org/bb5kbc/ont/hatKatalognummer": ["37902"], "http://w3id.org/bb5kbc/ont/hatKulturelleZuordnung": ["http://w3id.org/bb5kbc/site_496_culture"], "http://w3id.org/bb5kbc/ont/inGemeinde": ["http://w3id.org/bb5kbc/gemeinde_1ef9888d"], "http://w3id.org/bb5kbc/ont/wurdeEntdecktDurch": ["http://w3id.org/bb5kbc/site_496_discovery"], "http://w3id.org/bb5kbc/ont/wurdeGeoreferenziertDurch": ["http://w3id.org/bb5kbc/site_496_activity"], "http://www.opengis.net/ont/geosparql#hasGeometry": ["http://w3id.org/bb5kbc/site_496_geom"], "http://www.w3.org/1999/02/22-rdf-syntax-ns#type": ["http://w3id.org/bb5kbc/ont/Fundstelle"], "http://www.w3.org/2000/01/rdf-schema#label": ["Carmzow - 77"], "http://www.w3.org/2004/02/skos/core#prefLabel": ["Carmzow - 77"]}, "geometry": {"type": "Point", "coordinates": [14.09, 53.38]}}, {"type": "Feature", "id": "http://w3id.org/bb5kbc/site_499", "name": "", "dateprops": [], "properties": {"http://fuzzy-sl.squirrel.link/ontology/certaintyLevel": ["https://fuzzy-sl.wikibase.cloud/entity/Q23"], "http://fuzzy-sl.squirrel.link/ontology/hasLocationType": ["https://fuzzy-sl.wikibase.cloud/entity/Q80"], "http://fuzzy-sl.squirrel.link/ontology/representativeGeometry": ["http://w3id.org/bb5kbc/site_499_geom"], "http://purl.org/dc/terms/identifier": ["499"], "http://rdfs.org/ns/void#inDataset": ["http://w3id.org/bb5kbc/Brandenburg_5000_BC_Data"], "http://w3id.org/bb5kbc/ont/hatFID": ["499"], "http://w3id.org/bb5kbc/ont/hatFundstellenID": ["349"], "http://w3id.org/bb5kbc/ont/hatFundstellenart": ["http://w3id.org/bb5kbc/fundstellenart_376218bc"], "http://w3id.org/bb5kbc/ont/hatGenauigkeit": ["0.0"], "http://w3id.org/bb5kbc/ont/hatKatalognummer": ["17652"], "http://w3id.org/bb5kbc/ont/hatKulturelleZuordnung": ["http://w3id.org/bb5kbc/site_499_culture"], "http://w3id.org/bb5kbc/ont/inGemeinde": ["http://w3id.org/bb5kbc/gemeinde_55240cf0"], "http://w3id.org/bb5kbc/ont/wurdeEntdecktDurch": ["http://w3id.org/bb5kbc/site_499_discovery"], "http://w3id.org/bb5kbc/ont/wurdeGeoreferenziertDurch": ["http://w3id.org/bb5kbc/site_499_activity"], "http://www.opengis.net/ont/geosparql#hasGeometry": ["http://w3id.org/bb5kbc/site_499_geom"], "http://www.w3.org/1999/02/22-rdf-syntax-ns#type": ["http://w3id.org/bb5kbc/ont/Fundstelle"], "http://www.w3.org/2000/01/rdf-schema#label": ["Prenzlau - 101"], "http://www.w3.org/2004/02/skos/core#prefLabel": ["Prenzlau - 101"]}, "geometry": {"type": "Point", "coordinates": [13.82, 53.3]}}, {"type": "Feature", "id": "http://w3id.org/bb5kbc/site_64", "name": "", "dateprops": [], "properties": {"http://fuzzy-sl.squirrel.link/ontology/certaintyLevel": ["https://fuzzy-sl.wikibase.cloud/entity/Q23"], "http://fuzzy-sl.squirrel.link/ontology/hasLocationType": ["https://fuzzy-sl.wikibase.cloud/entity/Q80"], "http://fuzzy-sl.squirrel.link/ontology/representativeGeometry": ["http://w3id.org/bb5kbc/site_64_geom"], "http://purl.org/dc/terms/identifier": ["64"], "http://rdfs.org/ns/void#inDataset": ["http://w3id.org/bb5kbc/Brandenburg_5000_BC_Data"], "http://w3id.org/bb5kbc/ont/hatFID": ["64"], "http://w3id.org/bb5kbc/ont/hatFundstellenID": ["275"], "http://w3id.org/bb5kbc/ont/hatFundstellenart": ["http://w3id.org/bb5kbc/fundstellenart_376218bc"], "http://w3id.org/bb5kbc/ont/hatGenauigkeit": ["0.0"], "http://w3id.org/bb5kbc/ont/hatKatalognummer": ["40938"], "http://w3id.org/bb5kbc/ont/hatKulturelleZuordnung": ["http://w3id.org/bb5kbc/site_64_culture"], "http://w3id.org/bb5kbc/ont/inGemeinde": ["http://w3id.org/bb5kbc/gemeinde_74711701"], "http://w3id.org/bb5kbc/ont/wurdeEntdecktDurch": ["http://w3id.org/bb5kbc/site_64_discovery"], "http://w3id.org/bb5kbc/ont/wurdeGeoreferenziertDurch": ["http://w3id.org/bb5kbc/site_64_activity"], "http://www.opengis.net/ont/geosparql#hasGeometry": ["http://w3id.org/bb5kbc/site_64_geom"], "http://www.w3.org/1999/02/22-rdf-syntax-ns#type": ["http://w3id.org/bb5kbc/ont/Fundstelle"], "http://www.w3.org/2000/01/rdf-schema#label": ["Meichow 16"], "http://www.w3.org/2004/02/skos/core#prefLabel": ["Meichow 16"]}, "geometry": {"type": "Point", "coordinates": [13.96, 53.19]}}, {"type": "Feature", "id": "http://w3id.org/bb5kbc/site_47", "name": "", "dateprops": [], "properties": {"http://fuzzy-sl.squirrel.link/ontology/certaintyLevel": ["https://fuzzy-sl.wikibase.cloud/entity/Q23"], "http://fuzzy-sl.squirrel.link/ontology/hasLocationType": ["https://fuzzy-sl.wikibase.cloud/entity/Q80"], "http://fuzzy-sl.squirrel.link/ontology/representativeGeometry": ["http://w3id.org/bb5kbc/site_47_geom"], "http://purl.org/dc/terms/identifier": ["47"], "http://rdfs.org/ns/void#inDataset": ["http://w3id.org/bb5kbc/Brandenburg_5000_BC_Data"], "http://w3id.org/bb5kbc/ont/hatFID": ["47"], "http://w3id.org/bb5kbc/ont/hatFundstellenID": ["386"], "http://w3id.org/bb5kbc/ont/hatFundstellenart": ["http://w3id.org/bb5kbc/fundstellenart_376218bc"], "http://w3id.org/bb5kbc/ont/hatGenauigkeit": ["0.0"], "http://w3id.org/bb5kbc/ont/hatKatalognummer": ["24516"], "http://w3id.org/bb5kbc/ont/hatKulturelleZuordnung": ["http://w3id.org/bb5kbc/site_47_culture"], "http://w3id.org/bb5kbc/ont/inGemeinde": ["http://w3id.org/bb5kbc/gemeinde_18798fd1"], "http://w3id.org/bb5kbc/ont/wurdeEntdecktDurch": ["http://w3id.org/bb5kbc/site_47_discovery"], "http://w3id.org/bb5kbc/ont/wurdeGeoreferenziertDurch": ["http://w3id.org/bb5kbc/site_47_activity"], "http://www.opengis.net/ont/geosparql#hasGeometry": ["http://w3id.org/bb5kbc/site_47_geom"], "http://www.w3.org/1999/02/22-rdf-syntax-ns#type": ["http://w3id.org/bb5kbc/ont/Fundstelle"], "http://www.w3.org/2000/01/rdf-schema#label": ["Schia\u00df 1"], "http://www.w3.org/2004/02/skos/core#prefLabel": ["Schia\u00df 1"]}, "geometry": {"type": "Point", "coordinates": [13.14, 52.26]}}, {"type": "Feature", "id": "http://w3id.org/bb5kbc/site_343", "name": "", "dateprops": [], "properties": {"http://fuzzy-sl.squirrel.link/ontology/certaintyLevel": ["https://fuzzy-sl.wikibase.cloud/entity/Q23"], "http://fuzzy-sl.squirrel.link/ontology/hasLocationType": ["https://fuzzy-sl.wikibase.cloud/entity/Q80"], "http://fuzzy-sl.squirrel.link/ontology/representativeGeometry": ["http://w3id.org/bb5kbc/site_343_geom"], "http://purl.org/dc/terms/identifier": ["343"], "http://rdfs.org/ns/void#inDataset": ["http://w3id.org/bb5kbc/Brandenburg_5000_BC_Data"], "http://w3id.org/bb5kbc/ont/hatFID": ["343"], "http://w3id.org/bb5kbc/ont/hatFundstellenID": ["459"], "http://w3id.org/bb5kbc/ont/hatFundstellenart": ["http://w3id.org/bb5kbc/fundstellenart_376218bc"], "http://w3id.org/bb5kbc/ont/hatGenauigkeit": ["0.0"], "http://w3id.org/bb5kbc/ont/hatKatalognummer": ["12929"], "http://w3id.org/bb5kbc/ont/hatKulturelleZuordnung": ["http://w3id.org/bb5kbc/site_343_culture"], "http://w3id.org/bb5kbc/ont/inGemeinde": ["http://w3id.org/bb5kbc/gemeinde_4ff34eff"], "http://w3id.org/bb5kbc/ont/wurdeEntdecktDurch": ["http://w3id.org/bb5kbc/site_343_discovery"], "http://w3id.org/bb5kbc/ont/wurdeGeoreferenziertDurch": ["http://w3id.org/bb5kbc/site_343_activity"], "http://www.opengis.net/ont/geosparql#hasGeometry": ["http://w3id.org/bb5kbc/site_343_geom"], "http://www.w3.org/1999/02/22-rdf-syntax-ns#type": ["http://w3id.org/bb5kbc/ont/Fundstelle"], "http://www.w3.org/2000/01/rdf-schema#label": ["Wansdorf - 7"], "http://www.w3.org/2004/02/skos/core#prefLabel": ["Wansdorf - 7"]}, "geometry": {"type": "Point", "coordinates": [13.07, 52.63]}}, {"type": "Feature", "id": "http://w3id.org/bb5kbc/site_33", "name": "", "dateprops": [], "properties": {"http://fuzzy-sl.squirrel.link/ontology/certaintyLevel": ["https://fuzzy-sl.wikibase.cloud/entity/Q23"], "http://fuzzy-sl.squirrel.link/ontology/hasLocationType": ["https://fuzzy-sl.wikibase.cloud/entity/Q80"], "http://fuzzy-sl.squirrel.link/ontology/representativeGeometry": ["http://w3id.org/bb5kbc/site_33_geom"], "http://purl.org/dc/terms/identifier": ["33"], "http://rdfs.org/ns/void#inDataset": ["http://w3id.org/bb5kbc/Brandenburg_5000_BC_Data"], "http://w3id.org/bb5kbc/ont/hatFID": ["33"], "http://w3id.org/bb5kbc/ont/hatFundstellenID": ["129"], "http://w3id.org/bb5kbc/ont/hatFundstellenart": ["http://w3id.org/bb5kbc/fundstellenart_1972902b"], "http://w3id.org/bb5kbc/ont/hatGenauigkeit": ["0.0"], "http://w3id.org/bb5kbc/ont/hatKatalognummer": ["12485"], "http://w3id.org/bb5kbc/ont/hatKulturelleZuordnung": ["http://w3id.org/bb5kbc/site_33_culture"], "http://w3id.org/bb5kbc/ont/hatPublikation": ["http://w3id.org/bb5kbc/pub_c54b495e"], "http://w3id.org/bb5kbc/ont/inGemeinde": ["http://w3id.org/bb5kbc/gemeinde_ef3c98d9"], "http://w3id.org/bb5kbc/ont/wurdeEntdecktDurch": ["http://w3id.org/bb5kbc/site_33_discovery"], "http://w3id.org/bb5kbc/ont/wurdeGeoreferenziertDurch": ["http://w3id.org/bb5kbc/site_33_activity"], "http://www.opengis.net/ont/geosparql#hasGeometry": ["http://w3id.org/bb5kbc/site_33_geom"], "http://www.w3.org/1999/02/22-rdf-syntax-ns#type": ["http://w3id.org/bb5kbc/ont/Fundstelle"], "http://www.w3.org/2000/01/rdf-schema#label": ["Friesack 4"], "http://www.w3.org/2004/02/skos/core#prefLabel": ["Friesack 4"]}, "geometry": {"type": "Point", "coordinates": [12.54, 52.75]}}, {"type": "Feature", "id": "http://w3id.org/bb5kbc/site_443", "name": "", "dateprops": [], "properties": {"http://fuzzy-sl.squirrel.link/ontology/certaintyLevel": ["https://fuzzy-sl.wikibase.cloud/entity/Q23"], "http://fuzzy-sl.squirrel.link/ontology/hasLocationType": ["https://fuzzy-sl.wikibase.cloud/entity/Q80"], "http://fuzzy-sl.squirrel.link/ontology/representativeGeometry": ["http://w3id.org/bb5kbc/site_443_geom"], "http://purl.org/dc/terms/identifier": ["443"], "http://rdfs.org/ns/void#inDataset": ["http://w3id.org/bb5kbc/Brandenburg_5000_BC_Data"], "http://w3id.org/bb5kbc/ont/hatFID": ["443"], "http://w3id.org/bb5kbc/ont/hatFundstellenID": ["361"], "http://w3id.org/bb5kbc/ont/hatFundstellenart": ["http://w3id.org/bb5kbc/fundstellenart_376218bc"], "http://w3id.org/bb5kbc/ont/hatGenauigkeit": ["0.0"], "http://w3id.org/bb5kbc/ont/hatKatalognummer": ["30858"], "http://w3id.org/bb5kbc/ont/hatKulturelleZuordnung": ["http://w3id.org/bb5kbc/site_443_culture"], "http://w3id.org/bb5kbc/ont/inGemeinde": ["http://w3id.org/bb5kbc/gemeinde_e8bc45d9"], "http://w3id.org/bb5kbc/ont/wurdeEntdecktDurch": ["http://w3id.org/bb5kbc/site_443_discovery"], "http://w3id.org/bb5kbc/ont/wurdeGeoreferenziertDurch": ["http://w3id.org/bb5kbc/site_443_activity"], "http://www.opengis.net/ont/geosparql#hasGeometry": ["http://w3id.org/bb5kbc/site_443_geom"], "http://www.w3.org/1999/02/22-rdf-syntax-ns#type": ["http://w3id.org/bb5kbc/ont/Fundstelle"], "http://www.w3.org/2000/01/rdf-schema#label": ["Raakow - 2"], "http://www.w3.org/2004/02/skos/core#prefLabel": ["Raakow - 2"]}, "geometry": {"type": "Point", "coordinates": [14.23, 51.64]}}, {"type": "Feature", "id": "http://w3id.org/bb5kbc/site_261", "name": "", "dateprops": [], "properties": {"http://fuzzy-sl.squirrel.link/ontology/certaintyLevel": ["https://fuzzy-sl.wikibase.cloud/entity/Q23"], "http://fuzzy-sl.squirrel.link/ontology/hasLocationType": ["https://fuzzy-sl.wikibase.cloud/entity/Q80"], "http://fuzzy-sl.squirrel.link/ontology/representativeGeometry": ["http://w3id.org/bb5kbc/site_261_geom"], "http://purl.org/dc/terms/identifier": ["261"], "http://rdfs.org/ns/void#inDataset": ["http://w3id.org/bb5kbc/Brandenburg_5000_BC_Data"], "http://w3id.org/bb5kbc/ont/hatFID": ["261"], "http://w3id.org/bb5kbc/ont/hatFundstellenID": ["214"], "http://w3id.org/bb5kbc/ont/hatFundstellenart": ["http://w3id.org/bb5kbc/fundstellenart_1972902b"], "http://w3id.org/bb5kbc/ont/hatGenauigkeit": ["0.0"], "http://w3id.org/bb5kbc/ont/hatKatalognummer": ["63130"], "http://w3id.org/bb5kbc/ont/hatKulturelleZuordnung": ["http://w3id.org/bb5kbc/site_261_culture"], "http://w3id.org/bb5kbc/ont/inGemeinde": ["http://w3id.org/bb5kbc/gemeinde_54032a6a"], "http://w3id.org/bb5kbc/ont/wurdeEntdecktDurch": ["http://w3id.org/bb5kbc/site_261_discovery"], "http://w3id.org/bb5kbc/ont/wurdeGeoreferenziertDurch": ["http://w3id.org/bb5kbc/site_261_activity"], "http://www.opengis.net/ont/geosparql#hasGeometry": ["http://w3id.org/bb5kbc/site_261_geom"], "http://www.w3.org/1999/02/22-rdf-syntax-ns#type": ["http://w3id.org/bb5kbc/ont/Fundstelle"], "http://www.w3.org/2000/01/rdf-schema#label": ["Kirchm\u00f6ser 34"], "http://www.w3.org/2004/02/skos/core#prefLabel": ["Kirchm\u00f6ser 34"]}, "geometry": {"type": "Point", "coordinates": [12.43, 52.38]}}, {"type": "Feature", "id": "http://w3id.org/bb5kbc/site_468", "name": "", "dateprops": [], "properties": {"http://fuzzy-sl.squirrel.link/ontology/certaintyLevel": ["https://fuzzy-sl.wikibase.cloud/entity/Q23"], "http://fuzzy-sl.squirrel.link/ontology/hasLocationType": ["https://fuzzy-sl.wikibase.cloud/entity/Q80"], "http://fuzzy-sl.squirrel.link/ontology/representativeGeometry": ["http://w3id.org/bb5kbc/site_468_geom"], "http://purl.org/dc/terms/identifier": ["468"], "http://rdfs.org/ns/void#inDataset": ["http://w3id.org/bb5kbc/Brandenburg_5000_BC_Data"], "http://w3id.org/bb5kbc/ont/hatFID": ["468"], "http://w3id.org/bb5kbc/ont/hatFundstellenID": ["16"], "http://w3id.org/bb5kbc/ont/hatFundstellenart": ["http://w3id.org/bb5kbc/fundstellenart_376218bc"], "http://w3id.org/bb5kbc/ont/hatGenauigkeit": ["0.0"], "http://w3id.org/bb5kbc/ont/hatKatalognummer": ["46"], "http://w3id.org/bb5kbc/ont/hatKulturelleZuordnung": ["http://w3id.org/bb5kbc/site_468_culture"], "http://w3id.org/bb5kbc/ont/inGemeinde": ["http://w3id.org/bb5kbc/gemeinde_80df634c"], "http://w3id.org/bb5kbc/ont/wurdeEntdecktDurch": ["http://w3id.org/bb5kbc/site_468_discovery"], "http://w3id.org/bb5kbc/ont/wurdeGeoreferenziertDurch": ["http://w3id.org/bb5kbc/site_468_activity"], "http://www.opengis.net/ont/geosparql#hasGeometry": ["http://w3id.org/bb5kbc/site_468_geom"], "http://www.w3.org/1999/02/22-rdf-syntax-ns#type": ["http://w3id.org/bb5kbc/ont/Fundstelle"], "http://www.w3.org/2000/01/rdf-schema#label": ["Angerm\u00fcnde - 24"], "http://www.w3.org/2004/02/skos/core#prefLabel": ["Angerm\u00fcnde - 24"]}, "geometry": {"type": "Point", "coordinates": [13.97, 53.03]}}, {"type": "Feature", "id": "http://w3id.org/bb5kbc/site_460", "name": "", "dateprops": [], "properties": {"http://fuzzy-sl.squirrel.link/ontology/certaintyLevel": ["https://fuzzy-sl.wikibase.cloud/entity/Q23"], "http://fuzzy-sl.squirrel.link/ontology/hasLocationType": ["https://fuzzy-sl.wikibase.cloud/entity/Q80"], "http://fuzzy-sl.squirrel.link/ontology/representativeGeometry": ["http://w3id.org/bb5kbc/site_460_geom"], "http://purl.org/dc/terms/identifier": ["460"], "http://rdfs.org/ns/void#inDataset": ["http://w3id.org/bb5kbc/Brandenburg_5000_BC_Data"], "http://w3id.org/bb5kbc/ont/hatFID": ["460"], "http://w3id.org/bb5kbc/ont/hatFundstellenID": ["51"], "http://w3id.org/bb5kbc/ont/hatFundstellenart": ["http://w3id.org/bb5kbc/fundstellenart_376218bc"], "http://w3id.org/bb5kbc/ont/hatGenauigkeit": ["0.0"], "http://w3id.org/bb5kbc/ont/hatKatalognummer": ["49359"], "http://w3id.org/bb5kbc/ont/hatKulturelleZuordnung": ["http://w3id.org/bb5kbc/site_460_culture"], "http://w3id.org/bb5kbc/ont/inGemeinde": ["http://w3id.org/bb5kbc/gemeinde_0e7e4009"], "http://w3id.org/bb5kbc/ont/wurdeEntdecktDurch": ["http://w3id.org/bb5kbc/site_460_discovery"], "http://w3id.org/bb5kbc/ont/wurdeGeoreferenziertDurch": ["http://w3id.org/bb5kbc/site_460_activity"], "http://www.opengis.net/ont/geosparql#hasGeometry": ["http://w3id.org/bb5kbc/site_460_geom"], "http://www.w3.org/1999/02/22-rdf-syntax-ns#type": ["http://w3id.org/bb5kbc/ont/Fundstelle"], "http://www.w3.org/2000/01/rdf-schema#label": ["Blankensee - 15"], "http://www.w3.org/2004/02/skos/core#prefLabel": ["Blankensee - 15"]}, "geometry": {"type": "Point", "coordinates": [13.14, 52.23]}}, {"type": "Feature", "id": "http://w3id.org/bb5kbc/site_53", "name": "", "dateprops": [], "properties": {"http://fuzzy-sl.squirrel.link/ontology/certaintyLevel": ["https://fuzzy-sl.wikibase.cloud/entity/Q23"], "http://fuzzy-sl.squirrel.link/ontology/hasLocationType": ["https://fuzzy-sl.wikibase.cloud/entity/Q80"], "http://fuzzy-sl.squirrel.link/ontology/representativeGeometry": ["http://w3id.org/bb5kbc/site_53_geom"], "http://purl.org/dc/terms/identifier": ["53"], "http://rdfs.org/ns/void#inDataset": ["http://w3id.org/bb5kbc/Brandenburg_5000_BC_Data"], "http://w3id.org/bb5kbc/ont/hatFID": ["53"], "http://w3id.org/bb5kbc/ont/hatFundstellenID": ["504"], "http://w3id.org/bb5kbc/ont/hatFundstellenart": ["http://w3id.org/bb5kbc/fundstellenart_376218bc"], "http://w3id.org/bb5kbc/ont/hatGenauigkeit": ["0.0"], "http://w3id.org/bb5kbc/ont/hatKulturelleZuordnung": ["http://w3id.org/bb5kbc/site_53_culture"], "http://w3id.org/bb5kbc/ont/hatPublikation": ["http://w3id.org/bb5kbc/pub_c54b495e"], "http://w3id.org/bb5kbc/ont/inGemeinde": ["http://w3id.org/bb5kbc/gemeinde_d834fc1f"], "http://w3id.org/bb5kbc/ont/wurdeEntdecktDurch": ["http://w3id.org/bb5kbc/site_53_discovery"], "http://w3id.org/bb5kbc/ont/wurdeGeoreferenziertDurch": ["http://w3id.org/bb5kbc/site_53_activity"], "http://www.opengis.net/ont/geosparql#hasGeometry": ["http://w3id.org/bb5kbc/site_53_geom"], "http://www.w3.org/1999/02/22-rdf-syntax-ns#type": ["http://w3id.org/bb5kbc/ont/Fundstelle"], "http://www.w3.org/2000/01/rdf-schema#label": ["Z\u00f6llmersdorf"], "http://www.w3.org/2004/02/skos/core#prefLabel": ["Z\u00f6llmersdorf"]}, "geometry": {"type": "Point", "coordinates": [13.66, 51.85]}}, {"type": "Feature", "id": "http://w3id.org/bb5kbc/site_376", "name": "", "dateprops": [], "properties": {"http://fuzzy-sl.squirrel.link/ontology/certaintyLevel": ["https://fuzzy-sl.wikibase.cloud/entity/Q23"], "http://fuzzy-sl.squirrel.link/ontology/hasLocationType": ["https://fuzzy-sl.wikibase.cloud/entity/Q80"], "http://fuzzy-sl.squirrel.link/ontology/representativeGeometry": ["http://w3id.org/bb5kbc/site_376_geom"], "http://purl.org/dc/terms/identifier": ["376"], "http://rdfs.org/ns/void#inDataset": ["http://w3id.org/bb5kbc/Brandenburg_5000_BC_Data"], "http://w3id.org/bb5kbc/ont/hatFID": ["376"], "http://w3id.org/bb5kbc/ont/hatFundstellenID": ["253"], "http://w3id.org/bb5kbc/ont/hatFundstellenart": ["http://w3id.org/bb5kbc/fundstellenart_376218bc"], "http://w3id.org/bb5kbc/ont/hatGenauigkeit": ["0.0"], "http://w3id.org/bb5kbc/ont/hatKatalognummer": ["10687"], "http://w3id.org/bb5kbc/ont/hatKulturelleZuordnung": ["http://w3id.org/bb5kbc/site_376_culture"], "http://w3id.org/bb5kbc/ont/inGemeinde": ["http://w3id.org/bb5kbc/gemeinde_fd18a4c7"], "http://w3id.org/bb5kbc/ont/wurdeEntdecktDurch": ["http://w3id.org/bb5kbc/site_376_discovery"], "http://w3id.org/bb5kbc/ont/wurdeGeoreferenziertDurch": ["http://w3id.org/bb5kbc/site_376_activity"], "http://www.opengis.net/ont/geosparql#hasGeometry": ["http://w3id.org/bb5kbc/site_376_geom"], "http://www.w3.org/1999/02/22-rdf-syntax-ns#type": ["http://w3id.org/bb5kbc/ont/Fundstelle"], "http://www.w3.org/2000/01/rdf-schema#label": ["Kyritz - 36"], "http://www.w3.org/2004/02/skos/core#prefLabel": ["Kyritz - 36"]}, "geometry": {"type": "Point", "coordinates": [12.41, 52.98]}}, {"type": "Feature", "id": "http://w3id.org/bb5kbc/site_502", "name": "", "dateprops": [], "properties": {"http://fuzzy-sl.squirrel.link/ontology/certaintyLevel": ["https://fuzzy-sl.wikibase.cloud/entity/Q23"], "http://fuzzy-sl.squirrel.link/ontology/hasLocationType": ["https://fuzzy-sl.wikibase.cloud/entity/Q80"], "http://fuzzy-sl.squirrel.link/ontology/representativeGeometry": ["http://w3id.org/bb5kbc/site_502_geom"], "http://purl.org/dc/terms/identifier": ["502"], "http://rdfs.org/ns/void#inDataset": ["http://w3id.org/bb5kbc/Brandenburg_5000_BC_Data"], "http://w3id.org/bb5kbc/ont/hatFID": ["502"], "http://w3id.org/bb5kbc/ont/hatFundstellenID": ["503"], "http://w3id.org/bb5kbc/ont/hatFundstellenart": ["http://w3id.org/bb5kbc/fundstellenart_376218bc"], "http://w3id.org/bb5kbc/ont/hatGenauigkeit": ["0.0"], "http://w3id.org/bb5kbc/ont/hatKatalognummer": ["18490"], "http://w3id.org/bb5kbc/ont/hatKulturelleZuordnung": ["http://w3id.org/bb5kbc/site_502_culture"], "http://w3id.org/bb5kbc/ont/inGemeinde": ["http://w3id.org/bb5kbc/gemeinde_162c9ac8"], "http://w3id.org/bb5kbc/ont/wurdeEntdecktDurch": ["http://w3id.org/bb5kbc/site_502_discovery"], "http://w3id.org/bb5kbc/ont/wurdeGeoreferenziertDurch": ["http://w3id.org/bb5kbc/site_502_activity"], "http://www.opengis.net/ont/geosparql#hasGeometry": ["http://w3id.org/bb5kbc/site_502_geom"], "http://www.w3.org/1999/02/22-rdf-syntax-ns#type": ["http://w3id.org/bb5kbc/ont/Fundstelle"], "http://www.w3.org/2000/01/rdf-schema#label": ["Zollchow - 20"], "http://www.w3.org/2004/02/skos/core#prefLabel": ["Zollchow - 20"]}, "geometry": {"type": "Point", "coordinates": [13.84, 53.25]}}, {"type": "Feature", "id": "http://w3id.org/bb5kbc/site_318", "name": "", "dateprops": [], "properties": {"http://fuzzy-sl.squirrel.link/ontology/certaintyLevel": ["https://fuzzy-sl.wikibase.cloud/entity/Q23"], "http://fuzzy-sl.squirrel.link/ontology/hasLocationType": ["https://fuzzy-sl.wikibase.cloud/entity/Q80"], "http://fuzzy-sl.squirrel.link/ontology/representativeGeometry": ["http://w3id.org/bb5kbc/site_318_geom"], "http://purl.org/dc/terms/identifier": ["318"], "http://rdfs.org/ns/void#inDataset": ["http://w3id.org/bb5kbc/Brandenburg_5000_BC_Data"], "http://w3id.org/bb5kbc/ont/hatFID": ["318"], "http://w3id.org/bb5kbc/ont/hatFundstellenID": ["458"], "http://w3id.org/bb5kbc/ont/hatFundstellenart": ["http://w3id.org/bb5kbc/fundstellenart_376218bc"], "http://w3id.org/bb5kbc/ont/hatGenauigkeit": ["0.0"], "http://w3id.org/bb5kbc/ont/hatKatalognummer": ["10383"], "http://w3id.org/bb5kbc/ont/hatKulturelleZuordnung": ["http://w3id.org/bb5kbc/site_318_culture"], "http://w3id.org/bb5kbc/ont/inGemeinde": ["http://w3id.org/bb5kbc/gemeinde_708fb4af"], "http://w3id.org/bb5kbc/ont/wurdeEntdecktDurch": ["http://w3id.org/bb5kbc/site_318_discovery"], "http://w3id.org/bb5kbc/ont/wurdeGeoreferenziertDurch": ["http://w3id.org/bb5kbc/site_318_activity"], "http://www.opengis.net/ont/geosparql#hasGeometry": ["http://w3id.org/bb5kbc/site_318_geom"], "http://www.w3.org/1999/02/22-rdf-syntax-ns#type": ["http://w3id.org/bb5kbc/ont/Fundstelle"], "http://www.w3.org/2000/01/rdf-schema#label": ["Waltersdorf bei K\u00f6.Wusterhausen - 14"], "http://www.w3.org/2004/02/skos/core#prefLabel": ["Waltersdorf bei K\u00f6.Wusterhausen - 14"]}, "geometry": {"type": "Point", "coordinates": [13.59, 52.37]}}, {"type": "Feature", "id": "http://w3id.org/bb5kbc/site_426", "name": "", "dateprops": [], "properties": {"http://fuzzy-sl.squirrel.link/ontology/certaintyLevel": ["https://fuzzy-sl.wikibase.cloud/entity/Q23"], "http://fuzzy-sl.squirrel.link/ontology/hasLocationType": ["https://fuzzy-sl.wikibase.cloud/entity/Q80"], "http://fuzzy-sl.squirrel.link/ontology/representativeGeometry": ["http://w3id.org/bb5kbc/site_426_geom"], "http://purl.org/dc/terms/identifier": ["426"], "http://rdfs.org/ns/void#inDataset": ["http://w3id.org/bb5kbc/Brandenburg_5000_BC_Data"], "http://w3id.org/bb5kbc/ont/hatFID": ["426"], "http://w3id.org/bb5kbc/ont/hatFundstellenID": ["219"], "http://w3id.org/bb5kbc/ont/hatFundstellenart": ["http://w3id.org/bb5kbc/fundstellenart_376218bc"], "http://w3id.org/bb5kbc/ont/hatGenauigkeit": ["0.0"], "http://w3id.org/bb5kbc/ont/hatKatalognummer": ["15538"], "http://w3id.org/bb5kbc/ont/hatKulturelleZuordnung": ["http://w3id.org/bb5kbc/site_426_culture"], "http://w3id.org/bb5kbc/ont/inGemeinde": ["http://w3id.org/bb5kbc/gemeinde_dca931f9"], "http://w3id.org/bb5kbc/ont/wurdeEntdecktDurch": ["http://w3id.org/bb5kbc/site_426_discovery"], "http://w3id.org/bb5kbc/ont/wurdeGeoreferenziertDurch": ["http://w3id.org/bb5kbc/site_426_activity"], "http://www.opengis.net/ont/geosparql#hasGeometry": ["http://w3id.org/bb5kbc/site_426_geom"], "http://www.w3.org/1999/02/22-rdf-syntax-ns#type": ["http://w3id.org/bb5kbc/ont/Fundstelle"], "http://www.w3.org/2000/01/rdf-schema#label": ["Kleinmachnow - 3"], "http://www.w3.org/2004/02/skos/core#prefLabel": ["Kleinmachnow - 3"]}, "geometry": {"type": "Point", "coordinates": [13.21, 52.4]}}, {"type": "Feature", "id": "http://w3id.org/bb5kbc/site_334", "name": "", "dateprops": [], "properties": {"http://fuzzy-sl.squirrel.link/ontology/certaintyLevel": ["https://fuzzy-sl.wikibase.cloud/entity/Q23"], "http://fuzzy-sl.squirrel.link/ontology/hasLocationType": ["https://fuzzy-sl.wikibase.cloud/entity/Q80"], "http://fuzzy-sl.squirrel.link/ontology/representativeGeometry": ["http://w3id.org/bb5kbc/site_334_geom"], "http://purl.org/dc/terms/identifier": ["334"], "http://rdfs.org/ns/void#inDataset": ["http://w3id.org/bb5kbc/Brandenburg_5000_BC_Data"], "http://w3id.org/bb5kbc/ont/hatFID": ["334"], "http://w3id.org/bb5kbc/ont/hatFundstellenID": ["396"], "http://w3id.org/bb5kbc/ont/hatFundstellenart": ["http://w3id.org/bb5kbc/fundstellenart_376218bc"], "http://w3id.org/bb5kbc/ont/hatGenauigkeit": ["0.0"], "http://w3id.org/bb5kbc/ont/hatKatalognummer": ["12853"], "http://w3id.org/bb5kbc/ont/hatKulturelleZuordnung": ["http://w3id.org/bb5kbc/site_334_culture"], "http://w3id.org/bb5kbc/ont/inGemeinde": ["http://w3id.org/bb5kbc/gemeinde_2748805e"], "http://w3id.org/bb5kbc/ont/wurdeEntdecktDurch": ["http://w3id.org/bb5kbc/site_334_discovery"], "http://w3id.org/bb5kbc/ont/wurdeGeoreferenziertDurch": ["http://w3id.org/bb5kbc/site_334_activity"], "http://www.opengis.net/ont/geosparql#hasGeometry": ["http://w3id.org/bb5kbc/site_334_geom"], "http://www.w3.org/1999/02/22-rdf-syntax-ns#type": ["http://w3id.org/bb5kbc/ont/Fundstelle"], "http://www.w3.org/2000/01/rdf-schema#label": ["Sch\u00f6nwalde - 30"], "http://www.w3.org/2004/02/skos/core#prefLabel": ["Sch\u00f6nwalde - 30"]}, "geometry": {"type": "Point", "coordinates": [13.1, 52.6]}}, {"type": "Feature", "id": "http://w3id.org/bb5kbc/site_328", "name": "", "dateprops": [], "properties": {"http://fuzzy-sl.squirrel.link/ontology/certaintyLevel": ["https://fuzzy-sl.wikibase.cloud/entity/Q23"], "http://fuzzy-sl.squirrel.link/ontology/hasLocationType": ["https://fuzzy-sl.wikibase.cloud/entity/Q80"], "http://fuzzy-sl.squirrel.link/ontology/representativeGeometry": ["http://w3id.org/bb5kbc/site_328_geom"], "http://purl.org/dc/terms/identifier": ["328"], "http://rdfs.org/ns/void#inDataset": ["http://w3id.org/bb5kbc/Brandenburg_5000_BC_Data"], "http://w3id.org/bb5kbc/ont/hatFID": ["328"], "http://w3id.org/bb5kbc/ont/hatFundstellenID": ["110"], "http://w3id.org/bb5kbc/ont/hatFundstellenart": ["http://w3id.org/bb5kbc/fundstellenart_376218bc"], "http://w3id.org/bb5kbc/ont/hatGenauigkeit": ["0.0"], "http://w3id.org/bb5kbc/ont/hatKatalognummer": ["11001"], "http://w3id.org/bb5kbc/ont/hatKulturelleZuordnung": ["http://w3id.org/bb5kbc/site_328_culture"], "http://w3id.org/bb5kbc/ont/inGemeinde": ["http://w3id.org/bb5kbc/gemeinde_a89f762d"], "http://w3id.org/bb5kbc/ont/wurdeEntdecktDurch": ["http://w3id.org/bb5kbc/site_328_discovery"], "http://w3id.org/bb5kbc/ont/wurdeGeoreferenziertDurch": ["http://w3id.org/bb5kbc/site_328_activity"], "http://www.opengis.net/ont/geosparql#hasGeometry": ["http://w3id.org/bb5kbc/site_328_geom"], "http://www.w3.org/1999/02/22-rdf-syntax-ns#type": ["http://w3id.org/bb5kbc/ont/Fundstelle"], "http://www.w3.org/2000/01/rdf-schema#label": ["Elsterwerda - 28"], "http://www.w3.org/2004/02/skos/core#prefLabel": ["Elsterwerda - 28"]}, "geometry": {"type": "Point", "coordinates": [13.54, 51.47]}}, {"type": "Feature", "id": "http://w3id.org/bb5kbc/site_575", "name": "", "dateprops": [], "properties": {"http://fuzzy-sl.squirrel.link/ontology/certaintyLevel": ["https://fuzzy-sl.wikibase.cloud/entity/Q23"], "http://fuzzy-sl.squirrel.link/ontology/hasLocationType": ["https://fuzzy-sl.wikibase.cloud/entity/Q80"], "http://fuzzy-sl.squirrel.link/ontology/representativeGeometry": ["http://w3id.org/bb5kbc/site_575_geom"], "http://purl.org/dc/terms/identifier": ["575"], "http://rdfs.org/ns/void#inDataset": ["http://w3id.org/bb5kbc/Brandenburg_5000_BC_Data"], "http://w3id.org/bb5kbc/ont/hatFID": ["575"], "http://w3id.org/bb5kbc/ont/hatFundstellenID": ["180"], "http://w3id.org/bb5kbc/ont/hatFundstellenart": ["http://w3id.org/bb5kbc/fundstellenart_376218bc"], "http://w3id.org/bb5kbc/ont/hatGenauigkeit": ["0.0"], "http://w3id.org/bb5kbc/ont/hatKatalognummer": ["29060"], "http://w3id.org/bb5kbc/ont/hatKulturelleZuordnung": ["http://w3id.org/bb5kbc/site_575_culture"], "http://w3id.org/bb5kbc/ont/hatPublikation": ["http://w3id.org/bb5kbc/pub_05cf84ec"], "http://w3id.org/bb5kbc/ont/inGemeinde": ["http://w3id.org/bb5kbc/gemeinde_c9b9271b"], "http://w3id.org/bb5kbc/ont/wurdeEntdecktDurch": ["http://w3id.org/bb5kbc/site_575_discovery"], "http://w3id.org/bb5kbc/ont/wurdeGeoreferenziertDurch": ["http://w3id.org/bb5kbc/site_575_activity"], "http://www.opengis.net/ont/geosparql#hasGeometry": ["http://w3id.org/bb5kbc/site_575_geom"], "http://www.w3.org/1999/02/22-rdf-syntax-ns#type": ["http://w3id.org/bb5kbc/ont/Fundstelle"], "http://www.w3.org/2000/01/rdf-schema#label": ["Heinersbr\u00fcck 31"], "http://www.w3.org/2004/02/skos/core#prefLabel": ["Heinersbr\u00fcck 31"]}, "geometry": {"type": "Point", "coordinates": [14.54, 51.81]}}, {"type": "Feature", "id": "http://w3id.org/bb5kbc/site_506", "name": "", "dateprops": [], "properties": {"http://fuzzy-sl.squirrel.link/ontology/certaintyLevel": ["https://fuzzy-sl.wikibase.cloud/entity/Q23"], "http://fuzzy-sl.squirrel.link/ontology/hasLocationType": ["https://fuzzy-sl.wikibase.cloud/entity/Q80"], "http://fuzzy-sl.squirrel.link/ontology/representativeGeometry": ["http://w3id.org/bb5kbc/site_506_geom"], "http://purl.org/dc/terms/identifier": ["506"], "http://rdfs.org/ns/void#inDataset": ["http://w3id.org/bb5kbc/Brandenburg_5000_BC_Data"], "http://w3id.org/bb5kbc/ont/hatFID": ["506"], "http://w3id.org/bb5kbc/ont/hatFundstellenID": ["415"], "http://w3id.org/bb5kbc/ont/hatFundstellenart": ["http://w3id.org/bb5kbc/fundstellenart_376218bc"], "http://w3id.org/bb5kbc/ont/hatGenauigkeit": ["0.0"], "http://w3id.org/bb5kbc/ont/hatKulturelleZuordnung": ["http://w3id.org/bb5kbc/site_506_culture"], "http://w3id.org/bb5kbc/ont/inGemeinde": ["http://w3id.org/bb5kbc/gemeinde_b3c00b51"], "http://w3id.org/bb5kbc/ont/wurdeEntdecktDurch": ["http://w3id.org/bb5kbc/site_506_discovery"], "http://w3id.org/bb5kbc/ont/wurdeGeoreferenziertDurch": ["http://w3id.org/bb5kbc/site_506_activity"], "http://www.opengis.net/ont/geosparql#hasGeometry": ["http://w3id.org/bb5kbc/site_506_geom"], "http://www.w3.org/1999/02/22-rdf-syntax-ns#type": ["http://w3id.org/bb5kbc/ont/Fundstelle"], "http://www.w3.org/2000/01/rdf-schema#label": ["Speichrow 10"], "http://www.w3.org/2004/02/skos/core#prefLabel": ["Speichrow 10"]}, "geometry": {"type": "Point", "coordinates": [14.19, 52.04]}}, {"type": "Feature", "id": "http://w3id.org/bb5kbc/site_76", "name": "", "dateprops": [], "properties": {"http://fuzzy-sl.squirrel.link/ontology/certaintyLevel": ["https://fuzzy-sl.wikibase.cloud/entity/Q23"], "http://fuzzy-sl.squirrel.link/ontology/hasLocationType": ["https://fuzzy-sl.wikibase.cloud/entity/Q80"], "http://fuzzy-sl.squirrel.link/ontology/representativeGeometry": ["http://w3id.org/bb5kbc/site_76_geom"], "http://purl.org/dc/terms/identifier": ["76"], "http://rdfs.org/ns/void#inDataset": ["http://w3id.org/bb5kbc/Brandenburg_5000_BC_Data"], "http://w3id.org/bb5kbc/ont/hatFID": ["76"], "http://w3id.org/bb5kbc/ont/hatFundstellenID": ["218"], "http://w3id.org/bb5kbc/ont/hatFundstellenart": ["http://w3id.org/bb5kbc/fundstellenart_376218bc"], "http://w3id.org/bb5kbc/ont/hatGenauigkeit": ["0.0"], "http://w3id.org/bb5kbc/ont/hatKulturelleZuordnung": ["http://w3id.org/bb5kbc/site_76_culture"], "http://w3id.org/bb5kbc/ont/hatPublikation": ["http://w3id.org/bb5kbc/pub_b7c68a6f"], "http://w3id.org/bb5kbc/ont/inGemeinde": ["http://w3id.org/bb5kbc/gemeinde_56e75073"], "http://w3id.org/bb5kbc/ont/wurdeEntdecktDurch": ["http://w3id.org/bb5kbc/site_76_discovery"], "http://w3id.org/bb5kbc/ont/wurdeGeoreferenziertDurch": ["http://w3id.org/bb5kbc/site_76_activity"], "http://www.opengis.net/ont/geosparql#hasGeometry": ["http://w3id.org/bb5kbc/site_76_geom"], "http://www.w3.org/1999/02/22-rdf-syntax-ns#type": ["http://w3id.org/bb5kbc/ont/Fundstelle"], "http://www.w3.org/2000/01/rdf-schema#label": ["Klein-Rietz"], "http://www.w3.org/2004/02/skos/core#prefLabel": ["Klein-Rietz"]}, "geometry": {"type": "Point", "coordinates": [14.2, 52.21]}}, {"type": "Feature", "id": "http://w3id.org/bb5kbc/site_339", "name": "", "dateprops": [], "properties": {"http://fuzzy-sl.squirrel.link/ontology/certaintyLevel": ["https://fuzzy-sl.wikibase.cloud/entity/Q23"], "http://fuzzy-sl.squirrel.link/ontology/hasLocationType": ["https://fuzzy-sl.wikibase.cloud/entity/Q80"], "http://fuzzy-sl.squirrel.link/ontology/representativeGeometry": ["http://w3id.org/bb5kbc/site_339_geom"], "http://purl.org/dc/terms/identifier": ["339"], "http://rdfs.org/ns/void#inDataset": ["http://w3id.org/bb5kbc/Brandenburg_5000_BC_Data"], "http://w3id.org/bb5kbc/ont/hatFID": ["339"], "http://w3id.org/bb5kbc/ont/hatFundstellenID": ["365"], "http://w3id.org/bb5kbc/ont/hatFundstellenart": ["http://w3id.org/bb5kbc/fundstellenart_376218bc"], "http://w3id.org/bb5kbc/ont/hatGenauigkeit": ["0.0"], "http://w3id.org/bb5kbc/ont/hatKatalognummer": ["19863"], "http://w3id.org/bb5kbc/ont/hatKulturelleZuordnung": ["http://w3id.org/bb5kbc/site_339_culture"], "http://w3id.org/bb5kbc/ont/inGemeinde": ["http://w3id.org/bb5kbc/gemeinde_3dc75404"], "http://w3id.org/bb5kbc/ont/wurdeEntdecktDurch": ["http://w3id.org/bb5kbc/site_339_discovery"], "http://w3id.org/bb5kbc/ont/wurdeGeoreferenziertDurch": ["http://w3id.org/bb5kbc/site_339_activity"], "http://www.opengis.net/ont/geosparql#hasGeometry": ["http://w3id.org/bb5kbc/site_339_geom"], "http://www.w3.org/1999/02/22-rdf-syntax-ns#type": ["http://w3id.org/bb5kbc/ont/Fundstelle"], "http://www.w3.org/2000/01/rdf-schema#label": ["Rathenow-Neue Schleuse - 9"], "http://www.w3.org/2004/02/skos/core#prefLabel": ["Rathenow-Neue Schleuse - 9"]}, "geometry": {"type": "Point", "coordinates": [12.31, 52.61]}}, {"type": "Feature", "id": "http://w3id.org/bb5kbc/site_435", "name": "", "dateprops": [], "properties": {"http://fuzzy-sl.squirrel.link/ontology/certaintyLevel": ["https://fuzzy-sl.wikibase.cloud/entity/Q23"], "http://fuzzy-sl.squirrel.link/ontology/hasLocationType": ["https://fuzzy-sl.wikibase.cloud/entity/Q80"], "http://fuzzy-sl.squirrel.link/ontology/representativeGeometry": ["http://w3id.org/bb5kbc/site_435_geom"], "http://purl.org/dc/terms/identifier": ["435"], "http://rdfs.org/ns/void#inDataset": ["http://w3id.org/bb5kbc/Brandenburg_5000_BC_Data"], "http://w3id.org/bb5kbc/ont/hatFID": ["435"], "http://w3id.org/bb5kbc/ont/hatFundstellenID": ["408"], "http://w3id.org/bb5kbc/ont/hatFundstellenart": ["http://w3id.org/bb5kbc/fundstellenart_376218bc"], "http://w3id.org/bb5kbc/ont/hatGenauigkeit": ["0.0"], "http://w3id.org/bb5kbc/ont/hatKatalognummer": ["36334"], "http://w3id.org/bb5kbc/ont/hatKulturelleZuordnung": ["http://w3id.org/bb5kbc/site_435_culture"], "http://w3id.org/bb5kbc/ont/inGemeinde": ["http://w3id.org/bb5kbc/gemeinde_95870524"], "http://w3id.org/bb5kbc/ont/wurdeEntdecktDurch": ["http://w3id.org/bb5kbc/site_435_discovery"], "http://w3id.org/bb5kbc/ont/wurdeGeoreferenziertDurch": ["http://w3id.org/bb5kbc/site_435_activity"], "http://www.opengis.net/ont/geosparql#hasGeometry": ["http://w3id.org/bb5kbc/site_435_geom"], "http://www.w3.org/1999/02/22-rdf-syntax-ns#type": ["http://w3id.org/bb5kbc/ont/Fundstelle"], "http://www.w3.org/2000/01/rdf-schema#label": ["Semlin - 15"], "http://www.w3.org/2004/02/skos/core#prefLabel": ["Semlin - 15"]}, "geometry": {"type": "Point", "coordinates": [11.75, 53.14]}}, {"type": "Feature", "id": "http://w3id.org/bb5kbc/site_366", "name": "", "dateprops": [], "properties": {"http://fuzzy-sl.squirrel.link/ontology/certaintyLevel": ["https://fuzzy-sl.wikibase.cloud/entity/Q23"], "http://fuzzy-sl.squirrel.link/ontology/hasLocationType": ["https://fuzzy-sl.wikibase.cloud/entity/Q80"], "http://fuzzy-sl.squirrel.link/ontology/representativeGeometry": ["http://w3id.org/bb5kbc/site_366_geom"], "http://purl.org/dc/terms/identifier": ["366"], "http://rdfs.org/ns/void#inDataset": ["http://w3id.org/bb5kbc/Brandenburg_5000_BC_Data"], "http://w3id.org/bb5kbc/ont/hatFID": ["366"], "http://w3id.org/bb5kbc/ont/hatFundstellenID": ["256"], "http://w3id.org/bb5kbc/ont/hatFundstellenart": ["http://w3id.org/bb5kbc/fundstellenart_376218bc"], "http://w3id.org/bb5kbc/ont/hatGenauigkeit": ["0.0"], "http://w3id.org/bb5kbc/ont/hatKatalognummer": ["38850"], "http://w3id.org/bb5kbc/ont/hatKulturelleZuordnung": ["http://w3id.org/bb5kbc/site_366_culture"], "http://w3id.org/bb5kbc/ont/inGemeinde": ["http://w3id.org/bb5kbc/gemeinde_046a56e3"], "http://w3id.org/bb5kbc/ont/wurdeEntdecktDurch": ["http://w3id.org/bb5kbc/site_366_discovery"], "http://w3id.org/bb5kbc/ont/wurdeGeoreferenziertDurch": ["http://w3id.org/bb5kbc/site_366_activity"], "http://www.opengis.net/ont/geosparql#hasGeometry": ["http://w3id.org/bb5kbc/site_366_geom"], "http://www.w3.org/1999/02/22-rdf-syntax-ns#type": ["http://w3id.org/bb5kbc/ont/Fundstelle"], "http://www.w3.org/2000/01/rdf-schema#label": ["Leipe - 1"], "http://www.w3.org/2004/02/skos/core#prefLabel": ["Leipe - 1"]}, "geometry": {"type": "Point", "coordinates": [14.04, 51.86]}}, {"type": "Feature", "id": "http://w3id.org/bb5kbc/site_425", "name": "", "dateprops": [], "properties": {"http://fuzzy-sl.squirrel.link/ontology/certaintyLevel": ["https://fuzzy-sl.wikibase.cloud/entity/Q23"], "http://fuzzy-sl.squirrel.link/ontology/hasLocationType": ["https://fuzzy-sl.wikibase.cloud/entity/Q80"], "http://fuzzy-sl.squirrel.link/ontology/representativeGeometry": ["http://w3id.org/bb5kbc/site_425_geom"], "http://purl.org/dc/terms/identifier": ["425"], "http://rdfs.org/ns/void#inDataset": ["http://w3id.org/bb5kbc/Brandenburg_5000_BC_Data"], "http://w3id.org/bb5kbc/ont/hatFID": ["425"], "http://w3id.org/bb5kbc/ont/hatFundstellenID": ["9"], "http://w3id.org/bb5kbc/ont/hatFundstellenart": ["http://w3id.org/bb5kbc/fundstellenart_376218bc"], "http://w3id.org/bb5kbc/ont/hatGenauigkeit": ["0.0"], "http://w3id.org/bb5kbc/ont/hatKatalognummer": ["15218"], "http://w3id.org/bb5kbc/ont/hatKulturelleZuordnung": ["http://w3id.org/bb5kbc/site_425_culture"], "http://w3id.org/bb5kbc/ont/inGemeinde": ["http://w3id.org/bb5kbc/gemeinde_4c04791f"], "http://w3id.org/bb5kbc/ont/wurdeEntdecktDurch": ["http://w3id.org/bb5kbc/site_425_discovery"], "http://w3id.org/bb5kbc/ont/wurdeGeoreferenziertDurch": ["http://w3id.org/bb5kbc/site_425_activity"], "http://www.opengis.net/ont/geosparql#hasGeometry": ["http://w3id.org/bb5kbc/site_425_geom"], "http://www.w3.org/1999/02/22-rdf-syntax-ns#type": ["http://w3id.org/bb5kbc/ont/Fundstelle"], "http://www.w3.org/2000/01/rdf-schema#label": ["Alt T\u00f6plitz - 14"], "http://www.w3.org/2004/02/skos/core#prefLabel": ["Alt T\u00f6plitz - 14"]}, "geometry": {"type": "Point", "coordinates": [12.92, 52.42]}}, {"type": "Feature", "id": "http://w3id.org/bb5kbc/site_362", "name": "", "dateprops": [], "properties": {"http://fuzzy-sl.squirrel.link/ontology/certaintyLevel": ["https://fuzzy-sl.wikibase.cloud/entity/Q23"], "http://fuzzy-sl.squirrel.link/ontology/hasLocationType": ["https://fuzzy-sl.wikibase.cloud/entity/Q80"], "http://fuzzy-sl.squirrel.link/ontology/representativeGeometry": ["http://w3id.org/bb5kbc/site_362_geom"], "http://purl.org/dc/terms/identifier": ["362"], "http://rdfs.org/ns/void#inDataset": ["http://w3id.org/bb5kbc/Brandenburg_5000_BC_Data"], "http://w3id.org/bb5kbc/ont/hatFID": ["362"], "http://w3id.org/bb5kbc/ont/hatFundstellenID": ["142"], "http://w3id.org/bb5kbc/ont/hatFundstellenart": ["http://w3id.org/bb5kbc/fundstellenart_376218bc"], "http://w3id.org/bb5kbc/ont/hatGenauigkeit": ["0.0"], "http://w3id.org/bb5kbc/ont/hatKatalognummer": ["14698"], "http://w3id.org/bb5kbc/ont/hatKulturelleZuordnung": ["http://w3id.org/bb5kbc/site_362_culture"], "http://w3id.org/bb5kbc/ont/inGemeinde": ["http://w3id.org/bb5kbc/gemeinde_d3185c9b"], "http://w3id.org/bb5kbc/ont/wurdeEntdecktDurch": ["http://w3id.org/bb5kbc/site_362_discovery"], "http://w3id.org/bb5kbc/ont/wurdeGeoreferenziertDurch": ["http://w3id.org/bb5kbc/site_362_activity"], "http://www.opengis.net/ont/geosparql#hasGeometry": ["http://w3id.org/bb5kbc/site_362_geom"], "http://www.w3.org/1999/02/22-rdf-syntax-ns#type": ["http://w3id.org/bb5kbc/ont/Fundstelle"], "http://www.w3.org/2000/01/rdf-schema#label": ["Germendorf - 3"], "http://www.w3.org/2004/02/skos/core#prefLabel": ["Germendorf - 3"]}, "geometry": {"type": "Point", "coordinates": [13.19, 52.75]}}, {"type": "Feature", "id": "http://w3id.org/bb5kbc/site_275", "name": "", "dateprops": [], "properties": {"http://fuzzy-sl.squirrel.link/ontology/certaintyLevel": ["https://fuzzy-sl.wikibase.cloud/entity/Q23"], "http://fuzzy-sl.squirrel.link/ontology/hasLocationType": ["https://fuzzy-sl.wikibase.cloud/entity/Q80"], "http://fuzzy-sl.squirrel.link/ontology/representativeGeometry": ["http://w3id.org/bb5kbc/site_275_geom"], "http://purl.org/dc/terms/identifier": ["275"], "http://rdfs.org/ns/void#inDataset": ["http://w3id.org/bb5kbc/Brandenburg_5000_BC_Data"], "http://w3id.org/bb5kbc/ont/hatFID": ["275"], "http://w3id.org/bb5kbc/ont/hatFundstellenID": ["483"], "http://w3id.org/bb5kbc/ont/hatFundstellenart": ["http://w3id.org/bb5kbc/fundstellenart_1972902b"], "http://w3id.org/bb5kbc/ont/hatGenauigkeit": ["0.0"], "http://w3id.org/bb5kbc/ont/hatKatalognummer": ["12961"], "http://w3id.org/bb5kbc/ont/hatKulturelleZuordnung": ["http://w3id.org/bb5kbc/site_275_culture"], "http://w3id.org/bb5kbc/ont/inGemeinde": ["http://w3id.org/bb5kbc/gemeinde_e84110d7"], "http://w3id.org/bb5kbc/ont/wurdeEntdecktDurch": ["http://w3id.org/bb5kbc/site_275_discovery"], "http://w3id.org/bb5kbc/ont/wurdeGeoreferenziertDurch": ["http://w3id.org/bb5kbc/site_275_activity"], "http://www.opengis.net/ont/geosparql#hasGeometry": ["http://w3id.org/bb5kbc/site_275_geom"], "http://www.w3.org/1999/02/22-rdf-syntax-ns#type": ["http://w3id.org/bb5kbc/ont/Fundstelle"], "http://www.w3.org/2000/01/rdf-schema#label": ["Wustermark 9"], "http://www.w3.org/2004/02/skos/core#prefLabel": ["Wustermark 9"]}, "geometry": {"type": "Point", "coordinates": [12.95, 52.56]}}, {"type": "Feature", "id": "http://w3id.org/bb5kbc/site_439", "name": "", "dateprops": [], "properties": {"http://fuzzy-sl.squirrel.link/ontology/certaintyLevel": ["https://fuzzy-sl.wikibase.cloud/entity/Q23"], "http://fuzzy-sl.squirrel.link/ontology/hasLocationType": ["https://fuzzy-sl.wikibase.cloud/entity/Q80"], "http://fuzzy-sl.squirrel.link/ontology/representativeGeometry": ["http://w3id.org/bb5kbc/site_439_geom"], "http://purl.org/dc/terms/identifier": ["439"], "http://rdfs.org/ns/void#inDataset": ["http://w3id.org/bb5kbc/Brandenburg_5000_BC_Data"], "http://w3id.org/bb5kbc/ont/hatFID": ["439"], "http://w3id.org/bb5kbc/ont/hatFundstellenID": ["430"], "http://w3id.org/bb5kbc/ont/hatFundstellenart": ["http://w3id.org/bb5kbc/fundstellenart_376218bc"], "http://w3id.org/bb5kbc/ont/hatGenauigkeit": ["0.0"], "http://w3id.org/bb5kbc/ont/hatKatalognummer": ["44780"], "http://w3id.org/bb5kbc/ont/hatKulturelleZuordnung": ["http://w3id.org/bb5kbc/site_439_culture"], "http://w3id.org/bb5kbc/ont/inGemeinde": ["http://w3id.org/bb5kbc/gemeinde_e7493e62"], "http://w3id.org/bb5kbc/ont/wurdeEntdecktDurch": ["http://w3id.org/bb5kbc/site_439_discovery"], "http://w3id.org/bb5kbc/ont/wurdeGeoreferenziertDurch": ["http://w3id.org/bb5kbc/site_439_activity"], "http://www.opengis.net/ont/geosparql#hasGeometry": ["http://w3id.org/bb5kbc/site_439_geom"], "http://www.w3.org/1999/02/22-rdf-syntax-ns#type": ["http://w3id.org/bb5kbc/ont/Fundstelle"], "http://www.w3.org/2000/01/rdf-schema#label": ["Tacken - 12"], "http://www.w3.org/2004/02/skos/core#prefLabel": ["Tacken - 12"]}, "geometry": {"type": "Point", "coordinates": [12.01, 53.18]}}, {"type": "Feature", "id": "http://w3id.org/bb5kbc/site_86", "name": "", "dateprops": [], "properties": {"http://fuzzy-sl.squirrel.link/ontology/certaintyLevel": ["https://fuzzy-sl.wikibase.cloud/entity/Q23"], "http://fuzzy-sl.squirrel.link/ontology/hasLocationType": ["https://fuzzy-sl.wikibase.cloud/entity/Q80"], "http://fuzzy-sl.squirrel.link/ontology/representativeGeometry": ["http://w3id.org/bb5kbc/site_86_geom"], "http://purl.org/dc/terms/identifier": ["86"], "http://rdfs.org/ns/void#inDataset": ["http://w3id.org/bb5kbc/Brandenburg_5000_BC_Data"], "http://w3id.org/bb5kbc/ont/hatFID": ["86"], "http://w3id.org/bb5kbc/ont/hatFundstellenID": ["167"], "http://w3id.org/bb5kbc/ont/hatFundstellenart": ["http://w3id.org/bb5kbc/fundstellenart_7f90f4dc"], "http://w3id.org/bb5kbc/ont/hatGenauigkeit": ["0.0"], "http://w3id.org/bb5kbc/ont/hatKatalognummer": ["24974"], "http://w3id.org/bb5kbc/ont/hatKulturelleZuordnung": ["http://w3id.org/bb5kbc/site_86_culture"], "http://w3id.org/bb5kbc/ont/hatPublikation": ["http://w3id.org/bb5kbc/pub_b9d66f04"], "http://w3id.org/bb5kbc/ont/inGemeinde": ["http://w3id.org/bb5kbc/gemeinde_1b0f7ba1"], "http://w3id.org/bb5kbc/ont/wurdeEntdecktDurch": ["http://w3id.org/bb5kbc/site_86_discovery"], "http://w3id.org/bb5kbc/ont/wurdeGeoreferenziertDurch": ["http://w3id.org/bb5kbc/site_86_activity"], "http://www.opengis.net/ont/geosparql#hasGeometry": ["http://w3id.org/bb5kbc/site_86_geom"], "http://www.w3.org/1999/02/22-rdf-syntax-ns#type": ["http://w3id.org/bb5kbc/ont/Fundstelle"], "http://www.w3.org/2000/01/rdf-schema#label": ["Gr\u00f6tsch 8"], "http://www.w3.org/2004/02/skos/core#prefLabel": ["Gr\u00f6tsch 8"]}, "geometry": {"type": "Point", "coordinates": [14.52, 51.8]}}, {"type": "Feature", "id": "http://w3id.org/bb5kbc/site_378", "name": "", "dateprops": [], "properties": {"http://fuzzy-sl.squirrel.link/ontology/certaintyLevel": ["https://fuzzy-sl.wikibase.cloud/entity/Q23"], "http://fuzzy-sl.squirrel.link/ontology/hasLocationType": ["https://fuzzy-sl.wikibase.cloud/entity/Q80"], "http://fuzzy-sl.squirrel.link/ontology/representativeGeometry": ["http://w3id.org/bb5kbc/site_378_geom"], "http://purl.org/dc/terms/identifier": ["378"], "http://rdfs.org/ns/void#inDataset": ["http://w3id.org/bb5kbc/Brandenburg_5000_BC_Data"], "http://w3id.org/bb5kbc/ont/hatFID": ["378"], "http://w3id.org/bb5kbc/ont/hatFundstellenID": ["374"], "http://w3id.org/bb5kbc/ont/hatFundstellenart": ["http://w3id.org/bb5kbc/fundstellenart_376218bc"], "http://w3id.org/bb5kbc/ont/hatGenauigkeit": ["0.0"], "http://w3id.org/bb5kbc/ont/hatKatalognummer": ["10781"], "http://w3id.org/bb5kbc/ont/hatKulturelleZuordnung": ["http://w3id.org/bb5kbc/site_378_culture"], "http://w3id.org/bb5kbc/ont/inGemeinde": ["http://w3id.org/bb5kbc/gemeinde_8f27a091"], "http://w3id.org/bb5kbc/ont/wurdeEntdecktDurch": ["http://w3id.org/bb5kbc/site_378_discovery"], "http://w3id.org/bb5kbc/ont/wurdeGeoreferenziertDurch": ["http://w3id.org/bb5kbc/site_378_activity"], "http://www.opengis.net/ont/geosparql#hasGeometry": ["http://w3id.org/bb5kbc/site_378_geom"], "http://www.w3.org/1999/02/22-rdf-syntax-ns#type": ["http://w3id.org/bb5kbc/ont/Fundstelle"], "http://www.w3.org/2000/01/rdf-schema#label": ["Roddahn - 8"], "http://www.w3.org/2004/02/skos/core#prefLabel": ["Roddahn - 8"]}, "geometry": {"type": "Point", "coordinates": [12.29, 52.83]}}, {"type": "Feature", "id": "http://w3id.org/bb5kbc/site_441", "name": "", "dateprops": [], "properties": {"http://fuzzy-sl.squirrel.link/ontology/certaintyLevel": ["https://fuzzy-sl.wikibase.cloud/entity/Q23"], "http://fuzzy-sl.squirrel.link/ontology/hasLocationType": ["https://fuzzy-sl.wikibase.cloud/entity/Q80"], "http://fuzzy-sl.squirrel.link/ontology/representativeGeometry": ["http://w3id.org/bb5kbc/site_441_geom"], "http://purl.org/dc/terms/identifier": ["441"], "http://rdfs.org/ns/void#inDataset": ["http://w3id.org/bb5kbc/Brandenburg_5000_BC_Data"], "http://w3id.org/bb5kbc/ont/hatFID": ["441"], "http://w3id.org/bb5kbc/ont/hatFundstellenID": ["215"], "http://w3id.org/bb5kbc/ont/hatFundstellenart": ["http://w3id.org/bb5kbc/fundstellenart_376218bc"], "http://w3id.org/bb5kbc/ont/hatGenauigkeit": ["0.0"], "http://w3id.org/bb5kbc/ont/hatKatalognummer": ["51082"], "http://w3id.org/bb5kbc/ont/hatKulturelleZuordnung": ["http://w3id.org/bb5kbc/site_441_culture"], "http://w3id.org/bb5kbc/ont/inGemeinde": ["http://w3id.org/bb5kbc/gemeinde_c7f16846"], "http://w3id.org/bb5kbc/ont/wurdeEntdecktDurch": ["http://w3id.org/bb5kbc/site_441_discovery"], "http://w3id.org/bb5kbc/ont/wurdeGeoreferenziertDurch": ["http://w3id.org/bb5kbc/site_441_activity"], "http://www.opengis.net/ont/geosparql#hasGeometry": ["http://w3id.org/bb5kbc/site_441_geom"], "http://www.w3.org/1999/02/22-rdf-syntax-ns#type": ["http://w3id.org/bb5kbc/ont/Fundstelle"], "http://www.w3.org/2000/01/rdf-schema#label": ["Kleeste - 1"], "http://www.w3.org/2004/02/skos/core#prefLabel": ["Kleeste - 1"]}, "geometry": {"type": "Point", "coordinates": [11.83, 53.24]}}, {"type": "Feature", "id": "http://w3id.org/bb5kbc/site_442", "name": "", "dateprops": [], "properties": {"http://fuzzy-sl.squirrel.link/ontology/certaintyLevel": ["https://fuzzy-sl.wikibase.cloud/entity/Q23"], "http://fuzzy-sl.squirrel.link/ontology/hasLocationType": ["https://fuzzy-sl.wikibase.cloud/entity/Q80"], "http://fuzzy-sl.squirrel.link/ontology/representativeGeometry": ["http://w3id.org/bb5kbc/site_442_geom"], "http://purl.org/dc/terms/identifier": ["442"], "http://rdfs.org/ns/void#inDataset": ["http://w3id.org/bb5kbc/Brandenburg_5000_BC_Data"], "http://w3id.org/bb5kbc/ont/hatFID": ["442"], "http://w3id.org/bb5kbc/ont/hatFundstellenID": ["484"], "http://w3id.org/bb5kbc/ont/hatFundstellenart": ["http://w3id.org/bb5kbc/fundstellenart_376218bc"], "http://w3id.org/bb5kbc/ont/hatGenauigkeit": ["0.0"], "http://w3id.org/bb5kbc/ont/hatKatalognummer": ["32169"], "http://w3id.org/bb5kbc/ont/hatKulturelleZuordnung": ["http://w3id.org/bb5kbc/site_442_culture"], "http://w3id.org/bb5kbc/ont/inGemeinde": ["http://w3id.org/bb5kbc/gemeinde_a7fdf216"], "http://w3id.org/bb5kbc/ont/wurdeEntdecktDurch": ["http://w3id.org/bb5kbc/site_442_discovery"], "http://w3id.org/bb5kbc/ont/wurdeGeoreferenziertDurch": ["http://w3id.org/bb5kbc/site_442_activity"], "http://www.opengis.net/ont/geosparql#hasGeometry": ["http://w3id.org/bb5kbc/site_442_geom"], "http://www.w3.org/1999/02/22-rdf-syntax-ns#type": ["http://w3id.org/bb5kbc/ont/Fundstelle"], "http://www.w3.org/2000/01/rdf-schema#label": ["Wustrow - 4"], "http://www.w3.org/2004/02/skos/core#prefLabel": ["Wustrow - 4"]}, "geometry": {"type": "Point", "coordinates": [11.56, 53.07]}}, {"type": "Feature", "id": "http://w3id.org/bb5kbc/site_278", "name": "", "dateprops": [], "properties": {"http://fuzzy-sl.squirrel.link/ontology/certaintyLevel": ["https://fuzzy-sl.wikibase.cloud/entity/Q23"], "http://fuzzy-sl.squirrel.link/ontology/hasLocationType": ["https://fuzzy-sl.wikibase.cloud/entity/Q80"], "http://fuzzy-sl.squirrel.link/ontology/representativeGeometry": ["http://w3id.org/bb5kbc/site_278_geom"], "http://purl.org/dc/terms/identifier": ["278"], "http://rdfs.org/ns/void#inDataset": ["http://w3id.org/bb5kbc/Brandenburg_5000_BC_Data"], "http://w3id.org/bb5kbc/ont/hatFID": ["278"], "http://w3id.org/bb5kbc/ont/hatFundstellenID": ["495"], "http://w3id.org/bb5kbc/ont/hatFundstellenart": ["http://w3id.org/bb5kbc/fundstellenart_376218bc"], "http://w3id.org/bb5kbc/ont/hatGenauigkeit": ["0.0"], "http://w3id.org/bb5kbc/ont/hatKatalognummer": ["13013"], "http://w3id.org/bb5kbc/ont/hatKulturelleZuordnung": ["http://w3id.org/bb5kbc/site_278_culture"], "http://w3id.org/bb5kbc/ont/inGemeinde": ["http://w3id.org/bb5kbc/gemeinde_b5488fb1"], "http://w3id.org/bb5kbc/ont/wurdeEntdecktDurch": ["http://w3id.org/bb5kbc/site_278_discovery"], "http://w3id.org/bb5kbc/ont/wurdeGeoreferenziertDurch": ["http://w3id.org/bb5kbc/site_278_activity"], "http://www.opengis.net/ont/geosparql#hasGeometry": ["http://w3id.org/bb5kbc/site_278_geom"], "http://www.w3.org/1999/02/22-rdf-syntax-ns#type": ["http://w3id.org/bb5kbc/ont/Fundstelle"], "http://www.w3.org/2000/01/rdf-schema#label": ["Zeestow 8"], "http://www.w3.org/2004/02/skos/core#prefLabel": ["Zeestow 8"]}, "geometry": {"type": "Point", "coordinates": [12.96, 52.58]}}, {"type": "Feature", "id": "http://w3id.org/bb5kbc/site_304", "name": "", "dateprops": [], "properties": {"http://fuzzy-sl.squirrel.link/ontology/certaintyLevel": ["https://fuzzy-sl.wikibase.cloud/entity/Q23"], "http://fuzzy-sl.squirrel.link/ontology/hasLocationType": ["https://fuzzy-sl.wikibase.cloud/entity/Q80"], "http://fuzzy-sl.squirrel.link/ontology/representativeGeometry": ["http://w3id.org/bb5kbc/site_304_geom"], "http://purl.org/dc/terms/identifier": ["304"], "http://rdfs.org/ns/void#inDataset": ["http://w3id.org/bb5kbc/Brandenburg_5000_BC_Data"], "http://w3id.org/bb5kbc/ont/hatFID": ["304"], "http://w3id.org/bb5kbc/ont/hatFundstellenID": ["482"], "http://w3id.org/bb5kbc/ont/hatFundstellenart": ["http://w3id.org/bb5kbc/fundstellenart_1972902b"], "http://w3id.org/bb5kbc/ont/hatGenauigkeit": ["0.0"], "http://w3id.org/bb5kbc/ont/hatKatalognummer": ["63522"], "http://w3id.org/bb5kbc/ont/hatKulturelleZuordnung": ["http://w3id.org/bb5kbc/site_304_culture"], "http://w3id.org/bb5kbc/ont/inGemeinde": ["http://w3id.org/bb5kbc/gemeinde_e84110d7"], "http://w3id.org/bb5kbc/ont/wurdeEntdecktDurch": ["http://w3id.org/bb5kbc/site_304_discovery"], "http://w3id.org/bb5kbc/ont/wurdeGeoreferenziertDurch": ["http://w3id.org/bb5kbc/site_304_activity"], "http://www.opengis.net/ont/geosparql#hasGeometry": ["http://w3id.org/bb5kbc/site_304_geom"], "http://www.w3.org/1999/02/22-rdf-syntax-ns#type": ["http://w3id.org/bb5kbc/ont/Fundstelle"], "http://www.w3.org/2000/01/rdf-schema#label": ["Wustermark 44"], "http://www.w3.org/2004/02/skos/core#prefLabel": ["Wustermark 44"]}, "geometry": {"type": "Point", "coordinates": [12.96, 52.56]}}, {"type": "Feature", "id": "http://w3id.org/bb5kbc/site_283", "name": "", "dateprops": [], "properties": {"http://fuzzy-sl.squirrel.link/ontology/certaintyLevel": ["https://fuzzy-sl.wikibase.cloud/entity/Q23"], "http://fuzzy-sl.squirrel.link/ontology/hasLocationType": ["https://fuzzy-sl.wikibase.cloud/entity/Q80"], "http://fuzzy-sl.squirrel.link/ontology/representativeGeometry": ["http://w3id.org/bb5kbc/site_283_geom"], "http://purl.org/dc/terms/identifier": ["283"], "http://rdfs.org/ns/void#inDataset": ["http://w3id.org/bb5kbc/Brandenburg_5000_BC_Data"], "http://w3id.org/bb5kbc/ont/hatFID": ["283"], "http://w3id.org/bb5kbc/ont/hatFundstellenID": ["101"], "http://w3id.org/bb5kbc/ont/hatFundstellenart": ["http://w3id.org/bb5kbc/fundstellenart_376218bc"], "http://w3id.org/bb5kbc/ont/hatGenauigkeit": ["0.0"], "http://w3id.org/bb5kbc/ont/hatKatalognummer": ["19369"], "http://w3id.org/bb5kbc/ont/hatKulturelleZuordnung": ["http://w3id.org/bb5kbc/site_283_culture"], "http://w3id.org/bb5kbc/ont/inGemeinde": ["http://w3id.org/bb5kbc/gemeinde_f352e7e0"], "http://w3id.org/bb5kbc/ont/wurdeEntdecktDurch": ["http://w3id.org/bb5kbc/site_283_discovery"], "http://w3id.org/bb5kbc/ont/wurdeGeoreferenziertDurch": ["http://w3id.org/bb5kbc/site_283_activity"], "http://www.opengis.net/ont/geosparql#hasGeometry": ["http://w3id.org/bb5kbc/site_283_geom"], "http://www.w3.org/1999/02/22-rdf-syntax-ns#type": ["http://w3id.org/bb5kbc/ont/Fundstelle"], "http://www.w3.org/2000/01/rdf-schema#label": ["D\u00f6beritz bei Premnitz 20"], "http://www.w3.org/2004/02/skos/core#prefLabel": ["D\u00f6beritz bei Premnitz 20"]}, "geometry": {"type": "Point", "coordinates": [12.39, 52.51]}}, {"type": "Feature", "id": "http://w3id.org/bb5kbc/site_396", "name": "", "dateprops": [], "properties": {"http://fuzzy-sl.squirrel.link/ontology/certaintyLevel": ["https://fuzzy-sl.wikibase.cloud/entity/Q23"], "http://fuzzy-sl.squirrel.link/ontology/hasLocationType": ["https://fuzzy-sl.wikibase.cloud/entity/Q80"], "http://fuzzy-sl.squirrel.link/ontology/representativeGeometry": ["http://w3id.org/bb5kbc/site_396_geom"], "http://purl.org/dc/terms/identifier": ["396"], "http://rdfs.org/ns/void#inDataset": ["http://w3id.org/bb5kbc/Brandenburg_5000_BC_Data"], "http://w3id.org/bb5kbc/ont/hatFID": ["396"], "http://w3id.org/bb5kbc/ont/hatFundstellenID": ["262"], "http://w3id.org/bb5kbc/ont/hatFundstellenart": ["http://w3id.org/bb5kbc/fundstellenart_376218bc"], "http://w3id.org/bb5kbc/ont/hatGenauigkeit": ["0.0"], "http://w3id.org/bb5kbc/ont/hatKatalognummer": ["10713"], "http://w3id.org/bb5kbc/ont/hatKulturelleZuordnung": ["http://w3id.org/bb5kbc/site_396_culture"], "http://w3id.org/bb5kbc/ont/inGemeinde": ["http://w3id.org/bb5kbc/gemeinde_bb46b330"], "http://w3id.org/bb5kbc/ont/wurdeEntdecktDurch": ["http://w3id.org/bb5kbc/site_396_discovery"], "http://w3id.org/bb5kbc/ont/wurdeGeoreferenziertDurch": ["http://w3id.org/bb5kbc/site_396_activity"], "http://www.opengis.net/ont/geosparql#hasGeometry": ["http://w3id.org/bb5kbc/site_396_geom"], "http://www.w3.org/1999/02/22-rdf-syntax-ns#type": ["http://w3id.org/bb5kbc/ont/Fundstelle"], "http://www.w3.org/2000/01/rdf-schema#label": ["Lohm - 10"], "http://www.w3.org/2004/02/skos/core#prefLabel": ["Lohm - 10"]}, "geometry": {"type": "Point", "coordinates": [12.3, 52.84]}}, {"type": "Feature", "id": "http://w3id.org/bb5kbc/site_430", "name": "", "dateprops": [], "properties": {"http://fuzzy-sl.squirrel.link/ontology/certaintyLevel": ["https://fuzzy-sl.wikibase.cloud/entity/Q23"], "http://fuzzy-sl.squirrel.link/ontology/hasLocationType": ["https://fuzzy-sl.wikibase.cloud/entity/Q80"], "http://fuzzy-sl.squirrel.link/ontology/representativeGeometry": ["http://w3id.org/bb5kbc/site_430_geom"], "http://purl.org/dc/terms/identifier": ["430"], "http://rdfs.org/ns/void#inDataset": ["http://w3id.org/bb5kbc/Brandenburg_5000_BC_Data"], "http://w3id.org/bb5kbc/ont/hatFID": ["430"], "http://w3id.org/bb5kbc/ont/hatFundstellenID": ["355"], "http://w3id.org/bb5kbc/ont/hatFundstellenart": ["http://w3id.org/bb5kbc/fundstellenart_376218bc"], "http://w3id.org/bb5kbc/ont/hatGenauigkeit": ["0.0"], "http://w3id.org/bb5kbc/ont/hatKatalognummer": ["19062"], "http://w3id.org/bb5kbc/ont/hatKulturelleZuordnung": ["http://w3id.org/bb5kbc/site_430_culture"], "http://w3id.org/bb5kbc/ont/inGemeinde": ["http://w3id.org/bb5kbc/gemeinde_f67216a6"], "http://w3id.org/bb5kbc/ont/wurdeEntdecktDurch": ["http://w3id.org/bb5kbc/site_430_discovery"], "http://w3id.org/bb5kbc/ont/wurdeGeoreferenziertDurch": ["http://w3id.org/bb5kbc/site_430_activity"], "http://www.opengis.net/ont/geosparql#hasGeometry": ["http://w3id.org/bb5kbc/site_430_geom"], "http://www.w3.org/1999/02/22-rdf-syntax-ns#type": ["http://w3id.org/bb5kbc/ont/Fundstelle"], "http://www.w3.org/2000/01/rdf-schema#label": ["Putlitz - 6"], "http://www.w3.org/2004/02/skos/core#prefLabel": ["Putlitz - 6"]}, "geometry": {"type": "Point", "coordinates": [12.03, 53.24]}}, {"type": "Feature", "id": "http://w3id.org/bb5kbc/site_329", "name": "", "dateprops": [], "properties": {"http://fuzzy-sl.squirrel.link/ontology/certaintyLevel": ["https://fuzzy-sl.wikibase.cloud/entity/Q23"], "http://fuzzy-sl.squirrel.link/ontology/hasLocationType": ["https://fuzzy-sl.wikibase.cloud/entity/Q80"], "http://fuzzy-sl.squirrel.link/ontology/representativeGeometry": ["http://w3id.org/bb5kbc/site_329_geom"], "http://purl.org/dc/terms/identifier": ["329"], "http://rdfs.org/ns/void#inDataset": ["http://w3id.org/bb5kbc/Brandenburg_5000_BC_Data"], "http://w3id.org/bb5kbc/ont/hatFID": ["329"], "http://w3id.org/bb5kbc/ont/hatFundstellenID": ["84"], "http://w3id.org/bb5kbc/ont/hatFundstellenart": ["http://w3id.org/bb5kbc/fundstellenart_376218bc"], "http://w3id.org/bb5kbc/ont/hatGenauigkeit": ["0.0"], "http://w3id.org/bb5kbc/ont/hatKatalognummer": ["29813"], "http://w3id.org/bb5kbc/ont/hatKulturelleZuordnung": ["http://w3id.org/bb5kbc/site_329_culture"], "http://w3id.org/bb5kbc/ont/inGemeinde": ["http://w3id.org/bb5kbc/gemeinde_3338fd8a"], "http://w3id.org/bb5kbc/ont/wurdeEntdecktDurch": ["http://w3id.org/bb5kbc/site_329_discovery"], "http://w3id.org/bb5kbc/ont/wurdeGeoreferenziertDurch": ["http://w3id.org/bb5kbc/site_329_activity"], "http://www.opengis.net/ont/geosparql#hasGeometry": ["http://w3id.org/bb5kbc/site_329_geom"], "http://www.w3.org/1999/02/22-rdf-syntax-ns#type": ["http://w3id.org/bb5kbc/ont/Fundstelle"], "http://www.w3.org/2000/01/rdf-schema#label": ["Buchhain - 7"], "http://www.w3.org/2004/02/skos/core#prefLabel": ["Buchhain - 7"]}, "geometry": {"type": "Point", "coordinates": [13.39, 51.66]}}, {"type": "Feature", "id": "http://w3id.org/bb5kbc/site_397", "name": "", "dateprops": [], "properties": {"http://fuzzy-sl.squirrel.link/ontology/certaintyLevel": ["https://fuzzy-sl.wikibase.cloud/entity/Q23"], "http://fuzzy-sl.squirrel.link/ontology/hasLocationType": ["https://fuzzy-sl.wikibase.cloud/entity/Q80"], "http://fuzzy-sl.squirrel.link/ontology/representativeGeometry": ["http://w3id.org/bb5kbc/site_397_geom"], "http://purl.org/dc/terms/identifier": ["397"], "http://rdfs.org/ns/void#inDataset": ["http://w3id.org/bb5kbc/Brandenburg_5000_BC_Data"], "http://w3id.org/bb5kbc/ont/hatFID": ["397"], "http://w3id.org/bb5kbc/ont/hatFundstellenID": ["230"], "http://w3id.org/bb5kbc/ont/hatFundstellenart": ["http://w3id.org/bb5kbc/fundstellenart_376218bc"], "http://w3id.org/bb5kbc/ont/hatGenauigkeit": ["0.0"], "http://w3id.org/bb5kbc/ont/hatKatalognummer": ["13124"], "http://w3id.org/bb5kbc/ont/hatKulturelleZuordnung": ["http://w3id.org/bb5kbc/site_397_culture"], "http://w3id.org/bb5kbc/ont/inGemeinde": ["http://w3id.org/bb5kbc/gemeinde_3b273beb"], "http://w3id.org/bb5kbc/ont/wurdeEntdecktDurch": ["http://w3id.org/bb5kbc/site_397_discovery"], "http://w3id.org/bb5kbc/ont/wurdeGeoreferenziertDurch": ["http://w3id.org/bb5kbc/site_397_activity"], "http://www.opengis.net/ont/geosparql#hasGeometry": ["http://w3id.org/bb5kbc/site_397_geom"], "http://www.w3.org/1999/02/22-rdf-syntax-ns#type": ["http://w3id.org/bb5kbc/ont/Fundstelle"], "http://www.w3.org/2000/01/rdf-schema#label": ["K\u00f6nigshorst - 3"], "http://www.w3.org/2004/02/skos/core#prefLabel": ["K\u00f6nigshorst - 3"]}, "geometry": {"type": "Point", "coordinates": [12.74, 52.72]}}, {"type": "Feature", "id": "http://w3id.org/bb5kbc/site_46", "name": "", "dateprops": [], "properties": {"http://fuzzy-sl.squirrel.link/ontology/certaintyLevel": ["https://fuzzy-sl.wikibase.cloud/entity/Q23"], "http://fuzzy-sl.squirrel.link/ontology/hasLocationType": ["https://fuzzy-sl.wikibase.cloud/entity/Q80"], "http://fuzzy-sl.squirrel.link/ontology/representativeGeometry": ["http://w3id.org/bb5kbc/site_46_geom"], "http://purl.org/dc/terms/identifier": ["46"], "http://rdfs.org/ns/void#inDataset": ["http://w3id.org/bb5kbc/Brandenburg_5000_BC_Data"], "http://w3id.org/bb5kbc/ont/hatFID": ["46"], "http://w3id.org/bb5kbc/ont/hatFundstellenID": ["58"], "http://w3id.org/bb5kbc/ont/hatFundstellenart": ["http://w3id.org/bb5kbc/fundstellenart_376218bc"], "http://w3id.org/bb5kbc/ont/hatGenauigkeit": ["0.0"], "http://w3id.org/bb5kbc/ont/hatKatalognummer": ["9578"], "http://w3id.org/bb5kbc/ont/hatKulturelleZuordnung": ["http://w3id.org/bb5kbc/site_46_culture"], "http://w3id.org/bb5kbc/ont/hatPublikation": ["http://w3id.org/bb5kbc/pub_21405e20"], "http://w3id.org/bb5kbc/ont/inGemeinde": ["http://w3id.org/bb5kbc/gemeinde_7aa1556f"], "http://w3id.org/bb5kbc/ont/wurdeEntdecktDurch": ["http://w3id.org/bb5kbc/site_46_discovery"], "http://w3id.org/bb5kbc/ont/wurdeGeoreferenziertDurch": ["http://w3id.org/bb5kbc/site_46_activity"], "http://www.opengis.net/ont/geosparql#hasGeometry": ["http://w3id.org/bb5kbc/site_46_geom"], "http://www.w3.org/1999/02/22-rdf-syntax-ns#type": ["http://w3id.org/bb5kbc/ont/Fundstelle"], "http://www.w3.org/2000/01/rdf-schema#label": ["Bochow 6"], "http://www.w3.org/2004/02/skos/core#prefLabel": ["Bochow 6"]}, "geometry": {"type": "Point", "coordinates": [13.09, 51.96]}}, {"type": "Feature", "id": "http://w3id.org/bb5kbc/site_291", "name": "", "dateprops": [], "properties": {"http://fuzzy-sl.squirrel.link/ontology/certaintyLevel": ["https://fuzzy-sl.wikibase.cloud/entity/Q23"], "http://fuzzy-sl.squirrel.link/ontology/hasLocationType": ["https://fuzzy-sl.wikibase.cloud/entity/Q80"], "http://fuzzy-sl.squirrel.link/ontology/representativeGeometry": ["http://w3id.org/bb5kbc/site_291_geom"], "http://purl.org/dc/terms/identifier": ["291"], "http://rdfs.org/ns/void#inDataset": ["http://w3id.org/bb5kbc/Brandenburg_5000_BC_Data"], "http://w3id.org/bb5kbc/ont/hatFID": ["291"], "http://w3id.org/bb5kbc/ont/hatFundstellenID": ["195"], "http://w3id.org/bb5kbc/ont/hatFundstellenart": ["http://w3id.org/bb5kbc/fundstellenart_376218bc"], "http://w3id.org/bb5kbc/ont/hatGenauigkeit": ["0.0"], "http://w3id.org/bb5kbc/ont/hatKatalognummer": ["25385"], "http://w3id.org/bb5kbc/ont/hatKulturelleZuordnung": ["http://w3id.org/bb5kbc/site_291_culture"], "http://w3id.org/bb5kbc/ont/inGemeinde": ["http://w3id.org/bb5kbc/gemeinde_b54adf41"], "http://w3id.org/bb5kbc/ont/wurdeEntdecktDurch": ["http://w3id.org/bb5kbc/site_291_discovery"], "http://w3id.org/bb5kbc/ont/wurdeGeoreferenziertDurch": ["http://w3id.org/bb5kbc/site_291_activity"], "http://www.opengis.net/ont/geosparql#hasGeometry": ["http://w3id.org/bb5kbc/site_291_geom"], "http://www.w3.org/1999/02/22-rdf-syntax-ns#type": ["http://w3id.org/bb5kbc/ont/Fundstelle"], "http://www.w3.org/2000/01/rdf-schema#label": ["Hoppenrade 6"], "http://www.w3.org/2004/02/skos/core#prefLabel": ["Hoppenrade 6"]}, "geometry": {"type": "Point", "coordinates": [12.92, 52.54]}}, {"type": "Feature", "id": "http://w3id.org/bb5kbc/site_25", "name": "", "dateprops": [], "properties": {"http://fuzzy-sl.squirrel.link/ontology/certaintyLevel": ["https://fuzzy-sl.wikibase.cloud/entity/Q23"], "http://fuzzy-sl.squirrel.link/ontology/hasLocationType": ["https://fuzzy-sl.wikibase.cloud/entity/Q80"], "http://fuzzy-sl.squirrel.link/ontology/representativeGeometry": ["http://w3id.org/bb5kbc/site_25_geom"], "http://purl.org/dc/terms/identifier": ["25"], "http://rdfs.org/ns/void#inDataset": ["http://w3id.org/bb5kbc/Brandenburg_5000_BC_Data"], "http://w3id.org/bb5kbc/ont/hatFID": ["25"], "http://w3id.org/bb5kbc/ont/hatFundstellenID": ["384"], "http://w3id.org/bb5kbc/ont/hatFundstellenart": ["http://w3id.org/bb5kbc/fundstellenart_376218bc"], "http://w3id.org/bb5kbc/ont/hatGenauigkeit": ["0.0"], "http://w3id.org/bb5kbc/ont/hatKatalognummer": ["250"], "http://w3id.org/bb5kbc/ont/hatKulturelleZuordnung": ["http://w3id.org/bb5kbc/site_25_culture"], "http://w3id.org/bb5kbc/ont/hatPublikation": ["http://w3id.org/bb5kbc/pub_c5110572"], "http://w3id.org/bb5kbc/ont/inGemeinde": ["http://w3id.org/bb5kbc/gemeinde_fdfff175"], "http://w3id.org/bb5kbc/ont/wurdeEntdecktDurch": ["http://w3id.org/bb5kbc/site_25_discovery"], "http://w3id.org/bb5kbc/ont/wurdeGeoreferenziertDurch": ["http://w3id.org/bb5kbc/site_25_activity"], "http://www.opengis.net/ont/geosparql#hasGeometry": ["http://w3id.org/bb5kbc/site_25_geom"], "http://www.w3.org/1999/02/22-rdf-syntax-ns#type": ["http://w3id.org/bb5kbc/ont/Fundstelle"], "http://www.w3.org/2000/01/rdf-schema#label": ["Schelkau 3"], "http://www.w3.org/2004/02/skos/core#prefLabel": ["Schelkau 3"]}, "geometry": {"type": "Point", "coordinates": [12.01, 51.1]}}, {"type": "Feature", "id": "http://w3id.org/bb5kbc/site_338", "name": "", "dateprops": [], "properties": {"http://fuzzy-sl.squirrel.link/ontology/certaintyLevel": ["https://fuzzy-sl.wikibase.cloud/entity/Q23"], "http://fuzzy-sl.squirrel.link/ontology/hasLocationType": ["https://fuzzy-sl.wikibase.cloud/entity/Q80"], "http://fuzzy-sl.squirrel.link/ontology/representativeGeometry": ["http://w3id.org/bb5kbc/site_338_geom"], "http://purl.org/dc/terms/identifier": ["338"], "http://rdfs.org/ns/void#inDataset": ["http://w3id.org/bb5kbc/Brandenburg_5000_BC_Data"], "http://w3id.org/bb5kbc/ont/hatFID": ["338"], "http://w3id.org/bb5kbc/ont/hatFundstellenID": ["364"], "http://w3id.org/bb5kbc/ont/hatFundstellenart": ["http://w3id.org/bb5kbc/fundstellenart_376218bc"], "http://w3id.org/bb5kbc/ont/hatGenauigkeit": ["0.0"], "http://w3id.org/bb5kbc/ont/hatKatalognummer": ["19784"], "http://w3id.org/bb5kbc/ont/hatKulturelleZuordnung": ["http://w3id.org/bb5kbc/site_338_culture"], "http://w3id.org/bb5kbc/ont/inGemeinde": ["http://w3id.org/bb5kbc/gemeinde_0d76ce70"], "http://w3id.org/bb5kbc/ont/wurdeEntdecktDurch": ["http://w3id.org/bb5kbc/site_338_discovery"], "http://w3id.org/bb5kbc/ont/wurdeGeoreferenziertDurch": ["http://w3id.org/bb5kbc/site_338_activity"], "http://www.opengis.net/ont/geosparql#hasGeometry": ["http://w3id.org/bb5kbc/site_338_geom"], "http://www.w3.org/1999/02/22-rdf-syntax-ns#type": ["http://w3id.org/bb5kbc/ont/Fundstelle"], "http://www.w3.org/2000/01/rdf-schema#label": ["Rathenow - 20"], "http://www.w3.org/2004/02/skos/core#prefLabel": ["Rathenow - 20"]}, "geometry": {"type": "Point", "coordinates": [12.34, 52.6]}}, {"type": "Feature", "id": "http://w3id.org/bb5kbc/site_484", "name": "", "dateprops": [], "properties": {"http://fuzzy-sl.squirrel.link/ontology/certaintyLevel": ["https://fuzzy-sl.wikibase.cloud/entity/Q23"], "http://fuzzy-sl.squirrel.link/ontology/hasLocationType": ["https://fuzzy-sl.wikibase.cloud/entity/Q80"], "http://fuzzy-sl.squirrel.link/ontology/representativeGeometry": ["http://w3id.org/bb5kbc/site_484_geom"], "http://purl.org/dc/terms/identifier": ["484"], "http://rdfs.org/ns/void#inDataset": ["http://w3id.org/bb5kbc/Brandenburg_5000_BC_Data"], "http://w3id.org/bb5kbc/ont/hatFID": ["484"], "http://w3id.org/bb5kbc/ont/hatFundstellenID": ["474"], "http://w3id.org/bb5kbc/ont/hatFundstellenart": ["http://w3id.org/bb5kbc/fundstellenart_376218bc"], "http://w3id.org/bb5kbc/ont/hatGenauigkeit": ["0.0"], "http://w3id.org/bb5kbc/ont/hatKatalognummer": ["18431"], "http://w3id.org/bb5kbc/ont/hatKulturelleZuordnung": ["http://w3id.org/bb5kbc/site_484_culture"], "http://w3id.org/bb5kbc/ont/inGemeinde": ["http://w3id.org/bb5kbc/gemeinde_5570aa35"], "http://w3id.org/bb5kbc/ont/wurdeEntdecktDurch": ["http://w3id.org/bb5kbc/site_484_discovery"], "http://w3id.org/bb5kbc/ont/wurdeGeoreferenziertDurch": ["http://w3id.org/bb5kbc/site_484_activity"], "http://www.opengis.net/ont/geosparql#hasGeometry": ["http://w3id.org/bb5kbc/site_484_geom"], "http://www.w3.org/1999/02/22-rdf-syntax-ns#type": ["http://w3id.org/bb5kbc/ont/Fundstelle"], "http://www.w3.org/2000/01/rdf-schema#label": ["Wollschow - 35"], "http://www.w3.org/2004/02/skos/core#prefLabel": ["Wollschow - 35"]}, "geometry": {"type": "Point", "coordinates": [14.24, 53.39]}}, {"type": "Feature", "id": "http://w3id.org/bb5kbc/site_279", "name": "", "dateprops": [], "properties": {"http://fuzzy-sl.squirrel.link/ontology/certaintyLevel": ["https://fuzzy-sl.wikibase.cloud/entity/Q23"], "http://fuzzy-sl.squirrel.link/ontology/hasLocationType": ["https://fuzzy-sl.wikibase.cloud/entity/Q80"], "http://fuzzy-sl.squirrel.link/ontology/representativeGeometry": ["http://w3id.org/bb5kbc/site_279_geom"], "http://purl.org/dc/terms/identifier": ["279"], "http://rdfs.org/ns/void#inDataset": ["http://w3id.org/bb5kbc/Brandenburg_5000_BC_Data"], "http://w3id.org/bb5kbc/ont/hatFID": ["279"], "http://w3id.org/bb5kbc/ont/hatFundstellenID": ["38"], "http://w3id.org/bb5kbc/ont/hatFundstellenart": ["http://w3id.org/bb5kbc/fundstellenart_376218bc"], "http://w3id.org/bb5kbc/ont/hatGenauigkeit": ["0.0"], "http://w3id.org/bb5kbc/ont/hatKatalognummer": ["167"], "http://w3id.org/bb5kbc/ont/hatKulturelleZuordnung": ["http://w3id.org/bb5kbc/site_279_culture"], "http://w3id.org/bb5kbc/ont/inGemeinde": ["http://w3id.org/bb5kbc/gemeinde_9e7070c4"], "http://w3id.org/bb5kbc/ont/wurdeEntdecktDurch": ["http://w3id.org/bb5kbc/site_279_discovery"], "http://w3id.org/bb5kbc/ont/wurdeGeoreferenziertDurch": ["http://w3id.org/bb5kbc/site_279_activity"], "http://www.opengis.net/ont/geosparql#hasGeometry": ["http://w3id.org/bb5kbc/site_279_geom"], "http://www.w3.org/1999/02/22-rdf-syntax-ns#type": ["http://w3id.org/bb5kbc/ont/Fundstelle"], "http://www.w3.org/2000/01/rdf-schema#label": ["Biesenbrow 4"], "http://www.w3.org/2004/02/skos/core#prefLabel": ["Biesenbrow 4"]}, "geometry": {"type": "Point", "coordinates": [13.99, 53.11]}}, {"type": "Feature", "id": "http://w3id.org/bb5kbc/site_485", "name": "", "dateprops": [], "properties": {"http://fuzzy-sl.squirrel.link/ontology/certaintyLevel": ["https://fuzzy-sl.wikibase.cloud/entity/Q23"], "http://fuzzy-sl.squirrel.link/ontology/hasLocationType": ["https://fuzzy-sl.wikibase.cloud/entity/Q80"], "http://fuzzy-sl.squirrel.link/ontology/representativeGeometry": ["http://w3id.org/bb5kbc/site_485_geom"], "http://purl.org/dc/terms/identifier": ["485"], "http://rdfs.org/ns/void#inDataset": ["http://w3id.org/bb5kbc/Brandenburg_5000_BC_Data"], "http://w3id.org/bb5kbc/ont/hatFID": ["485"], "http://w3id.org/bb5kbc/ont/hatFundstellenID": ["402"], "http://w3id.org/bb5kbc/ont/hatFundstellenart": ["http://w3id.org/bb5kbc/fundstellenart_376218bc"], "http://w3id.org/bb5kbc/ont/hatGenauigkeit": ["0.0"], "http://w3id.org/bb5kbc/ont/hatKatalognummer": ["20933"], "http://w3id.org/bb5kbc/ont/hatKulturelleZuordnung": ["http://w3id.org/bb5kbc/site_485_culture"], "http://w3id.org/bb5kbc/ont/inGemeinde": ["http://w3id.org/bb5kbc/gemeinde_57f651b9"], "http://w3id.org/bb5kbc/ont/wurdeEntdecktDurch": ["http://w3id.org/bb5kbc/site_485_discovery"], "http://w3id.org/bb5kbc/ont/wurdeGeoreferenziertDurch": ["http://w3id.org/bb5kbc/site_485_activity"], "http://www.opengis.net/ont/geosparql#hasGeometry": ["http://w3id.org/bb5kbc/site_485_geom"], "http://www.w3.org/1999/02/22-rdf-syntax-ns#type": ["http://w3id.org/bb5kbc/ont/Fundstelle"], "http://www.w3.org/2000/01/rdf-schema#label": ["Schwedt - 4"], "http://www.w3.org/2004/02/skos/core#prefLabel": ["Schwedt - 4"]}, "geometry": {"type": "Point", "coordinates": [14.28, 53.08]}}, {"type": "Feature", "id": "http://w3id.org/bb5kbc/site_58", "name": "", "dateprops": [], "properties": {"http://fuzzy-sl.squirrel.link/ontology/certaintyLevel": ["https://fuzzy-sl.wikibase.cloud/entity/Q23"], "http://fuzzy-sl.squirrel.link/ontology/hasLocationType": ["https://fuzzy-sl.wikibase.cloud/entity/Q80"], "http://fuzzy-sl.squirrel.link/ontology/representativeGeometry": ["http://w3id.org/bb5kbc/site_58_geom"], "http://purl.org/dc/terms/identifier": ["58"], "http://rdfs.org/ns/void#inDataset": ["http://w3id.org/bb5kbc/Brandenburg_5000_BC_Data"], "http://w3id.org/bb5kbc/ont/hatFID": ["58"], "http://w3id.org/bb5kbc/ont/hatFundstellenID": ["190"], "http://w3id.org/bb5kbc/ont/hatFundstellenart": ["http://w3id.org/bb5kbc/fundstellenart_376218bc"], "http://w3id.org/bb5kbc/ont/hatGenauigkeit": ["0.0"], "http://w3id.org/bb5kbc/ont/hatKatalognummer": ["11208"], "http://w3id.org/bb5kbc/ont/hatKulturelleZuordnung": ["http://w3id.org/bb5kbc/site_58_culture"], "http://w3id.org/bb5kbc/ont/hatPublikation": ["http://w3id.org/bb5kbc/pub_05cf84ec"], "http://w3id.org/bb5kbc/ont/inGemeinde": ["http://w3id.org/bb5kbc/gemeinde_866c0d08"], "http://w3id.org/bb5kbc/ont/wurdeEntdecktDurch": ["http://w3id.org/bb5kbc/site_58_discovery"], "http://w3id.org/bb5kbc/ont/wurdeGeoreferenziertDurch": ["http://w3id.org/bb5kbc/site_58_activity"], "http://www.opengis.net/ont/geosparql#hasGeometry": ["http://w3id.org/bb5kbc/site_58_geom"], "http://www.w3.org/1999/02/22-rdf-syntax-ns#type": ["http://w3id.org/bb5kbc/ont/Fundstelle"], "http://www.w3.org/2000/01/rdf-schema#label": ["Hohenbr\u00fcck 3"], "http://www.w3.org/2004/02/skos/core#prefLabel": ["Hohenbr\u00fcck 3"]}, "geometry": {"type": "Point", "coordinates": [13.91, 52.1]}}, {"type": "Feature", "id": "http://w3id.org/bb5kbc/site_431", "name": "", "dateprops": [], "properties": {"http://fuzzy-sl.squirrel.link/ontology/certaintyLevel": ["https://fuzzy-sl.wikibase.cloud/entity/Q23"], "http://fuzzy-sl.squirrel.link/ontology/hasLocationType": ["https://fuzzy-sl.wikibase.cloud/entity/Q80"], "http://fuzzy-sl.squirrel.link/ontology/representativeGeometry": ["http://w3id.org/bb5kbc/site_431_geom"], "http://purl.org/dc/terms/identifier": ["431"], "http://rdfs.org/ns/void#inDataset": ["http://w3id.org/bb5kbc/Brandenburg_5000_BC_Data"], "http://w3id.org/bb5kbc/ont/hatFID": ["431"], "http://w3id.org/bb5kbc/ont/hatFundstellenID": ["220"], "http://w3id.org/bb5kbc/ont/hatFundstellenart": ["http://w3id.org/bb5kbc/fundstellenart_376218bc"], "http://w3id.org/bb5kbc/ont/hatGenauigkeit": ["0.0"], "http://w3id.org/bb5kbc/ont/hatKatalognummer": ["15102"], "http://w3id.org/bb5kbc/ont/hatKulturelleZuordnung": ["http://w3id.org/bb5kbc/site_431_culture"], "http://w3id.org/bb5kbc/ont/inGemeinde": ["http://w3id.org/bb5kbc/gemeinde_6d1158c9"], "http://w3id.org/bb5kbc/ont/wurdeEntdecktDurch": ["http://w3id.org/bb5kbc/site_431_discovery"], "http://w3id.org/bb5kbc/ont/wurdeGeoreferenziertDurch": ["http://w3id.org/bb5kbc/site_431_activity"], "http://www.opengis.net/ont/geosparql#hasGeometry": ["http://w3id.org/bb5kbc/site_431_geom"], "http://www.w3.org/1999/02/22-rdf-syntax-ns#type": ["http://w3id.org/bb5kbc/ont/Fundstelle"], "http://www.w3.org/2000/01/rdf-schema#label": ["Kleinow - 3"], "http://www.w3.org/2004/02/skos/core#prefLabel": ["Kleinow - 3"]}, "geometry": {"type": "Point", "coordinates": [11.97, 53.05]}}, {"type": "Feature", "id": "http://w3id.org/bb5kbc/site_57", "name": "", "dateprops": [], "properties": {"http://fuzzy-sl.squirrel.link/ontology/certaintyLevel": ["https://fuzzy-sl.wikibase.cloud/entity/Q23"], "http://fuzzy-sl.squirrel.link/ontology/hasLocationType": ["https://fuzzy-sl.wikibase.cloud/entity/Q80"], "http://fuzzy-sl.squirrel.link/ontology/representativeGeometry": ["http://w3id.org/bb5kbc/site_57_geom"], "http://purl.org/dc/terms/identifier": ["57"], "http://rdfs.org/ns/void#inDataset": ["http://w3id.org/bb5kbc/Brandenburg_5000_BC_Data"], "http://w3id.org/bb5kbc/ont/hatFID": ["57"], "http://w3id.org/bb5kbc/ont/hatFundstellenID": ["302"], "http://w3id.org/bb5kbc/ont/hatFundstellenart": ["http://w3id.org/bb5kbc/fundstellenart_376218bc"], "http://w3id.org/bb5kbc/ont/hatGenauigkeit": ["0.0"], "http://w3id.org/bb5kbc/ont/hatKatalognummer": ["49204"], "http://w3id.org/bb5kbc/ont/hatKulturelleZuordnung": ["http://w3id.org/bb5kbc/site_57_culture"], "http://w3id.org/bb5kbc/ont/hatPublikation": ["http://w3id.org/bb5kbc/pub_05cf84ec"], "http://w3id.org/bb5kbc/ont/inGemeinde": ["http://w3id.org/bb5kbc/gemeinde_7ff1cdab"], "http://w3id.org/bb5kbc/ont/wurdeEntdecktDurch": ["http://w3id.org/bb5kbc/site_57_discovery"], "http://w3id.org/bb5kbc/ont/wurdeGeoreferenziertDurch": ["http://w3id.org/bb5kbc/site_57_activity"], "http://www.opengis.net/ont/geosparql#hasGeometry": ["http://w3id.org/bb5kbc/site_57_geom"], "http://www.w3.org/1999/02/22-rdf-syntax-ns#type": ["http://w3id.org/bb5kbc/ont/Fundstelle"], "http://www.w3.org/2000/01/rdf-schema#label": ["Neuendorf am See 13"], "http://www.w3.org/2004/02/skos/core#prefLabel": ["Neuendorf am See 13"]}, "geometry": {"type": "Point", "coordinates": [13.88, 52.1]}}, {"type": "Feature", "id": "http://w3id.org/bb5kbc/site_65", "name": "", "dateprops": [], "properties": {"http://fuzzy-sl.squirrel.link/ontology/certaintyLevel": ["https://fuzzy-sl.wikibase.cloud/entity/Q23"], "http://fuzzy-sl.squirrel.link/ontology/hasLocationType": ["https://fuzzy-sl.wikibase.cloud/entity/Q80"], "http://fuzzy-sl.squirrel.link/ontology/representativeGeometry": ["http://w3id.org/bb5kbc/site_65_geom"], "http://purl.org/dc/terms/identifier": ["65"], "http://rdfs.org/ns/void#inDataset": ["http://w3id.org/bb5kbc/Brandenburg_5000_BC_Data"], "http://w3id.org/bb5kbc/ont/hatFID": ["65"], "http://w3id.org/bb5kbc/ont/hatFundstellenID": ["276"], "http://w3id.org/bb5kbc/ont/hatFundstellenart": ["http://w3id.org/bb5kbc/fundstellenart_376218bc"], "http://w3id.org/bb5kbc/ont/hatGenauigkeit": ["0.0"], "http://w3id.org/bb5kbc/ont/hatKatalognummer": ["36875"], "http://w3id.org/bb5kbc/ont/hatKulturelleZuordnung": ["http://w3id.org/bb5kbc/site_65_culture"], "http://w3id.org/bb5kbc/ont/hatPublikation": ["http://w3id.org/bb5kbc/pub_28d0e362"], "http://w3id.org/bb5kbc/ont/inGemeinde": ["http://w3id.org/bb5kbc/gemeinde_74711701"], "http://w3id.org/bb5kbc/ont/wurdeEntdecktDurch": ["http://w3id.org/bb5kbc/site_65_discovery"], "http://w3id.org/bb5kbc/ont/wurdeGeoreferenziertDurch": ["http://w3id.org/bb5kbc/site_65_activity"], "http://www.opengis.net/ont/geosparql#hasGeometry": ["http://w3id.org/bb5kbc/site_65_geom"], "http://www.w3.org/1999/02/22-rdf-syntax-ns#type": ["http://w3id.org/bb5kbc/ont/Fundstelle"], "http://www.w3.org/2000/01/rdf-schema#label": ["Meichow 8"], "http://www.w3.org/2004/02/skos/core#prefLabel": ["Meichow 8"]}, "geometry": {"type": "Point", "coordinates": [13.97, 53.18]}}, {"type": "Feature", "id": "http://w3id.org/bb5kbc/site_59", "name": "", "dateprops": [], "properties": {"http://fuzzy-sl.squirrel.link/ontology/certaintyLevel": ["https://fuzzy-sl.wikibase.cloud/entity/Q23"], "http://fuzzy-sl.squirrel.link/ontology/hasLocationType": ["https://fuzzy-sl.wikibase.cloud/entity/Q80"], "http://fuzzy-sl.squirrel.link/ontology/representativeGeometry": ["http://w3id.org/bb5kbc/site_59_geom"], "http://purl.org/dc/terms/identifier": ["59"], "http://rdfs.org/ns/void#inDataset": ["http://w3id.org/bb5kbc/Brandenburg_5000_BC_Data"], "http://w3id.org/bb5kbc/ont/hatFID": ["59"], "http://w3id.org/bb5kbc/ont/hatFundstellenID": ["190"], "http://w3id.org/bb5kbc/ont/hatFundstellenart": ["http://w3id.org/bb5kbc/fundstellenart_376218bc"], "http://w3id.org/bb5kbc/ont/hatGenauigkeit": ["0.0"], "http://w3id.org/bb5kbc/ont/hatKatalognummer": ["11208"], "http://w3id.org/bb5kbc/ont/hatKulturelleZuordnung": ["http://w3id.org/bb5kbc/site_59_culture"], "http://w3id.org/bb5kbc/ont/hatPublikation": ["http://w3id.org/bb5kbc/pub_05cf84ec"], "http://w3id.org/bb5kbc/ont/inGemeinde": ["http://w3id.org/bb5kbc/gemeinde_866c0d08"], "http://w3id.org/bb5kbc/ont/wurdeEntdecktDurch": ["http://w3id.org/bb5kbc/site_59_discovery"], "http://w3id.org/bb5kbc/ont/wurdeGeoreferenziertDurch": ["http://w3id.org/bb5kbc/site_59_activity"], "http://www.opengis.net/ont/geosparql#hasGeometry": ["http://w3id.org/bb5kbc/site_59_geom"], "http://www.w3.org/1999/02/22-rdf-syntax-ns#type": ["http://w3id.org/bb5kbc/ont/Fundstelle"], "http://www.w3.org/2000/01/rdf-schema#label": ["Hohenbr\u00fcck 3"], "http://www.w3.org/2004/02/skos/core#prefLabel": ["Hohenbr\u00fcck 3"]}, "geometry": {"type": "Point", "coordinates": [13.91, 52.1]}}, {"type": "Feature", "id": "http://w3id.org/bb5kbc/site_73", "name": "", "dateprops": [], "properties": {"http://fuzzy-sl.squirrel.link/ontology/certaintyLevel": ["https://fuzzy-sl.wikibase.cloud/entity/Q23"], "http://fuzzy-sl.squirrel.link/ontology/hasLocationType": ["https://fuzzy-sl.wikibase.cloud/entity/Q80"], "http://fuzzy-sl.squirrel.link/ontology/representativeGeometry": ["http://w3id.org/bb5kbc/site_73_geom"], "http://purl.org/dc/terms/identifier": ["73"], "http://rdfs.org/ns/void#inDataset": ["http://w3id.org/bb5kbc/Brandenburg_5000_BC_Data"], "http://w3id.org/bb5kbc/ont/hatFID": ["73"], "http://w3id.org/bb5kbc/ont/hatFundstellenID": ["121"], "http://w3id.org/bb5kbc/ont/hatFundstellenart": ["http://w3id.org/bb5kbc/fundstellenart_376218bc"], "http://w3id.org/bb5kbc/ont/hatGenauigkeit": ["0.0"], "http://w3id.org/bb5kbc/ont/hatKatalognummer": ["366"], "http://w3id.org/bb5kbc/ont/hatKulturelleZuordnung": ["http://w3id.org/bb5kbc/site_73_culture"], "http://w3id.org/bb5kbc/ont/hatPublikation": ["http://w3id.org/bb5kbc/pub_c33f9df2"], "http://w3id.org/bb5kbc/ont/inGemeinde": ["http://w3id.org/bb5kbc/gemeinde_469c793d"], "http://w3id.org/bb5kbc/ont/wurdeEntdecktDurch": ["http://w3id.org/bb5kbc/site_73_discovery"], "http://w3id.org/bb5kbc/ont/wurdeGeoreferenziertDurch": ["http://w3id.org/bb5kbc/site_73_activity"], "http://www.opengis.net/ont/geosparql#hasGeometry": ["http://w3id.org/bb5kbc/site_73_geom"], "http://www.w3.org/1999/02/22-rdf-syntax-ns#type": ["http://w3id.org/bb5kbc/ont/Fundstelle"], "http://www.w3.org/2000/01/rdf-schema#label": ["Flemsdorf 6/1 (6)"], "http://www.w3.org/2004/02/skos/core#prefLabel": ["Flemsdorf 6/1 (6)"]}, "geometry": {"type": "Point", "coordinates": [14.17, 53.03]}}, {"type": "Feature", "id": "http://w3id.org/bb5kbc/site_432", "name": "", "dateprops": [], "properties": {"http://fuzzy-sl.squirrel.link/ontology/certaintyLevel": ["https://fuzzy-sl.wikibase.cloud/entity/Q23"], "http://fuzzy-sl.squirrel.link/ontology/hasLocationType": ["https://fuzzy-sl.wikibase.cloud/entity/Q80"], "http://fuzzy-sl.squirrel.link/ontology/representativeGeometry": ["http://w3id.org/bb5kbc/site_432_geom"], "http://purl.org/dc/terms/identifier": ["432"], "http://rdfs.org/ns/void#inDataset": ["http://w3id.org/bb5kbc/Brandenburg_5000_BC_Data"], "http://w3id.org/bb5kbc/ont/hatFID": ["432"], "http://w3id.org/bb5kbc/ont/hatFundstellenID": ["380"], "http://w3id.org/bb5kbc/ont/hatFundstellenart": ["http://w3id.org/bb5kbc/fundstellenart_376218bc"], "http://w3id.org/bb5kbc/ont/hatGenauigkeit": ["0.0"], "http://w3id.org/bb5kbc/ont/hatKatalognummer": ["19101"], "http://w3id.org/bb5kbc/ont/hatKulturelleZuordnung": ["http://w3id.org/bb5kbc/site_432_culture"], "http://w3id.org/bb5kbc/ont/inGemeinde": ["http://w3id.org/bb5kbc/gemeinde_40b6aa6d"], "http://w3id.org/bb5kbc/ont/wurdeEntdecktDurch": ["http://w3id.org/bb5kbc/site_432_discovery"], "http://w3id.org/bb5kbc/ont/wurdeGeoreferenziertDurch": ["http://w3id.org/bb5kbc/site_432_activity"], "http://www.opengis.net/ont/geosparql#hasGeometry": ["http://w3id.org/bb5kbc/site_432_geom"], "http://www.w3.org/1999/02/22-rdf-syntax-ns#type": ["http://w3id.org/bb5kbc/ont/Fundstelle"], "http://www.w3.org/2000/01/rdf-schema#label": ["Sadenbeck - 6"], "http://www.w3.org/2004/02/skos/core#prefLabel": ["Sadenbeck - 6"]}, "geometry": {"type": "Point", "coordinates": [12.25, 53.2]}}, {"type": "Feature", "id": "http://w3id.org/bb5kbc/site_580", "name": "", "dateprops": [], "properties": {"http://fuzzy-sl.squirrel.link/ontology/certaintyLevel": ["https://fuzzy-sl.wikibase.cloud/entity/Q23"], "http://fuzzy-sl.squirrel.link/ontology/hasLocationType": ["https://fuzzy-sl.wikibase.cloud/entity/Q80"], "http://fuzzy-sl.squirrel.link/ontology/representativeGeometry": ["http://w3id.org/bb5kbc/site_580_geom"], "http://purl.org/dc/terms/identifier": ["580"], "http://rdfs.org/ns/void#inDataset": ["http://w3id.org/bb5kbc/Brandenburg_5000_BC_Data"], "http://w3id.org/bb5kbc/ont/hatFID": ["580"], "http://w3id.org/bb5kbc/ont/hatFundstellenID": ["344"], "http://w3id.org/bb5kbc/ont/hatFundstellenart": ["http://w3id.org/bb5kbc/fundstellenart_376218bc"], "http://w3id.org/bb5kbc/ont/hatGenauigkeit": ["0.0"], "http://w3id.org/bb5kbc/ont/hatKatalognummer": ["40884"], "http://w3id.org/bb5kbc/ont/hatKulturelleZuordnung": ["http://w3id.org/bb5kbc/site_580_culture"], "http://w3id.org/bb5kbc/ont/hatPublikation": ["http://w3id.org/bb5kbc/pub_d0a84231"], "http://w3id.org/bb5kbc/ont/inGemeinde": ["http://w3id.org/bb5kbc/gemeinde_d5404511"], "http://w3id.org/bb5kbc/ont/wurdeEntdecktDurch": ["http://w3id.org/bb5kbc/site_580_discovery"], "http://w3id.org/bb5kbc/ont/wurdeGeoreferenziertDurch": ["http://w3id.org/bb5kbc/site_580_activity"], "http://www.opengis.net/ont/geosparql#hasGeometry": ["http://w3id.org/bb5kbc/site_580_geom"], "http://www.w3.org/1999/02/22-rdf-syntax-ns#type": ["http://w3id.org/bb5kbc/ont/Fundstelle"], "http://www.w3.org/2000/01/rdf-schema#label": ["Potsdam 82"], "http://www.w3.org/2004/02/skos/core#prefLabel": ["Potsdam 82"]}, "geometry": {"type": "Point", "coordinates": [13.07, 52.4]}}, {"type": "Feature", "id": "http://w3id.org/bb5kbc/site_422", "name": "", "dateprops": [], "properties": {"http://fuzzy-sl.squirrel.link/ontology/certaintyLevel": ["https://fuzzy-sl.wikibase.cloud/entity/Q23"], "http://fuzzy-sl.squirrel.link/ontology/hasLocationType": ["https://fuzzy-sl.wikibase.cloud/entity/Q80"], "http://fuzzy-sl.squirrel.link/ontology/representativeGeometry": ["http://w3id.org/bb5kbc/site_422_geom"], "http://purl.org/dc/terms/identifier": ["422"], "http://rdfs.org/ns/void#inDataset": ["http://w3id.org/bb5kbc/Brandenburg_5000_BC_Data"], "http://w3id.org/bb5kbc/ont/hatFID": ["422"], "http://w3id.org/bb5kbc/ont/hatFundstellenID": ["441"], "http://w3id.org/bb5kbc/ont/hatFundstellenart": ["http://w3id.org/bb5kbc/fundstellenart_376218bc"], "http://w3id.org/bb5kbc/ont/hatGenauigkeit": ["0.0"], "http://w3id.org/bb5kbc/ont/hatKatalognummer": ["28710"], "http://w3id.org/bb5kbc/ont/hatKulturelleZuordnung": ["http://w3id.org/bb5kbc/site_422_culture"], "http://w3id.org/bb5kbc/ont/inGemeinde": ["http://w3id.org/bb5kbc/gemeinde_bd78dc11"], "http://w3id.org/bb5kbc/ont/wurdeEntdecktDurch": ["http://w3id.org/bb5kbc/site_422_discovery"], "http://w3id.org/bb5kbc/ont/wurdeGeoreferenziertDurch": ["http://w3id.org/bb5kbc/site_422_activity"], "http://www.opengis.net/ont/geosparql#hasGeometry": ["http://w3id.org/bb5kbc/site_422_geom"], "http://www.w3.org/1999/02/22-rdf-syntax-ns#type": ["http://w3id.org/bb5kbc/ont/Fundstelle"], "http://www.w3.org/2000/01/rdf-schema#label": ["Treuenbrietzen - 66"], "http://www.w3.org/2004/02/skos/core#prefLabel": ["Treuenbrietzen - 66"]}, "geometry": {"type": "Point", "coordinates": [12.88, 52.12]}}, {"type": "Feature", "id": "http://w3id.org/bb5kbc/site_69", "name": "", "dateprops": [], "properties": {"http://fuzzy-sl.squirrel.link/ontology/certaintyLevel": ["https://fuzzy-sl.wikibase.cloud/entity/Q23"], "http://fuzzy-sl.squirrel.link/ontology/hasLocationType": ["https://fuzzy-sl.wikibase.cloud/entity/Q80"], "http://fuzzy-sl.squirrel.link/ontology/representativeGeometry": ["http://w3id.org/bb5kbc/site_69_geom"], "http://purl.org/dc/terms/identifier": ["69"], "http://rdfs.org/ns/void#inDataset": ["http://w3id.org/bb5kbc/Brandenburg_5000_BC_Data"], "http://w3id.org/bb5kbc/ont/hatFID": ["69"], "http://w3id.org/bb5kbc/ont/hatFundstellenID": ["157"], "http://w3id.org/bb5kbc/ont/hatFundstellenart": ["http://w3id.org/bb5kbc/fundstellenart_376218bc"], "http://w3id.org/bb5kbc/ont/hatGenauigkeit": ["0.0"], "http://w3id.org/bb5kbc/ont/hatKulturelleZuordnung": ["http://w3id.org/bb5kbc/site_69_culture"], "http://w3id.org/bb5kbc/ont/inGemeinde": ["http://w3id.org/bb5kbc/gemeinde_66a82682"], "http://w3id.org/bb5kbc/ont/wurdeEntdecktDurch": ["http://w3id.org/bb5kbc/site_69_discovery"], "http://w3id.org/bb5kbc/ont/wurdeGeoreferenziertDurch": ["http://w3id.org/bb5kbc/site_69_activity"], "http://www.opengis.net/ont/geosparql#hasGeometry": ["http://w3id.org/bb5kbc/site_69_geom"], "http://www.w3.org/1999/02/22-rdf-syntax-ns#type": ["http://w3id.org/bb5kbc/ont/Fundstelle"], "http://www.w3.org/2000/01/rdf-schema#label": ["Gramzow 23"], "http://www.w3.org/2004/02/skos/core#prefLabel": ["Gramzow 23"]}, "geometry": {"type": "Point", "coordinates": [14.02, 53.22]}}, {"type": "Feature", "id": "http://w3id.org/bb5kbc/site_60", "name": "", "dateprops": [], "properties": {"http://fuzzy-sl.squirrel.link/ontology/certaintyLevel": ["https://fuzzy-sl.wikibase.cloud/entity/Q23"], "http://fuzzy-sl.squirrel.link/ontology/hasLocationType": ["https://fuzzy-sl.wikibase.cloud/entity/Q80"], "http://fuzzy-sl.squirrel.link/ontology/representativeGeometry": ["http://w3id.org/bb5kbc/site_60_geom"], "http://purl.org/dc/terms/identifier": ["60"], "http://rdfs.org/ns/void#inDataset": ["http://w3id.org/bb5kbc/Brandenburg_5000_BC_Data"], "http://w3id.org/bb5kbc/ont/hatFID": ["60"], "http://w3id.org/bb5kbc/ont/hatFundstellenID": ["267"], "http://w3id.org/bb5kbc/ont/hatFundstellenart": ["http://w3id.org/bb5kbc/fundstellenart_376218bc"], "http://w3id.org/bb5kbc/ont/hatGenauigkeit": ["0.0"], "http://w3id.org/bb5kbc/ont/hatKatalognummer": ["11387"], "http://w3id.org/bb5kbc/ont/hatKulturelleZuordnung": ["http://w3id.org/bb5kbc/site_60_culture"], "http://w3id.org/bb5kbc/ont/hatPublikation": ["http://w3id.org/bb5kbc/pub_05cf84ec"], "http://w3id.org/bb5kbc/ont/inGemeinde": ["http://w3id.org/bb5kbc/gemeinde_b3927945"], "http://w3id.org/bb5kbc/ont/wurdeEntdecktDurch": ["http://w3id.org/bb5kbc/site_60_discovery"], "http://w3id.org/bb5kbc/ont/wurdeGeoreferenziertDurch": ["http://w3id.org/bb5kbc/site_60_activity"], "http://www.opengis.net/ont/geosparql#hasGeometry": ["http://w3id.org/bb5kbc/site_60_geom"], "http://www.w3.org/1999/02/22-rdf-syntax-ns#type": ["http://w3id.org/bb5kbc/ont/Fundstelle"], "http://www.w3.org/2000/01/rdf-schema#label": ["L\u00fcbben Steinkirchen 6"], "http://www.w3.org/2004/02/skos/core#prefLabel": ["L\u00fcbben Steinkirchen 6"]}, "geometry": {"type": "Point", "coordinates": [13.93, 51.91]}}, {"type": "Feature", "id": "http://w3id.org/bb5kbc/site_94", "name": "", "dateprops": [], "properties": {"http://fuzzy-sl.squirrel.link/ontology/certaintyLevel": ["https://fuzzy-sl.wikibase.cloud/entity/Q23"], "http://fuzzy-sl.squirrel.link/ontology/hasLocationType": ["https://fuzzy-sl.wikibase.cloud/entity/Q80"], "http://fuzzy-sl.squirrel.link/ontology/representativeGeometry": ["http://w3id.org/bb5kbc/site_94_geom"], "http://purl.org/dc/terms/identifier": ["94"], "http://rdfs.org/ns/void#inDataset": ["http://w3id.org/bb5kbc/Brandenburg_5000_BC_Data"], "http://w3id.org/bb5kbc/ont/hatFID": ["94"], "http://w3id.org/bb5kbc/ont/hatFundstellenID": ["206"], "http://w3id.org/bb5kbc/ont/hatFundstellenart": ["http://w3id.org/bb5kbc/fundstellenart_376218bc"], "http://w3id.org/bb5kbc/ont/hatGenauigkeit": ["0.0"], "http://w3id.org/bb5kbc/ont/hatKulturelleZuordnung": ["http://w3id.org/bb5kbc/site_94_culture"], "http://w3id.org/bb5kbc/ont/hatPublikation": ["http://w3id.org/bb5kbc/pub_3f8665d8"], "http://w3id.org/bb5kbc/ont/inGemeinde": ["http://w3id.org/bb5kbc/gemeinde_455beb00"], "http://w3id.org/bb5kbc/ont/wurdeEntdecktDurch": ["http://w3id.org/bb5kbc/site_94_discovery"], "http://w3id.org/bb5kbc/ont/wurdeGeoreferenziertDurch": ["http://w3id.org/bb5kbc/site_94_activity"], "http://www.opengis.net/ont/geosparql#hasGeometry": ["http://w3id.org/bb5kbc/site_94_geom"], "http://www.w3.org/1999/02/22-rdf-syntax-ns#type": ["http://w3id.org/bb5kbc/ont/Fundstelle"], "http://www.w3.org/2000/01/rdf-schema#label": ["Kaaso/Koz\u00f3w"], "http://www.w3.org/2004/02/skos/core#prefLabel": ["Kaaso/Koz\u00f3w"]}, "geometry": {"type": "Point", "coordinates": [14.74, 51.86]}}, {"type": "Feature", "id": "http://w3id.org/bb5kbc/site_311", "name": "", "dateprops": [], "properties": {"http://fuzzy-sl.squirrel.link/ontology/certaintyLevel": ["https://fuzzy-sl.wikibase.cloud/entity/Q23"], "http://fuzzy-sl.squirrel.link/ontology/hasLocationType": ["https://fuzzy-sl.wikibase.cloud/entity/Q80"], "http://fuzzy-sl.squirrel.link/ontology/representativeGeometry": ["http://w3id.org/bb5kbc/site_311_geom"], "http://purl.org/dc/terms/identifier": ["311"], "http://rdfs.org/ns/void#inDataset": ["http://w3id.org/bb5kbc/Brandenburg_5000_BC_Data"], "http://w3id.org/bb5kbc/ont/hatFID": ["311"], "http://w3id.org/bb5kbc/ont/hatFundstellenID": ["156"], "http://w3id.org/bb5kbc/ont/hatFundstellenart": ["http://w3id.org/bb5kbc/fundstellenart_376218bc"], "http://w3id.org/bb5kbc/ont/hatGenauigkeit": ["0.0"], "http://w3id.org/bb5kbc/ont/hatKatalognummer": ["9952"], "http://w3id.org/bb5kbc/ont/hatKulturelleZuordnung": ["http://w3id.org/bb5kbc/site_311_culture"], "http://w3id.org/bb5kbc/ont/inGemeinde": ["http://w3id.org/bb5kbc/gemeinde_f9518cd7"], "http://w3id.org/bb5kbc/ont/wurdeEntdecktDurch": ["http://w3id.org/bb5kbc/site_311_discovery"], "http://w3id.org/bb5kbc/ont/wurdeGeoreferenziertDurch": ["http://w3id.org/bb5kbc/site_311_activity"], "http://www.opengis.net/ont/geosparql#hasGeometry": ["http://w3id.org/bb5kbc/site_311_geom"], "http://www.w3.org/1999/02/22-rdf-syntax-ns#type": ["http://w3id.org/bb5kbc/ont/Fundstelle"], "http://www.w3.org/2000/01/rdf-schema#label": ["Gr\u00e4bendorf - 8"], "http://www.w3.org/2004/02/skos/core#prefLabel": ["Gr\u00e4bendorf - 8"]}, "geometry": {"type": "Point", "coordinates": [13.71, 52.24]}}, {"type": "Feature", "id": "http://w3id.org/bb5kbc/site_585", "name": "", "dateprops": [], "properties": {"http://fuzzy-sl.squirrel.link/ontology/certaintyLevel": ["https://fuzzy-sl.wikibase.cloud/entity/Q23"], "http://fuzzy-sl.squirrel.link/ontology/hasLocationType": ["https://fuzzy-sl.wikibase.cloud/entity/Q80"], "http://fuzzy-sl.squirrel.link/ontology/representativeGeometry": ["http://w3id.org/bb5kbc/site_585_geom"], "http://purl.org/dc/terms/identifier": ["585"], "http://rdfs.org/ns/void#inDataset": ["http://w3id.org/bb5kbc/Brandenburg_5000_BC_Data"], "http://w3id.org/bb5kbc/ont/hatFID": ["585"], "http://w3id.org/bb5kbc/ont/hatFundstellenID": ["222"], "http://w3id.org/bb5kbc/ont/hatFundstellenart": ["http://w3id.org/bb5kbc/fundstellenart_376218bc"], "http://w3id.org/bb5kbc/ont/hatGenauigkeit": ["0.0"], "http://w3id.org/bb5kbc/ont/hatKatalognummer": ["17189"], "http://w3id.org/bb5kbc/ont/hatKulturelleZuordnung": ["http://w3id.org/bb5kbc/site_585_culture"], "http://w3id.org/bb5kbc/ont/hatPublikation": ["http://w3id.org/bb5kbc/pub_05cf84ec"], "http://w3id.org/bb5kbc/ont/inGemeinde": ["http://w3id.org/bb5kbc/gemeinde_bb20b99e"], "http://w3id.org/bb5kbc/ont/wurdeEntdecktDurch": ["http://w3id.org/bb5kbc/site_585_discovery"], "http://w3id.org/bb5kbc/ont/wurdeGeoreferenziertDurch": ["http://w3id.org/bb5kbc/site_585_activity"], "http://www.opengis.net/ont/geosparql#hasGeometry": ["http://w3id.org/bb5kbc/site_585_geom"], "http://www.w3.org/1999/02/22-rdf-syntax-ns#type": ["http://w3id.org/bb5kbc/ont/Fundstelle"], "http://www.w3.org/2000/01/rdf-schema#label": ["Klinkow 26"], "http://www.w3.org/2004/02/skos/core#prefLabel": ["Klinkow 26"]}, "geometry": {"type": "Point", "coordinates": [13.83, 53.32]}}, {"type": "Feature", "id": "http://w3id.org/bb5kbc/site_455", "name": "", "dateprops": [], "properties": {"http://fuzzy-sl.squirrel.link/ontology/certaintyLevel": ["https://fuzzy-sl.wikibase.cloud/entity/Q23"], "http://fuzzy-sl.squirrel.link/ontology/hasLocationType": ["https://fuzzy-sl.wikibase.cloud/entity/Q80"], "http://fuzzy-sl.squirrel.link/ontology/representativeGeometry": ["http://w3id.org/bb5kbc/site_455_geom"], "http://purl.org/dc/terms/identifier": ["455"], "http://rdfs.org/ns/void#inDataset": ["http://w3id.org/bb5kbc/Brandenburg_5000_BC_Data"], "http://w3id.org/bb5kbc/ont/hatFID": ["455"], "http://w3id.org/bb5kbc/ont/hatFundstellenID": ["506"], "http://w3id.org/bb5kbc/ont/hatFundstellenart": ["http://w3id.org/bb5kbc/fundstellenart_376218bc"], "http://w3id.org/bb5kbc/ont/hatGenauigkeit": ["0.0"], "http://w3id.org/bb5kbc/ont/hatKatalognummer": ["24643"], "http://w3id.org/bb5kbc/ont/hatKulturelleZuordnung": ["http://w3id.org/bb5kbc/site_455_culture"], "http://w3id.org/bb5kbc/ont/inGemeinde": ["http://w3id.org/bb5kbc/gemeinde_497938d6"], "http://w3id.org/bb5kbc/ont/wurdeEntdecktDurch": ["http://w3id.org/bb5kbc/site_455_discovery"], "http://w3id.org/bb5kbc/ont/wurdeGeoreferenziertDurch": ["http://w3id.org/bb5kbc/site_455_activity"], "http://www.opengis.net/ont/geosparql#hasGeometry": ["http://w3id.org/bb5kbc/site_455_geom"], "http://www.w3.org/1999/02/22-rdf-syntax-ns#type": ["http://w3id.org/bb5kbc/ont/Fundstelle"], "http://www.w3.org/2000/01/rdf-schema#label": ["Zossen - 10"], "http://www.w3.org/2004/02/skos/core#prefLabel": ["Zossen - 10"]}, "geometry": {"type": "Point", "coordinates": [13.47, 52.22]}}, {"type": "Feature", "id": "http://w3id.org/bb5kbc/site_581", "name": "", "dateprops": [], "properties": {"http://fuzzy-sl.squirrel.link/ontology/certaintyLevel": ["https://fuzzy-sl.wikibase.cloud/entity/Q23"], "http://fuzzy-sl.squirrel.link/ontology/hasLocationType": ["https://fuzzy-sl.wikibase.cloud/entity/Q80"], "http://fuzzy-sl.squirrel.link/ontology/representativeGeometry": ["http://w3id.org/bb5kbc/site_581_geom"], "http://purl.org/dc/terms/identifier": ["581"], "http://rdfs.org/ns/void#inDataset": ["http://w3id.org/bb5kbc/Brandenburg_5000_BC_Data"], "http://w3id.org/bb5kbc/ont/hatFID": ["581"], "http://w3id.org/bb5kbc/ont/hatFundstellenID": ["439"], "http://w3id.org/bb5kbc/ont/hatFundstellenart": ["http://w3id.org/bb5kbc/fundstellenart_376218bc"], "http://w3id.org/bb5kbc/ont/hatGenauigkeit": ["0.0"], "http://w3id.org/bb5kbc/ont/hatKatalognummer": ["27469"], "http://w3id.org/bb5kbc/ont/hatKulturelleZuordnung": ["http://w3id.org/bb5kbc/site_581_culture"], "http://w3id.org/bb5kbc/ont/hatPublikation": ["http://w3id.org/bb5kbc/pub_6e2b44a1"], "http://w3id.org/bb5kbc/ont/inGemeinde": ["http://w3id.org/bb5kbc/gemeinde_9631cb6e"], "http://w3id.org/bb5kbc/ont/wurdeGeoreferenziertDurch": ["http://w3id.org/bb5kbc/site_581_activity"], "http://www.opengis.net/ont/geosparql#hasGeometry": ["http://w3id.org/bb5kbc/site_581_geom"], "http://www.w3.org/1999/02/22-rdf-syntax-ns#type": ["http://w3id.org/bb5kbc/ont/Fundstelle"], "http://www.w3.org/2000/01/rdf-schema#label": ["Trebus 1"], "http://www.w3.org/2004/02/skos/core#prefLabel": ["Trebus 1"]}, "geometry": {"type": "Point", "coordinates": [14.05, 52.41]}}, {"type": "Feature", "id": "http://w3id.org/bb5kbc/site_481", "name": "", "dateprops": [], "properties": {"http://fuzzy-sl.squirrel.link/ontology/certaintyLevel": ["https://fuzzy-sl.wikibase.cloud/entity/Q23"], "http://fuzzy-sl.squirrel.link/ontology/hasLocationType": ["https://fuzzy-sl.wikibase.cloud/entity/Q80"], "http://fuzzy-sl.squirrel.link/ontology/representativeGeometry": ["http://w3id.org/bb5kbc/site_481_geom"], "http://purl.org/dc/terms/identifier": ["481"], "http://rdfs.org/ns/void#inDataset": ["http://w3id.org/bb5kbc/Brandenburg_5000_BC_Data"], "http://w3id.org/bb5kbc/ont/hatFID": ["481"], "http://w3id.org/bb5kbc/ont/hatFundstellenID": ["150"], "http://w3id.org/bb5kbc/ont/hatFundstellenart": ["http://w3id.org/bb5kbc/fundstellenart_376218bc"], "http://w3id.org/bb5kbc/ont/hatGenauigkeit": ["0.0"], "http://w3id.org/bb5kbc/ont/hatKatalognummer": ["16890"], "http://w3id.org/bb5kbc/ont/hatKulturelleZuordnung": ["http://w3id.org/bb5kbc/site_481_culture"], "http://w3id.org/bb5kbc/ont/inGemeinde": ["http://w3id.org/bb5kbc/gemeinde_c73df9b6"], "http://w3id.org/bb5kbc/ont/wurdeEntdecktDurch": ["http://w3id.org/bb5kbc/site_481_discovery"], "http://w3id.org/bb5kbc/ont/wurdeGeoreferenziertDurch": ["http://w3id.org/bb5kbc/site_481_activity"], "http://www.opengis.net/ont/geosparql#hasGeometry": ["http://w3id.org/bb5kbc/site_481_geom"], "http://www.w3.org/1999/02/22-rdf-syntax-ns#type": ["http://w3id.org/bb5kbc/ont/Fundstelle"], "http://www.w3.org/2000/01/rdf-schema#label": ["Gollmitz - 6"], "http://www.w3.org/2004/02/skos/core#prefLabel": ["Gollmitz - 6"]}, "geometry": {"type": "Point", "coordinates": [13.71, 53.29]}}, {"type": "Feature", "id": "http://w3id.org/bb5kbc/site_326", "name": "", "dateprops": [], "properties": {"http://fuzzy-sl.squirrel.link/ontology/certaintyLevel": ["https://fuzzy-sl.wikibase.cloud/entity/Q23"], "http://fuzzy-sl.squirrel.link/ontology/hasLocationType": ["https://fuzzy-sl.wikibase.cloud/entity/Q80"], "http://fuzzy-sl.squirrel.link/ontology/representativeGeometry": ["http://w3id.org/bb5kbc/site_326_geom"], "http://purl.org/dc/terms/identifier": ["326"], "http://rdfs.org/ns/void#inDataset": ["http://w3id.org/bb5kbc/Brandenburg_5000_BC_Data"], "http://w3id.org/bb5kbc/ont/hatFID": ["326"], "http://w3id.org/bb5kbc/ont/hatFundstellenID": ["434"], "http://w3id.org/bb5kbc/ont/hatFundstellenart": ["http://w3id.org/bb5kbc/fundstellenart_376218bc"], "http://w3id.org/bb5kbc/ont/hatGenauigkeit": ["0.0"], "http://w3id.org/bb5kbc/ont/hatKatalognummer": ["10342"], "http://w3id.org/bb5kbc/ont/hatKulturelleZuordnung": ["http://w3id.org/bb5kbc/site_326_culture"], "http://w3id.org/bb5kbc/ont/inGemeinde": ["http://w3id.org/bb5kbc/gemeinde_925f9c89"], "http://w3id.org/bb5kbc/ont/wurdeEntdecktDurch": ["http://w3id.org/bb5kbc/site_326_discovery"], "http://w3id.org/bb5kbc/ont/wurdeGeoreferenziertDurch": ["http://w3id.org/bb5kbc/site_326_activity"], "http://www.opengis.net/ont/geosparql#hasGeometry": ["http://w3id.org/bb5kbc/site_326_geom"], "http://www.w3.org/1999/02/22-rdf-syntax-ns#type": ["http://w3id.org/bb5kbc/ont/Fundstelle"], "http://www.w3.org/2000/01/rdf-schema#label": ["Teurow - 1"], "http://www.w3.org/2004/02/skos/core#prefLabel": ["Teurow - 1"]}, "geometry": {"type": "Point", "coordinates": [13.73, 52.09]}}, {"type": "Feature", "id": "http://w3id.org/bb5kbc/site_392", "name": "", "dateprops": [], "properties": {"http://fuzzy-sl.squirrel.link/ontology/certaintyLevel": ["https://fuzzy-sl.wikibase.cloud/entity/Q23"], "http://fuzzy-sl.squirrel.link/ontology/hasLocationType": ["https://fuzzy-sl.wikibase.cloud/entity/Q80"], "http://fuzzy-sl.squirrel.link/ontology/representativeGeometry": ["http://w3id.org/bb5kbc/site_392_geom"], "http://purl.org/dc/terms/identifier": ["392"], "http://rdfs.org/ns/void#inDataset": ["http://w3id.org/bb5kbc/Brandenburg_5000_BC_Data"], "http://w3id.org/bb5kbc/ont/hatFID": ["392"], "http://w3id.org/bb5kbc/ont/hatFundstellenID": ["7"], "http://w3id.org/bb5kbc/ont/hatFundstellenart": ["http://w3id.org/bb5kbc/fundstellenart_376218bc"], "http://w3id.org/bb5kbc/ont/hatGenauigkeit": ["0.0"], "http://w3id.org/bb5kbc/ont/hatKatalognummer": ["53133"], "http://w3id.org/bb5kbc/ont/hatKulturelleZuordnung": ["http://w3id.org/bb5kbc/site_392_culture"], "http://w3id.org/bb5kbc/ont/inGemeinde": ["http://w3id.org/bb5kbc/gemeinde_2f4a3bd4"], "http://w3id.org/bb5kbc/ont/wurdeEntdecktDurch": ["http://w3id.org/bb5kbc/site_392_discovery"], "http://w3id.org/bb5kbc/ont/wurdeGeoreferenziertDurch": ["http://w3id.org/bb5kbc/site_392_activity"], "http://www.opengis.net/ont/geosparql#hasGeometry": ["http://w3id.org/bb5kbc/site_392_geom"], "http://www.w3.org/1999/02/22-rdf-syntax-ns#type": ["http://w3id.org/bb5kbc/ont/Fundstelle"], "http://www.w3.org/2000/01/rdf-schema#label": ["Alt Ruppin - 25"], "http://www.w3.org/2004/02/skos/core#prefLabel": ["Alt Ruppin - 25"]}, "geometry": {"type": "Point", "coordinates": [12.81, 53.02]}}, {"type": "Feature", "id": "http://w3id.org/bb5kbc/site_505", "name": "", "dateprops": [], "properties": {"http://fuzzy-sl.squirrel.link/ontology/certaintyLevel": ["https://fuzzy-sl.wikibase.cloud/entity/Q23"], "http://fuzzy-sl.squirrel.link/ontology/hasLocationType": ["https://fuzzy-sl.wikibase.cloud/entity/Q80"], "http://fuzzy-sl.squirrel.link/ontology/representativeGeometry": ["http://w3id.org/bb5kbc/site_505_geom"], "http://purl.org/dc/terms/identifier": ["505"], "http://rdfs.org/ns/void#inDataset": ["http://w3id.org/bb5kbc/Brandenburg_5000_BC_Data"], "http://w3id.org/bb5kbc/ont/hatFID": ["505"], "http://w3id.org/bb5kbc/ont/hatFundstellenID": ["475"], "http://w3id.org/bb5kbc/ont/hatFundstellenart": ["http://w3id.org/bb5kbc/fundstellenart_376218bc"], "http://w3id.org/bb5kbc/ont/hatGenauigkeit": ["0.0"], "http://w3id.org/bb5kbc/ont/hatKulturelleZuordnung": ["http://w3id.org/bb5kbc/site_505_culture"], "http://w3id.org/bb5kbc/ont/inGemeinde": ["http://w3id.org/bb5kbc/gemeinde_3b212bd0"], "http://w3id.org/bb5kbc/ont/wurdeEntdecktDurch": ["http://w3id.org/bb5kbc/site_505_discovery"], "http://w3id.org/bb5kbc/ont/wurdeGeoreferenziertDurch": ["http://w3id.org/bb5kbc/site_505_activity"], "http://www.opengis.net/ont/geosparql#hasGeometry": ["http://w3id.org/bb5kbc/site_505_geom"], "http://www.w3.org/1999/02/22-rdf-syntax-ns#type": ["http://w3id.org/bb5kbc/ont/Fundstelle"], "http://www.w3.org/2000/01/rdf-schema#label": ["Woltersdorf 3"], "http://www.w3.org/2004/02/skos/core#prefLabel": ["Woltersdorf 3"]}, "geometry": {"type": "Point", "coordinates": [12.38, 52.39]}}, {"type": "Feature", "id": "http://w3id.org/bb5kbc/site_26", "name": "", "dateprops": [], "properties": {"http://fuzzy-sl.squirrel.link/ontology/certaintyLevel": ["https://fuzzy-sl.wikibase.cloud/entity/Q23"], "http://fuzzy-sl.squirrel.link/ontology/hasLocationType": ["https://fuzzy-sl.wikibase.cloud/entity/Q80"], "http://fuzzy-sl.squirrel.link/ontology/representativeGeometry": ["http://w3id.org/bb5kbc/site_26_geom"], "http://purl.org/dc/terms/identifier": ["26"], "http://rdfs.org/ns/void#inDataset": ["http://w3id.org/bb5kbc/Brandenburg_5000_BC_Data"], "http://w3id.org/bb5kbc/ont/hatFID": ["26"], "http://w3id.org/bb5kbc/ont/hatFundstellenID": ["281"], "http://w3id.org/bb5kbc/ont/hatFundstellenart": ["http://w3id.org/bb5kbc/fundstellenart_376218bc"], "http://w3id.org/bb5kbc/ont/hatGenauigkeit": ["0.0"], "http://w3id.org/bb5kbc/ont/hatKatalognummer": ["266"], "http://w3id.org/bb5kbc/ont/hatKulturelleZuordnung": ["http://w3id.org/bb5kbc/site_26_culture"], "http://w3id.org/bb5kbc/ont/hatPublikation": ["http://w3id.org/bb5kbc/pub_c5110572"], "http://w3id.org/bb5kbc/ont/inGemeinde": ["http://w3id.org/bb5kbc/gemeinde_fb6d8a7d"], "http://w3id.org/bb5kbc/ont/wurdeEntdecktDurch": ["http://w3id.org/bb5kbc/site_26_discovery"], "http://w3id.org/bb5kbc/ont/wurdeGeoreferenziertDurch": ["http://w3id.org/bb5kbc/site_26_activity"], "http://www.opengis.net/ont/geosparql#hasGeometry": ["http://w3id.org/bb5kbc/site_26_geom"], "http://www.w3.org/1999/02/22-rdf-syntax-ns#type": ["http://w3id.org/bb5kbc/ont/Fundstelle"], "http://www.w3.org/2000/01/rdf-schema#label": ["Merzien 8"], "http://www.w3.org/2004/02/skos/core#prefLabel": ["Merzien 8"]}, "geometry": {"type": "Point", "coordinates": [12.03, 51.75]}}, {"type": "Feature", "id": "http://w3id.org/bb5kbc/site_356", "name": "", "dateprops": [], "properties": {"http://fuzzy-sl.squirrel.link/ontology/certaintyLevel": ["https://fuzzy-sl.wikibase.cloud/entity/Q23"], "http://fuzzy-sl.squirrel.link/ontology/hasLocationType": ["https://fuzzy-sl.wikibase.cloud/entity/Q80"], "http://fuzzy-sl.squirrel.link/ontology/representativeGeometry": ["http://w3id.org/bb5kbc/site_356_geom"], "http://purl.org/dc/terms/identifier": ["356"], "http://rdfs.org/ns/void#inDataset": ["http://w3id.org/bb5kbc/Brandenburg_5000_BC_Data"], "http://w3id.org/bb5kbc/ont/hatFID": ["356"], "http://w3id.org/bb5kbc/ont/hatFundstellenID": ["433"], "http://w3id.org/bb5kbc/ont/hatFundstellenart": ["http://w3id.org/bb5kbc/fundstellenart_376218bc"], "http://w3id.org/bb5kbc/ont/hatGenauigkeit": ["0.0"], "http://w3id.org/bb5kbc/ont/hatKatalognummer": ["14954"], "http://w3id.org/bb5kbc/ont/hatKulturelleZuordnung": ["http://w3id.org/bb5kbc/site_356_culture"], "http://w3id.org/bb5kbc/ont/inGemeinde": ["http://w3id.org/bb5kbc/gemeinde_4b2d55a8"], "http://w3id.org/bb5kbc/ont/wurdeEntdecktDurch": ["http://w3id.org/bb5kbc/site_356_discovery"], "http://w3id.org/bb5kbc/ont/wurdeGeoreferenziertDurch": ["http://w3id.org/bb5kbc/site_356_activity"], "http://www.opengis.net/ont/geosparql#hasGeometry": ["http://w3id.org/bb5kbc/site_356_geom"], "http://www.w3.org/1999/02/22-rdf-syntax-ns#type": ["http://w3id.org/bb5kbc/ont/Fundstelle"], "http://www.w3.org/2000/01/rdf-schema#label": ["Teschendorf - 5"], "http://www.w3.org/2004/02/skos/core#prefLabel": ["Teschendorf - 5"]}, "geometry": {"type": "Point", "coordinates": [13.17, 52.86]}}, {"type": "Feature", "id": "http://w3id.org/bb5kbc/site_78", "name": "", "dateprops": [], "properties": {"http://fuzzy-sl.squirrel.link/ontology/certaintyLevel": ["https://fuzzy-sl.wikibase.cloud/entity/Q23"], "http://fuzzy-sl.squirrel.link/ontology/hasLocationType": ["https://fuzzy-sl.wikibase.cloud/entity/Q80"], "http://fuzzy-sl.squirrel.link/ontology/representativeGeometry": ["http://w3id.org/bb5kbc/site_78_geom"], "http://purl.org/dc/terms/identifier": ["78"], "http://rdfs.org/ns/void#inDataset": ["http://w3id.org/bb5kbc/Brandenburg_5000_BC_Data"], "http://w3id.org/bb5kbc/ont/hatFID": ["78"], "http://w3id.org/bb5kbc/ont/hatFundstellenID": ["313"], "http://w3id.org/bb5kbc/ont/hatFundstellenart": ["http://w3id.org/bb5kbc/fundstellenart_1972902b"], "http://w3id.org/bb5kbc/ont/hatGenauigkeit": ["0.0"], "http://w3id.org/bb5kbc/ont/hatKulturelleZuordnung": ["http://w3id.org/bb5kbc/site_78_culture"], "http://w3id.org/bb5kbc/ont/hatPublikation": ["http://w3id.org/bb5kbc/pub_25823239"], "http://w3id.org/bb5kbc/ont/inGemeinde": ["http://w3id.org/bb5kbc/gemeinde_b74dc437"], "http://w3id.org/bb5kbc/ont/wurdeEntdecktDurch": ["http://w3id.org/bb5kbc/site_78_discovery"], "http://w3id.org/bb5kbc/ont/wurdeGeoreferenziertDurch": ["http://w3id.org/bb5kbc/site_78_activity"], "http://www.opengis.net/ont/geosparql#hasGeometry": ["http://w3id.org/bb5kbc/site_78_geom"], "http://www.w3.org/1999/02/22-rdf-syntax-ns#type": ["http://w3id.org/bb5kbc/ont/Fundstelle"], "http://www.w3.org/2000/01/rdf-schema#label": ["Nowe Objezierze 7"], "http://www.w3.org/2004/02/skos/core#prefLabel": ["Nowe Objezierze 7"]}, "geometry": {"type": "Point", "coordinates": [14.32, 52.86]}}, {"type": "Feature", "id": "http://w3id.org/bb5kbc/site_332", "name": "", "dateprops": [], "properties": {"http://fuzzy-sl.squirrel.link/ontology/certaintyLevel": ["https://fuzzy-sl.wikibase.cloud/entity/Q23"], "http://fuzzy-sl.squirrel.link/ontology/hasLocationType": ["https://fuzzy-sl.wikibase.cloud/entity/Q80"], "http://fuzzy-sl.squirrel.link/ontology/representativeGeometry": ["http://w3id.org/bb5kbc/site_332_geom"], "http://purl.org/dc/terms/identifier": ["332"], "http://rdfs.org/ns/void#inDataset": ["http://w3id.org/bb5kbc/Brandenburg_5000_BC_Data"], "http://w3id.org/bb5kbc/ont/hatFID": ["332"], "http://w3id.org/bb5kbc/ont/hatFundstellenID": ["183"], "http://w3id.org/bb5kbc/ont/hatFundstellenart": ["http://w3id.org/bb5kbc/fundstellenart_376218bc"], "http://w3id.org/bb5kbc/ont/hatGenauigkeit": ["0.0"], "http://w3id.org/bb5kbc/ont/hatKatalognummer": ["12579"], "http://w3id.org/bb5kbc/ont/hatKulturelleZuordnung": ["http://w3id.org/bb5kbc/site_332_culture"], "http://w3id.org/bb5kbc/ont/inGemeinde": ["http://w3id.org/bb5kbc/gemeinde_14d3d5d6"], "http://w3id.org/bb5kbc/ont/wurdeEntdecktDurch": ["http://w3id.org/bb5kbc/site_332_discovery"], "http://w3id.org/bb5kbc/ont/wurdeGeoreferenziertDurch": ["http://w3id.org/bb5kbc/site_332_activity"], "http://www.opengis.net/ont/geosparql#hasGeometry": ["http://w3id.org/bb5kbc/site_332_geom"], "http://www.w3.org/1999/02/22-rdf-syntax-ns#type": ["http://w3id.org/bb5kbc/ont/Fundstelle"], "http://www.w3.org/2000/01/rdf-schema#label": ["Hertefeld - 1"], "http://www.w3.org/2004/02/skos/core#prefLabel": ["Hertefeld - 1"]}, "geometry": {"type": "Point", "coordinates": [12.87, 52.65]}}, {"type": "Feature", "id": "http://w3id.org/bb5kbc/site_428", "name": "", "dateprops": [], "properties": {"http://fuzzy-sl.squirrel.link/ontology/certaintyLevel": ["https://fuzzy-sl.wikibase.cloud/entity/Q23"], "http://fuzzy-sl.squirrel.link/ontology/hasLocationType": ["https://fuzzy-sl.wikibase.cloud/entity/Q80"], "http://fuzzy-sl.squirrel.link/ontology/representativeGeometry": ["http://w3id.org/bb5kbc/site_428_geom"], "http://purl.org/dc/terms/identifier": ["428"], "http://rdfs.org/ns/void#inDataset": ["http://w3id.org/bb5kbc/Brandenburg_5000_BC_Data"], "http://w3id.org/bb5kbc/ont/hatFID": ["428"], "http://w3id.org/bb5kbc/ont/hatFundstellenID": ["304"], "http://w3id.org/bb5kbc/ont/hatFundstellenart": ["http://w3id.org/bb5kbc/fundstellenart_376218bc"], "http://w3id.org/bb5kbc/ont/hatGenauigkeit": ["0.0"], "http://w3id.org/bb5kbc/ont/hatKatalognummer": ["15126"], "http://w3id.org/bb5kbc/ont/hatKulturelleZuordnung": ["http://w3id.org/bb5kbc/site_428_culture"], "http://w3id.org/bb5kbc/ont/inGemeinde": ["http://w3id.org/bb5kbc/gemeinde_092a5f71"], "http://w3id.org/bb5kbc/ont/wurdeEntdecktDurch": ["http://w3id.org/bb5kbc/site_428_discovery"], "http://w3id.org/bb5kbc/ont/wurdeGeoreferenziertDurch": ["http://w3id.org/bb5kbc/site_428_activity"], "http://www.opengis.net/ont/geosparql#hasGeometry": ["http://w3id.org/bb5kbc/site_428_geom"], "http://www.w3.org/1999/02/22-rdf-syntax-ns#type": ["http://w3id.org/bb5kbc/ont/Fundstelle"], "http://www.w3.org/2000/01/rdf-schema#label": ["Neuhausen - 1"], "http://www.w3.org/2004/02/skos/core#prefLabel": ["Neuhausen - 1"]}, "geometry": {"type": "Point", "coordinates": [11.85, 53.23]}}, {"type": "Feature", "id": "http://w3id.org/bb5kbc/site_91", "name": "", "dateprops": [], "properties": {"http://fuzzy-sl.squirrel.link/ontology/certaintyLevel": ["https://fuzzy-sl.wikibase.cloud/entity/Q23"], "http://fuzzy-sl.squirrel.link/ontology/hasLocationType": ["https://fuzzy-sl.wikibase.cloud/entity/Q80"], "http://fuzzy-sl.squirrel.link/ontology/representativeGeometry": ["http://w3id.org/bb5kbc/site_91_geom"], "http://purl.org/dc/terms/identifier": ["91"], "http://rdfs.org/ns/void#inDataset": ["http://w3id.org/bb5kbc/Brandenburg_5000_BC_Data"], "http://w3id.org/bb5kbc/ont/hatFID": ["91"], "http://w3id.org/bb5kbc/ont/hatFundstellenID": ["181"], "http://w3id.org/bb5kbc/ont/hatFundstellenart": ["http://w3id.org/bb5kbc/fundstellenart_376218bc"], "http://w3id.org/bb5kbc/ont/hatGenauigkeit": ["0.0"], "http://w3id.org/bb5kbc/ont/hatKulturelleZuordnung": ["http://w3id.org/bb5kbc/site_91_culture"], "http://w3id.org/bb5kbc/ont/inGemeinde": ["http://w3id.org/bb5kbc/gemeinde_c9b9271b"], "http://w3id.org/bb5kbc/ont/wurdeEntdecktDurch": ["http://w3id.org/bb5kbc/site_91_discovery"], "http://w3id.org/bb5kbc/ont/wurdeGeoreferenziertDurch": ["http://w3id.org/bb5kbc/site_91_activity"], "http://www.opengis.net/ont/geosparql#hasGeometry": ["http://w3id.org/bb5kbc/site_91_geom"], "http://www.w3.org/1999/02/22-rdf-syntax-ns#type": ["http://w3id.org/bb5kbc/ont/Fundstelle"], "http://www.w3.org/2000/01/rdf-schema#label": ["Heinersbr\u00fcck 42"], "http://www.w3.org/2004/02/skos/core#prefLabel": ["Heinersbr\u00fcck 42"]}, "geometry": {"type": "Point", "coordinates": [14.54, 51.81]}}, {"type": "Feature", "id": "http://w3id.org/bb5kbc/site_459", "name": "", "dateprops": [], "properties": {"http://fuzzy-sl.squirrel.link/ontology/certaintyLevel": ["https://fuzzy-sl.wikibase.cloud/entity/Q23"], "http://fuzzy-sl.squirrel.link/ontology/hasLocationType": ["https://fuzzy-sl.wikibase.cloud/entity/Q80"], "http://fuzzy-sl.squirrel.link/ontology/representativeGeometry": ["http://w3id.org/bb5kbc/site_459_geom"], "http://purl.org/dc/terms/identifier": ["459"], "http://rdfs.org/ns/void#inDataset": ["http://w3id.org/bb5kbc/Brandenburg_5000_BC_Data"], "http://w3id.org/bb5kbc/ont/hatFID": ["459"], "http://w3id.org/bb5kbc/ont/hatFundstellenID": ["50"], "http://w3id.org/bb5kbc/ont/hatFundstellenart": ["http://w3id.org/bb5kbc/fundstellenart_376218bc"], "http://w3id.org/bb5kbc/ont/hatGenauigkeit": ["0.0"], "http://w3id.org/bb5kbc/ont/hatKatalognummer": ["49357"], "http://w3id.org/bb5kbc/ont/hatKulturelleZuordnung": ["http://w3id.org/bb5kbc/site_459_culture"], "http://w3id.org/bb5kbc/ont/inGemeinde": ["http://w3id.org/bb5kbc/gemeinde_0e7e4009"], "http://w3id.org/bb5kbc/ont/wurdeEntdecktDurch": ["http://w3id.org/bb5kbc/site_459_discovery"], "http://w3id.org/bb5kbc/ont/wurdeGeoreferenziertDurch": ["http://w3id.org/bb5kbc/site_459_activity"], "http://www.opengis.net/ont/geosparql#hasGeometry": ["http://w3id.org/bb5kbc/site_459_geom"], "http://www.w3.org/1999/02/22-rdf-syntax-ns#type": ["http://w3id.org/bb5kbc/ont/Fundstelle"], "http://www.w3.org/2000/01/rdf-schema#label": ["Blankensee - 14"], "http://www.w3.org/2004/02/skos/core#prefLabel": ["Blankensee - 14"]}, "geometry": {"type": "Point", "coordinates": [13.13, 52.24]}}, {"type": "Feature", "id": "http://w3id.org/bb5kbc/site_103", "name": "", "dateprops": [], "properties": {"http://fuzzy-sl.squirrel.link/ontology/certaintyLevel": ["https://fuzzy-sl.wikibase.cloud/entity/Q23"], "http://fuzzy-sl.squirrel.link/ontology/hasLocationType": ["https://fuzzy-sl.wikibase.cloud/entity/Q80"], "http://fuzzy-sl.squirrel.link/ontology/representativeGeometry": ["http://w3id.org/bb5kbc/site_103_geom"], "http://purl.org/dc/terms/identifier": ["103"], "http://rdfs.org/ns/void#inDataset": ["http://w3id.org/bb5kbc/Brandenburg_5000_BC_Data"], "http://w3id.org/bb5kbc/ont/hatFID": ["103"], "http://w3id.org/bb5kbc/ont/hatFundstellenID": ["356"], "http://w3id.org/bb5kbc/ont/hatFundstellenart": ["http://w3id.org/bb5kbc/fundstellenart_376218bc"], "http://w3id.org/bb5kbc/ont/hatGenauigkeit": ["0.0"], "http://w3id.org/bb5kbc/ont/hatKulturelleZuordnung": ["http://w3id.org/bb5kbc/site_103_culture"], "http://w3id.org/bb5kbc/ont/hatPublikation": ["http://w3id.org/bb5kbc/pub_f5ed98b4"], "http://w3id.org/bb5kbc/ont/inGemeinde": ["http://w3id.org/bb5kbc/gemeinde_55c656bb"], "http://w3id.org/bb5kbc/ont/wurdeEntdecktDurch": ["http://w3id.org/bb5kbc/site_103_discovery"], "http://w3id.org/bb5kbc/ont/wurdeGeoreferenziertDurch": ["http://w3id.org/bb5kbc/site_103_activity"], "http://www.opengis.net/ont/geosparql#hasGeometry": ["http://w3id.org/bb5kbc/site_103_geom"], "http://www.w3.org/1999/02/22-rdf-syntax-ns#type": ["http://w3id.org/bb5kbc/ont/Fundstelle"], "http://www.w3.org/2000/01/rdf-schema#label": ["Pyritz \u2013 Fechtner Scheune"], "http://www.w3.org/2004/02/skos/core#prefLabel": ["Pyritz \u2013 Fechtner Scheune"]}, "geometry": {"type": "Point", "coordinates": [14.85, 53.13]}}, {"type": "Feature", "id": "http://w3id.org/bb5kbc/site_313", "name": "", "dateprops": [], "properties": {"http://fuzzy-sl.squirrel.link/ontology/certaintyLevel": ["https://fuzzy-sl.wikibase.cloud/entity/Q23"], "http://fuzzy-sl.squirrel.link/ontology/hasLocationType": ["https://fuzzy-sl.wikibase.cloud/entity/Q80"], "http://fuzzy-sl.squirrel.link/ontology/representativeGeometry": ["http://w3id.org/bb5kbc/site_313_geom"], "http://purl.org/dc/terms/identifier": ["313"], "http://rdfs.org/ns/void#inDataset": ["http://w3id.org/bb5kbc/Brandenburg_5000_BC_Data"], "http://w3id.org/bb5kbc/ont/hatFID": ["313"], "http://w3id.org/bb5kbc/ont/hatFundstellenID": ["400"], "http://w3id.org/bb5kbc/ont/hatFundstellenart": ["http://w3id.org/bb5kbc/fundstellenart_376218bc"], "http://w3id.org/bb5kbc/ont/hatGenauigkeit": ["0.0"], "http://w3id.org/bb5kbc/ont/hatKatalognummer": ["10276"], "http://w3id.org/bb5kbc/ont/hatKulturelleZuordnung": ["http://w3id.org/bb5kbc/site_313_culture"], "http://w3id.org/bb5kbc/ont/inGemeinde": ["http://w3id.org/bb5kbc/gemeinde_f2c96b2d"], "http://w3id.org/bb5kbc/ont/wurdeEntdecktDurch": ["http://w3id.org/bb5kbc/site_313_discovery"], "http://w3id.org/bb5kbc/ont/wurdeGeoreferenziertDurch": ["http://w3id.org/bb5kbc/site_313_activity"], "http://www.opengis.net/ont/geosparql#hasGeometry": ["http://w3id.org/bb5kbc/site_313_geom"], "http://www.w3.org/1999/02/22-rdf-syntax-ns#type": ["http://w3id.org/bb5kbc/ont/Fundstelle"], "http://www.w3.org/2000/01/rdf-schema#label": ["Schulzendorf - 4"], "http://www.w3.org/2004/02/skos/core#prefLabel": ["Schulzendorf - 4"]}, "geometry": {"type": "Point", "coordinates": [13.59, 52.37]}}, {"type": "Feature", "id": "http://w3id.org/bb5kbc/site_340", "name": "", "dateprops": [], "properties": {"http://fuzzy-sl.squirrel.link/ontology/certaintyLevel": ["https://fuzzy-sl.wikibase.cloud/entity/Q23"], "http://fuzzy-sl.squirrel.link/ontology/hasLocationType": ["https://fuzzy-sl.wikibase.cloud/entity/Q80"], "http://fuzzy-sl.squirrel.link/ontology/representativeGeometry": ["http://w3id.org/bb5kbc/site_340_geom"], "http://purl.org/dc/terms/identifier": ["340"], "http://rdfs.org/ns/void#inDataset": ["http://w3id.org/bb5kbc/Brandenburg_5000_BC_Data"], "http://w3id.org/bb5kbc/ont/hatFID": ["340"], "http://w3id.org/bb5kbc/ont/hatFundstellenID": ["425"], "http://w3id.org/bb5kbc/ont/hatFundstellenart": ["http://w3id.org/bb5kbc/fundstellenart_376218bc"], "http://w3id.org/bb5kbc/ont/hatGenauigkeit": ["0.0"], "http://w3id.org/bb5kbc/ont/hatKatalognummer": ["20003"], "http://w3id.org/bb5kbc/ont/hatKulturelleZuordnung": ["http://w3id.org/bb5kbc/site_340_culture"], "http://w3id.org/bb5kbc/ont/inGemeinde": ["http://w3id.org/bb5kbc/gemeinde_a4ecbeef"], "http://w3id.org/bb5kbc/ont/wurdeEntdecktDurch": ["http://w3id.org/bb5kbc/site_340_discovery"], "http://w3id.org/bb5kbc/ont/wurdeGeoreferenziertDurch": ["http://w3id.org/bb5kbc/site_340_activity"], "http://www.opengis.net/ont/geosparql#hasGeometry": ["http://w3id.org/bb5kbc/site_340_geom"], "http://www.w3.org/1999/02/22-rdf-syntax-ns#type": ["http://w3id.org/bb5kbc/ont/Fundstelle"], "http://www.w3.org/2000/01/rdf-schema#label": ["Strodehne - 1"], "http://www.w3.org/2004/02/skos/core#prefLabel": ["Strodehne - 1"]}, "geometry": {"type": "Point", "coordinates": [12.23, 52.74]}}, {"type": "Feature", "id": "http://w3id.org/bb5kbc/site_292", "name": "", "dateprops": [], "properties": {"http://fuzzy-sl.squirrel.link/ontology/certaintyLevel": ["https://fuzzy-sl.wikibase.cloud/entity/Q23"], "http://fuzzy-sl.squirrel.link/ontology/hasLocationType": ["https://fuzzy-sl.wikibase.cloud/entity/Q80"], "http://fuzzy-sl.squirrel.link/ontology/representativeGeometry": ["http://w3id.org/bb5kbc/site_292_geom"], "http://purl.org/dc/terms/identifier": ["292"], "http://rdfs.org/ns/void#inDataset": ["http://w3id.org/bb5kbc/Brandenburg_5000_BC_Data"], "http://w3id.org/bb5kbc/ont/hatFID": ["292"], "http://w3id.org/bb5kbc/ont/hatFundstellenID": ["205"], "http://w3id.org/bb5kbc/ont/hatFundstellenart": ["http://w3id.org/bb5kbc/fundstellenart_376218bc"], "http://w3id.org/bb5kbc/ont/hatGenauigkeit": ["0.0"], "http://w3id.org/bb5kbc/ont/hatKatalognummer": ["9659"], "http://w3id.org/bb5kbc/ont/hatKulturelleZuordnung": ["http://w3id.org/bb5kbc/site_292_culture"], "http://w3id.org/bb5kbc/ont/inGemeinde": ["http://w3id.org/bb5kbc/gemeinde_680491ed"], "http://w3id.org/bb5kbc/ont/wurdeEntdecktDurch": ["http://w3id.org/bb5kbc/site_292_discovery"], "http://w3id.org/bb5kbc/ont/wurdeGeoreferenziertDurch": ["http://w3id.org/bb5kbc/site_292_activity"], "http://www.opengis.net/ont/geosparql#hasGeometry": ["http://w3id.org/bb5kbc/site_292_geom"], "http://www.w3.org/1999/02/22-rdf-syntax-ns#type": ["http://w3id.org/bb5kbc/ont/Fundstelle"], "http://www.w3.org/2000/01/rdf-schema#label": ["J\u00fcterbog 31"], "http://www.w3.org/2004/02/skos/core#prefLabel": ["J\u00fcterbog 31"]}, "geometry": {"type": "Point", "coordinates": [13.05, 51.99]}}, {"type": "Feature", "id": "http://w3id.org/bb5kbc/site_445", "name": "", "dateprops": [], "properties": {"http://fuzzy-sl.squirrel.link/ontology/certaintyLevel": ["https://fuzzy-sl.wikibase.cloud/entity/Q23"], "http://fuzzy-sl.squirrel.link/ontology/hasLocationType": ["https://fuzzy-sl.wikibase.cloud/entity/Q80"], "http://fuzzy-sl.squirrel.link/ontology/representativeGeometry": ["http://w3id.org/bb5kbc/site_445_geom"], "http://purl.org/dc/terms/identifier": ["445"], "http://rdfs.org/ns/void#inDataset": ["http://w3id.org/bb5kbc/Brandenburg_5000_BC_Data"], "http://w3id.org/bb5kbc/ont/hatFID": ["445"], "http://w3id.org/bb5kbc/ont/hatFundstellenID": ["1"], "http://w3id.org/bb5kbc/ont/hatFundstellenart": ["http://w3id.org/bb5kbc/fundstellenart_376218bc"], "http://w3id.org/bb5kbc/ont/hatGenauigkeit": ["0.0"], "http://w3id.org/bb5kbc/ont/hatKatalognummer": ["23940"], "http://w3id.org/bb5kbc/ont/hatKulturelleZuordnung": ["http://w3id.org/bb5kbc/site_445_culture"], "http://w3id.org/bb5kbc/ont/inGemeinde": ["http://w3id.org/bb5kbc/gemeinde_4178d1e3"], "http://w3id.org/bb5kbc/ont/wurdeEntdecktDurch": ["http://w3id.org/bb5kbc/site_445_discovery"], "http://w3id.org/bb5kbc/ont/wurdeGeoreferenziertDurch": ["http://w3id.org/bb5kbc/site_445_activity"], "http://www.opengis.net/ont/geosparql#hasGeometry": ["http://w3id.org/bb5kbc/site_445_geom"], "http://www.w3.org/1999/02/22-rdf-syntax-ns#type": ["http://w3id.org/bb5kbc/ont/Fundstelle"], "http://www.w3.org/2000/01/rdf-schema#label": ["Ahrensdorf bei Ludwigsfelde - 10"], "http://www.w3.org/2004/02/skos/core#prefLabel": ["Ahrensdorf bei Ludwigsfelde - 10"]}, "geometry": {"type": "Point", "coordinates": [13.2, 52.31]}}, {"type": "Feature", "id": "http://w3id.org/bb5kbc/site_74", "name": "", "dateprops": [], "properties": {"http://fuzzy-sl.squirrel.link/ontology/certaintyLevel": ["https://fuzzy-sl.wikibase.cloud/entity/Q23"], "http://fuzzy-sl.squirrel.link/ontology/hasLocationType": ["https://fuzzy-sl.wikibase.cloud/entity/Q80"], "http://fuzzy-sl.squirrel.link/ontology/representativeGeometry": ["http://w3id.org/bb5kbc/site_74_geom"], "http://purl.org/dc/terms/identifier": ["74"], "http://rdfs.org/ns/void#inDataset": ["http://w3id.org/bb5kbc/Brandenburg_5000_BC_Data"], "http://w3id.org/bb5kbc/ont/hatFID": ["74"], "http://w3id.org/bb5kbc/ont/hatFundstellenID": ["33"], "http://w3id.org/bb5kbc/ont/hatFundstellenart": ["http://w3id.org/bb5kbc/fundstellenart_376218bc"], "http://w3id.org/bb5kbc/ont/hatGenauigkeit": ["0.0"], "http://w3id.org/bb5kbc/ont/hatKatalognummer": ["155"], "http://w3id.org/bb5kbc/ont/hatKulturelleZuordnung": ["http://w3id.org/bb5kbc/site_74_culture"], "http://w3id.org/bb5kbc/ont/inGemeinde": ["http://w3id.org/bb5kbc/gemeinde_3923ce06"], "http://w3id.org/bb5kbc/ont/wurdeEntdecktDurch": ["http://w3id.org/bb5kbc/site_74_discovery"], "http://w3id.org/bb5kbc/ont/wurdeGeoreferenziertDurch": ["http://w3id.org/bb5kbc/site_74_activity"], "http://www.opengis.net/ont/geosparql#hasGeometry": ["http://w3id.org/bb5kbc/site_74_geom"], "http://www.w3.org/1999/02/22-rdf-syntax-ns#type": ["http://w3id.org/bb5kbc/ont/Fundstelle"], "http://www.w3.org/2000/01/rdf-schema#label": ["Berkholz zu Berkholz-Meyenburg 5"], "http://www.w3.org/2004/02/skos/core#prefLabel": ["Berkholz zu Berkholz-Meyenburg 5"]}, "geometry": {"type": "Point", "coordinates": [14.19, 53.06]}}, {"type": "Feature", "id": "http://w3id.org/bb5kbc/site_391", "name": "", "dateprops": [], "properties": {"http://fuzzy-sl.squirrel.link/ontology/certaintyLevel": ["https://fuzzy-sl.wikibase.cloud/entity/Q23"], "http://fuzzy-sl.squirrel.link/ontology/hasLocationType": ["https://fuzzy-sl.wikibase.cloud/entity/Q80"], "http://fuzzy-sl.squirrel.link/ontology/representativeGeometry": ["http://w3id.org/bb5kbc/site_391_geom"], "http://purl.org/dc/terms/identifier": ["391"], "http://rdfs.org/ns/void#inDataset": ["http://w3id.org/bb5kbc/Brandenburg_5000_BC_Data"], "http://w3id.org/bb5kbc/ont/hatFID": ["391"], "http://w3id.org/bb5kbc/ont/hatFundstellenID": ["6"], "http://w3id.org/bb5kbc/ont/hatFundstellenart": ["http://w3id.org/bb5kbc/fundstellenart_376218bc"], "http://w3id.org/bb5kbc/ont/hatGenauigkeit": ["0.0"], "http://w3id.org/bb5kbc/ont/hatKatalognummer": ["53132"], "http://w3id.org/bb5kbc/ont/hatKulturelleZuordnung": ["http://w3id.org/bb5kbc/site_391_culture"], "http://w3id.org/bb5kbc/ont/inGemeinde": ["http://w3id.org/bb5kbc/gemeinde_2f4a3bd4"], "http://w3id.org/bb5kbc/ont/wurdeEntdecktDurch": ["http://w3id.org/bb5kbc/site_391_discovery"], "http://w3id.org/bb5kbc/ont/wurdeGeoreferenziertDurch": ["http://w3id.org/bb5kbc/site_391_activity"], "http://www.opengis.net/ont/geosparql#hasGeometry": ["http://w3id.org/bb5kbc/site_391_geom"], "http://www.w3.org/1999/02/22-rdf-syntax-ns#type": ["http://w3id.org/bb5kbc/ont/Fundstelle"], "http://www.w3.org/2000/01/rdf-schema#label": ["Alt Ruppin - 24"], "http://www.w3.org/2004/02/skos/core#prefLabel": ["Alt Ruppin - 24"]}, "geometry": {"type": "Point", "coordinates": [12.83, 52.96]}}, {"type": "Feature", "id": "http://w3id.org/bb5kbc/site_456", "name": "", "dateprops": [], "properties": {"http://fuzzy-sl.squirrel.link/ontology/certaintyLevel": ["https://fuzzy-sl.wikibase.cloud/entity/Q23"], "http://fuzzy-sl.squirrel.link/ontology/hasLocationType": ["https://fuzzy-sl.wikibase.cloud/entity/Q80"], "http://fuzzy-sl.squirrel.link/ontology/representativeGeometry": ["http://w3id.org/bb5kbc/site_456_geom"], "http://purl.org/dc/terms/identifier": ["456"], "http://rdfs.org/ns/void#inDataset": ["http://w3id.org/bb5kbc/Brandenburg_5000_BC_Data"], "http://w3id.org/bb5kbc/ont/hatFID": ["456"], "http://w3id.org/bb5kbc/ont/hatFundstellenID": ["437"], "http://w3id.org/bb5kbc/ont/hatFundstellenart": ["http://w3id.org/bb5kbc/fundstellenart_376218bc"], "http://w3id.org/bb5kbc/ont/hatGenauigkeit": ["0.0"], "http://w3id.org/bb5kbc/ont/hatKatalognummer": ["30513"], "http://w3id.org/bb5kbc/ont/hatKulturelleZuordnung": ["http://w3id.org/bb5kbc/site_456_culture"], "http://w3id.org/bb5kbc/ont/inGemeinde": ["http://w3id.org/bb5kbc/gemeinde_46d823b9"], "http://w3id.org/bb5kbc/ont/wurdeEntdecktDurch": ["http://w3id.org/bb5kbc/site_456_discovery"], "http://w3id.org/bb5kbc/ont/wurdeGeoreferenziertDurch": ["http://w3id.org/bb5kbc/site_456_activity"], "http://www.opengis.net/ont/geosparql#hasGeometry": ["http://w3id.org/bb5kbc/site_456_geom"], "http://www.w3.org/1999/02/22-rdf-syntax-ns#type": ["http://w3id.org/bb5kbc/ont/Fundstelle"], "http://www.w3.org/2000/01/rdf-schema#label": ["Trebbin - 14"], "http://www.w3.org/2004/02/skos/core#prefLabel": ["Trebbin - 14"]}, "geometry": {"type": "Point", "coordinates": [13.22, 52.22]}}, {"type": "Feature", "id": "http://w3id.org/bb5kbc/site_270", "name": "", "dateprops": [], "properties": {"http://fuzzy-sl.squirrel.link/ontology/certaintyLevel": ["https://fuzzy-sl.wikibase.cloud/entity/Q23"], "http://fuzzy-sl.squirrel.link/ontology/hasLocationType": ["https://fuzzy-sl.wikibase.cloud/entity/Q80"], "http://fuzzy-sl.squirrel.link/ontology/representativeGeometry": ["http://w3id.org/bb5kbc/site_270_geom"], "http://purl.org/dc/terms/identifier": ["270"], "http://rdfs.org/ns/void#inDataset": ["http://w3id.org/bb5kbc/Brandenburg_5000_BC_Data"], "http://w3id.org/bb5kbc/ont/hatFID": ["270"], "http://w3id.org/bb5kbc/ont/hatFundstellenID": ["442"], "http://w3id.org/bb5kbc/ont/hatFundstellenart": ["http://w3id.org/bb5kbc/fundstellenart_376218bc"], "http://w3id.org/bb5kbc/ont/hatGenauigkeit": ["0.0"], "http://w3id.org/bb5kbc/ont/hatKatalognummer": ["9787"], "http://w3id.org/bb5kbc/ont/hatKulturelleZuordnung": ["http://w3id.org/bb5kbc/site_270_culture"], "http://w3id.org/bb5kbc/ont/inGemeinde": ["http://w3id.org/bb5kbc/gemeinde_bd78dc11"], "http://w3id.org/bb5kbc/ont/wurdeEntdecktDurch": ["http://w3id.org/bb5kbc/site_270_discovery"], "http://w3id.org/bb5kbc/ont/wurdeGeoreferenziertDurch": ["http://w3id.org/bb5kbc/site_270_activity"], "http://www.opengis.net/ont/geosparql#hasGeometry": ["http://w3id.org/bb5kbc/site_270_geom"], "http://www.w3.org/1999/02/22-rdf-syntax-ns#type": ["http://w3id.org/bb5kbc/ont/Fundstelle"], "http://www.w3.org/2000/01/rdf-schema#label": ["Treuenbrietzen 39"], "http://www.w3.org/2004/02/skos/core#prefLabel": ["Treuenbrietzen 39"]}, "geometry": {"type": "Point", "coordinates": [12.88, 52.1]}}, {"type": "Feature", "id": "http://w3id.org/bb5kbc/site_79", "name": "", "dateprops": [], "properties": {"http://fuzzy-sl.squirrel.link/ontology/certaintyLevel": ["https://fuzzy-sl.wikibase.cloud/entity/Q23"], "http://fuzzy-sl.squirrel.link/ontology/hasLocationType": ["https://fuzzy-sl.wikibase.cloud/entity/Q80"], "http://fuzzy-sl.squirrel.link/ontology/representativeGeometry": ["http://w3id.org/bb5kbc/site_79_geom"], "http://purl.org/dc/terms/identifier": ["79"], "http://rdfs.org/ns/void#inDataset": ["http://w3id.org/bb5kbc/Brandenburg_5000_BC_Data"], "http://w3id.org/bb5kbc/ont/hatFID": ["79"], "http://w3id.org/bb5kbc/ont/hatFundstellenID": ["332"], "http://w3id.org/bb5kbc/ont/hatFundstellenart": ["http://w3id.org/bb5kbc/fundstellenart_376218bc"], "http://w3id.org/bb5kbc/ont/hatGenauigkeit": ["0.0"], "http://w3id.org/bb5kbc/ont/hatKulturelleZuordnung": ["http://w3id.org/bb5kbc/site_79_culture"], "http://w3id.org/bb5kbc/ont/inGemeinde": ["http://w3id.org/bb5kbc/gemeinde_eca6e67b"], "http://w3id.org/bb5kbc/ont/wurdeEntdecktDurch": ["http://w3id.org/bb5kbc/site_79_discovery"], "http://w3id.org/bb5kbc/ont/wurdeGeoreferenziertDurch": ["http://w3id.org/bb5kbc/site_79_activity"], "http://www.opengis.net/ont/geosparql#hasGeometry": ["http://w3id.org/bb5kbc/site_79_geom"], "http://www.w3.org/1999/02/22-rdf-syntax-ns#type": ["http://w3id.org/bb5kbc/ont/Fundstelle"], "http://www.w3.org/2000/01/rdf-schema#label": ["Platkow 13"], "http://www.w3.org/2004/02/skos/core#prefLabel": ["Platkow 13"]}, "geometry": {"type": "Point", "coordinates": [14.33, 52.61]}}, {"type": "Feature", "id": "http://w3id.org/bb5kbc/site_449", "name": "", "dateprops": [], "properties": {"http://fuzzy-sl.squirrel.link/ontology/certaintyLevel": ["https://fuzzy-sl.wikibase.cloud/entity/Q23"], "http://fuzzy-sl.squirrel.link/ontology/hasLocationType": ["https://fuzzy-sl.wikibase.cloud/entity/Q80"], "http://fuzzy-sl.squirrel.link/ontology/representativeGeometry": ["http://w3id.org/bb5kbc/site_449_geom"], "http://purl.org/dc/terms/identifier": ["449"], "http://rdfs.org/ns/void#inDataset": ["http://w3id.org/bb5kbc/Brandenburg_5000_BC_Data"], "http://w3id.org/bb5kbc/ont/hatFID": ["449"], "http://w3id.org/bb5kbc/ont/hatFundstellenID": ["252"], "http://w3id.org/bb5kbc/ont/hatFundstellenart": ["http://w3id.org/bb5kbc/fundstellenart_376218bc"], "http://w3id.org/bb5kbc/ont/hatGenauigkeit": ["0.0"], "http://w3id.org/bb5kbc/ont/hatKatalognummer": ["24360"], "http://w3id.org/bb5kbc/ont/hatKulturelleZuordnung": ["http://w3id.org/bb5kbc/site_449_culture"], "http://w3id.org/bb5kbc/ont/inGemeinde": ["http://w3id.org/bb5kbc/gemeinde_1db80596"], "http://w3id.org/bb5kbc/ont/wurdeEntdecktDurch": ["http://w3id.org/bb5kbc/site_449_discovery"], "http://w3id.org/bb5kbc/ont/wurdeGeoreferenziertDurch": ["http://w3id.org/bb5kbc/site_449_activity"], "http://www.opengis.net/ont/geosparql#hasGeometry": ["http://w3id.org/bb5kbc/site_449_geom"], "http://www.w3.org/1999/02/22-rdf-syntax-ns#type": ["http://w3id.org/bb5kbc/ont/Fundstelle"], "http://www.w3.org/2000/01/rdf-schema#label": ["Kummersdorf - 1"], "http://www.w3.org/2004/02/skos/core#prefLabel": ["Kummersdorf - 1"]}, "geometry": {"type": "Point", "coordinates": [13.34, 52.16]}}, {"type": "Feature", "id": "http://w3id.org/bb5kbc/site_367", "name": "", "dateprops": [], "properties": {"http://fuzzy-sl.squirrel.link/ontology/certaintyLevel": ["https://fuzzy-sl.wikibase.cloud/entity/Q23"], "http://fuzzy-sl.squirrel.link/ontology/hasLocationType": ["https://fuzzy-sl.wikibase.cloud/entity/Q80"], "http://fuzzy-sl.squirrel.link/ontology/representativeGeometry": ["http://w3id.org/bb5kbc/site_367_geom"], "http://purl.org/dc/terms/identifier": ["367"], "http://rdfs.org/ns/void#inDataset": ["http://w3id.org/bb5kbc/Brandenburg_5000_BC_Data"], "http://w3id.org/bb5kbc/ont/hatFID": ["367"], "http://w3id.org/bb5kbc/ont/hatFundstellenID": ["268"], "http://w3id.org/bb5kbc/ont/hatFundstellenart": ["http://w3id.org/bb5kbc/fundstellenart_376218bc"], "http://w3id.org/bb5kbc/ont/hatGenauigkeit": ["0.0"], "http://w3id.org/bb5kbc/ont/hatKatalognummer": ["3406"], "http://w3id.org/bb5kbc/ont/hatKulturelleZuordnung": ["http://w3id.org/bb5kbc/site_367_culture"], "http://w3id.org/bb5kbc/ont/inGemeinde": ["http://w3id.org/bb5kbc/gemeinde_786eb79c"], "http://w3id.org/bb5kbc/ont/wurdeEntdecktDurch": ["http://w3id.org/bb5kbc/site_367_discovery"], "http://w3id.org/bb5kbc/ont/wurdeGeoreferenziertDurch": ["http://w3id.org/bb5kbc/site_367_activity"], "http://www.opengis.net/ont/geosparql#hasGeometry": ["http://w3id.org/bb5kbc/site_367_geom"], "http://www.w3.org/1999/02/22-rdf-syntax-ns#type": ["http://w3id.org/bb5kbc/ont/Fundstelle"], "http://www.w3.org/2000/01/rdf-schema#label": ["L\u00fcbbenau - 5"], "http://www.w3.org/2004/02/skos/core#prefLabel": ["L\u00fcbbenau - 5"]}, "geometry": {"type": "Point", "coordinates": [13.97, 51.87]}}, {"type": "Feature", "id": "http://w3id.org/bb5kbc/site_590", "name": "", "dateprops": [], "properties": {"http://fuzzy-sl.squirrel.link/ontology/certaintyLevel": ["https://fuzzy-sl.wikibase.cloud/entity/Q23"], "http://fuzzy-sl.squirrel.link/ontology/hasLocationType": ["https://fuzzy-sl.wikibase.cloud/entity/Q80"], "http://fuzzy-sl.squirrel.link/ontology/representativeGeometry": ["http://w3id.org/bb5kbc/site_590_geom"], "http://purl.org/dc/terms/identifier": ["590"], "http://rdfs.org/ns/void#inDataset": ["http://w3id.org/bb5kbc/Brandenburg_5000_BC_Data"], "http://w3id.org/bb5kbc/ont/hatFID": ["590"], "http://w3id.org/bb5kbc/ont/hatFundstellenID": ["195"], "http://w3id.org/bb5kbc/ont/hatFundstellenart": ["http://w3id.org/bb5kbc/fundstellenart_376218bc"], "http://w3id.org/bb5kbc/ont/hatGenauigkeit": ["0.0"], "http://w3id.org/bb5kbc/ont/hatKatalognummer": ["25385"], "http://w3id.org/bb5kbc/ont/hatKulturelleZuordnung": ["http://w3id.org/bb5kbc/site_590_culture"], "http://w3id.org/bb5kbc/ont/hatPublikation": ["http://w3id.org/bb5kbc/pub_b7c68a6f"], "http://w3id.org/bb5kbc/ont/inGemeinde": ["http://w3id.org/bb5kbc/gemeinde_b54adf41"], "http://w3id.org/bb5kbc/ont/wurdeEntdecktDurch": ["http://w3id.org/bb5kbc/site_590_discovery"], "http://w3id.org/bb5kbc/ont/wurdeGeoreferenziertDurch": ["http://w3id.org/bb5kbc/site_590_activity"], "http://www.opengis.net/ont/geosparql#hasGeometry": ["http://w3id.org/bb5kbc/site_590_geom"], "http://www.w3.org/1999/02/22-rdf-syntax-ns#type": ["http://w3id.org/bb5kbc/ont/Fundstelle"], "http://www.w3.org/2000/01/rdf-schema#label": ["Hoppenrade 6"], "http://www.w3.org/2004/02/skos/core#prefLabel": ["Hoppenrade 6"]}, "geometry": {"type": "Point", "coordinates": [12.92, 52.54]}}, {"type": "Feature", "id": "http://w3id.org/bb5kbc/site_354", "name": "", "dateprops": [], "properties": {"http://fuzzy-sl.squirrel.link/ontology/certaintyLevel": ["https://fuzzy-sl.wikibase.cloud/entity/Q23"], "http://fuzzy-sl.squirrel.link/ontology/hasLocationType": ["https://fuzzy-sl.wikibase.cloud/entity/Q80"], "http://fuzzy-sl.squirrel.link/ontology/representativeGeometry": ["http://w3id.org/bb5kbc/site_354_geom"], "http://purl.org/dc/terms/identifier": ["354"], "http://rdfs.org/ns/void#inDataset": ["http://w3id.org/bb5kbc/Brandenburg_5000_BC_Data"], "http://w3id.org/bb5kbc/ont/hatFID": ["354"], "http://w3id.org/bb5kbc/ont/hatFundstellenID": ["497"], "http://w3id.org/bb5kbc/ont/hatFundstellenart": ["http://w3id.org/bb5kbc/fundstellenart_376218bc"], "http://w3id.org/bb5kbc/ont/hatGenauigkeit": ["0.0"], "http://w3id.org/bb5kbc/ont/hatKatalognummer": ["7770"], "http://w3id.org/bb5kbc/ont/hatKulturelleZuordnung": ["http://w3id.org/bb5kbc/site_354_culture"], "http://w3id.org/bb5kbc/ont/inGemeinde": ["http://w3id.org/bb5kbc/gemeinde_c8396f9c"], "http://w3id.org/bb5kbc/ont/wurdeEntdecktDurch": ["http://w3id.org/bb5kbc/site_354_discovery"], "http://w3id.org/bb5kbc/ont/wurdeGeoreferenziertDurch": ["http://w3id.org/bb5kbc/site_354_activity"], "http://www.opengis.net/ont/geosparql#hasGeometry": ["http://w3id.org/bb5kbc/site_354_geom"], "http://www.w3.org/1999/02/22-rdf-syntax-ns#type": ["http://w3id.org/bb5kbc/ont/Fundstelle"], "http://www.w3.org/2000/01/rdf-schema#label": ["Zehdenick - 3"], "http://www.w3.org/2004/02/skos/core#prefLabel": ["Zehdenick - 3"]}, "geometry": {"type": "Point", "coordinates": [13.32, 52.95]}}, {"type": "Feature", "id": "http://w3id.org/bb5kbc/site_417", "name": "", "dateprops": [], "properties": {"http://fuzzy-sl.squirrel.link/ontology/certaintyLevel": ["https://fuzzy-sl.wikibase.cloud/entity/Q23"], "http://fuzzy-sl.squirrel.link/ontology/hasLocationType": ["https://fuzzy-sl.wikibase.cloud/entity/Q80"], "http://fuzzy-sl.squirrel.link/ontology/representativeGeometry": ["http://w3id.org/bb5kbc/site_417_geom"], "http://purl.org/dc/terms/identifier": ["417"], "http://rdfs.org/ns/void#inDataset": ["http://w3id.org/bb5kbc/Brandenburg_5000_BC_Data"], "http://w3id.org/bb5kbc/ont/hatFID": ["417"], "http://w3id.org/bb5kbc/ont/hatFundstellenID": ["325"], "http://w3id.org/bb5kbc/ont/hatFundstellenart": ["http://w3id.org/bb5kbc/fundstellenart_376218bc"], "http://w3id.org/bb5kbc/ont/hatGenauigkeit": ["0.0"], "http://w3id.org/bb5kbc/ont/hatKatalognummer": ["15694"], "http://w3id.org/bb5kbc/ont/hatKulturelleZuordnung": ["http://w3id.org/bb5kbc/site_417_culture"], "http://w3id.org/bb5kbc/ont/inGemeinde": ["http://w3id.org/bb5kbc/gemeinde_c2e2aa37"], "http://w3id.org/bb5kbc/ont/wurdeEntdecktDurch": ["http://w3id.org/bb5kbc/site_417_discovery"], "http://w3id.org/bb5kbc/ont/wurdeGeoreferenziertDurch": ["http://w3id.org/bb5kbc/site_417_activity"], "http://www.opengis.net/ont/geosparql#hasGeometry": ["http://w3id.org/bb5kbc/site_417_geom"], "http://www.w3.org/1999/02/22-rdf-syntax-ns#type": ["http://w3id.org/bb5kbc/ont/Fundstelle"], "http://www.w3.org/2000/01/rdf-schema#label": ["Philippsthal - 3"], "http://www.w3.org/2004/02/skos/core#prefLabel": ["Philippsthal - 3"]}, "geometry": {"type": "Point", "coordinates": [13.14, 52.35]}}, {"type": "Feature", "id": "http://w3id.org/bb5kbc/site_380", "name": "", "dateprops": [], "properties": {"http://fuzzy-sl.squirrel.link/ontology/certaintyLevel": ["https://fuzzy-sl.wikibase.cloud/entity/Q23"], "http://fuzzy-sl.squirrel.link/ontology/hasLocationType": ["https://fuzzy-sl.wikibase.cloud/entity/Q80"], "http://fuzzy-sl.squirrel.link/ontology/representativeGeometry": ["http://w3id.org/bb5kbc/site_380_geom"], "http://purl.org/dc/terms/identifier": ["380"], "http://rdfs.org/ns/void#inDataset": ["http://w3id.org/bb5kbc/Brandenburg_5000_BC_Data"], "http://w3id.org/bb5kbc/ont/hatFID": ["380"], "http://w3id.org/bb5kbc/ont/hatFundstellenID": ["479"], "http://w3id.org/bb5kbc/ont/hatFundstellenart": ["http://w3id.org/bb5kbc/fundstellenart_376218bc"], "http://w3id.org/bb5kbc/ont/hatGenauigkeit": ["0.0"], "http://w3id.org/bb5kbc/ont/hatKatalognummer": ["10870"], "http://w3id.org/bb5kbc/ont/hatKulturelleZuordnung": ["http://w3id.org/bb5kbc/site_380_culture"], "http://w3id.org/bb5kbc/ont/inGemeinde": ["http://w3id.org/bb5kbc/gemeinde_0b8be4ac"], "http://w3id.org/bb5kbc/ont/wurdeEntdecktDurch": ["http://w3id.org/bb5kbc/site_380_discovery"], "http://w3id.org/bb5kbc/ont/wurdeGeoreferenziertDurch": ["http://w3id.org/bb5kbc/site_380_activity"], "http://www.opengis.net/ont/geosparql#hasGeometry": ["http://w3id.org/bb5kbc/site_380_geom"], "http://www.w3.org/1999/02/22-rdf-syntax-ns#type": ["http://w3id.org/bb5kbc/ont/Fundstelle"], "http://www.w3.org/2000/01/rdf-schema#label": ["Wusterhausen (Dosse) - 16"], "http://www.w3.org/2004/02/skos/core#prefLabel": ["Wusterhausen (Dosse) - 16"]}, "geometry": {"type": "Point", "coordinates": [12.48, 52.91]}}, {"type": "Feature", "id": "http://w3id.org/bb5kbc/site_240", "name": "", "dateprops": [], "properties": {"http://fuzzy-sl.squirrel.link/ontology/certaintyLevel": ["https://fuzzy-sl.wikibase.cloud/entity/Q23"], "http://fuzzy-sl.squirrel.link/ontology/hasLocationType": ["https://fuzzy-sl.wikibase.cloud/entity/Q80"], "http://fuzzy-sl.squirrel.link/ontology/representativeGeometry": ["http://w3id.org/bb5kbc/site_240_geom"], "http://purl.org/dc/terms/identifier": ["240"], "http://rdfs.org/ns/void#inDataset": ["http://w3id.org/bb5kbc/Brandenburg_5000_BC_Data"], "http://w3id.org/bb5kbc/ont/hatFID": ["240"], "http://w3id.org/bb5kbc/ont/hatFundstellenID": ["129"], "http://w3id.org/bb5kbc/ont/hatFundstellenart": ["http://w3id.org/bb5kbc/fundstellenart_1972902b"], "http://w3id.org/bb5kbc/ont/hatGenauigkeit": ["0.0"], "http://w3id.org/bb5kbc/ont/hatKatalognummer": ["12485"], "http://w3id.org/bb5kbc/ont/hatKulturelleZuordnung": ["http://w3id.org/bb5kbc/site_240_culture"], "http://w3id.org/bb5kbc/ont/hatPublikation": ["http://w3id.org/bb5kbc/pub_c54b495e"], "http://w3id.org/bb5kbc/ont/inGemeinde": ["http://w3id.org/bb5kbc/gemeinde_ef3c98d9"], "http://w3id.org/bb5kbc/ont/wurdeEntdecktDurch": ["http://w3id.org/bb5kbc/site_240_discovery"], "http://w3id.org/bb5kbc/ont/wurdeGeoreferenziertDurch": ["http://w3id.org/bb5kbc/site_240_activity"], "http://www.opengis.net/ont/geosparql#hasGeometry": ["http://w3id.org/bb5kbc/site_240_geom"], "http://www.w3.org/1999/02/22-rdf-syntax-ns#type": ["http://w3id.org/bb5kbc/ont/Fundstelle"], "http://www.w3.org/2000/01/rdf-schema#label": ["Friesack 4"], "http://www.w3.org/2004/02/skos/core#prefLabel": ["Friesack 4"]}, "geometry": {"type": "Point", "coordinates": [12.54, 52.75]}}, {"type": "Feature", "id": "http://w3id.org/bb5kbc/site_405", "name": "", "dateprops": [], "properties": {"http://fuzzy-sl.squirrel.link/ontology/certaintyLevel": ["https://fuzzy-sl.wikibase.cloud/entity/Q23"], "http://fuzzy-sl.squirrel.link/ontology/hasLocationType": ["https://fuzzy-sl.wikibase.cloud/entity/Q80"], "http://fuzzy-sl.squirrel.link/ontology/representativeGeometry": ["http://w3id.org/bb5kbc/site_405_geom"], "http://purl.org/dc/terms/identifier": ["405"], "http://rdfs.org/ns/void#inDataset": ["http://w3id.org/bb5kbc/Brandenburg_5000_BC_Data"], "http://w3id.org/bb5kbc/ont/hatFID": ["405"], "http://w3id.org/bb5kbc/ont/hatFundstellenID": ["191"], "http://w3id.org/bb5kbc/ont/hatFundstellenart": ["http://w3id.org/bb5kbc/fundstellenart_376218bc"], "http://w3id.org/bb5kbc/ont/hatGenauigkeit": ["0.0"], "http://w3id.org/bb5kbc/ont/hatKatalognummer": ["2161"], "http://w3id.org/bb5kbc/ont/hatKulturelleZuordnung": ["http://w3id.org/bb5kbc/site_405_culture"], "http://w3id.org/bb5kbc/ont/inGemeinde": ["http://w3id.org/bb5kbc/gemeinde_c3119952"], "http://w3id.org/bb5kbc/ont/wurdeEntdecktDurch": ["http://w3id.org/bb5kbc/site_405_discovery"], "http://w3id.org/bb5kbc/ont/wurdeGeoreferenziertDurch": ["http://w3id.org/bb5kbc/site_405_activity"], "http://www.opengis.net/ont/geosparql#hasGeometry": ["http://w3id.org/bb5kbc/site_405_geom"], "http://www.w3.org/1999/02/22-rdf-syntax-ns#type": ["http://w3id.org/bb5kbc/ont/Fundstelle"], "http://www.w3.org/2000/01/rdf-schema#label": ["Hohenferchesar - 8"], "http://www.w3.org/2004/02/skos/core#prefLabel": ["Hohenferchesar - 8"]}, "geometry": {"type": "Point", "coordinates": [12.49, 52.51]}}, {"type": "Feature", "id": "http://w3id.org/bb5kbc/site_427", "name": "", "dateprops": [], "properties": {"http://fuzzy-sl.squirrel.link/ontology/certaintyLevel": ["https://fuzzy-sl.wikibase.cloud/entity/Q23"], "http://fuzzy-sl.squirrel.link/ontology/hasLocationType": ["https://fuzzy-sl.wikibase.cloud/entity/Q80"], "http://fuzzy-sl.squirrel.link/ontology/representativeGeometry": ["http://w3id.org/bb5kbc/site_427_geom"], "http://purl.org/dc/terms/identifier": ["427"], "http://rdfs.org/ns/void#inDataset": ["http://w3id.org/bb5kbc/Brandenburg_5000_BC_Data"], "http://w3id.org/bb5kbc/ont/hatFID": ["427"], "http://w3id.org/bb5kbc/ont/hatFundstellenID": ["27"], "http://w3id.org/bb5kbc/ont/hatFundstellenart": ["http://w3id.org/bb5kbc/fundstellenart_376218bc"], "http://w3id.org/bb5kbc/ont/hatGenauigkeit": ["0.0"], "http://w3id.org/bb5kbc/ont/hatKatalognummer": ["15240"], "http://w3id.org/bb5kbc/ont/hatKulturelleZuordnung": ["http://w3id.org/bb5kbc/site_427_culture"], "http://w3id.org/bb5kbc/ont/inGemeinde": ["http://w3id.org/bb5kbc/gemeinde_0c9d0eec"], "http://w3id.org/bb5kbc/ont/wurdeEntdecktDurch": ["http://w3id.org/bb5kbc/site_427_discovery"], "http://w3id.org/bb5kbc/ont/wurdeGeoreferenziertDurch": ["http://w3id.org/bb5kbc/site_427_activity"], "http://www.opengis.net/ont/geosparql#hasGeometry": ["http://w3id.org/bb5kbc/site_427_geom"], "http://www.w3.org/1999/02/22-rdf-syntax-ns#type": ["http://w3id.org/bb5kbc/ont/Fundstelle"], "http://www.w3.org/2000/01/rdf-schema#label": ["Beelitz - 13"], "http://www.w3.org/2004/02/skos/core#prefLabel": ["Beelitz - 13"]}, "geometry": {"type": "Point", "coordinates": [12.97, 52.23]}}, {"type": "Feature", "id": "http://w3id.org/bb5kbc/site_582", "name": "", "dateprops": [], "properties": {"http://fuzzy-sl.squirrel.link/ontology/certaintyLevel": ["https://fuzzy-sl.wikibase.cloud/entity/Q23"], "http://fuzzy-sl.squirrel.link/ontology/hasLocationType": ["https://fuzzy-sl.wikibase.cloud/entity/Q80"], "http://fuzzy-sl.squirrel.link/ontology/representativeGeometry": ["http://w3id.org/bb5kbc/site_582_geom"], "http://purl.org/dc/terms/identifier": ["582"], "http://rdfs.org/ns/void#inDataset": ["http://w3id.org/bb5kbc/Brandenburg_5000_BC_Data"], "http://w3id.org/bb5kbc/ont/hatFID": ["582"], "http://w3id.org/bb5kbc/ont/hatFundstellenID": ["213"], "http://w3id.org/bb5kbc/ont/hatFundstellenart": ["http://w3id.org/bb5kbc/fundstellenart_376218bc"], "http://w3id.org/bb5kbc/ont/hatGenauigkeit": ["0.0"], "http://w3id.org/bb5kbc/ont/hatKatalognummer": ["19567"], "http://w3id.org/bb5kbc/ont/hatKulturelleZuordnung": ["http://w3id.org/bb5kbc/site_582_culture"], "http://w3id.org/bb5kbc/ont/hatPublikation": ["http://w3id.org/bb5kbc/pub_05cf84ec"], "http://w3id.org/bb5kbc/ont/inGemeinde": ["http://w3id.org/bb5kbc/gemeinde_0a25557e"], "http://w3id.org/bb5kbc/ont/wurdeEntdecktDurch": ["http://w3id.org/bb5kbc/site_582_discovery"], "http://w3id.org/bb5kbc/ont/wurdeGeoreferenziertDurch": ["http://w3id.org/bb5kbc/site_582_activity"], "http://www.opengis.net/ont/geosparql#hasGeometry": ["http://w3id.org/bb5kbc/site_582_geom"], "http://www.w3.org/1999/02/22-rdf-syntax-ns#type": ["http://w3id.org/bb5kbc/ont/Fundstelle"], "http://www.w3.org/2000/01/rdf-schema#label": ["Kietz 3b"], "http://www.w3.org/2004/02/skos/core#prefLabel": ["Kietz 3b"]}, "geometry": {"type": "Point", "coordinates": [12.32, 52.76]}}, {"type": "Feature", "id": "http://w3id.org/bb5kbc/site_245", "name": "", "dateprops": [], "properties": {"http://fuzzy-sl.squirrel.link/ontology/certaintyLevel": ["https://fuzzy-sl.wikibase.cloud/entity/Q23"], "http://fuzzy-sl.squirrel.link/ontology/hasLocationType": ["https://fuzzy-sl.wikibase.cloud/entity/Q80"], "http://fuzzy-sl.squirrel.link/ontology/representativeGeometry": ["http://w3id.org/bb5kbc/site_245_geom"], "http://purl.org/dc/terms/identifier": ["245"], "http://rdfs.org/ns/void#inDataset": ["http://w3id.org/bb5kbc/Brandenburg_5000_BC_Data"], "http://w3id.org/bb5kbc/ont/hatFID": ["245"], "http://w3id.org/bb5kbc/ont/hatFundstellenID": ["104"], "http://w3id.org/bb5kbc/ont/hatFundstellenart": ["http://w3id.org/bb5kbc/fundstellenart_376218bc"], "http://w3id.org/bb5kbc/ont/hatGenauigkeit": ["0.0"], "http://w3id.org/bb5kbc/ont/hatKatalognummer": ["3761"], "http://w3id.org/bb5kbc/ont/hatKulturelleZuordnung": ["http://w3id.org/bb5kbc/site_245_culture"], "http://w3id.org/bb5kbc/ont/inGemeinde": ["http://w3id.org/bb5kbc/gemeinde_eae37432"], "http://w3id.org/bb5kbc/ont/wurdeEntdecktDurch": ["http://w3id.org/bb5kbc/site_245_discovery"], "http://w3id.org/bb5kbc/ont/wurdeGeoreferenziertDurch": ["http://w3id.org/bb5kbc/site_245_activity"], "http://www.opengis.net/ont/geosparql#hasGeometry": ["http://w3id.org/bb5kbc/site_245_geom"], "http://www.w3.org/1999/02/22-rdf-syntax-ns#type": ["http://w3id.org/bb5kbc/ont/Fundstelle"], "http://www.w3.org/2000/01/rdf-schema#label": ["Drebkau 2"], "http://www.w3.org/2004/02/skos/core#prefLabel": ["Drebkau 2"]}, "geometry": {"type": "Point", "coordinates": [14.23, 51.65]}}, {"type": "Feature", "id": "http://w3id.org/bb5kbc/site_66", "name": "", "dateprops": [], "properties": {"http://fuzzy-sl.squirrel.link/ontology/certaintyLevel": ["https://fuzzy-sl.wikibase.cloud/entity/Q23"], "http://fuzzy-sl.squirrel.link/ontology/hasLocationType": ["https://fuzzy-sl.wikibase.cloud/entity/Q80"], "http://fuzzy-sl.squirrel.link/ontology/representativeGeometry": ["http://w3id.org/bb5kbc/site_66_geom"], "http://purl.org/dc/terms/identifier": ["66"], "http://rdfs.org/ns/void#inDataset": ["http://w3id.org/bb5kbc/Brandenburg_5000_BC_Data"], "http://w3id.org/bb5kbc/ont/hatFID": ["66"], "http://w3id.org/bb5kbc/ont/hatFundstellenID": ["210"], "http://w3id.org/bb5kbc/ont/hatFundstellenart": ["http://w3id.org/bb5kbc/fundstellenart_376218bc"], "http://w3id.org/bb5kbc/ont/hatGenauigkeit": ["0.0"], "http://w3id.org/bb5kbc/ont/hatKatalognummer": ["592"], "http://w3id.org/bb5kbc/ont/hatKulturelleZuordnung": ["http://w3id.org/bb5kbc/site_66_culture"], "http://w3id.org/bb5kbc/ont/hatPublikation": ["http://w3id.org/bb5kbc/pub_b7c68a6f"], "http://w3id.org/bb5kbc/ont/inGemeinde": ["http://w3id.org/bb5kbc/gemeinde_1924ad8d"], "http://w3id.org/bb5kbc/ont/wurdeEntdecktDurch": ["http://w3id.org/bb5kbc/site_66_discovery"], "http://w3id.org/bb5kbc/ont/wurdeGeoreferenziertDurch": ["http://w3id.org/bb5kbc/site_66_activity"], "http://www.opengis.net/ont/geosparql#hasGeometry": ["http://w3id.org/bb5kbc/site_66_geom"], "http://www.w3.org/1999/02/22-rdf-syntax-ns#type": ["http://w3id.org/bb5kbc/ont/Fundstelle"], "http://www.w3.org/2000/01/rdf-schema#label": ["Kerkow 1"], "http://www.w3.org/2004/02/skos/core#prefLabel": ["Kerkow 1"]}, "geometry": {"type": "Point", "coordinates": [13.97, 53.05]}}, {"type": "Feature", "id": "http://w3id.org/bb5kbc/site_478", "name": "", "dateprops": [], "properties": {"http://fuzzy-sl.squirrel.link/ontology/certaintyLevel": ["https://fuzzy-sl.wikibase.cloud/entity/Q23"], "http://fuzzy-sl.squirrel.link/ontology/hasLocationType": ["https://fuzzy-sl.wikibase.cloud/entity/Q80"], "http://fuzzy-sl.squirrel.link/ontology/representativeGeometry": ["http://w3id.org/bb5kbc/site_478_geom"], "http://purl.org/dc/terms/identifier": ["478"], "http://rdfs.org/ns/void#inDataset": ["http://w3id.org/bb5kbc/Brandenburg_5000_BC_Data"], "http://w3id.org/bb5kbc/ont/hatFID": ["478"], "http://w3id.org/bb5kbc/ont/hatFundstellenID": ["419"], "http://w3id.org/bb5kbc/ont/hatFundstellenart": ["http://w3id.org/bb5kbc/fundstellenart_376218bc"], "http://w3id.org/bb5kbc/ont/hatGenauigkeit": ["0.0"], "http://w3id.org/bb5kbc/ont/hatKatalognummer": ["854"], "http://w3id.org/bb5kbc/ont/hatKulturelleZuordnung": ["http://w3id.org/bb5kbc/site_478_culture"], "http://w3id.org/bb5kbc/ont/inGemeinde": ["http://w3id.org/bb5kbc/gemeinde_6f71f095"], "http://w3id.org/bb5kbc/ont/wurdeEntdecktDurch": ["http://w3id.org/bb5kbc/site_478_discovery"], "http://w3id.org/bb5kbc/ont/wurdeGeoreferenziertDurch": ["http://w3id.org/bb5kbc/site_478_activity"], "http://www.opengis.net/ont/geosparql#hasGeometry": ["http://w3id.org/bb5kbc/site_478_geom"], "http://www.w3.org/1999/02/22-rdf-syntax-ns#type": ["http://w3id.org/bb5kbc/ont/Fundstelle"], "http://www.w3.org/2000/01/rdf-schema#label": ["Staffelde - 4"], "http://www.w3.org/2004/02/skos/core#prefLabel": ["Staffelde - 4"]}, "geometry": {"type": "Point", "coordinates": [14.44, 53.27]}}, {"type": "Feature", "id": "http://w3id.org/bb5kbc/site_342", "name": "", "dateprops": [], "properties": {"http://fuzzy-sl.squirrel.link/ontology/certaintyLevel": ["https://fuzzy-sl.wikibase.cloud/entity/Q23"], "http://fuzzy-sl.squirrel.link/ontology/hasLocationType": ["https://fuzzy-sl.wikibase.cloud/entity/Q80"], "http://fuzzy-sl.squirrel.link/ontology/representativeGeometry": ["http://w3id.org/bb5kbc/site_342_geom"], "http://purl.org/dc/terms/identifier": ["342"], "http://rdfs.org/ns/void#inDataset": ["http://w3id.org/bb5kbc/Brandenburg_5000_BC_Data"], "http://w3id.org/bb5kbc/ont/hatFID": ["342"], "http://w3id.org/bb5kbc/ont/hatFundstellenID": ["85"], "http://w3id.org/bb5kbc/ont/hatFundstellenart": ["http://w3id.org/bb5kbc/fundstellenart_376218bc"], "http://w3id.org/bb5kbc/ont/hatGenauigkeit": ["0.0"], "http://w3id.org/bb5kbc/ont/hatKatalognummer": ["24720"], "http://w3id.org/bb5kbc/ont/hatKulturelleZuordnung": ["http://w3id.org/bb5kbc/site_342_culture"], "http://w3id.org/bb5kbc/ont/inGemeinde": ["http://w3id.org/bb5kbc/gemeinde_d2fcd3a0"], "http://w3id.org/bb5kbc/ont/wurdeEntdecktDurch": ["http://w3id.org/bb5kbc/site_342_discovery"], "http://w3id.org/bb5kbc/ont/wurdeGeoreferenziertDurch": ["http://w3id.org/bb5kbc/site_342_activity"], "http://www.opengis.net/ont/geosparql#hasGeometry": ["http://w3id.org/bb5kbc/site_342_geom"], "http://www.w3.org/1999/02/22-rdf-syntax-ns#type": ["http://w3id.org/bb5kbc/ont/Fundstelle"], "http://www.w3.org/2000/01/rdf-schema#label": ["Buckow - 4"], "http://www.w3.org/2004/02/skos/core#prefLabel": ["Buckow - 4"]}, "geometry": {"type": "Point", "coordinates": [12.27, 52.59]}}, {"type": "Feature", "id": "http://w3id.org/bb5kbc/site_395", "name": "", "dateprops": [], "properties": {"http://fuzzy-sl.squirrel.link/ontology/certaintyLevel": ["https://fuzzy-sl.wikibase.cloud/entity/Q23"], "http://fuzzy-sl.squirrel.link/ontology/hasLocationType": ["https://fuzzy-sl.wikibase.cloud/entity/Q80"], "http://fuzzy-sl.squirrel.link/ontology/representativeGeometry": ["http://w3id.org/bb5kbc/site_395_geom"], "http://purl.org/dc/terms/identifier": ["395"], "http://rdfs.org/ns/void#inDataset": ["http://w3id.org/bb5kbc/Brandenburg_5000_BC_Data"], "http://w3id.org/bb5kbc/ont/hatFID": ["395"], "http://w3id.org/bb5kbc/ont/hatFundstellenID": ["493"], "http://w3id.org/bb5kbc/ont/hatFundstellenart": ["http://w3id.org/bb5kbc/fundstellenart_376218bc"], "http://w3id.org/bb5kbc/ont/hatGenauigkeit": ["0.0"], "http://w3id.org/bb5kbc/ont/hatKatalognummer": ["13504"], "http://w3id.org/bb5kbc/ont/hatKulturelleZuordnung": ["http://w3id.org/bb5kbc/site_395_culture"], "http://w3id.org/bb5kbc/ont/inGemeinde": ["http://w3id.org/bb5kbc/gemeinde_01aebe87"], "http://w3id.org/bb5kbc/ont/wurdeEntdecktDurch": ["http://w3id.org/bb5kbc/site_395_discovery"], "http://w3id.org/bb5kbc/ont/wurdeGeoreferenziertDurch": ["http://w3id.org/bb5kbc/site_395_activity"], "http://www.opengis.net/ont/geosparql#hasGeometry": ["http://w3id.org/bb5kbc/site_395_geom"], "http://www.w3.org/1999/02/22-rdf-syntax-ns#type": ["http://w3id.org/bb5kbc/ont/Fundstelle"], "http://www.w3.org/2000/01/rdf-schema#label": ["Zechliner H\u00fctte - 7"], "http://www.w3.org/2004/02/skos/core#prefLabel": ["Zechliner H\u00fctte - 7"]}, "geometry": {"type": "Point", "coordinates": [12.85, 53.17]}}, {"type": "Feature", "id": "http://w3id.org/bb5kbc/site_368", "name": "", "dateprops": [], "properties": {"http://fuzzy-sl.squirrel.link/ontology/certaintyLevel": ["https://fuzzy-sl.wikibase.cloud/entity/Q23"], "http://fuzzy-sl.squirrel.link/ontology/hasLocationType": ["https://fuzzy-sl.wikibase.cloud/entity/Q80"], "http://fuzzy-sl.squirrel.link/ontology/representativeGeometry": ["http://w3id.org/bb5kbc/site_368_geom"], "http://purl.org/dc/terms/identifier": ["368"], "http://rdfs.org/ns/void#inDataset": ["http://w3id.org/bb5kbc/Brandenburg_5000_BC_Data"], "http://w3id.org/bb5kbc/ont/hatFID": ["368"], "http://w3id.org/bb5kbc/ont/hatFundstellenID": ["373"], "http://w3id.org/bb5kbc/ont/hatFundstellenart": ["http://w3id.org/bb5kbc/fundstellenart_376218bc"], "http://w3id.org/bb5kbc/ont/hatGenauigkeit": ["0.0"], "http://w3id.org/bb5kbc/ont/hatKatalognummer": ["1342"], "http://w3id.org/bb5kbc/ont/hatKulturelleZuordnung": ["http://w3id.org/bb5kbc/site_368_culture"], "http://w3id.org/bb5kbc/ont/inGemeinde": ["http://w3id.org/bb5kbc/gemeinde_bc6bff70"], "http://w3id.org/bb5kbc/ont/wurdeEntdecktDurch": ["http://w3id.org/bb5kbc/site_368_discovery"], "http://w3id.org/bb5kbc/ont/wurdeGeoreferenziertDurch": ["http://w3id.org/bb5kbc/site_368_activity"], "http://www.opengis.net/ont/geosparql#hasGeometry": ["http://w3id.org/bb5kbc/site_368_geom"], "http://www.w3.org/1999/02/22-rdf-syntax-ns#type": ["http://w3id.org/bb5kbc/ont/Fundstelle"], "http://www.w3.org/2000/01/rdf-schema#label": ["Rieplos - 3"], "http://www.w3.org/2004/02/skos/core#prefLabel": ["Rieplos - 3"]}, "geometry": {"type": "Point", "coordinates": [13.9, 52.31]}}, {"type": "Feature", "id": "http://w3id.org/bb5kbc/site_32", "name": "", "dateprops": [], "properties": {"http://fuzzy-sl.squirrel.link/ontology/certaintyLevel": ["https://fuzzy-sl.wikibase.cloud/entity/Q23"], "http://fuzzy-sl.squirrel.link/ontology/hasLocationType": ["https://fuzzy-sl.wikibase.cloud/entity/Q80"], "http://fuzzy-sl.squirrel.link/ontology/representativeGeometry": ["http://w3id.org/bb5kbc/site_32_geom"], "http://purl.org/dc/terms/identifier": ["32"], "http://rdfs.org/ns/void#inDataset": ["http://w3id.org/bb5kbc/Brandenburg_5000_BC_Data"], "http://w3id.org/bb5kbc/ont/hatFID": ["32"], "http://w3id.org/bb5kbc/ont/hatFundstellenID": ["422"], "http://w3id.org/bb5kbc/ont/hatFundstellenart": ["http://w3id.org/bb5kbc/fundstellenart_376218bc"], "http://w3id.org/bb5kbc/ont/hatGenauigkeit": ["0.0"], "http://w3id.org/bb5kbc/ont/hatKulturelleZuordnung": ["http://w3id.org/bb5kbc/site_32_culture"], "http://w3id.org/bb5kbc/ont/hatPublikation": ["http://w3id.org/bb5kbc/pub_c54b495e"], "http://w3id.org/bb5kbc/ont/inGemeinde": ["http://w3id.org/bb5kbc/gemeinde_be5b3a56"], "http://w3id.org/bb5kbc/ont/wurdeEntdecktDurch": ["http://w3id.org/bb5kbc/site_32_discovery"], "http://w3id.org/bb5kbc/ont/wurdeGeoreferenziertDurch": ["http://w3id.org/bb5kbc/site_32_activity"], "http://www.opengis.net/ont/geosparql#hasGeometry": ["http://w3id.org/bb5kbc/site_32_geom"], "http://www.w3.org/1999/02/22-rdf-syntax-ns#type": ["http://w3id.org/bb5kbc/ont/Fundstelle"], "http://www.w3.org/2000/01/rdf-schema#label": ["Steckelsdorf 12"], "http://www.w3.org/2004/02/skos/core#prefLabel": ["Steckelsdorf 12"]}, "geometry": {"type": "Point", "coordinates": [12.3, 52.59]}}, {"type": "Feature", "id": "http://w3id.org/bb5kbc/site_419", "name": "", "dateprops": [], "properties": {"http://fuzzy-sl.squirrel.link/ontology/certaintyLevel": ["https://fuzzy-sl.wikibase.cloud/entity/Q23"], "http://fuzzy-sl.squirrel.link/ontology/hasLocationType": ["https://fuzzy-sl.wikibase.cloud/entity/Q80"], "http://fuzzy-sl.squirrel.link/ontology/representativeGeometry": ["http://w3id.org/bb5kbc/site_419_geom"], "http://purl.org/dc/terms/identifier": ["419"], "http://rdfs.org/ns/void#inDataset": ["http://w3id.org/bb5kbc/Brandenburg_5000_BC_Data"], "http://w3id.org/bb5kbc/ont/hatFID": ["419"], "http://w3id.org/bb5kbc/ont/hatFundstellenID": ["117"], "http://w3id.org/bb5kbc/ont/hatFundstellenart": ["http://w3id.org/bb5kbc/fundstellenart_376218bc"], "http://w3id.org/bb5kbc/ont/hatGenauigkeit": ["0.0"], "http://w3id.org/bb5kbc/ont/hatKatalognummer": ["27715"], "http://w3id.org/bb5kbc/ont/hatKulturelleZuordnung": ["http://w3id.org/bb5kbc/site_419_culture"], "http://w3id.org/bb5kbc/ont/inGemeinde": ["http://w3id.org/bb5kbc/gemeinde_661da3e9"], "http://w3id.org/bb5kbc/ont/wurdeEntdecktDurch": ["http://w3id.org/bb5kbc/site_419_discovery"], "http://w3id.org/bb5kbc/ont/wurdeGeoreferenziertDurch": ["http://w3id.org/bb5kbc/site_419_activity"], "http://www.opengis.net/ont/geosparql#hasGeometry": ["http://w3id.org/bb5kbc/site_419_geom"], "http://www.w3.org/1999/02/22-rdf-syntax-ns#type": ["http://w3id.org/bb5kbc/ont/Fundstelle"], "http://www.w3.org/2000/01/rdf-schema#label": ["Ferch - 11"], "http://www.w3.org/2004/02/skos/core#prefLabel": ["Ferch - 11"]}, "geometry": {"type": "Point", "coordinates": [12.93, 52.33]}}, {"type": "Feature", "id": "http://w3id.org/bb5kbc/site_241", "name": "", "dateprops": [], "properties": {"http://fuzzy-sl.squirrel.link/ontology/certaintyLevel": ["https://fuzzy-sl.wikibase.cloud/entity/Q23"], "http://fuzzy-sl.squirrel.link/ontology/hasLocationType": ["https://fuzzy-sl.wikibase.cloud/entity/Q80"], "http://fuzzy-sl.squirrel.link/ontology/representativeGeometry": ["http://w3id.org/bb5kbc/site_241_geom"], "http://purl.org/dc/terms/identifier": ["241"], "http://rdfs.org/ns/void#inDataset": ["http://w3id.org/bb5kbc/Brandenburg_5000_BC_Data"], "http://w3id.org/bb5kbc/ont/hatFID": ["241"], "http://w3id.org/bb5kbc/ont/hatFundstellenID": ["436"], "http://w3id.org/bb5kbc/ont/hatFundstellenart": ["http://w3id.org/bb5kbc/fundstellenart_376218bc"], "http://w3id.org/bb5kbc/ont/hatGenauigkeit": ["0.0"], "http://w3id.org/bb5kbc/ont/hatKatalognummer": ["1348"], "http://w3id.org/bb5kbc/ont/hatKulturelleZuordnung": ["http://w3id.org/bb5kbc/site_241_culture"], "http://w3id.org/bb5kbc/ont/hatPublikation": ["http://w3id.org/bb5kbc/pub_c54b495e"], "http://w3id.org/bb5kbc/ont/inGemeinde": ["http://w3id.org/bb5kbc/gemeinde_0add3709"], "http://w3id.org/bb5kbc/ont/wurdeEntdecktDurch": ["http://w3id.org/bb5kbc/site_241_discovery"], "http://w3id.org/bb5kbc/ont/wurdeGeoreferenziertDurch": ["http://w3id.org/bb5kbc/site_241_activity"], "http://www.opengis.net/ont/geosparql#hasGeometry": ["http://w3id.org/bb5kbc/site_241_geom"], "http://www.w3.org/1999/02/22-rdf-syntax-ns#type": ["http://w3id.org/bb5kbc/ont/Fundstelle"], "http://www.w3.org/2000/01/rdf-schema#label": ["Trebatsch/Sabrodt 1"], "http://www.w3.org/2004/02/skos/core#prefLabel": ["Trebatsch/Sabrodt 1"]}, "geometry": {"type": "Point", "coordinates": [14.2, 52.09]}}, {"type": "Feature", "id": "http://w3id.org/bb5kbc/site_274", "name": "", "dateprops": [], "properties": {"http://fuzzy-sl.squirrel.link/ontology/certaintyLevel": ["https://fuzzy-sl.wikibase.cloud/entity/Q23"], "http://fuzzy-sl.squirrel.link/ontology/hasLocationType": ["https://fuzzy-sl.wikibase.cloud/entity/Q80"], "http://fuzzy-sl.squirrel.link/ontology/representativeGeometry": ["http://w3id.org/bb5kbc/site_274_geom"], "http://purl.org/dc/terms/identifier": ["274"], "http://rdfs.org/ns/void#inDataset": ["http://w3id.org/bb5kbc/Brandenburg_5000_BC_Data"], "http://w3id.org/bb5kbc/ont/hatFID": ["274"], "http://w3id.org/bb5kbc/ont/hatFundstellenID": ["462"], "http://w3id.org/bb5kbc/ont/hatFundstellenart": ["http://w3id.org/bb5kbc/fundstellenart_376218bc"], "http://w3id.org/bb5kbc/ont/hatGenauigkeit": ["0.0"], "http://w3id.org/bb5kbc/ont/hatKatalognummer": ["25334"], "http://w3id.org/bb5kbc/ont/hatKulturelleZuordnung": ["http://w3id.org/bb5kbc/site_274_culture"], "http://w3id.org/bb5kbc/ont/inGemeinde": ["http://w3id.org/bb5kbc/gemeinde_6a6097c7"], "http://w3id.org/bb5kbc/ont/wurdeEntdecktDurch": ["http://w3id.org/bb5kbc/site_274_discovery"], "http://w3id.org/bb5kbc/ont/wurdeGeoreferenziertDurch": ["http://w3id.org/bb5kbc/site_274_activity"], "http://www.opengis.net/ont/geosparql#hasGeometry": ["http://w3id.org/bb5kbc/site_274_geom"], "http://www.w3.org/1999/02/22-rdf-syntax-ns#type": ["http://w3id.org/bb5kbc/ont/Fundstelle"], "http://www.w3.org/2000/01/rdf-schema#label": ["Wernsdorf 6"], "http://www.w3.org/2004/02/skos/core#prefLabel": ["Wernsdorf 6"]}, "geometry": {"type": "Point", "coordinates": [13.69, 52.37]}}, {"type": "Feature", "id": "http://w3id.org/bb5kbc/site_424", "name": "", "dateprops": [], "properties": {"http://fuzzy-sl.squirrel.link/ontology/certaintyLevel": ["https://fuzzy-sl.wikibase.cloud/entity/Q23"], "http://fuzzy-sl.squirrel.link/ontology/hasLocationType": ["https://fuzzy-sl.wikibase.cloud/entity/Q80"], "http://fuzzy-sl.squirrel.link/ontology/representativeGeometry": ["http://w3id.org/bb5kbc/site_424_geom"], "http://purl.org/dc/terms/identifier": ["424"], "http://rdfs.org/ns/void#inDataset": ["http://w3id.org/bb5kbc/Brandenburg_5000_BC_Data"], "http://w3id.org/bb5kbc/ont/hatFID": ["424"], "http://w3id.org/bb5kbc/ont/hatFundstellenID": ["8"], "http://w3id.org/bb5kbc/ont/hatFundstellenart": ["http://w3id.org/bb5kbc/fundstellenart_376218bc"], "http://w3id.org/bb5kbc/ont/hatGenauigkeit": ["0.0"], "http://w3id.org/bb5kbc/ont/hatKatalognummer": ["15214"], "http://w3id.org/bb5kbc/ont/hatKulturelleZuordnung": ["http://w3id.org/bb5kbc/site_424_culture"], "http://w3id.org/bb5kbc/ont/inGemeinde": ["http://w3id.org/bb5kbc/gemeinde_4c04791f"], "http://w3id.org/bb5kbc/ont/wurdeEntdecktDurch": ["http://w3id.org/bb5kbc/site_424_discovery"], "http://w3id.org/bb5kbc/ont/wurdeGeoreferenziertDurch": ["http://w3id.org/bb5kbc/site_424_activity"], "http://www.opengis.net/ont/geosparql#hasGeometry": ["http://w3id.org/bb5kbc/site_424_geom"], "http://www.w3.org/1999/02/22-rdf-syntax-ns#type": ["http://w3id.org/bb5kbc/ont/Fundstelle"], "http://www.w3.org/2000/01/rdf-schema#label": ["Alt T\u00f6plitz - 10"], "http://www.w3.org/2004/02/skos/core#prefLabel": ["Alt T\u00f6plitz - 10"]}, "geometry": {"type": "Point", "coordinates": [12.91, 52.43]}}, {"type": "Feature", "id": "http://w3id.org/bb5kbc/site_565", "name": "", "dateprops": [], "properties": {"http://fuzzy-sl.squirrel.link/ontology/certaintyLevel": ["https://fuzzy-sl.wikibase.cloud/entity/Q23"], "http://fuzzy-sl.squirrel.link/ontology/hasLocationType": ["https://fuzzy-sl.wikibase.cloud/entity/Q80"], "http://fuzzy-sl.squirrel.link/ontology/representativeGeometry": ["http://w3id.org/bb5kbc/site_565_geom"], "http://purl.org/dc/terms/identifier": ["565"], "http://rdfs.org/ns/void#inDataset": ["http://w3id.org/bb5kbc/Brandenburg_5000_BC_Data"], "http://w3id.org/bb5kbc/ont/hatFID": ["565"], "http://w3id.org/bb5kbc/ont/hatFundstellenID": ["370"], "http://w3id.org/bb5kbc/ont/hatFundstellenart": ["http://w3id.org/bb5kbc/fundstellenart_376218bc"], "http://w3id.org/bb5kbc/ont/hatGenauigkeit": ["0.0"], "http://w3id.org/bb5kbc/ont/hatKulturelleZuordnung": ["http://w3id.org/bb5kbc/site_565_culture"], "http://w3id.org/bb5kbc/ont/hatPublikation": ["http://w3id.org/bb5kbc/pub_c54b495e"], "http://w3id.org/bb5kbc/ont/inGemeinde": ["http://w3id.org/bb5kbc/gemeinde_beacd9bd"], "http://w3id.org/bb5kbc/ont/wurdeEntdecktDurch": ["http://w3id.org/bb5kbc/site_565_discovery"], "http://w3id.org/bb5kbc/ont/wurdeGeoreferenziertDurch": ["http://w3id.org/bb5kbc/site_565_activity"], "http://www.opengis.net/ont/geosparql#hasGeometry": ["http://w3id.org/bb5kbc/site_565_geom"], "http://www.w3.org/1999/02/22-rdf-syntax-ns#type": ["http://w3id.org/bb5kbc/ont/Fundstelle"], "http://www.w3.org/2000/01/rdf-schema#label": ["Rhinow 30"], "http://www.w3.org/2004/02/skos/core#prefLabel": ["Rhinow 30"]}, "geometry": {"type": "Point", "coordinates": [12.35, 52.76]}}, {"type": "Feature", "id": "http://w3id.org/bb5kbc/site_258", "name": "", "dateprops": [], "properties": {"http://fuzzy-sl.squirrel.link/ontology/certaintyLevel": ["https://fuzzy-sl.wikibase.cloud/entity/Q23"], "http://fuzzy-sl.squirrel.link/ontology/hasLocationType": ["https://fuzzy-sl.wikibase.cloud/entity/Q80"], "http://fuzzy-sl.squirrel.link/ontology/representativeGeometry": ["http://w3id.org/bb5kbc/site_258_geom"], "http://purl.org/dc/terms/identifier": ["258"], "http://rdfs.org/ns/void#inDataset": ["http://w3id.org/bb5kbc/Brandenburg_5000_BC_Data"], "http://w3id.org/bb5kbc/ont/hatFID": ["258"], "http://w3id.org/bb5kbc/ont/hatFundstellenID": ["120"], "http://w3id.org/bb5kbc/ont/hatFundstellenart": ["http://w3id.org/bb5kbc/fundstellenart_1972902b"], "http://w3id.org/bb5kbc/ont/hatGenauigkeit": ["0.0"], "http://w3id.org/bb5kbc/ont/hatKatalognummer": ["53473"], "http://w3id.org/bb5kbc/ont/hatKulturelleZuordnung": ["http://w3id.org/bb5kbc/site_258_culture"], "http://w3id.org/bb5kbc/ont/inGemeinde": ["http://w3id.org/bb5kbc/gemeinde_469c793d"], "http://w3id.org/bb5kbc/ont/wurdeEntdecktDurch": ["http://w3id.org/bb5kbc/site_258_discovery"], "http://w3id.org/bb5kbc/ont/wurdeGeoreferenziertDurch": ["http://w3id.org/bb5kbc/site_258_activity"], "http://www.opengis.net/ont/geosparql#hasGeometry": ["http://w3id.org/bb5kbc/site_258_geom"], "http://www.w3.org/1999/02/22-rdf-syntax-ns#type": ["http://w3id.org/bb5kbc/ont/Fundstelle"], "http://www.w3.org/2000/01/rdf-schema#label": ["Flemsdorf 10"], "http://www.w3.org/2004/02/skos/core#prefLabel": ["Flemsdorf 10"]}, "geometry": {"type": "Point", "coordinates": [14.16, 53.03]}}, {"type": "Feature", "id": "http://w3id.org/bb5kbc/site_260", "name": "", "dateprops": [], "properties": {"http://fuzzy-sl.squirrel.link/ontology/certaintyLevel": ["https://fuzzy-sl.wikibase.cloud/entity/Q23"], "http://fuzzy-sl.squirrel.link/ontology/hasLocationType": ["https://fuzzy-sl.wikibase.cloud/entity/Q80"], "http://fuzzy-sl.squirrel.link/ontology/representativeGeometry": ["http://w3id.org/bb5kbc/site_260_geom"], "http://purl.org/dc/terms/identifier": ["260"], "http://rdfs.org/ns/void#inDataset": ["http://w3id.org/bb5kbc/Brandenburg_5000_BC_Data"], "http://w3id.org/bb5kbc/ont/hatFID": ["260"], "http://w3id.org/bb5kbc/ont/hatFundstellenID": ["129"], "http://w3id.org/bb5kbc/ont/hatFundstellenart": ["http://w3id.org/bb5kbc/fundstellenart_1972902b"], "http://w3id.org/bb5kbc/ont/hatGenauigkeit": ["0.0"], "http://w3id.org/bb5kbc/ont/hatKatalognummer": ["12485"], "http://w3id.org/bb5kbc/ont/hatKulturelleZuordnung": ["http://w3id.org/bb5kbc/site_260_culture"], "http://w3id.org/bb5kbc/ont/inGemeinde": ["http://w3id.org/bb5kbc/gemeinde_ef3c98d9"], "http://w3id.org/bb5kbc/ont/wurdeEntdecktDurch": ["http://w3id.org/bb5kbc/site_260_discovery"], "http://w3id.org/bb5kbc/ont/wurdeGeoreferenziertDurch": ["http://w3id.org/bb5kbc/site_260_activity"], "http://www.opengis.net/ont/geosparql#hasGeometry": ["http://w3id.org/bb5kbc/site_260_geom"], "http://www.w3.org/1999/02/22-rdf-syntax-ns#type": ["http://w3id.org/bb5kbc/ont/Fundstelle"], "http://www.w3.org/2000/01/rdf-schema#label": ["Friesack 4"], "http://www.w3.org/2004/02/skos/core#prefLabel": ["Friesack 4"]}, "geometry": {"type": "Point", "coordinates": [12.54, 52.75]}}, {"type": "Feature", "id": "http://w3id.org/bb5kbc/site_341", "name": "", "dateprops": [], "properties": {"http://fuzzy-sl.squirrel.link/ontology/certaintyLevel": ["https://fuzzy-sl.wikibase.cloud/entity/Q23"], "http://fuzzy-sl.squirrel.link/ontology/hasLocationType": ["https://fuzzy-sl.wikibase.cloud/entity/Q80"], "http://fuzzy-sl.squirrel.link/ontology/representativeGeometry": ["http://w3id.org/bb5kbc/site_341_geom"], "http://purl.org/dc/terms/identifier": ["341"], "http://rdfs.org/ns/void#inDataset": ["http://w3id.org/bb5kbc/Brandenburg_5000_BC_Data"], "http://w3id.org/bb5kbc/ont/hatFID": ["341"], "http://w3id.org/bb5kbc/ont/hatFundstellenID": ["397"], "http://w3id.org/bb5kbc/ont/hatFundstellenart": ["http://w3id.org/bb5kbc/fundstellenart_376218bc"], "http://w3id.org/bb5kbc/ont/hatGenauigkeit": ["0.0"], "http://w3id.org/bb5kbc/ont/hatKatalognummer": ["12832"], "http://w3id.org/bb5kbc/ont/hatKulturelleZuordnung": ["http://w3id.org/bb5kbc/site_341_culture"], "http://w3id.org/bb5kbc/ont/inGemeinde": ["http://w3id.org/bb5kbc/gemeinde_2748805e"], "http://w3id.org/bb5kbc/ont/wurdeEntdecktDurch": ["http://w3id.org/bb5kbc/site_341_discovery"], "http://w3id.org/bb5kbc/ont/wurdeGeoreferenziertDurch": ["http://w3id.org/bb5kbc/site_341_activity"], "http://www.opengis.net/ont/geosparql#hasGeometry": ["http://w3id.org/bb5kbc/site_341_geom"], "http://www.w3.org/1999/02/22-rdf-syntax-ns#type": ["http://w3id.org/bb5kbc/ont/Fundstelle"], "http://www.w3.org/2000/01/rdf-schema#label": ["Sch\u00f6nwalde - 9"], "http://www.w3.org/2004/02/skos/core#prefLabel": ["Sch\u00f6nwalde - 9"]}, "geometry": {"type": "Point", "coordinates": [13.13, 52.61]}}, {"type": "Feature", "id": "http://w3id.org/bb5kbc/site_421", "name": "", "dateprops": [], "properties": {"http://fuzzy-sl.squirrel.link/ontology/certaintyLevel": ["https://fuzzy-sl.wikibase.cloud/entity/Q23"], "http://fuzzy-sl.squirrel.link/ontology/hasLocationType": ["https://fuzzy-sl.wikibase.cloud/entity/Q80"], "http://fuzzy-sl.squirrel.link/ontology/representativeGeometry": ["http://w3id.org/bb5kbc/site_421_geom"], "http://purl.org/dc/terms/identifier": ["421"], "http://rdfs.org/ns/void#inDataset": ["http://w3id.org/bb5kbc/Brandenburg_5000_BC_Data"], "http://w3id.org/bb5kbc/ont/hatFID": ["421"], "http://w3id.org/bb5kbc/ont/hatFundstellenID": ["440"], "http://w3id.org/bb5kbc/ont/hatFundstellenart": ["http://w3id.org/bb5kbc/fundstellenart_376218bc"], "http://w3id.org/bb5kbc/ont/hatGenauigkeit": ["0.0"], "http://w3id.org/bb5kbc/ont/hatKatalognummer": ["28709"], "http://w3id.org/bb5kbc/ont/hatKulturelleZuordnung": ["http://w3id.org/bb5kbc/site_421_culture"], "http://w3id.org/bb5kbc/ont/inGemeinde": ["http://w3id.org/bb5kbc/gemeinde_bd78dc11"], "http://w3id.org/bb5kbc/ont/wurdeEntdecktDurch": ["http://w3id.org/bb5kbc/site_421_discovery"], "http://w3id.org/bb5kbc/ont/wurdeGeoreferenziertDurch": ["http://w3id.org/bb5kbc/site_421_activity"], "http://www.opengis.net/ont/geosparql#hasGeometry": ["http://w3id.org/bb5kbc/site_421_geom"], "http://www.w3.org/1999/02/22-rdf-syntax-ns#type": ["http://w3id.org/bb5kbc/ont/Fundstelle"], "http://www.w3.org/2000/01/rdf-schema#label": ["Treuenbrietzen - 65"], "http://www.w3.org/2004/02/skos/core#prefLabel": ["Treuenbrietzen - 65"]}, "geometry": {"type": "Point", "coordinates": [12.87, 52.07]}}, {"type": "Feature", "id": "http://w3id.org/bb5kbc/site_50", "name": "", "dateprops": [], "properties": {"http://fuzzy-sl.squirrel.link/ontology/certaintyLevel": ["https://fuzzy-sl.wikibase.cloud/entity/Q23"], "http://fuzzy-sl.squirrel.link/ontology/hasLocationType": ["https://fuzzy-sl.wikibase.cloud/entity/Q80"], "http://fuzzy-sl.squirrel.link/ontology/representativeGeometry": ["http://w3id.org/bb5kbc/site_50_geom"], "http://purl.org/dc/terms/identifier": ["50"], "http://rdfs.org/ns/void#inDataset": ["http://w3id.org/bb5kbc/Brandenburg_5000_BC_Data"], "http://w3id.org/bb5kbc/ont/hatFID": ["50"], "http://w3id.org/bb5kbc/ont/hatFundstellenID": ["136"], "http://w3id.org/bb5kbc/ont/hatFundstellenart": ["http://w3id.org/bb5kbc/fundstellenart_376218bc"], "http://w3id.org/bb5kbc/ont/hatGenauigkeit": ["0.0"], "http://w3id.org/bb5kbc/ont/hatKatalognummer": ["9937"], "http://w3id.org/bb5kbc/ont/hatKulturelleZuordnung": ["http://w3id.org/bb5kbc/site_50_culture"], "http://w3id.org/bb5kbc/ont/inGemeinde": ["http://w3id.org/bb5kbc/gemeinde_8885ce4e"], "http://w3id.org/bb5kbc/ont/wurdeEntdecktDurch": ["http://w3id.org/bb5kbc/site_50_discovery"], "http://w3id.org/bb5kbc/ont/wurdeGeoreferenziertDurch": ["http://w3id.org/bb5kbc/site_50_activity"], "http://www.opengis.net/ont/geosparql#hasGeometry": ["http://w3id.org/bb5kbc/site_50_geom"], "http://www.w3.org/1999/02/22-rdf-syntax-ns#type": ["http://w3id.org/bb5kbc/ont/Fundstelle"], "http://www.w3.org/2000/01/rdf-schema#label": ["Gallun 4"], "http://www.w3.org/2004/02/skos/core#prefLabel": ["Gallun 4"]}, "geometry": {"type": "Point", "coordinates": [13.56, 52.25]}}, {"type": "Feature", "id": "http://w3id.org/bb5kbc/site_495", "name": "", "dateprops": [], "properties": {"http://fuzzy-sl.squirrel.link/ontology/certaintyLevel": ["https://fuzzy-sl.wikibase.cloud/entity/Q23"], "http://fuzzy-sl.squirrel.link/ontology/hasLocationType": ["https://fuzzy-sl.wikibase.cloud/entity/Q80"], "http://fuzzy-sl.squirrel.link/ontology/representativeGeometry": ["http://w3id.org/bb5kbc/site_495_geom"], "http://purl.org/dc/terms/identifier": ["495"], "http://rdfs.org/ns/void#inDataset": ["http://w3id.org/bb5kbc/Brandenburg_5000_BC_Data"], "http://w3id.org/bb5kbc/ont/hatFID": ["495"], "http://w3id.org/bb5kbc/ont/hatFundstellenID": ["185"], "http://w3id.org/bb5kbc/ont/hatFundstellenart": ["http://w3id.org/bb5kbc/fundstellenart_376218bc"], "http://w3id.org/bb5kbc/ont/hatGenauigkeit": ["0.0"], "http://w3id.org/bb5kbc/ont/hatKatalognummer": ["37659"], "http://w3id.org/bb5kbc/ont/hatKulturelleZuordnung": ["http://w3id.org/bb5kbc/site_495_culture"], "http://w3id.org/bb5kbc/ont/inGemeinde": ["http://w3id.org/bb5kbc/gemeinde_17f4047a"], "http://w3id.org/bb5kbc/ont/wurdeEntdecktDurch": ["http://w3id.org/bb5kbc/site_495_discovery"], "http://w3id.org/bb5kbc/ont/wurdeGeoreferenziertDurch": ["http://w3id.org/bb5kbc/site_495_activity"], "http://www.opengis.net/ont/geosparql#hasGeometry": ["http://w3id.org/bb5kbc/site_495_geom"], "http://www.w3.org/1999/02/22-rdf-syntax-ns#type": ["http://w3id.org/bb5kbc/ont/Fundstelle"], "http://www.w3.org/2000/01/rdf-schema#label": ["Herzfelde - 32"], "http://www.w3.org/2004/02/skos/core#prefLabel": ["Herzfelde - 32"]}, "geometry": {"type": "Point", "coordinates": [13.63, 53.19]}}, {"type": "Feature", "id": "http://w3id.org/bb5kbc/site_487", "name": "", "dateprops": [], "properties": {"http://fuzzy-sl.squirrel.link/ontology/certaintyLevel": ["https://fuzzy-sl.wikibase.cloud/entity/Q23"], "http://fuzzy-sl.squirrel.link/ontology/hasLocationType": ["https://fuzzy-sl.wikibase.cloud/entity/Q80"], "http://fuzzy-sl.squirrel.link/ontology/representativeGeometry": ["http://w3id.org/bb5kbc/site_487_geom"], "http://purl.org/dc/terms/identifier": ["487"], "http://rdfs.org/ns/void#inDataset": ["http://w3id.org/bb5kbc/Brandenburg_5000_BC_Data"], "http://w3id.org/bb5kbc/ont/hatFID": ["487"], "http://w3id.org/bb5kbc/ont/hatFundstellenID": ["242"], "http://w3id.org/bb5kbc/ont/hatFundstellenart": ["http://w3id.org/bb5kbc/fundstellenart_376218bc"], "http://w3id.org/bb5kbc/ont/hatGenauigkeit": ["0.0"], "http://w3id.org/bb5kbc/ont/hatKatalognummer": ["22298"], "http://w3id.org/bb5kbc/ont/hatKulturelleZuordnung": ["http://w3id.org/bb5kbc/site_487_culture"], "http://w3id.org/bb5kbc/ont/inGemeinde": ["http://w3id.org/bb5kbc/gemeinde_40de695c"], "http://w3id.org/bb5kbc/ont/wurdeEntdecktDurch": ["http://w3id.org/bb5kbc/site_487_discovery"], "http://w3id.org/bb5kbc/ont/wurdeGeoreferenziertDurch": ["http://w3id.org/bb5kbc/site_487_activity"], "http://www.opengis.net/ont/geosparql#hasGeometry": ["http://w3id.org/bb5kbc/site_487_geom"], "http://www.w3.org/1999/02/22-rdf-syntax-ns#type": ["http://w3id.org/bb5kbc/ont/Fundstelle"], "http://www.w3.org/2000/01/rdf-schema#label": ["Kreuzkrug - 12"], "http://www.w3.org/2004/02/skos/core#prefLabel": ["Kreuzkrug - 12"]}, "geometry": {"type": "Point", "coordinates": [13.6, 53.15]}}, {"type": "Feature", "id": "http://w3id.org/bb5kbc/site_574", "name": "", "dateprops": [], "properties": {"http://fuzzy-sl.squirrel.link/ontology/certaintyLevel": ["https://fuzzy-sl.wikibase.cloud/entity/Q23"], "http://fuzzy-sl.squirrel.link/ontology/hasLocationType": ["https://fuzzy-sl.wikibase.cloud/entity/Q80"], "http://fuzzy-sl.squirrel.link/ontology/representativeGeometry": ["http://w3id.org/bb5kbc/site_574_geom"], "http://purl.org/dc/terms/identifier": ["574"], "http://rdfs.org/ns/void#inDataset": ["http://w3id.org/bb5kbc/Brandenburg_5000_BC_Data"], "http://w3id.org/bb5kbc/ont/hatFID": ["574"], "http://w3id.org/bb5kbc/ont/hatFundstellenID": ["302"], "http://w3id.org/bb5kbc/ont/hatFundstellenart": ["http://w3id.org/bb5kbc/fundstellenart_376218bc"], "http://w3id.org/bb5kbc/ont/hatGenauigkeit": ["0.0"], "http://w3id.org/bb5kbc/ont/hatKatalognummer": ["49204"], "http://w3id.org/bb5kbc/ont/hatKulturelleZuordnung": ["http://w3id.org/bb5kbc/site_574_culture"], "http://w3id.org/bb5kbc/ont/hatPublikation": ["http://w3id.org/bb5kbc/pub_05cf84ec"], "http://w3id.org/bb5kbc/ont/inGemeinde": ["http://w3id.org/bb5kbc/gemeinde_7ff1cdab"], "http://w3id.org/bb5kbc/ont/wurdeEntdecktDurch": ["http://w3id.org/bb5kbc/site_574_discovery"], "http://w3id.org/bb5kbc/ont/wurdeGeoreferenziertDurch": ["http://w3id.org/bb5kbc/site_574_activity"], "http://www.opengis.net/ont/geosparql#hasGeometry": ["http://w3id.org/bb5kbc/site_574_geom"], "http://www.w3.org/1999/02/22-rdf-syntax-ns#type": ["http://w3id.org/bb5kbc/ont/Fundstelle"], "http://www.w3.org/2000/01/rdf-schema#label": ["Neuendorf am See 13"], "http://www.w3.org/2004/02/skos/core#prefLabel": ["Neuendorf am See 13"]}, "geometry": {"type": "Point", "coordinates": [13.88, 52.1]}}, {"type": "Feature", "id": "http://w3id.org/bb5kbc/site_277", "name": "", "dateprops": [], "properties": {"http://fuzzy-sl.squirrel.link/ontology/certaintyLevel": ["https://fuzzy-sl.wikibase.cloud/entity/Q23"], "http://fuzzy-sl.squirrel.link/ontology/hasLocationType": ["https://fuzzy-sl.wikibase.cloud/entity/Q80"], "http://fuzzy-sl.squirrel.link/ontology/representativeGeometry": ["http://w3id.org/bb5kbc/site_277_geom"], "http://purl.org/dc/terms/identifier": ["277"], "http://rdfs.org/ns/void#inDataset": ["http://w3id.org/bb5kbc/Brandenburg_5000_BC_Data"], "http://w3id.org/bb5kbc/ont/hatFID": ["277"], "http://w3id.org/bb5kbc/ont/hatFundstellenID": ["495"], "http://w3id.org/bb5kbc/ont/hatFundstellenart": ["http://w3id.org/bb5kbc/fundstellenart_376218bc"], "http://w3id.org/bb5kbc/ont/hatGenauigkeit": ["0.0"], "http://w3id.org/bb5kbc/ont/hatKatalognummer": ["13013"], "http://w3id.org/bb5kbc/ont/hatKulturelleZuordnung": ["http://w3id.org/bb5kbc/site_277_culture"], "http://w3id.org/bb5kbc/ont/inGemeinde": ["http://w3id.org/bb5kbc/gemeinde_b5488fb1"], "http://w3id.org/bb5kbc/ont/wurdeEntdecktDurch": ["http://w3id.org/bb5kbc/site_277_discovery"], "http://w3id.org/bb5kbc/ont/wurdeGeoreferenziertDurch": ["http://w3id.org/bb5kbc/site_277_activity"], "http://www.opengis.net/ont/geosparql#hasGeometry": ["http://w3id.org/bb5kbc/site_277_geom"], "http://www.w3.org/1999/02/22-rdf-syntax-ns#type": ["http://w3id.org/bb5kbc/ont/Fundstelle"], "http://www.w3.org/2000/01/rdf-schema#label": ["Zeestow 8"], "http://www.w3.org/2004/02/skos/core#prefLabel": ["Zeestow 8"]}, "geometry": {"type": "Point", "coordinates": [12.96, 52.58]}}, {"type": "Feature", "id": "http://w3id.org/bb5kbc/site_438", "name": "", "dateprops": [], "properties": {"http://fuzzy-sl.squirrel.link/ontology/certaintyLevel": ["https://fuzzy-sl.wikibase.cloud/entity/Q23"], "http://fuzzy-sl.squirrel.link/ontology/hasLocationType": ["https://fuzzy-sl.wikibase.cloud/entity/Q80"], "http://fuzzy-sl.squirrel.link/ontology/representativeGeometry": ["http://w3id.org/bb5kbc/site_438_geom"], "http://purl.org/dc/terms/identifier": ["438"], "http://rdfs.org/ns/void#inDataset": ["http://w3id.org/bb5kbc/Brandenburg_5000_BC_Data"], "http://w3id.org/bb5kbc/ont/hatFID": ["438"], "http://w3id.org/bb5kbc/ont/hatFundstellenID": ["165"], "http://w3id.org/bb5kbc/ont/hatFundstellenart": ["http://w3id.org/bb5kbc/fundstellenart_376218bc"], "http://w3id.org/bb5kbc/ont/hatGenauigkeit": ["0.0"], "http://w3id.org/bb5kbc/ont/hatKatalognummer": ["44538"], "http://w3id.org/bb5kbc/ont/hatKulturelleZuordnung": ["http://w3id.org/bb5kbc/site_438_culture"], "http://w3id.org/bb5kbc/ont/inGemeinde": ["http://w3id.org/bb5kbc/gemeinde_6d042847"], "http://w3id.org/bb5kbc/ont/wurdeEntdecktDurch": ["http://w3id.org/bb5kbc/site_438_discovery"], "http://w3id.org/bb5kbc/ont/wurdeGeoreferenziertDurch": ["http://w3id.org/bb5kbc/site_438_activity"], "http://www.opengis.net/ont/geosparql#hasGeometry": ["http://w3id.org/bb5kbc/site_438_geom"], "http://www.w3.org/1999/02/22-rdf-syntax-ns#type": ["http://w3id.org/bb5kbc/ont/Fundstelle"], "http://www.w3.org/2000/01/rdf-schema#label": ["Gro\u00df Linde - 47"], "http://www.w3.org/2004/02/skos/core#prefLabel": ["Gro\u00df Linde - 47"]}, "geometry": {"type": "Point", "coordinates": [11.92, 53.12]}}, {"type": "Feature", "id": "http://w3id.org/bb5kbc/site_265", "name": "", "dateprops": [], "properties": {"http://fuzzy-sl.squirrel.link/ontology/certaintyLevel": ["https://fuzzy-sl.wikibase.cloud/entity/Q23"], "http://fuzzy-sl.squirrel.link/ontology/hasLocationType": ["https://fuzzy-sl.wikibase.cloud/entity/Q80"], "http://fuzzy-sl.squirrel.link/ontology/representativeGeometry": ["http://w3id.org/bb5kbc/site_265_geom"], "http://purl.org/dc/terms/identifier": ["265"], "http://rdfs.org/ns/void#inDataset": ["http://w3id.org/bb5kbc/Brandenburg_5000_BC_Data"], "http://w3id.org/bb5kbc/ont/hatFID": ["265"], "http://w3id.org/bb5kbc/ont/hatFundstellenID": ["340"], "http://w3id.org/bb5kbc/ont/hatFundstellenart": ["http://w3id.org/bb5kbc/fundstellenart_1972902b"], "http://w3id.org/bb5kbc/ont/hatGenauigkeit": ["0.0"], "http://w3id.org/bb5kbc/ont/hatKatalognummer": ["43876"], "http://w3id.org/bb5kbc/ont/hatKulturelleZuordnung": ["http://w3id.org/bb5kbc/site_265_culture"], "http://w3id.org/bb5kbc/ont/inGemeinde": ["http://w3id.org/bb5kbc/gemeinde_d5404511"], "http://w3id.org/bb5kbc/ont/wurdeEntdecktDurch": ["http://w3id.org/bb5kbc/site_265_discovery"], "http://w3id.org/bb5kbc/ont/wurdeGeoreferenziertDurch": ["http://w3id.org/bb5kbc/site_265_activity"], "http://www.opengis.net/ont/geosparql#hasGeometry": ["http://w3id.org/bb5kbc/site_265_geom"], "http://www.w3.org/1999/02/22-rdf-syntax-ns#type": ["http://w3id.org/bb5kbc/ont/Fundstelle"], "http://www.w3.org/2000/01/rdf-schema#label": ["Potsdam 3/13 (3)"], "http://www.w3.org/2004/02/skos/core#prefLabel": ["Potsdam 3/13 (3)"]}, "geometry": {"type": "Point", "coordinates": [13.05, 52.4]}}, {"type": "Feature", "id": "http://w3id.org/bb5kbc/site_40", "name": "", "dateprops": [], "properties": {"http://fuzzy-sl.squirrel.link/ontology/certaintyLevel": ["https://fuzzy-sl.wikibase.cloud/entity/Q23"], "http://fuzzy-sl.squirrel.link/ontology/hasLocationType": ["https://fuzzy-sl.wikibase.cloud/entity/Q80"], "http://fuzzy-sl.squirrel.link/ontology/representativeGeometry": ["http://w3id.org/bb5kbc/site_40_geom"], "http://purl.org/dc/terms/identifier": ["40"], "http://rdfs.org/ns/void#inDataset": ["http://w3id.org/bb5kbc/Brandenburg_5000_BC_Data"], "http://w3id.org/bb5kbc/ont/hatFID": ["40"], "http://w3id.org/bb5kbc/ont/hatFundstellenID": ["56"], "http://w3id.org/bb5kbc/ont/hatFundstellenart": ["http://w3id.org/bb5kbc/fundstellenart_1972902b", "http://w3id.org/bb5kbc/fundstellenart_5df80d7e"], "http://w3id.org/bb5kbc/ont/hatGenauigkeit": ["0.0"], "http://w3id.org/bb5kbc/ont/hatKatalognummer": ["9588"], "http://w3id.org/bb5kbc/ont/hatKulturelleZuordnung": ["http://w3id.org/bb5kbc/site_40_culture"], "http://w3id.org/bb5kbc/ont/hatPublikation": ["http://w3id.org/bb5kbc/pub_c7a96985"], "http://w3id.org/bb5kbc/ont/inGemeinde": ["http://w3id.org/bb5kbc/gemeinde_7aa1556f"], "http://w3id.org/bb5kbc/ont/wurdeEntdecktDurch": ["http://w3id.org/bb5kbc/site_40_discovery"], "http://w3id.org/bb5kbc/ont/wurdeGeoreferenziertDurch": ["http://w3id.org/bb5kbc/site_40_activity"], "http://www.opengis.net/ont/geosparql#hasGeometry": ["http://w3id.org/bb5kbc/site_40_geom"], "http://www.w3.org/1999/02/22-rdf-syntax-ns#type": ["http://w3id.org/bb5kbc/ont/Fundstelle"], "http://www.w3.org/2000/01/rdf-schema#label": ["Bochow 16"], "http://www.w3.org/2004/02/skos/core#prefLabel": ["Bochow 16"]}, "geometry": {"type": "Point", "coordinates": [13.08, 51.96]}}, {"type": "Feature", "id": "http://w3id.org/bb5kbc/site_384", "name": "", "dateprops": [], "properties": {"http://fuzzy-sl.squirrel.link/ontology/certaintyLevel": ["https://fuzzy-sl.wikibase.cloud/entity/Q23"], "http://fuzzy-sl.squirrel.link/ontology/hasLocationType": ["https://fuzzy-sl.wikibase.cloud/entity/Q80"], "http://fuzzy-sl.squirrel.link/ontology/representativeGeometry": ["http://w3id.org/bb5kbc/site_384_geom"], "http://purl.org/dc/terms/identifier": ["384"], "http://rdfs.org/ns/void#inDataset": ["http://w3id.org/bb5kbc/Brandenburg_5000_BC_Data"], "http://w3id.org/bb5kbc/ont/hatFID": ["384"], "http://w3id.org/bb5kbc/ont/hatFundstellenID": ["269"], "http://w3id.org/bb5kbc/ont/hatFundstellenart": ["http://w3id.org/bb5kbc/fundstellenart_376218bc"], "http://w3id.org/bb5kbc/ont/hatGenauigkeit": ["0.0"], "http://w3id.org/bb5kbc/ont/hatKatalognummer": ["13284"], "http://w3id.org/bb5kbc/ont/hatKulturelleZuordnung": ["http://w3id.org/bb5kbc/site_384_culture"], "http://w3id.org/bb5kbc/ont/inGemeinde": ["http://w3id.org/bb5kbc/gemeinde_b39b7833"], "http://w3id.org/bb5kbc/ont/wurdeEntdecktDurch": ["http://w3id.org/bb5kbc/site_384_discovery"], "http://w3id.org/bb5kbc/ont/wurdeGeoreferenziertDurch": ["http://w3id.org/bb5kbc/site_384_activity"], "http://www.opengis.net/ont/geosparql#hasGeometry": ["http://w3id.org/bb5kbc/site_384_geom"], "http://www.w3.org/1999/02/22-rdf-syntax-ns#type": ["http://w3id.org/bb5kbc/ont/Fundstelle"], "http://www.w3.org/2000/01/rdf-schema#label": ["L\u00fcchfeld - 2"], "http://www.w3.org/2004/02/skos/core#prefLabel": ["L\u00fcchfeld - 2"]}, "geometry": {"type": "Point", "coordinates": [12.68, 52.87]}}, {"type": "Feature", "id": "http://w3id.org/bb5kbc/site_415", "name": "", "dateprops": [], "properties": {"http://fuzzy-sl.squirrel.link/ontology/certaintyLevel": ["https://fuzzy-sl.wikibase.cloud/entity/Q23"], "http://fuzzy-sl.squirrel.link/ontology/hasLocationType": ["https://fuzzy-sl.wikibase.cloud/entity/Q80"], "http://fuzzy-sl.squirrel.link/ontology/representativeGeometry": ["http://w3id.org/bb5kbc/site_415_geom"], "http://purl.org/dc/terms/identifier": ["415"], "http://rdfs.org/ns/void#inDataset": ["http://w3id.org/bb5kbc/Brandenburg_5000_BC_Data"], "http://w3id.org/bb5kbc/ont/hatFID": ["415"], "http://w3id.org/bb5kbc/ont/hatFundstellenID": ["382"], "http://w3id.org/bb5kbc/ont/hatFundstellenart": ["http://w3id.org/bb5kbc/fundstellenart_376218bc"], "http://w3id.org/bb5kbc/ont/hatGenauigkeit": ["0.0"], "http://w3id.org/bb5kbc/ont/hatKatalognummer": ["15789"], "http://w3id.org/bb5kbc/ont/hatKulturelleZuordnung": ["http://w3id.org/bb5kbc/site_415_culture"], "http://w3id.org/bb5kbc/ont/inGemeinde": ["http://w3id.org/bb5kbc/gemeinde_9df1f628"], "http://w3id.org/bb5kbc/ont/wurdeEntdecktDurch": ["http://w3id.org/bb5kbc/site_415_discovery"], "http://w3id.org/bb5kbc/ont/wurdeGeoreferenziertDurch": ["http://w3id.org/bb5kbc/site_415_activity"], "http://www.opengis.net/ont/geosparql#hasGeometry": ["http://w3id.org/bb5kbc/site_415_geom"], "http://www.w3.org/1999/02/22-rdf-syntax-ns#type": ["http://w3id.org/bb5kbc/ont/Fundstelle"], "http://www.w3.org/2000/01/rdf-schema#label": ["Satzkorn - 2"], "http://www.w3.org/2004/02/skos/core#prefLabel": ["Satzkorn - 2"]}, "geometry": {"type": "Point", "coordinates": [13.0, 52.47]}}, {"type": "Feature", "id": "http://w3id.org/bb5kbc/site_363", "name": "", "dateprops": [], "properties": {"http://fuzzy-sl.squirrel.link/ontology/certaintyLevel": ["https://fuzzy-sl.wikibase.cloud/entity/Q23"], "http://fuzzy-sl.squirrel.link/ontology/hasLocationType": ["https://fuzzy-sl.wikibase.cloud/entity/Q80"], "http://fuzzy-sl.squirrel.link/ontology/representativeGeometry": ["http://w3id.org/bb5kbc/site_363_geom"], "http://purl.org/dc/terms/identifier": ["363"], "http://rdfs.org/ns/void#inDataset": ["http://w3id.org/bb5kbc/Brandenburg_5000_BC_Data"], "http://w3id.org/bb5kbc/ont/hatFID": ["363"], "http://w3id.org/bb5kbc/ont/hatFundstellenID": ["208"], "http://w3id.org/bb5kbc/ont/hatFundstellenart": ["http://w3id.org/bb5kbc/fundstellenart_376218bc"], "http://w3id.org/bb5kbc/ont/hatGenauigkeit": ["0.0"], "http://w3id.org/bb5kbc/ont/hatKatalognummer": ["33363"], "http://w3id.org/bb5kbc/ont/hatKulturelleZuordnung": ["http://w3id.org/bb5kbc/site_363_culture"], "http://w3id.org/bb5kbc/ont/inGemeinde": ["http://w3id.org/bb5kbc/gemeinde_569e340e"], "http://w3id.org/bb5kbc/ont/wurdeEntdecktDurch": ["http://w3id.org/bb5kbc/site_363_discovery"], "http://w3id.org/bb5kbc/ont/wurdeGeoreferenziertDurch": ["http://w3id.org/bb5kbc/site_363_activity"], "http://www.opengis.net/ont/geosparql#hasGeometry": ["http://w3id.org/bb5kbc/site_363_geom"], "http://www.w3.org/1999/02/22-rdf-syntax-ns#type": ["http://w3id.org/bb5kbc/ont/Fundstelle"], "http://www.w3.org/2000/01/rdf-schema#label": ["Kappe - 8"], "http://www.w3.org/2004/02/skos/core#prefLabel": ["Kappe - 8"]}, "geometry": {"type": "Point", "coordinates": [13.42, 52.95]}}, {"type": "Feature", "id": "http://w3id.org/bb5kbc/site_255", "name": "", "dateprops": [], "properties": {"http://fuzzy-sl.squirrel.link/ontology/certaintyLevel": ["https://fuzzy-sl.wikibase.cloud/entity/Q23"], "http://fuzzy-sl.squirrel.link/ontology/hasLocationType": ["https://fuzzy-sl.wikibase.cloud/entity/Q80"], "http://fuzzy-sl.squirrel.link/ontology/representativeGeometry": ["http://w3id.org/bb5kbc/site_255_geom"], "http://purl.org/dc/terms/identifier": ["255"], "http://rdfs.org/ns/void#inDataset": ["http://w3id.org/bb5kbc/Brandenburg_5000_BC_Data"], "http://w3id.org/bb5kbc/ont/hatFID": ["255"], "http://w3id.org/bb5kbc/ont/hatFundstellenID": ["63"], "http://w3id.org/bb5kbc/ont/hatFundstellenart": ["http://w3id.org/bb5kbc/fundstellenart_376218bc"], "http://w3id.org/bb5kbc/ont/hatGenauigkeit": ["0.0"], "http://w3id.org/bb5kbc/ont/hatKatalognummer": ["16004"], "http://w3id.org/bb5kbc/ont/hatKulturelleZuordnung": ["http://w3id.org/bb5kbc/site_255_culture"], "http://w3id.org/bb5kbc/ont/inGemeinde": ["http://w3id.org/bb5kbc/gemeinde_91f15ef0"], "http://w3id.org/bb5kbc/ont/wurdeEntdecktDurch": ["http://w3id.org/bb5kbc/site_255_discovery"], "http://w3id.org/bb5kbc/ont/wurdeGeoreferenziertDurch": ["http://w3id.org/bb5kbc/site_255_activity"], "http://www.opengis.net/ont/geosparql#hasGeometry": ["http://w3id.org/bb5kbc/site_255_geom"], "http://www.w3.org/1999/02/22-rdf-syntax-ns#type": ["http://w3id.org/bb5kbc/ont/Fundstelle"], "http://www.w3.org/2000/01/rdf-schema#label": ["Bornim 8"], "http://www.w3.org/2004/02/skos/core#prefLabel": ["Bornim 8"]}, "geometry": {"type": "Point", "coordinates": [13.01, 52.42]}}, {"type": "Feature", "id": "http://w3id.org/bb5kbc/site_440", "name": "", "dateprops": [], "properties": {"http://fuzzy-sl.squirrel.link/ontology/certaintyLevel": ["https://fuzzy-sl.wikibase.cloud/entity/Q23"], "http://fuzzy-sl.squirrel.link/ontology/hasLocationType": ["https://fuzzy-sl.wikibase.cloud/entity/Q80"], "http://fuzzy-sl.squirrel.link/ontology/representativeGeometry": ["http://w3id.org/bb5kbc/site_440_geom"], "http://purl.org/dc/terms/identifier": ["440"], "http://rdfs.org/ns/void#inDataset": ["http://w3id.org/bb5kbc/Brandenburg_5000_BC_Data"], "http://w3id.org/bb5kbc/ont/hatFID": ["440"], "http://w3id.org/bb5kbc/ont/hatFundstellenID": ["187"], "http://w3id.org/bb5kbc/ont/hatFundstellenart": ["http://w3id.org/bb5kbc/fundstellenart_376218bc"], "http://w3id.org/bb5kbc/ont/hatGenauigkeit": ["0.0"], "http://w3id.org/bb5kbc/ont/hatKatalognummer": ["45346"], "http://w3id.org/bb5kbc/ont/hatKulturelleZuordnung": ["http://w3id.org/bb5kbc/site_440_culture"], "http://w3id.org/bb5kbc/ont/inGemeinde": ["http://w3id.org/bb5kbc/gemeinde_9ac49f61"], "http://w3id.org/bb5kbc/ont/wurdeEntdecktDurch": ["http://w3id.org/bb5kbc/site_440_discovery"], "http://w3id.org/bb5kbc/ont/wurdeGeoreferenziertDurch": ["http://w3id.org/bb5kbc/site_440_activity"], "http://www.opengis.net/ont/geosparql#hasGeometry": ["http://w3id.org/bb5kbc/site_440_geom"], "http://www.w3.org/1999/02/22-rdf-syntax-ns#type": ["http://w3id.org/bb5kbc/ont/Fundstelle"], "http://www.w3.org/2000/01/rdf-schema#label": ["Hinzdorf - 2"], "http://www.w3.org/2004/02/skos/core#prefLabel": ["Hinzdorf - 2"]}, "geometry": {"type": "Point", "coordinates": [11.83, 52.97]}}, {"type": "Feature", "id": "http://w3id.org/bb5kbc/site_253", "name": "", "dateprops": [], "properties": {"http://fuzzy-sl.squirrel.link/ontology/certaintyLevel": ["https://fuzzy-sl.wikibase.cloud/entity/Q23"], "http://fuzzy-sl.squirrel.link/ontology/hasLocationType": ["https://fuzzy-sl.wikibase.cloud/entity/Q80"], "http://fuzzy-sl.squirrel.link/ontology/representativeGeometry": ["http://w3id.org/bb5kbc/site_253_geom"], "http://purl.org/dc/terms/identifier": ["253"], "http://rdfs.org/ns/void#inDataset": ["http://w3id.org/bb5kbc/Brandenburg_5000_BC_Data"], "http://w3id.org/bb5kbc/ont/hatFID": ["253"], "http://w3id.org/bb5kbc/ont/hatFundstellenID": ["28"], "http://w3id.org/bb5kbc/ont/hatFundstellenart": ["http://w3id.org/bb5kbc/fundstellenart_376218bc"], "http://w3id.org/bb5kbc/ont/hatGenauigkeit": ["0.0"], "http://w3id.org/bb5kbc/ont/hatKatalognummer": ["1126"], "http://w3id.org/bb5kbc/ont/hatKulturelleZuordnung": ["http://w3id.org/bb5kbc/site_253_culture"], "http://w3id.org/bb5kbc/ont/inGemeinde": ["http://w3id.org/bb5kbc/gemeinde_894db7a9"], "http://w3id.org/bb5kbc/ont/wurdeEntdecktDurch": ["http://w3id.org/bb5kbc/site_253_discovery"], "http://w3id.org/bb5kbc/ont/wurdeGeoreferenziertDurch": ["http://w3id.org/bb5kbc/site_253_activity"], "http://www.opengis.net/ont/geosparql#hasGeometry": ["http://w3id.org/bb5kbc/site_253_geom"], "http://www.w3.org/1999/02/22-rdf-syntax-ns#type": ["http://w3id.org/bb5kbc/ont/Fundstelle"], "http://www.w3.org/2000/01/rdf-schema#label": ["Beeskow 5"], "http://www.w3.org/2004/02/skos/core#prefLabel": ["Beeskow 5"]}, "geometry": {"type": "Point", "coordinates": [14.3, 52.17]}}, {"type": "Feature", "id": "http://w3id.org/bb5kbc/site_272", "name": "", "dateprops": [], "properties": {"http://fuzzy-sl.squirrel.link/ontology/certaintyLevel": ["https://fuzzy-sl.wikibase.cloud/entity/Q23"], "http://fuzzy-sl.squirrel.link/ontology/hasLocationType": ["https://fuzzy-sl.wikibase.cloud/entity/Q80"], "http://fuzzy-sl.squirrel.link/ontology/representativeGeometry": ["http://w3id.org/bb5kbc/site_272_geom"], "http://purl.org/dc/terms/identifier": ["272"], "http://rdfs.org/ns/void#inDataset": ["http://w3id.org/bb5kbc/Brandenburg_5000_BC_Data"], "http://w3id.org/bb5kbc/ont/hatFID": ["272"], "http://w3id.org/bb5kbc/ont/hatFundstellenID": ["453"], "http://w3id.org/bb5kbc/ont/hatFundstellenart": ["http://w3id.org/bb5kbc/fundstellenart_376218bc"], "http://w3id.org/bb5kbc/ont/hatGenauigkeit": ["0.0"], "http://w3id.org/bb5kbc/ont/hatKatalognummer": ["12906"], "http://w3id.org/bb5kbc/ont/hatKulturelleZuordnung": ["http://w3id.org/bb5kbc/site_272_culture"], "http://w3id.org/bb5kbc/ont/inGemeinde": ["http://w3id.org/bb5kbc/gemeinde_0be828be"], "http://w3id.org/bb5kbc/ont/wurdeEntdecktDurch": ["http://w3id.org/bb5kbc/site_272_discovery"], "http://w3id.org/bb5kbc/ont/wurdeGeoreferenziertDurch": ["http://w3id.org/bb5kbc/site_272_activity"], "http://www.opengis.net/ont/geosparql#hasGeometry": ["http://w3id.org/bb5kbc/site_272_geom"], "http://www.w3.org/1999/02/22-rdf-syntax-ns#type": ["http://w3id.org/bb5kbc/ont/Fundstelle"], "http://www.w3.org/2000/01/rdf-schema#label": ["Wachow 5"], "http://www.w3.org/2004/02/skos/core#prefLabel": ["Wachow 5"]}, "geometry": {"type": "Point", "coordinates": [12.76, 52.54]}}, {"type": "Feature", "id": "http://w3id.org/bb5kbc/site_357", "name": "", "dateprops": [], "properties": {"http://fuzzy-sl.squirrel.link/ontology/certaintyLevel": ["https://fuzzy-sl.wikibase.cloud/entity/Q23"], "http://fuzzy-sl.squirrel.link/ontology/hasLocationType": ["https://fuzzy-sl.wikibase.cloud/entity/Q80"], "http://fuzzy-sl.squirrel.link/ontology/representativeGeometry": ["http://w3id.org/bb5kbc/site_357_geom"], "http://purl.org/dc/terms/identifier": ["357"], "http://rdfs.org/ns/void#inDataset": ["http://w3id.org/bb5kbc/Brandenburg_5000_BC_Data"], "http://w3id.org/bb5kbc/ont/hatFID": ["357"], "http://w3id.org/bb5kbc/ont/hatFundstellenID": ["498"], "http://w3id.org/bb5kbc/ont/hatFundstellenart": ["http://w3id.org/bb5kbc/fundstellenart_376218bc"], "http://w3id.org/bb5kbc/ont/hatGenauigkeit": ["0.0"], "http://w3id.org/bb5kbc/ont/hatKatalognummer": ["33359"], "http://w3id.org/bb5kbc/ont/hatKulturelleZuordnung": ["http://w3id.org/bb5kbc/site_357_culture"], "http://w3id.org/bb5kbc/ont/inGemeinde": ["http://w3id.org/bb5kbc/gemeinde_c8396f9c"], "http://w3id.org/bb5kbc/ont/wurdeEntdecktDurch": ["http://w3id.org/bb5kbc/site_357_discovery"], "http://w3id.org/bb5kbc/ont/wurdeGeoreferenziertDurch": ["http://w3id.org/bb5kbc/site_357_activity"], "http://www.opengis.net/ont/geosparql#hasGeometry": ["http://w3id.org/bb5kbc/site_357_geom"], "http://www.w3.org/1999/02/22-rdf-syntax-ns#type": ["http://w3id.org/bb5kbc/ont/Fundstelle"], "http://www.w3.org/2000/01/rdf-schema#label": ["Zehdenick - 33"], "http://www.w3.org/2004/02/skos/core#prefLabel": ["Zehdenick - 33"]}, "geometry": {"type": "Point", "coordinates": [13.36, 53.02]}}, {"type": "Feature", "id": "http://w3id.org/bb5kbc/site_474", "name": "", "dateprops": [], "properties": {"http://fuzzy-sl.squirrel.link/ontology/certaintyLevel": ["https://fuzzy-sl.wikibase.cloud/entity/Q23"], "http://fuzzy-sl.squirrel.link/ontology/hasLocationType": ["https://fuzzy-sl.wikibase.cloud/entity/Q80"], "http://fuzzy-sl.squirrel.link/ontology/representativeGeometry": ["http://w3id.org/bb5kbc/site_474_geom"], "http://purl.org/dc/terms/identifier": ["474"], "http://rdfs.org/ns/void#inDataset": ["http://w3id.org/bb5kbc/Brandenburg_5000_BC_Data"], "http://w3id.org/bb5kbc/ont/hatFID": ["474"], "http://w3id.org/bb5kbc/ont/hatFundstellenID": ["193"], "http://w3id.org/bb5kbc/ont/hatFundstellenart": ["http://w3id.org/bb5kbc/fundstellenart_376218bc"], "http://w3id.org/bb5kbc/ont/hatGenauigkeit": ["0.0"], "http://w3id.org/bb5kbc/ont/hatKatalognummer": ["566"], "http://w3id.org/bb5kbc/ont/hatKulturelleZuordnung": ["http://w3id.org/bb5kbc/site_474_culture"], "http://w3id.org/bb5kbc/ont/inGemeinde": ["http://w3id.org/bb5kbc/gemeinde_b82232f1"], "http://w3id.org/bb5kbc/ont/wurdeEntdecktDurch": ["http://w3id.org/bb5kbc/site_474_discovery"], "http://w3id.org/bb5kbc/ont/wurdeGeoreferenziertDurch": ["http://w3id.org/bb5kbc/site_474_activity"], "http://www.opengis.net/ont/geosparql#hasGeometry": ["http://w3id.org/bb5kbc/site_474_geom"], "http://www.w3.org/1999/02/22-rdf-syntax-ns#type": ["http://w3id.org/bb5kbc/ont/Fundstelle"], "http://www.w3.org/2000/01/rdf-schema#label": ["Hohenlandin - 10"], "http://www.w3.org/2004/02/skos/core#prefLabel": ["Hohenlandin - 10"]}, "geometry": {"type": "Point", "coordinates": [14.12, 53.1]}}, {"type": "Feature", "id": "http://w3id.org/bb5kbc/site_382", "name": "", "dateprops": [], "properties": {"http://fuzzy-sl.squirrel.link/ontology/certaintyLevel": ["https://fuzzy-sl.wikibase.cloud/entity/Q23"], "http://fuzzy-sl.squirrel.link/ontology/hasLocationType": ["https://fuzzy-sl.wikibase.cloud/entity/Q80"], "http://fuzzy-sl.squirrel.link/ontology/representativeGeometry": ["http://w3id.org/bb5kbc/site_382_geom"], "http://purl.org/dc/terms/identifier": ["382"], "http://rdfs.org/ns/void#inDataset": ["http://w3id.org/bb5kbc/Brandenburg_5000_BC_Data"], "http://w3id.org/bb5kbc/ont/hatFID": ["382"], "http://w3id.org/bb5kbc/ont/hatFundstellenID": ["184"], "http://w3id.org/bb5kbc/ont/hatFundstellenart": ["http://w3id.org/bb5kbc/fundstellenart_376218bc"], "http://w3id.org/bb5kbc/ont/hatGenauigkeit": ["0.0"], "http://w3id.org/bb5kbc/ont/hatKatalognummer": ["13155"], "http://w3id.org/bb5kbc/ont/hatKulturelleZuordnung": ["http://w3id.org/bb5kbc/site_382_culture"], "http://w3id.org/bb5kbc/ont/inGemeinde": ["http://w3id.org/bb5kbc/gemeinde_1832f521"], "http://w3id.org/bb5kbc/ont/wurdeEntdecktDurch": ["http://w3id.org/bb5kbc/site_382_discovery"], "http://w3id.org/bb5kbc/ont/wurdeGeoreferenziertDurch": ["http://w3id.org/bb5kbc/site_382_activity"], "http://www.opengis.net/ont/geosparql#hasGeometry": ["http://w3id.org/bb5kbc/site_382_geom"], "http://www.w3.org/1999/02/22-rdf-syntax-ns#type": ["http://w3id.org/bb5kbc/ont/Fundstelle"], "http://www.w3.org/2000/01/rdf-schema#label": ["Herzberg - 4"], "http://www.w3.org/2004/02/skos/core#prefLabel": ["Herzberg - 4"]}, "geometry": {"type": "Point", "coordinates": [12.96, 52.92]}}, {"type": "Feature", "id": "http://w3id.org/bb5kbc/site_498", "name": "", "dateprops": [], "properties": {"http://fuzzy-sl.squirrel.link/ontology/certaintyLevel": ["https://fuzzy-sl.wikibase.cloud/entity/Q23"], "http://fuzzy-sl.squirrel.link/ontology/hasLocationType": ["https://fuzzy-sl.wikibase.cloud/entity/Q80"], "http://fuzzy-sl.squirrel.link/ontology/representativeGeometry": ["http://w3id.org/bb5kbc/site_498_geom"], "http://purl.org/dc/terms/identifier": ["498"], "http://rdfs.org/ns/void#inDataset": ["http://w3id.org/bb5kbc/Brandenburg_5000_BC_Data"], "http://w3id.org/bb5kbc/ont/hatFID": ["498"], "http://w3id.org/bb5kbc/ont/hatFundstellenID": ["169"], "http://w3id.org/bb5kbc/ont/hatFundstellenart": ["http://w3id.org/bb5kbc/fundstellenart_376218bc"], "http://w3id.org/bb5kbc/ont/hatGenauigkeit": ["0.0"], "http://w3id.org/bb5kbc/ont/hatKatalognummer": ["17034"], "http://w3id.org/bb5kbc/ont/hatKulturelleZuordnung": ["http://w3id.org/bb5kbc/site_498_culture"], "http://w3id.org/bb5kbc/ont/inGemeinde": ["http://w3id.org/bb5kbc/gemeinde_15becd4c"], "http://w3id.org/bb5kbc/ont/wurdeEntdecktDurch": ["http://w3id.org/bb5kbc/site_498_discovery"], "http://w3id.org/bb5kbc/ont/wurdeGeoreferenziertDurch": ["http://w3id.org/bb5kbc/site_498_activity"], "http://www.opengis.net/ont/geosparql#hasGeometry": ["http://w3id.org/bb5kbc/site_498_geom"], "http://www.w3.org/1999/02/22-rdf-syntax-ns#type": ["http://w3id.org/bb5kbc/ont/Fundstelle"], "http://www.w3.org/2000/01/rdf-schema#label": ["Gr\u00fcnberg - 7"], "http://www.w3.org/2004/02/skos/core#prefLabel": ["Gr\u00fcnberg - 7"]}, "geometry": {"type": "Point", "coordinates": [14.12, 53.36]}}, {"type": "Feature", "id": "http://w3id.org/bb5kbc/site_299", "name": "", "dateprops": [], "properties": {"http://fuzzy-sl.squirrel.link/ontology/certaintyLevel": ["https://fuzzy-sl.wikibase.cloud/entity/Q23"], "http://fuzzy-sl.squirrel.link/ontology/hasLocationType": ["https://fuzzy-sl.wikibase.cloud/entity/Q80"], "http://fuzzy-sl.squirrel.link/ontology/representativeGeometry": ["http://w3id.org/bb5kbc/site_299_geom"], "http://purl.org/dc/terms/identifier": ["299"], "http://rdfs.org/ns/void#inDataset": ["http://w3id.org/bb5kbc/Brandenburg_5000_BC_Data"], "http://w3id.org/bb5kbc/ont/hatFID": ["299"], "http://w3id.org/bb5kbc/ont/hatFundstellenID": ["341"], "http://w3id.org/bb5kbc/ont/hatFundstellenart": ["http://w3id.org/bb5kbc/fundstellenart_376218bc"], "http://w3id.org/bb5kbc/ont/hatGenauigkeit": ["0.0"], "http://w3id.org/bb5kbc/ont/hatKatalognummer": ["46520"], "http://w3id.org/bb5kbc/ont/hatKulturelleZuordnung": ["http://w3id.org/bb5kbc/site_299_culture"], "http://w3id.org/bb5kbc/ont/inGemeinde": ["http://w3id.org/bb5kbc/gemeinde_d5404511"], "http://w3id.org/bb5kbc/ont/wurdeEntdecktDurch": ["http://w3id.org/bb5kbc/site_299_discovery"], "http://w3id.org/bb5kbc/ont/wurdeGeoreferenziertDurch": ["http://w3id.org/bb5kbc/site_299_activity"], "http://www.opengis.net/ont/geosparql#hasGeometry": ["http://w3id.org/bb5kbc/site_299_geom"], "http://www.w3.org/1999/02/22-rdf-syntax-ns#type": ["http://w3id.org/bb5kbc/ont/Fundstelle"], "http://www.w3.org/2000/01/rdf-schema#label": ["Potsdam 3/15 (3)"], "http://www.w3.org/2004/02/skos/core#prefLabel": ["Potsdam 3/15 (3)"]}, "geometry": {"type": "Point", "coordinates": [13.07, 52.4]}}, {"type": "Feature", "id": "http://w3id.org/bb5kbc/site_413", "name": "", "dateprops": [], "properties": {"http://fuzzy-sl.squirrel.link/ontology/certaintyLevel": ["https://fuzzy-sl.wikibase.cloud/entity/Q23"], "http://fuzzy-sl.squirrel.link/ontology/hasLocationType": ["https://fuzzy-sl.wikibase.cloud/entity/Q80"], "http://fuzzy-sl.squirrel.link/ontology/representativeGeometry": ["http://w3id.org/bb5kbc/site_413_geom"], "http://purl.org/dc/terms/identifier": ["413"], "http://rdfs.org/ns/void#inDataset": ["http://w3id.org/bb5kbc/Brandenburg_5000_BC_Data"], "http://w3id.org/bb5kbc/ont/hatFID": ["413"], "http://w3id.org/bb5kbc/ont/hatFundstellenID": ["239"], "http://w3id.org/bb5kbc/ont/hatFundstellenart": ["http://w3id.org/bb5kbc/fundstellenart_376218bc"], "http://w3id.org/bb5kbc/ont/hatGenauigkeit": ["0.0"], "http://w3id.org/bb5kbc/ont/hatKatalognummer": ["15571"], "http://w3id.org/bb5kbc/ont/hatKulturelleZuordnung": ["http://w3id.org/bb5kbc/site_413_culture"], "http://w3id.org/bb5kbc/ont/inGemeinde": ["http://w3id.org/bb5kbc/gemeinde_c2503a4e"], "http://w3id.org/bb5kbc/ont/wurdeEntdecktDurch": ["http://w3id.org/bb5kbc/site_413_discovery"], "http://w3id.org/bb5kbc/ont/wurdeGeoreferenziertDurch": ["http://w3id.org/bb5kbc/site_413_activity"], "http://www.opengis.net/ont/geosparql#hasGeometry": ["http://w3id.org/bb5kbc/site_413_geom"], "http://www.w3.org/1999/02/22-rdf-syntax-ns#type": ["http://w3id.org/bb5kbc/ont/Fundstelle"], "http://www.w3.org/2000/01/rdf-schema#label": ["Krampnitz - 3"], "http://www.w3.org/2004/02/skos/core#prefLabel": ["Krampnitz - 3"]}, "geometry": {"type": "Point", "coordinates": [13.05, 52.46]}}, {"type": "Feature", "id": "http://w3id.org/bb5kbc/site_462", "name": "", "dateprops": [], "properties": {"http://fuzzy-sl.squirrel.link/ontology/certaintyLevel": ["https://fuzzy-sl.wikibase.cloud/entity/Q23"], "http://fuzzy-sl.squirrel.link/ontology/hasLocationType": ["https://fuzzy-sl.wikibase.cloud/entity/Q80"], "http://fuzzy-sl.squirrel.link/ontology/representativeGeometry": ["http://w3id.org/bb5kbc/site_462_geom"], "http://purl.org/dc/terms/identifier": ["462"], "http://rdfs.org/ns/void#inDataset": ["http://w3id.org/bb5kbc/Brandenburg_5000_BC_Data"], "http://w3id.org/bb5kbc/ont/hatFID": ["462"], "http://w3id.org/bb5kbc/ont/hatFundstellenID": ["216"], "http://w3id.org/bb5kbc/ont/hatFundstellenart": ["http://w3id.org/bb5kbc/fundstellenart_376218bc"], "http://w3id.org/bb5kbc/ont/hatGenauigkeit": ["0.0"], "http://w3id.org/bb5kbc/ont/hatKatalognummer": ["24339"], "http://w3id.org/bb5kbc/ont/hatKulturelleZuordnung": ["http://w3id.org/bb5kbc/site_462_culture"], "http://w3id.org/bb5kbc/ont/inGemeinde": ["http://w3id.org/bb5kbc/gemeinde_f3241fbb"], "http://w3id.org/bb5kbc/ont/wurdeEntdecktDurch": ["http://w3id.org/bb5kbc/site_462_discovery"], "http://w3id.org/bb5kbc/ont/wurdeGeoreferenziertDurch": ["http://w3id.org/bb5kbc/site_462_activity"], "http://www.opengis.net/ont/geosparql#hasGeometry": ["http://w3id.org/bb5kbc/site_462_geom"], "http://www.w3.org/1999/02/22-rdf-syntax-ns#type": ["http://w3id.org/bb5kbc/ont/Fundstelle"], "http://www.w3.org/2000/01/rdf-schema#label": ["Klein Kienitz - 9"], "http://www.w3.org/2004/02/skos/core#prefLabel": ["Klein Kienitz - 9"]}, "geometry": {"type": "Point", "coordinates": [13.47, 52.31]}}, {"type": "Feature", "id": "http://w3id.org/bb5kbc/site_293", "name": "", "dateprops": [], "properties": {"http://fuzzy-sl.squirrel.link/ontology/certaintyLevel": ["https://fuzzy-sl.wikibase.cloud/entity/Q23"], "http://fuzzy-sl.squirrel.link/ontology/hasLocationType": ["https://fuzzy-sl.wikibase.cloud/entity/Q80"], "http://fuzzy-sl.squirrel.link/ontology/representativeGeometry": ["http://w3id.org/bb5kbc/site_293_geom"], "http://purl.org/dc/terms/identifier": ["293"], "http://rdfs.org/ns/void#inDataset": ["http://w3id.org/bb5kbc/Brandenburg_5000_BC_Data"], "http://w3id.org/bb5kbc/ont/hatFID": ["293"], "http://w3id.org/bb5kbc/ont/hatFundstellenID": ["211"], "http://w3id.org/bb5kbc/ont/hatFundstellenart": ["http://w3id.org/bb5kbc/fundstellenart_376218bc"], "http://w3id.org/bb5kbc/ont/hatGenauigkeit": ["0.0"], "http://w3id.org/bb5kbc/ont/hatKatalognummer": ["12602"], "http://w3id.org/bb5kbc/ont/hatKulturelleZuordnung": ["http://w3id.org/bb5kbc/site_293_culture"], "http://w3id.org/bb5kbc/ont/inGemeinde": ["http://w3id.org/bb5kbc/gemeinde_3b84f8ca"], "http://w3id.org/bb5kbc/ont/wurdeEntdecktDurch": ["http://w3id.org/bb5kbc/site_293_discovery"], "http://w3id.org/bb5kbc/ont/wurdeGeoreferenziertDurch": ["http://w3id.org/bb5kbc/site_293_activity"], "http://www.opengis.net/ont/geosparql#hasGeometry": ["http://w3id.org/bb5kbc/site_293_geom"], "http://www.w3.org/1999/02/22-rdf-syntax-ns#type": ["http://w3id.org/bb5kbc/ont/Fundstelle"], "http://www.w3.org/2000/01/rdf-schema#label": ["Ketzin 14"], "http://www.w3.org/2004/02/skos/core#prefLabel": ["Ketzin 14"]}, "geometry": {"type": "Point", "coordinates": [12.86, 52.47]}}, {"type": "Feature", "id": "http://w3id.org/bb5kbc/site_469", "name": "", "dateprops": [], "properties": {"http://fuzzy-sl.squirrel.link/ontology/certaintyLevel": ["https://fuzzy-sl.wikibase.cloud/entity/Q23"], "http://fuzzy-sl.squirrel.link/ontology/hasLocationType": ["https://fuzzy-sl.wikibase.cloud/entity/Q80"], "http://fuzzy-sl.squirrel.link/ontology/representativeGeometry": ["http://w3id.org/bb5kbc/site_469_geom"], "http://purl.org/dc/terms/identifier": ["469"], "http://rdfs.org/ns/void#inDataset": ["http://w3id.org/bb5kbc/Brandenburg_5000_BC_Data"], "http://w3id.org/bb5kbc/ont/hatFID": ["469"], "http://w3id.org/bb5kbc/ont/hatFundstellenID": ["139"], "http://w3id.org/bb5kbc/ont/hatFundstellenart": ["http://w3id.org/bb5kbc/fundstellenart_376218bc"], "http://w3id.org/bb5kbc/ont/hatGenauigkeit": ["0.0"], "http://w3id.org/bb5kbc/ont/hatKatalognummer": ["450"], "http://w3id.org/bb5kbc/ont/hatKulturelleZuordnung": ["http://w3id.org/bb5kbc/site_469_culture"], "http://w3id.org/bb5kbc/ont/inGemeinde": ["http://w3id.org/bb5kbc/gemeinde_8d594034"], "http://w3id.org/bb5kbc/ont/wurdeEntdecktDurch": ["http://w3id.org/bb5kbc/site_469_discovery"], "http://w3id.org/bb5kbc/ont/wurdeGeoreferenziertDurch": ["http://w3id.org/bb5kbc/site_469_activity"], "http://www.opengis.net/ont/geosparql#hasGeometry": ["http://w3id.org/bb5kbc/site_469_geom"], "http://www.w3.org/1999/02/22-rdf-syntax-ns#type": ["http://w3id.org/bb5kbc/ont/Fundstelle"], "http://www.w3.org/2000/01/rdf-schema#label": ["Gellmersdorf - 8"], "http://www.w3.org/2004/02/skos/core#prefLabel": ["Gellmersdorf - 8"]}, "geometry": {"type": "Point", "coordinates": [14.06, 52.96]}}, {"type": "Feature", "id": "http://w3id.org/bb5kbc/site_418", "name": "", "dateprops": [], "properties": {"http://fuzzy-sl.squirrel.link/ontology/certaintyLevel": ["https://fuzzy-sl.wikibase.cloud/entity/Q23"], "http://fuzzy-sl.squirrel.link/ontology/hasLocationType": ["https://fuzzy-sl.wikibase.cloud/entity/Q80"], "http://fuzzy-sl.squirrel.link/ontology/representativeGeometry": ["http://w3id.org/bb5kbc/site_418_geom"], "http://purl.org/dc/terms/identifier": ["418"], "http://rdfs.org/ns/void#inDataset": ["http://w3id.org/bb5kbc/Brandenburg_5000_BC_Data"], "http://w3id.org/bb5kbc/ont/hatFID": ["418"], "http://w3id.org/bb5kbc/ont/hatFundstellenID": ["274"], "http://w3id.org/bb5kbc/ont/hatFundstellenart": ["http://w3id.org/bb5kbc/fundstellenart_376218bc"], "http://w3id.org/bb5kbc/ont/hatGenauigkeit": ["0.0"], "http://w3id.org/bb5kbc/ont/hatKatalognummer": ["25452"], "http://w3id.org/bb5kbc/ont/hatKulturelleZuordnung": ["http://w3id.org/bb5kbc/site_418_culture"], "http://w3id.org/bb5kbc/ont/inGemeinde": ["http://w3id.org/bb5kbc/gemeinde_6581ad87"], "http://w3id.org/bb5kbc/ont/wurdeEntdecktDurch": ["http://w3id.org/bb5kbc/site_418_discovery"], "http://w3id.org/bb5kbc/ont/wurdeGeoreferenziertDurch": ["http://w3id.org/bb5kbc/site_418_activity"], "http://www.opengis.net/ont/geosparql#hasGeometry": ["http://w3id.org/bb5kbc/site_418_geom"], "http://www.w3.org/1999/02/22-rdf-syntax-ns#type": ["http://w3id.org/bb5kbc/ont/Fundstelle"], "http://www.w3.org/2000/01/rdf-schema#label": ["Marquardt - 14"], "http://www.w3.org/2004/02/skos/core#prefLabel": ["Marquardt - 14"]}, "geometry": {"type": "Point", "coordinates": [12.96, 52.46]}}, {"type": "Feature", "id": "http://w3id.org/bb5kbc/site_305", "name": "", "dateprops": [], "properties": {"http://fuzzy-sl.squirrel.link/ontology/certaintyLevel": ["https://fuzzy-sl.wikibase.cloud/entity/Q23"], "http://fuzzy-sl.squirrel.link/ontology/hasLocationType": ["https://fuzzy-sl.wikibase.cloud/entity/Q80"], "http://fuzzy-sl.squirrel.link/ontology/representativeGeometry": ["http://w3id.org/bb5kbc/site_305_geom"], "http://purl.org/dc/terms/identifier": ["305"], "http://rdfs.org/ns/void#inDataset": ["http://w3id.org/bb5kbc/Brandenburg_5000_BC_Data"], "http://w3id.org/bb5kbc/ont/hatFID": ["305"], "http://w3id.org/bb5kbc/ont/hatFundstellenID": ["109"], "http://w3id.org/bb5kbc/ont/hatFundstellenart": ["http://w3id.org/bb5kbc/fundstellenart_376218bc"], "http://w3id.org/bb5kbc/ont/hatGenauigkeit": ["0.0"], "http://w3id.org/bb5kbc/ont/hatKatalognummer": ["51785"], "http://w3id.org/bb5kbc/ont/hatKulturelleZuordnung": ["http://w3id.org/bb5kbc/site_305_culture"], "http://w3id.org/bb5kbc/ont/inGemeinde": ["http://w3id.org/bb5kbc/gemeinde_03bc2ce1"], "http://w3id.org/bb5kbc/ont/wurdeEntdecktDurch": ["http://w3id.org/bb5kbc/site_305_discovery"], "http://w3id.org/bb5kbc/ont/wurdeGeoreferenziertDurch": ["http://w3id.org/bb5kbc/site_305_activity"], "http://www.opengis.net/ont/geosparql#hasGeometry": ["http://w3id.org/bb5kbc/site_305_geom"], "http://www.w3.org/1999/02/22-rdf-syntax-ns#type": ["http://w3id.org/bb5kbc/ont/Fundstelle"], "http://www.w3.org/2000/01/rdf-schema#label": ["Eichhorst - 8"], "http://www.w3.org/2004/02/skos/core#prefLabel": ["Eichhorst - 8"]}, "geometry": {"type": "Point", "coordinates": [13.65, 52.91]}}, {"type": "Feature", "id": "http://w3id.org/bb5kbc/site_361", "name": "", "dateprops": [], "properties": {"http://fuzzy-sl.squirrel.link/ontology/certaintyLevel": ["https://fuzzy-sl.wikibase.cloud/entity/Q23"], "http://fuzzy-sl.squirrel.link/ontology/hasLocationType": ["https://fuzzy-sl.wikibase.cloud/entity/Q80"], "http://fuzzy-sl.squirrel.link/ontology/representativeGeometry": ["http://w3id.org/bb5kbc/site_361_geom"], "http://purl.org/dc/terms/identifier": ["361"], "http://rdfs.org/ns/void#inDataset": ["http://w3id.org/bb5kbc/Brandenburg_5000_BC_Data"], "http://w3id.org/bb5kbc/ont/hatFID": ["361"], "http://w3id.org/bb5kbc/ont/hatFundstellenID": ["22"], "http://w3id.org/bb5kbc/ont/hatFundstellenart": ["http://w3id.org/bb5kbc/fundstellenart_376218bc"], "http://w3id.org/bb5kbc/ont/hatGenauigkeit": ["0.0"], "http://w3id.org/bb5kbc/ont/hatKatalognummer": ["28695"], "http://w3id.org/bb5kbc/ont/hatKulturelleZuordnung": ["http://w3id.org/bb5kbc/site_361_culture"], "http://w3id.org/bb5kbc/ont/inGemeinde": ["http://w3id.org/bb5kbc/gemeinde_41748915"], "http://w3id.org/bb5kbc/ont/wurdeEntdecktDurch": ["http://w3id.org/bb5kbc/site_361_discovery"], "http://w3id.org/bb5kbc/ont/wurdeGeoreferenziertDurch": ["http://w3id.org/bb5kbc/site_361_activity"], "http://www.opengis.net/ont/geosparql#hasGeometry": ["http://w3id.org/bb5kbc/site_361_geom"], "http://www.w3.org/1999/02/22-rdf-syntax-ns#type": ["http://w3id.org/bb5kbc/ont/Fundstelle"], "http://www.w3.org/2000/01/rdf-schema#label": ["Badingen - 7"], "http://www.w3.org/2004/02/skos/core#prefLabel": ["Badingen - 7"]}, "geometry": {"type": "Point", "coordinates": [13.25, 53.01]}}, {"type": "Feature", "id": "http://w3id.org/bb5kbc/site_352", "name": "", "dateprops": [], "properties": {"http://fuzzy-sl.squirrel.link/ontology/certaintyLevel": ["https://fuzzy-sl.wikibase.cloud/entity/Q23"], "http://fuzzy-sl.squirrel.link/ontology/hasLocationType": ["https://fuzzy-sl.wikibase.cloud/entity/Q80"], "http://fuzzy-sl.squirrel.link/ontology/representativeGeometry": ["http://w3id.org/bb5kbc/site_352_geom"], "http://purl.org/dc/terms/identifier": ["352"], "http://rdfs.org/ns/void#inDataset": ["http://w3id.org/bb5kbc/Brandenburg_5000_BC_Data"], "http://w3id.org/bb5kbc/ont/hatFID": ["352"], "http://w3id.org/bb5kbc/ont/hatFundstellenID": ["244"], "http://w3id.org/bb5kbc/ont/hatFundstellenart": ["http://w3id.org/bb5kbc/fundstellenart_376218bc"], "http://w3id.org/bb5kbc/ont/hatGenauigkeit": ["0.0"], "http://w3id.org/bb5kbc/ont/hatKatalognummer": ["7659"], "http://w3id.org/bb5kbc/ont/hatKulturelleZuordnung": ["http://w3id.org/bb5kbc/site_352_culture"], "http://w3id.org/bb5kbc/ont/inGemeinde": ["http://w3id.org/bb5kbc/gemeinde_f4e93f80"], "http://w3id.org/bb5kbc/ont/wurdeEntdecktDurch": ["http://w3id.org/bb5kbc/site_352_discovery"], "http://w3id.org/bb5kbc/ont/wurdeGeoreferenziertDurch": ["http://w3id.org/bb5kbc/site_352_activity"], "http://www.opengis.net/ont/geosparql#hasGeometry": ["http://w3id.org/bb5kbc/site_352_geom"], "http://www.w3.org/1999/02/22-rdf-syntax-ns#type": ["http://w3id.org/bb5kbc/ont/Fundstelle"], "http://www.w3.org/2000/01/rdf-schema#label": ["Krewelin - 2"], "http://www.w3.org/2004/02/skos/core#prefLabel": ["Krewelin - 2"]}, "geometry": {"type": "Point", "coordinates": [13.41, 52.95]}}, {"type": "Feature", "id": "http://w3id.org/bb5kbc/site_39", "name": "", "dateprops": [], "properties": {"http://fuzzy-sl.squirrel.link/ontology/certaintyLevel": ["https://fuzzy-sl.wikibase.cloud/entity/Q23"], "http://fuzzy-sl.squirrel.link/ontology/hasLocationType": ["https://fuzzy-sl.wikibase.cloud/entity/Q80"], "http://fuzzy-sl.squirrel.link/ontology/representativeGeometry": ["http://w3id.org/bb5kbc/site_39_geom"], "http://purl.org/dc/terms/identifier": ["39"], "http://rdfs.org/ns/void#inDataset": ["http://w3id.org/bb5kbc/Brandenburg_5000_BC_Data"], "http://w3id.org/bb5kbc/ont/hatFID": ["39"], "http://w3id.org/bb5kbc/ont/hatFundstellenID": ["57"], "http://w3id.org/bb5kbc/ont/hatFundstellenart": ["http://w3id.org/bb5kbc/fundstellenart_376218bc"], "http://w3id.org/bb5kbc/ont/hatGenauigkeit": ["0.0"], "http://w3id.org/bb5kbc/ont/hatKatalognummer": ["9574"], "http://w3id.org/bb5kbc/ont/hatKulturelleZuordnung": ["http://w3id.org/bb5kbc/site_39_culture"], "http://w3id.org/bb5kbc/ont/hatPublikation": ["http://w3id.org/bb5kbc/pub_05cf84ec"], "http://w3id.org/bb5kbc/ont/inGemeinde": ["http://w3id.org/bb5kbc/gemeinde_7aa1556f"], "http://w3id.org/bb5kbc/ont/wurdeEntdecktDurch": ["http://w3id.org/bb5kbc/site_39_discovery"], "http://w3id.org/bb5kbc/ont/wurdeGeoreferenziertDurch": ["http://w3id.org/bb5kbc/site_39_activity"], "http://www.opengis.net/ont/geosparql#hasGeometry": ["http://w3id.org/bb5kbc/site_39_geom"], "http://www.w3.org/1999/02/22-rdf-syntax-ns#type": ["http://w3id.org/bb5kbc/ont/Fundstelle"], "http://www.w3.org/2000/01/rdf-schema#label": ["Bochow 2"], "http://www.w3.org/2004/02/skos/core#prefLabel": ["Bochow 2"]}, "geometry": {"type": "Point", "coordinates": [13.07, 51.96]}}, {"type": "Feature", "id": "http://w3id.org/bb5kbc/site_400", "name": "", "dateprops": [], "properties": {"http://fuzzy-sl.squirrel.link/ontology/certaintyLevel": ["https://fuzzy-sl.wikibase.cloud/entity/Q23"], "http://fuzzy-sl.squirrel.link/ontology/hasLocationType": ["https://fuzzy-sl.wikibase.cloud/entity/Q80"], "http://fuzzy-sl.squirrel.link/ontology/representativeGeometry": ["http://w3id.org/bb5kbc/site_400_geom"], "http://purl.org/dc/terms/identifier": ["400"], "http://rdfs.org/ns/void#inDataset": ["http://w3id.org/bb5kbc/Brandenburg_5000_BC_Data"], "http://w3id.org/bb5kbc/ont/hatFID": ["400"], "http://w3id.org/bb5kbc/ont/hatFundstellenID": ["336"], "http://w3id.org/bb5kbc/ont/hatFundstellenart": ["http://w3id.org/bb5kbc/fundstellenart_376218bc"], "http://w3id.org/bb5kbc/ont/hatGenauigkeit": ["0.0"], "http://w3id.org/bb5kbc/ont/hatKatalognummer": ["16062"], "http://w3id.org/bb5kbc/ont/hatKulturelleZuordnung": ["http://w3id.org/bb5kbc/site_400_culture"], "http://w3id.org/bb5kbc/ont/inGemeinde": ["http://w3id.org/bb5kbc/gemeinde_d5404511"], "http://w3id.org/bb5kbc/ont/wurdeEntdecktDurch": ["http://w3id.org/bb5kbc/site_400_discovery"], "http://w3id.org/bb5kbc/ont/wurdeGeoreferenziertDurch": ["http://w3id.org/bb5kbc/site_400_activity"], "http://www.opengis.net/ont/geosparql#hasGeometry": ["http://w3id.org/bb5kbc/site_400_geom"], "http://www.w3.org/1999/02/22-rdf-syntax-ns#type": ["http://w3id.org/bb5kbc/ont/Fundstelle"], "http://www.w3.org/2000/01/rdf-schema#label": ["Potsdam - 21"], "http://www.w3.org/2004/02/skos/core#prefLabel": ["Potsdam - 21"]}, "geometry": {"type": "Point", "coordinates": [13.09, 52.38]}}, {"type": "Feature", "id": "http://w3id.org/bb5kbc/site_54", "name": "", "dateprops": [], "properties": {"http://fuzzy-sl.squirrel.link/ontology/certaintyLevel": ["https://fuzzy-sl.wikibase.cloud/entity/Q23"], "http://fuzzy-sl.squirrel.link/ontology/hasLocationType": ["https://fuzzy-sl.wikibase.cloud/entity/Q80"], "http://fuzzy-sl.squirrel.link/ontology/representativeGeometry": ["http://w3id.org/bb5kbc/site_54_geom"], "http://purl.org/dc/terms/identifier": ["54"], "http://rdfs.org/ns/void#inDataset": ["http://w3id.org/bb5kbc/Brandenburg_5000_BC_Data"], "http://w3id.org/bb5kbc/ont/hatFID": ["54"], "http://w3id.org/bb5kbc/ont/hatFundstellenID": ["207"], "http://w3id.org/bb5kbc/ont/hatFundstellenart": ["http://w3id.org/bb5kbc/fundstellenart_e5b4c377"], "http://w3id.org/bb5kbc/ont/hatGenauigkeit": ["0.0"], "http://w3id.org/bb5kbc/ont/hatKatalognummer": ["11688"], "http://w3id.org/bb5kbc/ont/hatKulturelleZuordnung": ["http://w3id.org/bb5kbc/site_54_culture"], "http://w3id.org/bb5kbc/ont/hatPublikation": ["http://w3id.org/bb5kbc/pub_9056d6a4"], "http://w3id.org/bb5kbc/ont/inGemeinde": ["http://w3id.org/bb5kbc/gemeinde_4eab58dc"], "http://w3id.org/bb5kbc/ont/wurdeEntdecktDurch": ["http://w3id.org/bb5kbc/site_54_discovery"], "http://w3id.org/bb5kbc/ont/wurdeGeoreferenziertDurch": ["http://w3id.org/bb5kbc/site_54_activity"], "http://www.opengis.net/ont/geosparql#hasGeometry": ["http://w3id.org/bb5kbc/site_54_geom"], "http://www.w3.org/1999/02/22-rdf-syntax-ns#type": ["http://w3id.org/bb5kbc/ont/Fundstelle"], "http://www.w3.org/2000/01/rdf-schema#label": ["Kaden 4"], "http://www.w3.org/2004/02/skos/core#prefLabel": ["Kaden 4"]}, "geometry": {"type": "Point", "coordinates": [13.8, 51.91]}}, {"type": "Feature", "id": "http://w3id.org/bb5kbc/site_256", "name": "", "dateprops": [], "properties": {"http://fuzzy-sl.squirrel.link/ontology/certaintyLevel": ["https://fuzzy-sl.wikibase.cloud/entity/Q23"], "http://fuzzy-sl.squirrel.link/ontology/hasLocationType": ["https://fuzzy-sl.wikibase.cloud/entity/Q80"], "http://fuzzy-sl.squirrel.link/ontology/representativeGeometry": ["http://w3id.org/bb5kbc/site_256_geom"], "http://purl.org/dc/terms/identifier": ["256"], "http://rdfs.org/ns/void#inDataset": ["http://w3id.org/bb5kbc/Brandenburg_5000_BC_Data"], "http://w3id.org/bb5kbc/ont/hatFID": ["256"], "http://w3id.org/bb5kbc/ont/hatFundstellenID": ["76"], "http://w3id.org/bb5kbc/ont/hatFundstellenart": ["http://w3id.org/bb5kbc/fundstellenart_376218bc"], "http://w3id.org/bb5kbc/ont/hatGenauigkeit": ["0.0"], "http://w3id.org/bb5kbc/ont/hatKatalognummer": ["16446"], "http://w3id.org/bb5kbc/ont/hatKulturelleZuordnung": ["http://w3id.org/bb5kbc/site_256_culture"], "http://w3id.org/bb5kbc/ont/inGemeinde": ["http://w3id.org/bb5kbc/gemeinde_4c9b4dd1"], "http://w3id.org/bb5kbc/ont/wurdeEntdecktDurch": ["http://w3id.org/bb5kbc/site_256_discovery"], "http://w3id.org/bb5kbc/ont/wurdeGeoreferenziertDurch": ["http://w3id.org/bb5kbc/site_256_activity"], "http://www.opengis.net/ont/geosparql#hasGeometry": ["http://w3id.org/bb5kbc/site_256_geom"], "http://www.w3.org/1999/02/22-rdf-syntax-ns#type": ["http://w3id.org/bb5kbc/ont/Fundstelle"], "http://www.w3.org/2000/01/rdf-schema#label": ["Br\u00fcssow 67"], "http://www.w3.org/2004/02/skos/core#prefLabel": ["Br\u00fcssow 67"]}, "geometry": {"type": "Point", "coordinates": [14.11, 53.42]}}, {"type": "Feature", "id": "http://w3id.org/bb5kbc/site_507", "name": "", "dateprops": [], "properties": {"http://fuzzy-sl.squirrel.link/ontology/certaintyLevel": ["https://fuzzy-sl.wikibase.cloud/entity/Q23"], "http://fuzzy-sl.squirrel.link/ontology/hasLocationType": ["https://fuzzy-sl.wikibase.cloud/entity/Q80"], "http://fuzzy-sl.squirrel.link/ontology/representativeGeometry": ["http://w3id.org/bb5kbc/site_507_geom"], "http://purl.org/dc/terms/identifier": ["507"], "http://rdfs.org/ns/void#inDataset": ["http://w3id.org/bb5kbc/Brandenburg_5000_BC_Data"], "http://w3id.org/bb5kbc/ont/hatFID": ["507"], "http://w3id.org/bb5kbc/ont/hatFundstellenID": ["255"], "http://w3id.org/bb5kbc/ont/hatFundstellenart": ["http://w3id.org/bb5kbc/fundstellenart_376218bc"], "http://w3id.org/bb5kbc/ont/hatGenauigkeit": ["0.0"], "http://w3id.org/bb5kbc/ont/hatKulturelleZuordnung": ["http://w3id.org/bb5kbc/site_507_culture"], "http://w3id.org/bb5kbc/ont/inGemeinde": ["http://w3id.org/bb5kbc/gemeinde_9d6c06e1"], "http://w3id.org/bb5kbc/ont/wurdeEntdecktDurch": ["http://w3id.org/bb5kbc/site_507_discovery"], "http://w3id.org/bb5kbc/ont/wurdeGeoreferenziertDurch": ["http://w3id.org/bb5kbc/site_507_activity"], "http://www.opengis.net/ont/geosparql#hasGeometry": ["http://w3id.org/bb5kbc/site_507_geom"], "http://www.w3.org/1999/02/22-rdf-syntax-ns#type": ["http://w3id.org/bb5kbc/ont/Fundstelle"], "http://www.w3.org/2000/01/rdf-schema#label": ["Leibsch 10"], "http://www.w3.org/2004/02/skos/core#prefLabel": ["Leibsch 10"]}, "geometry": {"type": "Point", "coordinates": [13.86, 52.09]}}, {"type": "Feature", "id": "http://w3id.org/bb5kbc/site_473", "name": "", "dateprops": [], "properties": {"http://fuzzy-sl.squirrel.link/ontology/certaintyLevel": ["https://fuzzy-sl.wikibase.cloud/entity/Q23"], "http://fuzzy-sl.squirrel.link/ontology/hasLocationType": ["https://fuzzy-sl.wikibase.cloud/entity/Q80"], "http://fuzzy-sl.squirrel.link/ontology/representativeGeometry": ["http://w3id.org/bb5kbc/site_473_geom"], "http://purl.org/dc/terms/identifier": ["473"], "http://rdfs.org/ns/void#inDataset": ["http://w3id.org/bb5kbc/Brandenburg_5000_BC_Data"], "http://w3id.org/bb5kbc/ont/hatFID": ["473"], "http://w3id.org/bb5kbc/ont/hatFundstellenID": ["174"], "http://w3id.org/bb5kbc/ont/hatFundstellenart": ["http://w3id.org/bb5kbc/fundstellenart_376218bc"], "http://w3id.org/bb5kbc/ont/hatGenauigkeit": ["0.0"], "http://w3id.org/bb5kbc/ont/hatKatalognummer": ["532"], "http://w3id.org/bb5kbc/ont/hatKulturelleZuordnung": ["http://w3id.org/bb5kbc/site_473_culture"], "http://w3id.org/bb5kbc/ont/inGemeinde": ["http://w3id.org/bb5kbc/gemeinde_65612e3d"], "http://w3id.org/bb5kbc/ont/wurdeEntdecktDurch": ["http://w3id.org/bb5kbc/site_473_discovery"], "http://w3id.org/bb5kbc/ont/wurdeGeoreferenziertDurch": ["http://w3id.org/bb5kbc/site_473_activity"], "http://www.opengis.net/ont/geosparql#hasGeometry": ["http://w3id.org/bb5kbc/site_473_geom"], "http://www.w3.org/1999/02/22-rdf-syntax-ns#type": ["http://w3id.org/bb5kbc/ont/Fundstelle"], "http://www.w3.org/2000/01/rdf-schema#label": ["G\u00fcnterberg - 13"], "http://www.w3.org/2004/02/skos/core#prefLabel": ["G\u00fcnterberg - 13"]}, "geometry": {"type": "Point", "coordinates": [13.98, 53.11]}}, {"type": "Feature", "id": "http://w3id.org/bb5kbc/site_80", "name": "", "dateprops": [], "properties": {"http://fuzzy-sl.squirrel.link/ontology/certaintyLevel": ["https://fuzzy-sl.wikibase.cloud/entity/Q23"], "http://fuzzy-sl.squirrel.link/ontology/hasLocationType": ["https://fuzzy-sl.wikibase.cloud/entity/Q80"], "http://fuzzy-sl.squirrel.link/ontology/representativeGeometry": ["http://w3id.org/bb5kbc/site_80_geom"], "http://purl.org/dc/terms/identifier": ["80"], "http://rdfs.org/ns/void#inDataset": ["http://w3id.org/bb5kbc/Brandenburg_5000_BC_Data"], "http://w3id.org/bb5kbc/ont/hatFID": ["80"], "http://w3id.org/bb5kbc/ont/hatFundstellenID": ["406"], "http://w3id.org/bb5kbc/ont/hatFundstellenart": ["http://w3id.org/bb5kbc/fundstellenart_1972902b"], "http://w3id.org/bb5kbc/ont/hatGenauigkeit": ["0.0"], "http://w3id.org/bb5kbc/ont/hatKatalognummer": ["55005"], "http://w3id.org/bb5kbc/ont/hatKulturelleZuordnung": ["http://w3id.org/bb5kbc/site_80_culture"], "http://w3id.org/bb5kbc/ont/hatPublikation": ["http://w3id.org/bb5kbc/pub_a8377c99"], "http://w3id.org/bb5kbc/ont/hatScherbe": ["http://w3id.org/bb5kbc/sherd_02807cc2", "http://w3id.org/bb5kbc/sherd_28dfc2ab"], "http://w3id.org/bb5kbc/ont/inGemeinde": ["http://w3id.org/bb5kbc/gemeinde_96434152"], "http://w3id.org/bb5kbc/ont/wurdeEntdecktDurch": ["http://w3id.org/bb5kbc/site_80_discovery"], "http://w3id.org/bb5kbc/ont/wurdeGeoreferenziertDurch": ["http://w3id.org/bb5kbc/site_80_activity"], "http://www.opengis.net/ont/geosparql#hasGeometry": ["http://w3id.org/bb5kbc/site_80_geom"], "http://www.w3.org/1999/02/22-rdf-syntax-ns#type": ["http://w3id.org/bb5kbc/ont/Fundstelle"], "http://www.w3.org/2000/01/rdf-schema#label": ["Seelow 20"], "http://www.w3.org/2004/02/skos/core#prefLabel": ["Seelow 20"]}, "geometry": {"type": "Point", "coordinates": [14.38, 52.55]}}, {"type": "Feature", "id": "http://w3id.org/bb5kbc/site_387", "name": "", "dateprops": [], "properties": {"http://fuzzy-sl.squirrel.link/ontology/certaintyLevel": ["https://fuzzy-sl.wikibase.cloud/entity/Q23"], "http://fuzzy-sl.squirrel.link/ontology/hasLocationType": ["https://fuzzy-sl.wikibase.cloud/entity/Q80"], "http://fuzzy-sl.squirrel.link/ontology/representativeGeometry": ["http://w3id.org/bb5kbc/site_387_geom"], "http://purl.org/dc/terms/identifier": ["387"], "http://rdfs.org/ns/void#inDataset": ["http://w3id.org/bb5kbc/Brandenburg_5000_BC_Data"], "http://w3id.org/bb5kbc/ont/hatFID": ["387"], "http://w3id.org/bb5kbc/ont/hatFundstellenID": ["492"], "http://w3id.org/bb5kbc/ont/hatFundstellenart": ["http://w3id.org/bb5kbc/fundstellenart_376218bc"], "http://w3id.org/bb5kbc/ont/hatGenauigkeit": ["0.0"], "http://w3id.org/bb5kbc/ont/hatKatalognummer": ["13499"], "http://w3id.org/bb5kbc/ont/hatKulturelleZuordnung": ["http://w3id.org/bb5kbc/site_387_culture"], "http://w3id.org/bb5kbc/ont/inGemeinde": ["http://w3id.org/bb5kbc/gemeinde_01aebe87"], "http://w3id.org/bb5kbc/ont/wurdeEntdecktDurch": ["http://w3id.org/bb5kbc/site_387_discovery"], "http://w3id.org/bb5kbc/ont/wurdeGeoreferenziertDurch": ["http://w3id.org/bb5kbc/site_387_activity"], "http://www.opengis.net/ont/geosparql#hasGeometry": ["http://w3id.org/bb5kbc/site_387_geom"], "http://www.w3.org/1999/02/22-rdf-syntax-ns#type": ["http://w3id.org/bb5kbc/ont/Fundstelle"], "http://www.w3.org/2000/01/rdf-schema#label": ["Zechliner H\u00fctte - 2"], "http://www.w3.org/2004/02/skos/core#prefLabel": ["Zechliner H\u00fctte - 2"]}, "geometry": {"type": "Point", "coordinates": [12.86, 53.17]}}, {"type": "Feature", "id": "http://w3id.org/bb5kbc/site_353", "name": "", "dateprops": [], "properties": {"http://fuzzy-sl.squirrel.link/ontology/certaintyLevel": ["https://fuzzy-sl.wikibase.cloud/entity/Q23"], "http://fuzzy-sl.squirrel.link/ontology/hasLocationType": ["https://fuzzy-sl.wikibase.cloud/entity/Q80"], "http://fuzzy-sl.squirrel.link/ontology/representativeGeometry": ["http://w3id.org/bb5kbc/site_353_geom"], "http://purl.org/dc/terms/identifier": ["353"], "http://rdfs.org/ns/void#inDataset": ["http://w3id.org/bb5kbc/Brandenburg_5000_BC_Data"], "http://w3id.org/bb5kbc/ont/hatFID": ["353"], "http://w3id.org/bb5kbc/ont/hatFundstellenID": ["21"], "http://w3id.org/bb5kbc/ont/hatFundstellenart": ["http://w3id.org/bb5kbc/fundstellenart_376218bc"], "http://w3id.org/bb5kbc/ont/hatGenauigkeit": ["0.0"], "http://w3id.org/bb5kbc/ont/hatKatalognummer": ["7547"], "http://w3id.org/bb5kbc/ont/hatKulturelleZuordnung": ["http://w3id.org/bb5kbc/site_353_culture"], "http://w3id.org/bb5kbc/ont/inGemeinde": ["http://w3id.org/bb5kbc/gemeinde_41748915"], "http://w3id.org/bb5kbc/ont/wurdeEntdecktDurch": ["http://w3id.org/bb5kbc/site_353_discovery"], "http://w3id.org/bb5kbc/ont/wurdeGeoreferenziertDurch": ["http://w3id.org/bb5kbc/site_353_activity"], "http://www.opengis.net/ont/geosparql#hasGeometry": ["http://w3id.org/bb5kbc/site_353_geom"], "http://www.w3.org/1999/02/22-rdf-syntax-ns#type": ["http://w3id.org/bb5kbc/ont/Fundstelle"], "http://www.w3.org/2000/01/rdf-schema#label": ["Badingen - 4"], "http://www.w3.org/2004/02/skos/core#prefLabel": ["Badingen - 4"]}, "geometry": {"type": "Point", "coordinates": [13.25, 53.02]}}, {"type": "Feature", "id": "http://w3id.org/bb5kbc/site_444", "name": "", "dateprops": [], "properties": {"http://fuzzy-sl.squirrel.link/ontology/certaintyLevel": ["https://fuzzy-sl.wikibase.cloud/entity/Q23"], "http://fuzzy-sl.squirrel.link/ontology/hasLocationType": ["https://fuzzy-sl.wikibase.cloud/entity/Q80"], "http://fuzzy-sl.squirrel.link/ontology/representativeGeometry": ["http://w3id.org/bb5kbc/site_444_geom"], "http://purl.org/dc/terms/identifier": ["444"], "http://rdfs.org/ns/void#inDataset": ["http://w3id.org/bb5kbc/Brandenburg_5000_BC_Data"], "http://w3id.org/bb5kbc/ont/hatFID": ["444"], "http://w3id.org/bb5kbc/ont/hatFundstellenID": ["53"], "http://w3id.org/bb5kbc/ont/hatFundstellenart": ["http://w3id.org/bb5kbc/fundstellenart_376218bc"], "http://w3id.org/bb5kbc/ont/hatGenauigkeit": ["0.0"], "http://w3id.org/bb5kbc/ont/hatKatalognummer": ["12051"], "http://w3id.org/bb5kbc/ont/hatKulturelleZuordnung": ["http://w3id.org/bb5kbc/site_444_culture"], "http://w3id.org/bb5kbc/ont/inGemeinde": ["http://w3id.org/bb5kbc/gemeinde_0e7e4009"], "http://w3id.org/bb5kbc/ont/wurdeEntdecktDurch": ["http://w3id.org/bb5kbc/site_444_discovery"], "http://w3id.org/bb5kbc/ont/wurdeGeoreferenziertDurch": ["http://w3id.org/bb5kbc/site_444_activity"], "http://www.opengis.net/ont/geosparql#hasGeometry": ["http://w3id.org/bb5kbc/site_444_geom"], "http://www.w3.org/1999/02/22-rdf-syntax-ns#type": ["http://w3id.org/bb5kbc/ont/Fundstelle"], "http://www.w3.org/2000/01/rdf-schema#label": ["Blankensee - 4"], "http://www.w3.org/2004/02/skos/core#prefLabel": ["Blankensee - 4"]}, "geometry": {"type": "Point", "coordinates": [13.14, 52.24]}}, {"type": "Feature", "id": "http://w3id.org/bb5kbc/site_19", "name": "", "dateprops": [], "properties": {"http://fuzzy-sl.squirrel.link/ontology/certaintyLevel": ["https://fuzzy-sl.wikibase.cloud/entity/Q23"], "http://fuzzy-sl.squirrel.link/ontology/hasLocationType": ["https://fuzzy-sl.wikibase.cloud/entity/Q80"], "http://fuzzy-sl.squirrel.link/ontology/representativeGeometry": ["http://w3id.org/bb5kbc/site_19_geom"], "http://purl.org/dc/terms/identifier": ["19"], "http://rdfs.org/ns/void#inDataset": ["http://w3id.org/bb5kbc/Brandenburg_5000_BC_Data"], "http://w3id.org/bb5kbc/ont/hatFID": ["19"], "http://w3id.org/bb5kbc/ont/hatFundstellenID": ["311"], "http://w3id.org/bb5kbc/ont/hatFundstellenart": ["http://w3id.org/bb5kbc/fundstellenart_376218bc"], "http://w3id.org/bb5kbc/ont/hatGenauigkeit": ["0.0"], "http://w3id.org/bb5kbc/ont/hatKatalognummer": ["340"], "http://w3id.org/bb5kbc/ont/hatKulturelleZuordnung": ["http://w3id.org/bb5kbc/site_19_culture"], "http://w3id.org/bb5kbc/ont/hatPublikation": ["http://w3id.org/bb5kbc/pub_c5110572"], "http://w3id.org/bb5kbc/ont/inGemeinde": ["http://w3id.org/bb5kbc/gemeinde_b71ac0c3"], "http://w3id.org/bb5kbc/ont/wurdeEntdecktDurch": ["http://w3id.org/bb5kbc/site_19_discovery"], "http://w3id.org/bb5kbc/ont/wurdeGeoreferenziertDurch": ["http://w3id.org/bb5kbc/site_19_activity"], "http://www.opengis.net/ont/geosparql#hasGeometry": ["http://w3id.org/bb5kbc/site_19_geom"], "http://www.w3.org/1999/02/22-rdf-syntax-ns#type": ["http://w3id.org/bb5kbc/ont/Fundstelle"], "http://www.w3.org/2000/01/rdf-schema#label": ["Niederm\u00f6llern (OT von M\u00f6llern) 8"], "http://www.w3.org/2004/02/skos/core#prefLabel": ["Niederm\u00f6llern (OT von M\u00f6llern) 8"]}, "geometry": {"type": "Point", "coordinates": [11.71, 51.16]}}, {"type": "Feature", "id": "http://w3id.org/bb5kbc/site_349", "name": "", "dateprops": [], "properties": {"http://fuzzy-sl.squirrel.link/ontology/certaintyLevel": ["https://fuzzy-sl.wikibase.cloud/entity/Q23"], "http://fuzzy-sl.squirrel.link/ontology/hasLocationType": ["https://fuzzy-sl.wikibase.cloud/entity/Q80"], "http://fuzzy-sl.squirrel.link/ontology/representativeGeometry": ["http://w3id.org/bb5kbc/site_349_geom"], "http://purl.org/dc/terms/identifier": ["349"], "http://rdfs.org/ns/void#inDataset": ["http://w3id.org/bb5kbc/Brandenburg_5000_BC_Data"], "http://w3id.org/bb5kbc/ont/hatFID": ["349"], "http://w3id.org/bb5kbc/ont/hatFundstellenID": ["369"], "http://w3id.org/bb5kbc/ont/hatFundstellenart": ["http://w3id.org/bb5kbc/fundstellenart_376218bc"], "http://w3id.org/bb5kbc/ont/hatGenauigkeit": ["0.0"], "http://w3id.org/bb5kbc/ont/hatKatalognummer": ["59396"], "http://w3id.org/bb5kbc/ont/hatKulturelleZuordnung": ["http://w3id.org/bb5kbc/site_349_culture"], "http://w3id.org/bb5kbc/ont/inGemeinde": ["http://w3id.org/bb5kbc/gemeinde_beacd9bd"], "http://w3id.org/bb5kbc/ont/wurdeEntdecktDurch": ["http://w3id.org/bb5kbc/site_349_discovery"], "http://w3id.org/bb5kbc/ont/wurdeGeoreferenziertDurch": ["http://w3id.org/bb5kbc/site_349_activity"], "http://www.opengis.net/ont/geosparql#hasGeometry": ["http://w3id.org/bb5kbc/site_349_geom"], "http://www.w3.org/1999/02/22-rdf-syntax-ns#type": ["http://w3id.org/bb5kbc/ont/Fundstelle"], "http://www.w3.org/2000/01/rdf-schema#label": ["Rhinow - 32"], "http://www.w3.org/2004/02/skos/core#prefLabel": ["Rhinow - 32"]}, "geometry": {"type": "Point", "coordinates": [12.36, 52.77]}}, {"type": "Feature", "id": "http://w3id.org/bb5kbc/site_302", "name": "", "dateprops": [], "properties": {"http://fuzzy-sl.squirrel.link/ontology/certaintyLevel": ["https://fuzzy-sl.wikibase.cloud/entity/Q23"], "http://fuzzy-sl.squirrel.link/ontology/hasLocationType": ["https://fuzzy-sl.wikibase.cloud/entity/Q80"], "http://fuzzy-sl.squirrel.link/ontology/representativeGeometry": ["http://w3id.org/bb5kbc/site_302_geom"], "http://purl.org/dc/terms/identifier": ["302"], "http://rdfs.org/ns/void#inDataset": ["http://w3id.org/bb5kbc/Brandenburg_5000_BC_Data"], "http://w3id.org/bb5kbc/ont/hatFID": ["302"], "http://w3id.org/bb5kbc/ont/hatFundstellenID": ["383"], "http://w3id.org/bb5kbc/ont/hatFundstellenart": ["http://w3id.org/bb5kbc/fundstellenart_1972902b"], "http://w3id.org/bb5kbc/ont/hatGenauigkeit": ["0.0"], "http://w3id.org/bb5kbc/ont/hatKatalognummer": ["58270"], "http://w3id.org/bb5kbc/ont/hatKulturelleZuordnung": ["http://w3id.org/bb5kbc/site_302_culture"], "http://w3id.org/bb5kbc/ont/inGemeinde": ["http://w3id.org/bb5kbc/gemeinde_9df1f628"], "http://w3id.org/bb5kbc/ont/wurdeEntdecktDurch": ["http://w3id.org/bb5kbc/site_302_discovery"], "http://w3id.org/bb5kbc/ont/wurdeGeoreferenziertDurch": ["http://w3id.org/bb5kbc/site_302_activity"], "http://www.opengis.net/ont/geosparql#hasGeometry": ["http://w3id.org/bb5kbc/site_302_geom"], "http://www.w3.org/1999/02/22-rdf-syntax-ns#type": ["http://w3id.org/bb5kbc/ont/Fundstelle"], "http://www.w3.org/2000/01/rdf-schema#label": ["Satzkorn 37"], "http://www.w3.org/2004/02/skos/core#prefLabel": ["Satzkorn 37"]}, "geometry": {"type": "Point", "coordinates": [12.99, 52.48]}}, {"type": "Feature", "id": "http://w3id.org/bb5kbc/site_383", "name": "", "dateprops": [], "properties": {"http://fuzzy-sl.squirrel.link/ontology/certaintyLevel": ["https://fuzzy-sl.wikibase.cloud/entity/Q23"], "http://fuzzy-sl.squirrel.link/ontology/hasLocationType": ["https://fuzzy-sl.wikibase.cloud/entity/Q80"], "http://fuzzy-sl.squirrel.link/ontology/representativeGeometry": ["http://w3id.org/bb5kbc/site_383_geom"], "http://purl.org/dc/terms/identifier": ["383"], "http://rdfs.org/ns/void#inDataset": ["http://w3id.org/bb5kbc/Brandenburg_5000_BC_Data"], "http://w3id.org/bb5kbc/ont/hatFID": ["383"], "http://w3id.org/bb5kbc/ont/hatFundstellenID": ["254"], "http://w3id.org/bb5kbc/ont/hatFundstellenart": ["http://w3id.org/bb5kbc/fundstellenart_376218bc"], "http://w3id.org/bb5kbc/ont/hatGenauigkeit": ["0.0"], "http://w3id.org/bb5kbc/ont/hatKatalognummer": ["13236"], "http://w3id.org/bb5kbc/ont/hatKulturelleZuordnung": ["http://w3id.org/bb5kbc/site_383_culture"], "http://w3id.org/bb5kbc/ont/inGemeinde": ["http://w3id.org/bb5kbc/gemeinde_47f3b243"], "http://w3id.org/bb5kbc/ont/wurdeEntdecktDurch": ["http://w3id.org/bb5kbc/site_383_discovery"], "http://w3id.org/bb5kbc/ont/wurdeGeoreferenziertDurch": ["http://w3id.org/bb5kbc/site_383_activity"], "http://www.opengis.net/ont/geosparql#hasGeometry": ["http://w3id.org/bb5kbc/site_383_geom"], "http://www.w3.org/1999/02/22-rdf-syntax-ns#type": ["http://w3id.org/bb5kbc/ont/Fundstelle"], "http://www.w3.org/2000/01/rdf-schema#label": ["Langen - 1"], "http://www.w3.org/2004/02/skos/core#prefLabel": ["Langen - 1"]}, "geometry": {"type": "Point", "coordinates": [12.8, 52.83]}}, {"type": "Feature", "id": "http://w3id.org/bb5kbc/site_288", "name": "", "dateprops": [], "properties": {"http://fuzzy-sl.squirrel.link/ontology/certaintyLevel": ["https://fuzzy-sl.wikibase.cloud/entity/Q23"], "http://fuzzy-sl.squirrel.link/ontology/hasLocationType": ["https://fuzzy-sl.wikibase.cloud/entity/Q80"], "http://fuzzy-sl.squirrel.link/ontology/representativeGeometry": ["http://w3id.org/bb5kbc/site_288_geom"], "http://purl.org/dc/terms/identifier": ["288"], "http://rdfs.org/ns/void#inDataset": ["http://w3id.org/bb5kbc/Brandenburg_5000_BC_Data"], "http://w3id.org/bb5kbc/ont/hatFID": ["288"], "http://w3id.org/bb5kbc/ont/hatFundstellenID": ["148"], "http://w3id.org/bb5kbc/ont/hatFundstellenart": ["http://w3id.org/bb5kbc/fundstellenart_1972902b"], "http://w3id.org/bb5kbc/ont/hatGenauigkeit": ["0.0"], "http://w3id.org/bb5kbc/ont/hatKatalognummer": ["12540"], "http://w3id.org/bb5kbc/ont/hatKulturelleZuordnung": ["http://w3id.org/bb5kbc/site_288_culture"], "http://w3id.org/bb5kbc/ont/inGemeinde": ["http://w3id.org/bb5kbc/gemeinde_f70b4861"], "http://w3id.org/bb5kbc/ont/wurdeEntdecktDurch": ["http://w3id.org/bb5kbc/site_288_discovery"], "http://w3id.org/bb5kbc/ont/wurdeGeoreferenziertDurch": ["http://w3id.org/bb5kbc/site_288_activity"], "http://www.opengis.net/ont/geosparql#hasGeometry": ["http://w3id.org/bb5kbc/site_288_geom"], "http://www.w3.org/1999/02/22-rdf-syntax-ns#type": ["http://w3id.org/bb5kbc/ont/Fundstelle"], "http://www.w3.org/2000/01/rdf-schema#label": ["Gohlitz 5"], "http://www.w3.org/2004/02/skos/core#prefLabel": ["Gohlitz 5"]}, "geometry": {"type": "Point", "coordinates": [12.78, 52.54]}}, {"type": "Feature", "id": "http://w3id.org/bb5kbc/site_401", "name": "", "dateprops": [], "properties": {"http://fuzzy-sl.squirrel.link/ontology/certaintyLevel": ["https://fuzzy-sl.wikibase.cloud/entity/Q23"], "http://fuzzy-sl.squirrel.link/ontology/hasLocationType": ["https://fuzzy-sl.wikibase.cloud/entity/Q80"], "http://fuzzy-sl.squirrel.link/ontology/representativeGeometry": ["http://w3id.org/bb5kbc/site_401_geom"], "http://purl.org/dc/terms/identifier": ["401"], "http://rdfs.org/ns/void#inDataset": ["http://w3id.org/bb5kbc/Brandenburg_5000_BC_Data"], "http://w3id.org/bb5kbc/ont/hatFID": ["401"], "http://w3id.org/bb5kbc/ont/hatFundstellenID": ["62"], "http://w3id.org/bb5kbc/ont/hatFundstellenart": ["http://w3id.org/bb5kbc/fundstellenart_376218bc"], "http://w3id.org/bb5kbc/ont/hatGenauigkeit": ["0.0"], "http://w3id.org/bb5kbc/ont/hatKatalognummer": ["16005"], "http://w3id.org/bb5kbc/ont/hatKulturelleZuordnung": ["http://w3id.org/bb5kbc/site_401_culture"], "http://w3id.org/bb5kbc/ont/inGemeinde": ["http://w3id.org/bb5kbc/gemeinde_91f15ef0"], "http://w3id.org/bb5kbc/ont/wurdeEntdecktDurch": ["http://w3id.org/bb5kbc/site_401_discovery"], "http://w3id.org/bb5kbc/ont/wurdeGeoreferenziertDurch": ["http://w3id.org/bb5kbc/site_401_activity"], "http://www.opengis.net/ont/geosparql#hasGeometry": ["http://w3id.org/bb5kbc/site_401_geom"], "http://www.w3.org/1999/02/22-rdf-syntax-ns#type": ["http://w3id.org/bb5kbc/ont/Fundstelle"], "http://www.w3.org/2000/01/rdf-schema#label": ["Bornim - 9"], "http://www.w3.org/2004/02/skos/core#prefLabel": ["Bornim - 9"]}, "geometry": {"type": "Point", "coordinates": [12.98, 52.45]}}, {"type": "Feature", "id": "http://w3id.org/bb5kbc/site_16", "name": "", "dateprops": [], "properties": {"http://fuzzy-sl.squirrel.link/ontology/certaintyLevel": ["https://fuzzy-sl.wikibase.cloud/entity/Q23"], "http://fuzzy-sl.squirrel.link/ontology/hasLocationType": ["https://fuzzy-sl.wikibase.cloud/entity/Q80"], "http://fuzzy-sl.squirrel.link/ontology/representativeGeometry": ["http://w3id.org/bb5kbc/site_16_geom"], "http://purl.org/dc/terms/identifier": ["16"], "http://rdfs.org/ns/void#inDataset": ["http://w3id.org/bb5kbc/Brandenburg_5000_BC_Data"], "http://w3id.org/bb5kbc/ont/hatFID": ["16"], "http://w3id.org/bb5kbc/ont/hatFundstellenID": ["25"], "http://w3id.org/bb5kbc/ont/hatFundstellenart": ["http://w3id.org/bb5kbc/fundstellenart_376218bc"], "http://w3id.org/bb5kbc/ont/hatGenauigkeit": ["0.0"], "http://w3id.org/bb5kbc/ont/hatKatalognummer": ["523"], "http://w3id.org/bb5kbc/ont/hatKulturelleZuordnung": ["http://w3id.org/bb5kbc/site_16_culture"], "http://w3id.org/bb5kbc/ont/hatPublikation": ["http://w3id.org/bb5kbc/pub_c5110572"], "http://w3id.org/bb5kbc/ont/inGemeinde": ["http://w3id.org/bb5kbc/gemeinde_741ae909"], "http://w3id.org/bb5kbc/ont/wurdeEntdecktDurch": ["http://w3id.org/bb5kbc/site_16_discovery"], "http://w3id.org/bb5kbc/ont/wurdeGeoreferenziertDurch": ["http://w3id.org/bb5kbc/site_16_activity"], "http://www.opengis.net/ont/geosparql#hasGeometry": ["http://w3id.org/bb5kbc/site_16_geom"], "http://www.w3.org/1999/02/22-rdf-syntax-ns#type": ["http://w3id.org/bb5kbc/ont/Fundstelle"], "http://www.w3.org/2000/01/rdf-schema#label": ["Barleben 20"], "http://www.w3.org/2004/02/skos/core#prefLabel": ["Barleben 20"]}, "geometry": {"type": "Point", "coordinates": [11.63, 52.21]}}, {"type": "Feature", "id": "http://w3id.org/bb5kbc/site_38", "name": "", "dateprops": [], "properties": {"http://fuzzy-sl.squirrel.link/ontology/certaintyLevel": ["https://fuzzy-sl.wikibase.cloud/entity/Q23"], "http://fuzzy-sl.squirrel.link/ontology/hasLocationType": ["https://fuzzy-sl.wikibase.cloud/entity/Q80"], "http://fuzzy-sl.squirrel.link/ontology/representativeGeometry": ["http://w3id.org/bb5kbc/site_38_geom"], "http://purl.org/dc/terms/identifier": ["38"], "http://rdfs.org/ns/void#inDataset": ["http://w3id.org/bb5kbc/Brandenburg_5000_BC_Data"], "http://w3id.org/bb5kbc/ont/hatFID": ["38"], "http://w3id.org/bb5kbc/ont/hatFundstellenID": ["57"], "http://w3id.org/bb5kbc/ont/hatFundstellenart": ["http://w3id.org/bb5kbc/fundstellenart_376218bc"], "http://w3id.org/bb5kbc/ont/hatGenauigkeit": ["0.0"], "http://w3id.org/bb5kbc/ont/hatKatalognummer": ["9574"], "http://w3id.org/bb5kbc/ont/hatKulturelleZuordnung": ["http://w3id.org/bb5kbc/site_38_culture"], "http://w3id.org/bb5kbc/ont/hatPublikation": ["http://w3id.org/bb5kbc/pub_21405e20"], "http://w3id.org/bb5kbc/ont/inGemeinde": ["http://w3id.org/bb5kbc/gemeinde_7aa1556f"], "http://w3id.org/bb5kbc/ont/wurdeEntdecktDurch": ["http://w3id.org/bb5kbc/site_38_discovery"], "http://w3id.org/bb5kbc/ont/wurdeGeoreferenziertDurch": ["http://w3id.org/bb5kbc/site_38_activity"], "http://www.opengis.net/ont/geosparql#hasGeometry": ["http://w3id.org/bb5kbc/site_38_geom"], "http://www.w3.org/1999/02/22-rdf-syntax-ns#type": ["http://w3id.org/bb5kbc/ont/Fundstelle"], "http://www.w3.org/2000/01/rdf-schema#label": ["Bochow 2"], "http://www.w3.org/2004/02/skos/core#prefLabel": ["Bochow 2"]}, "geometry": {"type": "Point", "coordinates": [13.07, 51.96]}}, {"type": "Feature", "id": "http://w3id.org/bb5kbc/site_476", "name": "", "dateprops": [], "properties": {"http://fuzzy-sl.squirrel.link/ontology/certaintyLevel": ["https://fuzzy-sl.wikibase.cloud/entity/Q23"], "http://fuzzy-sl.squirrel.link/ontology/hasLocationType": ["https://fuzzy-sl.wikibase.cloud/entity/Q80"], "http://fuzzy-sl.squirrel.link/ontology/representativeGeometry": ["http://w3id.org/bb5kbc/site_476_geom"], "http://purl.org/dc/terms/identifier": ["476"], "http://rdfs.org/ns/void#inDataset": ["http://w3id.org/bb5kbc/Brandenburg_5000_BC_Data"], "http://w3id.org/bb5kbc/ont/hatFID": ["476"], "http://w3id.org/bb5kbc/ont/hatFundstellenID": ["389"], "http://w3id.org/bb5kbc/ont/hatFundstellenart": ["http://w3id.org/bb5kbc/fundstellenart_376218bc"], "http://w3id.org/bb5kbc/ont/hatGenauigkeit": ["0.0"], "http://w3id.org/bb5kbc/ont/hatKatalognummer": ["769"], "http://w3id.org/bb5kbc/ont/hatKulturelleZuordnung": ["http://w3id.org/bb5kbc/site_476_culture"], "http://w3id.org/bb5kbc/ont/inGemeinde": ["http://w3id.org/bb5kbc/gemeinde_863bdb55"], "http://w3id.org/bb5kbc/ont/wurdeEntdecktDurch": ["http://w3id.org/bb5kbc/site_476_discovery"], "http://w3id.org/bb5kbc/ont/wurdeGeoreferenziertDurch": ["http://w3id.org/bb5kbc/site_476_activity"], "http://www.opengis.net/ont/geosparql#hasGeometry": ["http://w3id.org/bb5kbc/site_476_geom"], "http://www.w3.org/1999/02/22-rdf-syntax-ns#type": ["http://w3id.org/bb5kbc/ont/Fundstelle"], "http://www.w3.org/2000/01/rdf-schema#label": ["Schmargendorf - 3"], "http://www.w3.org/2004/02/skos/core#prefLabel": ["Schmargendorf - 3"]}, "geometry": {"type": "Point", "coordinates": [13.98, 52.98]}}, {"type": "Feature", "id": "http://w3id.org/bb5kbc/site_351", "name": "", "dateprops": [], "properties": {"http://fuzzy-sl.squirrel.link/ontology/certaintyLevel": ["https://fuzzy-sl.wikibase.cloud/entity/Q23"], "http://fuzzy-sl.squirrel.link/ontology/hasLocationType": ["https://fuzzy-sl.wikibase.cloud/entity/Q80"], "http://fuzzy-sl.squirrel.link/ontology/representativeGeometry": ["http://w3id.org/bb5kbc/site_351_geom"], "http://purl.org/dc/terms/identifier": ["351"], "http://rdfs.org/ns/void#inDataset": ["http://w3id.org/bb5kbc/Brandenburg_5000_BC_Data"], "http://w3id.org/bb5kbc/ont/hatFID": ["351"], "http://w3id.org/bb5kbc/ont/hatFundstellenID": ["126"], "http://w3id.org/bb5kbc/ont/hatFundstellenart": ["http://w3id.org/bb5kbc/fundstellenart_376218bc"], "http://w3id.org/bb5kbc/ont/hatGenauigkeit": ["0.0"], "http://w3id.org/bb5kbc/ont/hatKatalognummer": ["34683"], "http://w3id.org/bb5kbc/ont/hatKulturelleZuordnung": ["http://w3id.org/bb5kbc/site_351_culture"], "http://w3id.org/bb5kbc/ont/inGemeinde": ["http://w3id.org/bb5kbc/gemeinde_1718ba8b"], "http://w3id.org/bb5kbc/ont/wurdeEntdecktDurch": ["http://w3id.org/bb5kbc/site_351_discovery"], "http://w3id.org/bb5kbc/ont/wurdeGeoreferenziertDurch": ["http://w3id.org/bb5kbc/site_351_activity"], "http://www.opengis.net/ont/geosparql#hasGeometry": ["http://w3id.org/bb5kbc/site_351_geom"], "http://www.w3.org/1999/02/22-rdf-syntax-ns#type": ["http://w3id.org/bb5kbc/ont/Fundstelle"], "http://www.w3.org/2000/01/rdf-schema#label": ["Friedersdorf - 6"], "http://www.w3.org/2004/02/skos/core#prefLabel": ["Friedersdorf - 6"]}, "geometry": {"type": "Point", "coordinates": [14.39, 52.51]}}, {"type": "Feature", "id": "http://w3id.org/bb5kbc/site_411", "name": "", "dateprops": [], "properties": {"http://fuzzy-sl.squirrel.link/ontology/certaintyLevel": ["https://fuzzy-sl.wikibase.cloud/entity/Q23"], "http://fuzzy-sl.squirrel.link/ontology/hasLocationType": ["https://fuzzy-sl.wikibase.cloud/entity/Q80"], "http://fuzzy-sl.squirrel.link/ontology/representativeGeometry": ["http://w3id.org/bb5kbc/site_411_geom"], "http://purl.org/dc/terms/identifier": ["411"], "http://rdfs.org/ns/void#inDataset": ["http://w3id.org/bb5kbc/Brandenburg_5000_BC_Data"], "http://w3id.org/bb5kbc/ont/hatFID": ["411"], "http://w3id.org/bb5kbc/ont/hatFundstellenID": ["140"], "http://w3id.org/bb5kbc/ont/hatFundstellenart": ["http://w3id.org/bb5kbc/fundstellenart_376218bc"], "http://w3id.org/bb5kbc/ont/hatGenauigkeit": ["0.0"], "http://w3id.org/bb5kbc/ont/hatKatalognummer": ["15410"], "http://w3id.org/bb5kbc/ont/hatKulturelleZuordnung": ["http://w3id.org/bb5kbc/site_411_culture"], "http://w3id.org/bb5kbc/ont/inGemeinde": ["http://w3id.org/bb5kbc/gemeinde_03e347e3"], "http://w3id.org/bb5kbc/ont/wurdeEntdecktDurch": ["http://w3id.org/bb5kbc/site_411_discovery"], "http://w3id.org/bb5kbc/ont/wurdeGeoreferenziertDurch": ["http://w3id.org/bb5kbc/site_411_activity"], "http://www.opengis.net/ont/geosparql#hasGeometry": ["http://w3id.org/bb5kbc/site_411_geom"], "http://www.w3.org/1999/02/22-rdf-syntax-ns#type": ["http://w3id.org/bb5kbc/ont/Fundstelle"], "http://www.w3.org/2000/01/rdf-schema#label": ["Geltow - 1"], "http://www.w3.org/2004/02/skos/core#prefLabel": ["Geltow - 1"]}, "geometry": {"type": "Point", "coordinates": [12.96, 52.36]}}, {"type": "Feature", "id": "http://w3id.org/bb5kbc/site_266", "name": "", "dateprops": [], "properties": {"http://fuzzy-sl.squirrel.link/ontology/certaintyLevel": ["https://fuzzy-sl.wikibase.cloud/entity/Q23"], "http://fuzzy-sl.squirrel.link/ontology/hasLocationType": ["https://fuzzy-sl.wikibase.cloud/entity/Q80"], "http://fuzzy-sl.squirrel.link/ontology/representativeGeometry": ["http://w3id.org/bb5kbc/site_266_geom"], "http://purl.org/dc/terms/identifier": ["266"], "http://rdfs.org/ns/void#inDataset": ["http://w3id.org/bb5kbc/Brandenburg_5000_BC_Data"], "http://w3id.org/bb5kbc/ont/hatFID": ["266"], "http://w3id.org/bb5kbc/ont/hatFundstellenID": ["343"], "http://w3id.org/bb5kbc/ont/hatFundstellenart": ["http://w3id.org/bb5kbc/fundstellenart_376218bc"], "http://w3id.org/bb5kbc/ont/hatGenauigkeit": ["0.0"], "http://w3id.org/bb5kbc/ont/hatKatalognummer": ["16099"], "http://w3id.org/bb5kbc/ont/hatKulturelleZuordnung": ["http://w3id.org/bb5kbc/site_266_culture"], "http://w3id.org/bb5kbc/ont/inGemeinde": ["http://w3id.org/bb5kbc/gemeinde_d5404511"], "http://w3id.org/bb5kbc/ont/wurdeEntdecktDurch": ["http://w3id.org/bb5kbc/site_266_discovery"], "http://w3id.org/bb5kbc/ont/wurdeGeoreferenziertDurch": ["http://w3id.org/bb5kbc/site_266_activity"], "http://www.opengis.net/ont/geosparql#hasGeometry": ["http://w3id.org/bb5kbc/site_266_geom"], "http://www.w3.org/1999/02/22-rdf-syntax-ns#type": ["http://w3id.org/bb5kbc/ont/Fundstelle"], "http://www.w3.org/2000/01/rdf-schema#label": ["Potsdam 58"], "http://www.w3.org/2004/02/skos/core#prefLabel": ["Potsdam 58"]}, "geometry": {"type": "Point", "coordinates": [13.09, 52.36]}}, {"type": "Feature", "id": "http://w3id.org/bb5kbc/site_564", "name": "", "dateprops": [], "properties": {"http://fuzzy-sl.squirrel.link/ontology/certaintyLevel": ["https://fuzzy-sl.wikibase.cloud/entity/Q23"], "http://fuzzy-sl.squirrel.link/ontology/hasLocationType": ["https://fuzzy-sl.wikibase.cloud/entity/Q80"], "http://fuzzy-sl.squirrel.link/ontology/representativeGeometry": ["http://w3id.org/bb5kbc/site_564_geom"], "http://purl.org/dc/terms/identifier": ["564"], "http://rdfs.org/ns/void#inDataset": ["http://w3id.org/bb5kbc/Brandenburg_5000_BC_Data"], "http://w3id.org/bb5kbc/ont/hatFID": ["564"], "http://w3id.org/bb5kbc/ont/hatFundstellenID": ["132"], "http://w3id.org/bb5kbc/ont/hatFundstellenart": ["http://w3id.org/bb5kbc/fundstellenart_376218bc"], "http://w3id.org/bb5kbc/ont/hatGenauigkeit": ["0.0"], "http://w3id.org/bb5kbc/ont/hatKulturelleZuordnung": ["http://w3id.org/bb5kbc/site_564_culture"], "http://w3id.org/bb5kbc/ont/hatPublikation": ["http://w3id.org/bb5kbc/pub_c54b495e"], "http://w3id.org/bb5kbc/ont/inGemeinde": ["http://w3id.org/bb5kbc/gemeinde_89d48ad2"], "http://w3id.org/bb5kbc/ont/wurdeEntdecktDurch": ["http://w3id.org/bb5kbc/site_564_discovery"], "http://w3id.org/bb5kbc/ont/wurdeGeoreferenziertDurch": ["http://w3id.org/bb5kbc/site_564_activity"], "http://www.opengis.net/ont/geosparql#hasGeometry": ["http://w3id.org/bb5kbc/site_564_geom"], "http://www.w3.org/1999/02/22-rdf-syntax-ns#type": ["http://w3id.org/bb5kbc/ont/Fundstelle"], "http://www.w3.org/2000/01/rdf-schema#label": ["F\u00fcrstenwalde 41"], "http://www.w3.org/2004/02/skos/core#prefLabel": ["F\u00fcrstenwalde 41"]}, "geometry": {"type": "Point", "coordinates": [13.94, 52.39]}}, {"type": "Feature", "id": "http://w3id.org/bb5kbc/site_403", "name": "", "dateprops": [], "properties": {"http://fuzzy-sl.squirrel.link/ontology/certaintyLevel": ["https://fuzzy-sl.wikibase.cloud/entity/Q23"], "http://fuzzy-sl.squirrel.link/ontology/hasLocationType": ["https://fuzzy-sl.wikibase.cloud/entity/Q80"], "http://fuzzy-sl.squirrel.link/ontology/representativeGeometry": ["http://w3id.org/bb5kbc/site_403_geom"], "http://purl.org/dc/terms/identifier": ["403"], "http://rdfs.org/ns/void#inDataset": ["http://w3id.org/bb5kbc/Brandenburg_5000_BC_Data"], "http://w3id.org/bb5kbc/ont/hatFID": ["403"], "http://w3id.org/bb5kbc/ont/hatFundstellenID": ["338"], "http://w3id.org/bb5kbc/ont/hatFundstellenart": ["http://w3id.org/bb5kbc/fundstellenart_376218bc"], "http://w3id.org/bb5kbc/ont/hatGenauigkeit": ["0.0"], "http://w3id.org/bb5kbc/ont/hatKatalognummer": ["16098"], "http://w3id.org/bb5kbc/ont/hatKulturelleZuordnung": ["http://w3id.org/bb5kbc/site_403_culture"], "http://w3id.org/bb5kbc/ont/inGemeinde": ["http://w3id.org/bb5kbc/gemeinde_d5404511"], "http://w3id.org/bb5kbc/ont/wurdeEntdecktDurch": ["http://w3id.org/bb5kbc/site_403_discovery"], "http://w3id.org/bb5kbc/ont/wurdeGeoreferenziertDurch": ["http://w3id.org/bb5kbc/site_403_activity"], "http://www.opengis.net/ont/geosparql#hasGeometry": ["http://w3id.org/bb5kbc/site_403_geom"], "http://www.w3.org/1999/02/22-rdf-syntax-ns#type": ["http://w3id.org/bb5kbc/ont/Fundstelle"], "http://www.w3.org/2000/01/rdf-schema#label": ["Potsdam - 57"], "http://www.w3.org/2004/02/skos/core#prefLabel": ["Potsdam - 57"]}, "geometry": {"type": "Point", "coordinates": [13.07, 52.42]}}, {"type": "Feature", "id": "http://w3id.org/bb5kbc/site_312", "name": "", "dateprops": [], "properties": {"http://fuzzy-sl.squirrel.link/ontology/certaintyLevel": ["https://fuzzy-sl.wikibase.cloud/entity/Q23"], "http://fuzzy-sl.squirrel.link/ontology/hasLocationType": ["https://fuzzy-sl.wikibase.cloud/entity/Q80"], "http://fuzzy-sl.squirrel.link/ontology/representativeGeometry": ["http://w3id.org/bb5kbc/site_312_geom"], "http://purl.org/dc/terms/identifier": ["312"], "http://rdfs.org/ns/void#inDataset": ["http://w3id.org/bb5kbc/Brandenburg_5000_BC_Data"], "http://w3id.org/bb5kbc/ont/hatFID": ["312"], "http://w3id.org/bb5kbc/ont/hatFundstellenID": ["292"], "http://w3id.org/bb5kbc/ont/hatFundstellenart": ["http://w3id.org/bb5kbc/fundstellenart_376218bc"], "http://w3id.org/bb5kbc/ont/hatGenauigkeit": ["0.0"], "http://w3id.org/bb5kbc/ont/hatKatalognummer": ["10134"], "http://w3id.org/bb5kbc/ont/hatKulturelleZuordnung": ["http://w3id.org/bb5kbc/site_312_culture"], "http://w3id.org/bb5kbc/ont/inGemeinde": ["http://w3id.org/bb5kbc/gemeinde_7dfe2095"], "http://w3id.org/bb5kbc/ont/wurdeEntdecktDurch": ["http://w3id.org/bb5kbc/site_312_discovery"], "http://w3id.org/bb5kbc/ont/wurdeGeoreferenziertDurch": ["http://w3id.org/bb5kbc/site_312_activity"], "http://www.opengis.net/ont/geosparql#hasGeometry": ["http://w3id.org/bb5kbc/site_312_geom"], "http://www.w3.org/1999/02/22-rdf-syntax-ns#type": ["http://w3id.org/bb5kbc/ont/Fundstelle"], "http://www.w3.org/2000/01/rdf-schema#label": ["Mittenwalde - 11"], "http://www.w3.org/2004/02/skos/core#prefLabel": ["Mittenwalde - 11"]}, "geometry": {"type": "Point", "coordinates": [13.53, 52.26]}}, {"type": "Feature", "id": "http://w3id.org/bb5kbc/site_589", "name": "", "dateprops": [], "properties": {"http://fuzzy-sl.squirrel.link/ontology/certaintyLevel": ["https://fuzzy-sl.wikibase.cloud/entity/Q23"], "http://fuzzy-sl.squirrel.link/ontology/hasLocationType": ["https://fuzzy-sl.wikibase.cloud/entity/Q80"], "http://fuzzy-sl.squirrel.link/ontology/representativeGeometry": ["http://w3id.org/bb5kbc/site_589_geom"], "http://purl.org/dc/terms/identifier": ["589"], "http://rdfs.org/ns/void#inDataset": ["http://w3id.org/bb5kbc/Brandenburg_5000_BC_Data"], "http://w3id.org/bb5kbc/ont/hatFID": ["589"], "http://w3id.org/bb5kbc/ont/hatFundstellenID": ["370"], "http://w3id.org/bb5kbc/ont/hatFundstellenart": ["http://w3id.org/bb5kbc/fundstellenart_376218bc"], "http://w3id.org/bb5kbc/ont/hatGenauigkeit": ["0.0"], "http://w3id.org/bb5kbc/ont/hatKatalognummer": ["19894"], "http://w3id.org/bb5kbc/ont/hatKulturelleZuordnung": ["http://w3id.org/bb5kbc/site_589_culture"], "http://w3id.org/bb5kbc/ont/hatPublikation": ["http://w3id.org/bb5kbc/pub_c54b495e"], "http://w3id.org/bb5kbc/ont/inGemeinde": ["http://w3id.org/bb5kbc/gemeinde_beacd9bd"], "http://w3id.org/bb5kbc/ont/wurdeEntdecktDurch": ["http://w3id.org/bb5kbc/site_589_discovery"], "http://w3id.org/bb5kbc/ont/wurdeGeoreferenziertDurch": ["http://w3id.org/bb5kbc/site_589_activity"], "http://www.opengis.net/ont/geosparql#hasGeometry": ["http://w3id.org/bb5kbc/site_589_geom"], "http://www.w3.org/1999/02/22-rdf-syntax-ns#type": ["http://w3id.org/bb5kbc/ont/Fundstelle"], "http://www.w3.org/2000/01/rdf-schema#label": ["Rhinow 30"], "http://www.w3.org/2004/02/skos/core#prefLabel": ["Rhinow 30"]}, "geometry": {"type": "Point", "coordinates": [12.35, 52.76]}}, {"type": "Feature", "id": "http://w3id.org/bb5kbc/site_461", "name": "", "dateprops": [], "properties": {"http://fuzzy-sl.squirrel.link/ontology/certaintyLevel": ["https://fuzzy-sl.wikibase.cloud/entity/Q23"], "http://fuzzy-sl.squirrel.link/ontology/hasLocationType": ["https://fuzzy-sl.wikibase.cloud/entity/Q80"], "http://fuzzy-sl.squirrel.link/ontology/representativeGeometry": ["http://w3id.org/bb5kbc/site_461_geom"], "http://purl.org/dc/terms/identifier": ["461"], "http://rdfs.org/ns/void#inDataset": ["http://w3id.org/bb5kbc/Brandenburg_5000_BC_Data"], "http://w3id.org/bb5kbc/ont/hatFID": ["461"], "http://w3id.org/bb5kbc/ont/hatFundstellenID": ["52"], "http://w3id.org/bb5kbc/ont/hatFundstellenart": ["http://w3id.org/bb5kbc/fundstellenart_376218bc"], "http://w3id.org/bb5kbc/ont/hatGenauigkeit": ["0.0"], "http://w3id.org/bb5kbc/ont/hatKatalognummer": ["49360"], "http://w3id.org/bb5kbc/ont/hatKulturelleZuordnung": ["http://w3id.org/bb5kbc/site_461_culture"], "http://w3id.org/bb5kbc/ont/inGemeinde": ["http://w3id.org/bb5kbc/gemeinde_0e7e4009"], "http://w3id.org/bb5kbc/ont/wurdeEntdecktDurch": ["http://w3id.org/bb5kbc/site_461_discovery"], "http://w3id.org/bb5kbc/ont/wurdeGeoreferenziertDurch": ["http://w3id.org/bb5kbc/site_461_activity"], "http://www.opengis.net/ont/geosparql#hasGeometry": ["http://w3id.org/bb5kbc/site_461_geom"], "http://www.w3.org/1999/02/22-rdf-syntax-ns#type": ["http://w3id.org/bb5kbc/ont/Fundstelle"], "http://www.w3.org/2000/01/rdf-schema#label": ["Blankensee - 16"], "http://www.w3.org/2004/02/skos/core#prefLabel": ["Blankensee - 16"]}, "geometry": {"type": "Point", "coordinates": [13.14, 52.24]}}, {"type": "Feature", "id": "http://w3id.org/bb5kbc/site_322", "name": "", "dateprops": [], "properties": {"http://fuzzy-sl.squirrel.link/ontology/certaintyLevel": ["https://fuzzy-sl.wikibase.cloud/entity/Q23"], "http://fuzzy-sl.squirrel.link/ontology/hasLocationType": ["https://fuzzy-sl.wikibase.cloud/entity/Q80"], "http://fuzzy-sl.squirrel.link/ontology/representativeGeometry": ["http://w3id.org/bb5kbc/site_322_geom"], "http://purl.org/dc/terms/identifier": ["322"], "http://rdfs.org/ns/void#inDataset": ["http://w3id.org/bb5kbc/Brandenburg_5000_BC_Data"], "http://w3id.org/bb5kbc/ont/hatFID": ["322"], "http://w3id.org/bb5kbc/ont/hatFundstellenID": ["188"], "http://w3id.org/bb5kbc/ont/hatFundstellenart": ["http://w3id.org/bb5kbc/fundstellenart_376218bc"], "http://w3id.org/bb5kbc/ont/hatGenauigkeit": ["0.0"], "http://w3id.org/bb5kbc/ont/hatKatalognummer": ["11207"], "http://w3id.org/bb5kbc/ont/hatKulturelleZuordnung": ["http://w3id.org/bb5kbc/site_322_culture"], "http://w3id.org/bb5kbc/ont/inGemeinde": ["http://w3id.org/bb5kbc/gemeinde_866c0d08"], "http://w3id.org/bb5kbc/ont/wurdeEntdecktDurch": ["http://w3id.org/bb5kbc/site_322_discovery"], "http://w3id.org/bb5kbc/ont/wurdeGeoreferenziertDurch": ["http://w3id.org/bb5kbc/site_322_activity"], "http://www.opengis.net/ont/geosparql#hasGeometry": ["http://w3id.org/bb5kbc/site_322_geom"], "http://www.w3.org/1999/02/22-rdf-syntax-ns#type": ["http://w3id.org/bb5kbc/ont/Fundstelle"], "http://www.w3.org/2000/01/rdf-schema#label": ["Hohenbr\u00fcck - 2"], "http://www.w3.org/2004/02/skos/core#prefLabel": ["Hohenbr\u00fcck - 2"]}, "geometry": {"type": "Point", "coordinates": [13.89, 52.09]}}, {"type": "Feature", "id": "http://w3id.org/bb5kbc/site_369", "name": "", "dateprops": [], "properties": {"http://fuzzy-sl.squirrel.link/ontology/certaintyLevel": ["https://fuzzy-sl.wikibase.cloud/entity/Q23"], "http://fuzzy-sl.squirrel.link/ontology/hasLocationType": ["https://fuzzy-sl.wikibase.cloud/entity/Q80"], "http://fuzzy-sl.squirrel.link/ontology/representativeGeometry": ["http://w3id.org/bb5kbc/site_369_geom"], "http://purl.org/dc/terms/identifier": ["369"], "http://rdfs.org/ns/void#inDataset": ["http://w3id.org/bb5kbc/Brandenburg_5000_BC_Data"], "http://w3id.org/bb5kbc/ont/hatFID": ["369"], "http://w3id.org/bb5kbc/ont/hatFundstellenID": ["131"], "http://w3id.org/bb5kbc/ont/hatFundstellenart": ["http://w3id.org/bb5kbc/fundstellenart_376218bc"], "http://w3id.org/bb5kbc/ont/hatGenauigkeit": ["0.0"], "http://w3id.org/bb5kbc/ont/hatKatalognummer": ["6606"], "http://w3id.org/bb5kbc/ont/hatKulturelleZuordnung": ["http://w3id.org/bb5kbc/site_369_culture"], "http://w3id.org/bb5kbc/ont/inGemeinde": ["http://w3id.org/bb5kbc/gemeinde_89d48ad2"], "http://w3id.org/bb5kbc/ont/wurdeEntdecktDurch": ["http://w3id.org/bb5kbc/site_369_discovery"], "http://w3id.org/bb5kbc/ont/wurdeGeoreferenziertDurch": ["http://w3id.org/bb5kbc/site_369_activity"], "http://www.opengis.net/ont/geosparql#hasGeometry": ["http://w3id.org/bb5kbc/site_369_geom"], "http://www.w3.org/1999/02/22-rdf-syntax-ns#type": ["http://w3id.org/bb5kbc/ont/Fundstelle"], "http://www.w3.org/2000/01/rdf-schema#label": ["F\u00fcrstenwalde - 5"], "http://www.w3.org/2004/02/skos/core#prefLabel": ["F\u00fcrstenwalde - 5"]}, "geometry": {"type": "Point", "coordinates": [14.05, 52.36]}}, {"type": "Feature", "id": "http://w3id.org/bb5kbc/site_497", "name": "", "dateprops": [], "properties": {"http://fuzzy-sl.squirrel.link/ontology/certaintyLevel": ["https://fuzzy-sl.wikibase.cloud/entity/Q23"], "http://fuzzy-sl.squirrel.link/ontology/hasLocationType": ["https://fuzzy-sl.wikibase.cloud/entity/Q80"], "http://fuzzy-sl.squirrel.link/ontology/representativeGeometry": ["http://w3id.org/bb5kbc/site_497_geom"], "http://purl.org/dc/terms/identifier": ["497"], "http://rdfs.org/ns/void#inDataset": ["http://w3id.org/bb5kbc/Brandenburg_5000_BC_Data"], "http://w3id.org/bb5kbc/ont/hatFID": ["497"], "http://w3id.org/bb5kbc/ont/hatFundstellenID": ["24"], "http://w3id.org/bb5kbc/ont/hatFundstellenart": ["http://w3id.org/bb5kbc/fundstellenart_376218bc"], "http://w3id.org/bb5kbc/ont/hatGenauigkeit": ["0.0"], "http://w3id.org/bb5kbc/ont/hatKatalognummer": ["16214"], "http://w3id.org/bb5kbc/ont/hatKulturelleZuordnung": ["http://w3id.org/bb5kbc/site_497_culture"], "http://w3id.org/bb5kbc/ont/inGemeinde": ["http://w3id.org/bb5kbc/gemeinde_346c322f"], "http://w3id.org/bb5kbc/ont/wurdeEntdecktDurch": ["http://w3id.org/bb5kbc/site_497_discovery"], "http://w3id.org/bb5kbc/ont/wurdeGeoreferenziertDurch": ["http://w3id.org/bb5kbc/site_497_activity"], "http://www.opengis.net/ont/geosparql#hasGeometry": ["http://w3id.org/bb5kbc/site_497_geom"], "http://www.w3.org/1999/02/22-rdf-syntax-ns#type": ["http://w3id.org/bb5kbc/ont/Fundstelle"], "http://www.w3.org/2000/01/rdf-schema#label": ["Bandelow - 18"], "http://www.w3.org/2004/02/skos/core#prefLabel": ["Bandelow - 18"]}, "geometry": {"type": "Point", "coordinates": [13.88, 53.41]}}, {"type": "Feature", "id": "http://w3id.org/bb5kbc/site_508", "name": "", "dateprops": [], "properties": {"http://fuzzy-sl.squirrel.link/ontology/certaintyLevel": ["https://fuzzy-sl.wikibase.cloud/entity/Q23"], "http://fuzzy-sl.squirrel.link/ontology/hasLocationType": ["https://fuzzy-sl.wikibase.cloud/entity/Q80"], "http://fuzzy-sl.squirrel.link/ontology/representativeGeometry": ["http://w3id.org/bb5kbc/site_508_geom"], "http://purl.org/dc/terms/identifier": ["508"], "http://rdfs.org/ns/void#inDataset": ["http://w3id.org/bb5kbc/Brandenburg_5000_BC_Data"], "http://w3id.org/bb5kbc/ont/hatFID": ["508"], "http://w3id.org/bb5kbc/ont/hatFundstellenID": ["128"], "http://w3id.org/bb5kbc/ont/hatFundstellenart": ["http://w3id.org/bb5kbc/fundstellenart_1972902b"], "http://w3id.org/bb5kbc/ont/hatGenauigkeit": ["0.0"], "http://w3id.org/bb5kbc/ont/hatKulturelleZuordnung": ["http://w3id.org/bb5kbc/site_508_culture"], "http://w3id.org/bb5kbc/ont/inGemeinde": ["http://w3id.org/bb5kbc/gemeinde_ef3c98d9"], "http://w3id.org/bb5kbc/ont/wurdeEntdecktDurch": ["http://w3id.org/bb5kbc/site_508_discovery"], "http://w3id.org/bb5kbc/ont/wurdeGeoreferenziertDurch": ["http://w3id.org/bb5kbc/site_508_activity"], "http://www.opengis.net/ont/geosparql#hasGeometry": ["http://w3id.org/bb5kbc/site_508_geom"], "http://www.w3.org/1999/02/22-rdf-syntax-ns#type": ["http://w3id.org/bb5kbc/ont/Fundstelle"], "http://www.w3.org/2000/01/rdf-schema#label": ["Friesack 13"], "http://www.w3.org/2004/02/skos/core#prefLabel": ["Friesack 13"]}, "geometry": {"type": "Point", "coordinates": [12.6, 52.75]}}, {"type": "Feature", "id": "http://w3id.org/bb5kbc/site_394", "name": "", "dateprops": [], "properties": {"http://fuzzy-sl.squirrel.link/ontology/certaintyLevel": ["https://fuzzy-sl.wikibase.cloud/entity/Q23"], "http://fuzzy-sl.squirrel.link/ontology/hasLocationType": ["https://fuzzy-sl.wikibase.cloud/entity/Q80"], "http://fuzzy-sl.squirrel.link/ontology/representativeGeometry": ["http://w3id.org/bb5kbc/site_394_geom"], "http://purl.org/dc/terms/identifier": ["394"], "http://rdfs.org/ns/void#inDataset": ["http://w3id.org/bb5kbc/Brandenburg_5000_BC_Data"], "http://w3id.org/bb5kbc/ont/hatFID": ["394"], "http://w3id.org/bb5kbc/ont/hatFundstellenID": ["480"], "http://w3id.org/bb5kbc/ont/hatFundstellenart": ["http://w3id.org/bb5kbc/fundstellenart_376218bc"], "http://w3id.org/bb5kbc/ont/hatGenauigkeit": ["0.0"], "http://w3id.org/bb5kbc/ont/hatKatalognummer": ["10871"], "http://w3id.org/bb5kbc/ont/hatKulturelleZuordnung": ["http://w3id.org/bb5kbc/site_394_culture"], "http://w3id.org/bb5kbc/ont/inGemeinde": ["http://w3id.org/bb5kbc/gemeinde_0b8be4ac"], "http://w3id.org/bb5kbc/ont/wurdeEntdecktDurch": ["http://w3id.org/bb5kbc/site_394_discovery"], "http://w3id.org/bb5kbc/ont/wurdeGeoreferenziertDurch": ["http://w3id.org/bb5kbc/site_394_activity"], "http://www.opengis.net/ont/geosparql#hasGeometry": ["http://w3id.org/bb5kbc/site_394_geom"], "http://www.w3.org/1999/02/22-rdf-syntax-ns#type": ["http://w3id.org/bb5kbc/ont/Fundstelle"], "http://www.w3.org/2000/01/rdf-schema#label": ["Wusterhausen (Dosse) - 17"], "http://www.w3.org/2004/02/skos/core#prefLabel": ["Wusterhausen (Dosse) - 17"]}, "geometry": {"type": "Point", "coordinates": [12.48, 52.91]}}, {"type": "Feature", "id": "http://w3id.org/bb5kbc/site_90", "name": "", "dateprops": [], "properties": {"http://fuzzy-sl.squirrel.link/ontology/certaintyLevel": ["https://fuzzy-sl.wikibase.cloud/entity/Q23"], "http://fuzzy-sl.squirrel.link/ontology/hasLocationType": ["https://fuzzy-sl.wikibase.cloud/entity/Q80"], "http://fuzzy-sl.squirrel.link/ontology/representativeGeometry": ["http://w3id.org/bb5kbc/site_90_geom"], "http://purl.org/dc/terms/identifier": ["90"], "http://rdfs.org/ns/void#inDataset": ["http://w3id.org/bb5kbc/Brandenburg_5000_BC_Data"], "http://w3id.org/bb5kbc/ont/hatFID": ["90"], "http://w3id.org/bb5kbc/ont/hatFundstellenID": ["181"], "http://w3id.org/bb5kbc/ont/hatFundstellenart": ["http://w3id.org/bb5kbc/fundstellenart_376218bc"], "http://w3id.org/bb5kbc/ont/hatGenauigkeit": ["0.0"], "http://w3id.org/bb5kbc/ont/hatKulturelleZuordnung": ["http://w3id.org/bb5kbc/site_90_culture"], "http://w3id.org/bb5kbc/ont/inGemeinde": ["http://w3id.org/bb5kbc/gemeinde_c9b9271b"], "http://w3id.org/bb5kbc/ont/wurdeEntdecktDurch": ["http://w3id.org/bb5kbc/site_90_discovery"], "http://w3id.org/bb5kbc/ont/wurdeGeoreferenziertDurch": ["http://w3id.org/bb5kbc/site_90_activity"], "http://www.opengis.net/ont/geosparql#hasGeometry": ["http://w3id.org/bb5kbc/site_90_geom"], "http://www.w3.org/1999/02/22-rdf-syntax-ns#type": ["http://w3id.org/bb5kbc/ont/Fundstelle"], "http://www.w3.org/2000/01/rdf-schema#label": ["Heinersbr\u00fcck 42"], "http://www.w3.org/2004/02/skos/core#prefLabel": ["Heinersbr\u00fcck 42"]}, "geometry": {"type": "Point", "coordinates": [14.54, 51.81]}}, {"type": "Feature", "id": "http://w3id.org/bb5kbc/site_287", "name": "", "dateprops": [], "properties": {"http://fuzzy-sl.squirrel.link/ontology/certaintyLevel": ["https://fuzzy-sl.wikibase.cloud/entity/Q23"], "http://fuzzy-sl.squirrel.link/ontology/hasLocationType": ["https://fuzzy-sl.wikibase.cloud/entity/Q80"], "http://fuzzy-sl.squirrel.link/ontology/representativeGeometry": ["http://w3id.org/bb5kbc/site_287_geom"], "http://purl.org/dc/terms/identifier": ["287"], "http://rdfs.org/ns/void#inDataset": ["http://w3id.org/bb5kbc/Brandenburg_5000_BC_Data"], "http://w3id.org/bb5kbc/ont/hatFID": ["287"], "http://w3id.org/bb5kbc/ont/hatFundstellenID": ["121"], "http://w3id.org/bb5kbc/ont/hatFundstellenart": ["http://w3id.org/bb5kbc/fundstellenart_376218bc"], "http://w3id.org/bb5kbc/ont/hatGenauigkeit": ["0.0"], "http://w3id.org/bb5kbc/ont/hatKatalognummer": ["366"], "http://w3id.org/bb5kbc/ont/hatKulturelleZuordnung": ["http://w3id.org/bb5kbc/site_287_culture"], "http://w3id.org/bb5kbc/ont/hatPublikation": ["http://w3id.org/bb5kbc/pub_c33f9df2"], "http://w3id.org/bb5kbc/ont/inGemeinde": ["http://w3id.org/bb5kbc/gemeinde_469c793d"], "http://w3id.org/bb5kbc/ont/wurdeEntdecktDurch": ["http://w3id.org/bb5kbc/site_287_discovery"], "http://w3id.org/bb5kbc/ont/wurdeGeoreferenziertDurch": ["http://w3id.org/bb5kbc/site_287_activity"], "http://www.opengis.net/ont/geosparql#hasGeometry": ["http://w3id.org/bb5kbc/site_287_geom"], "http://www.w3.org/1999/02/22-rdf-syntax-ns#type": ["http://w3id.org/bb5kbc/ont/Fundstelle"], "http://www.w3.org/2000/01/rdf-schema#label": ["Flemsdorf 6/1 (6)"], "http://www.w3.org/2004/02/skos/core#prefLabel": ["Flemsdorf 6/1 (6)"]}, "geometry": {"type": "Point", "coordinates": [14.17, 53.03]}}, {"type": "Feature", "id": "http://w3id.org/bb5kbc/site_325", "name": "", "dateprops": [], "properties": {"http://fuzzy-sl.squirrel.link/ontology/certaintyLevel": ["https://fuzzy-sl.wikibase.cloud/entity/Q23"], "http://fuzzy-sl.squirrel.link/ontology/hasLocationType": ["https://fuzzy-sl.wikibase.cloud/entity/Q80"], "http://fuzzy-sl.squirrel.link/ontology/representativeGeometry": ["http://w3id.org/bb5kbc/site_325_geom"], "http://purl.org/dc/terms/identifier": ["325"], "http://rdfs.org/ns/void#inDataset": ["http://w3id.org/bb5kbc/Brandenburg_5000_BC_Data"], "http://w3id.org/bb5kbc/ont/hatFID": ["325"], "http://w3id.org/bb5kbc/ont/hatFundstellenID": ["435"], "http://w3id.org/bb5kbc/ont/hatFundstellenart": ["http://w3id.org/bb5kbc/fundstellenart_376218bc"], "http://w3id.org/bb5kbc/ont/hatGenauigkeit": ["0.0"], "http://w3id.org/bb5kbc/ont/hatKatalognummer": ["10360"], "http://w3id.org/bb5kbc/ont/hatKulturelleZuordnung": ["http://w3id.org/bb5kbc/site_325_culture"], "http://w3id.org/bb5kbc/ont/inGemeinde": ["http://w3id.org/bb5kbc/gemeinde_deaa7060"], "http://w3id.org/bb5kbc/ont/wurdeEntdecktDurch": ["http://w3id.org/bb5kbc/site_325_discovery"], "http://w3id.org/bb5kbc/ont/wurdeGeoreferenziertDurch": ["http://w3id.org/bb5kbc/site_325_activity"], "http://www.opengis.net/ont/geosparql#hasGeometry": ["http://w3id.org/bb5kbc/site_325_geom"], "http://www.w3.org/1999/02/22-rdf-syntax-ns#type": ["http://w3id.org/bb5kbc/ont/Fundstelle"], "http://www.w3.org/2000/01/rdf-schema#label": ["T\u00f6pchin - 14"], "http://www.w3.org/2004/02/skos/core#prefLabel": ["T\u00f6pchin - 14"]}, "geometry": {"type": "Point", "coordinates": [13.58, 52.16]}}, {"type": "Feature", "id": "http://w3id.org/bb5kbc/site_257", "name": "", "dateprops": [], "properties": {"http://fuzzy-sl.squirrel.link/ontology/certaintyLevel": ["https://fuzzy-sl.wikibase.cloud/entity/Q23"], "http://fuzzy-sl.squirrel.link/ontology/hasLocationType": ["https://fuzzy-sl.wikibase.cloud/entity/Q80"], "http://fuzzy-sl.squirrel.link/ontology/representativeGeometry": ["http://w3id.org/bb5kbc/site_257_geom"], "http://purl.org/dc/terms/identifier": ["257"], "http://rdfs.org/ns/void#inDataset": ["http://w3id.org/bb5kbc/Brandenburg_5000_BC_Data"], "http://w3id.org/bb5kbc/ont/hatFID": ["257"], "http://w3id.org/bb5kbc/ont/hatFundstellenID": ["107"], "http://w3id.org/bb5kbc/ont/hatFundstellenart": ["http://w3id.org/bb5kbc/fundstellenart_1972902b", "http://w3id.org/bb5kbc/fundstellenart_4e3fc426"], "http://w3id.org/bb5kbc/ont/hatGenauigkeit": ["0.0"], "http://w3id.org/bb5kbc/ont/hatKatalognummer": ["12418"], "http://w3id.org/bb5kbc/ont/hatKulturelleZuordnung": ["http://w3id.org/bb5kbc/site_257_culture"], "http://w3id.org/bb5kbc/ont/hatPublikation": ["http://w3id.org/bb5kbc/pub_23e2b3b3"], "http://w3id.org/bb5kbc/ont/inGemeinde": ["http://w3id.org/bb5kbc/gemeinde_0f80183e"], "http://w3id.org/bb5kbc/ont/wurdeEntdecktDurch": ["http://w3id.org/bb5kbc/site_257_discovery"], "http://w3id.org/bb5kbc/ont/wurdeGeoreferenziertDurch": ["http://w3id.org/bb5kbc/site_257_activity"], "http://www.opengis.net/ont/geosparql#hasGeometry": ["http://w3id.org/bb5kbc/site_257_geom"], "http://www.w3.org/1999/02/22-rdf-syntax-ns#type": ["http://w3id.org/bb5kbc/ont/Fundstelle"], "http://www.w3.org/2000/01/rdf-schema#label": ["Dyrotz 37"], "http://www.w3.org/2004/02/skos/core#prefLabel": ["Dyrotz 37"]}, "geometry": {"type": "Point", "coordinates": [12.96, 52.56]}}, {"type": "Feature", "id": "http://w3id.org/bb5kbc/site_410", "name": "", "dateprops": [], "properties": {"http://fuzzy-sl.squirrel.link/ontology/certaintyLevel": ["https://fuzzy-sl.wikibase.cloud/entity/Q23"], "http://fuzzy-sl.squirrel.link/ontology/hasLocationType": ["https://fuzzy-sl.wikibase.cloud/entity/Q80"], "http://fuzzy-sl.squirrel.link/ontology/representativeGeometry": ["http://w3id.org/bb5kbc/site_410_geom"], "http://purl.org/dc/terms/identifier": ["410"], "http://rdfs.org/ns/void#inDataset": ["http://w3id.org/bb5kbc/Brandenburg_5000_BC_Data"], "http://w3id.org/bb5kbc/ont/hatFID": ["410"], "http://w3id.org/bb5kbc/ont/hatFundstellenID": ["29"], "http://w3id.org/bb5kbc/ont/hatFundstellenart": ["http://w3id.org/bb5kbc/fundstellenart_376218bc"], "http://w3id.org/bb5kbc/ont/hatGenauigkeit": ["0.0"], "http://w3id.org/bb5kbc/ont/hatKatalognummer": ["15284"], "http://w3id.org/bb5kbc/ont/hatKulturelleZuordnung": ["http://w3id.org/bb5kbc/site_410_culture"], "http://w3id.org/bb5kbc/ont/inGemeinde": ["http://w3id.org/bb5kbc/gemeinde_c1b145da"], "http://w3id.org/bb5kbc/ont/wurdeEntdecktDurch": ["http://w3id.org/bb5kbc/site_410_discovery"], "http://w3id.org/bb5kbc/ont/wurdeGeoreferenziertDurch": ["http://w3id.org/bb5kbc/site_410_activity"], "http://www.opengis.net/ont/geosparql#hasGeometry": ["http://w3id.org/bb5kbc/site_410_geom"], "http://www.w3.org/1999/02/22-rdf-syntax-ns#type": ["http://w3id.org/bb5kbc/ont/Fundstelle"], "http://www.w3.org/2000/01/rdf-schema#label": ["Bergholz-Rehbr\u00fccke - 17"], "http://www.w3.org/2004/02/skos/core#prefLabel": ["Bergholz-Rehbr\u00fccke - 17"]}, "geometry": {"type": "Point", "coordinates": [13.07, 52.35]}}, {"type": "Feature", "id": "http://w3id.org/bb5kbc/site_49", "name": "", "dateprops": [], "properties": {"http://fuzzy-sl.squirrel.link/ontology/certaintyLevel": ["https://fuzzy-sl.wikibase.cloud/entity/Q23"], "http://fuzzy-sl.squirrel.link/ontology/hasLocationType": ["https://fuzzy-sl.wikibase.cloud/entity/Q80"], "http://fuzzy-sl.squirrel.link/ontology/representativeGeometry": ["http://w3id.org/bb5kbc/site_49_geom"], "http://purl.org/dc/terms/identifier": ["49"], "http://rdfs.org/ns/void#inDataset": ["http://w3id.org/bb5kbc/Brandenburg_5000_BC_Data"], "http://w3id.org/bb5kbc/ont/hatFID": ["49"], "http://w3id.org/bb5kbc/ont/hatFundstellenID": ["407"], "http://w3id.org/bb5kbc/ont/hatFundstellenart": ["http://w3id.org/bb5kbc/fundstellenart_1972902b"], "http://w3id.org/bb5kbc/ont/hatGenauigkeit": ["0.0"], "http://w3id.org/bb5kbc/ont/hatKatalognummer": ["10304"], "http://w3id.org/bb5kbc/ont/hatKulturelleZuordnung": ["http://w3id.org/bb5kbc/site_49_culture"], "http://w3id.org/bb5kbc/ont/hatPublikation": ["http://w3id.org/bb5kbc/pub_7f2f6697"], "http://w3id.org/bb5kbc/ont/inGemeinde": ["http://w3id.org/bb5kbc/gemeinde_18816168"], "http://w3id.org/bb5kbc/ont/wurdeEntdecktDurch": ["http://w3id.org/bb5kbc/site_49_discovery"], "http://w3id.org/bb5kbc/ont/wurdeGeoreferenziertDurch": ["http://w3id.org/bb5kbc/site_49_activity"], "http://www.opengis.net/ont/geosparql#hasGeometry": ["http://w3id.org/bb5kbc/site_49_geom"], "http://www.w3.org/1999/02/22-rdf-syntax-ns#type": ["http://w3id.org/bb5kbc/ont/Fundstelle"], "http://www.w3.org/2000/01/rdf-schema#label": ["Selchow 7"], "http://www.w3.org/2004/02/skos/core#prefLabel": ["Selchow 7"]}, "geometry": {"type": "Point", "coordinates": [13.47, 52.35]}}, {"type": "Feature", "id": "http://w3id.org/bb5kbc/site_8", "name": "", "dateprops": [], "properties": {"http://fuzzy-sl.squirrel.link/ontology/certaintyLevel": ["https://fuzzy-sl.wikibase.cloud/entity/Q23"], "http://fuzzy-sl.squirrel.link/ontology/hasLocationType": ["https://fuzzy-sl.wikibase.cloud/entity/Q80"], "http://fuzzy-sl.squirrel.link/ontology/representativeGeometry": ["http://w3id.org/bb5kbc/site_8_geom"], "http://purl.org/dc/terms/identifier": ["8"], "http://rdfs.org/ns/void#inDataset": ["http://w3id.org/bb5kbc/Brandenburg_5000_BC_Data"], "http://w3id.org/bb5kbc/ont/hatFID": ["8"], "http://w3id.org/bb5kbc/ont/hatFundstellenID": ["359"], "http://w3id.org/bb5kbc/ont/hatFundstellenart": ["http://w3id.org/bb5kbc/fundstellenart_5df80d7e"], "http://w3id.org/bb5kbc/ont/hatGenauigkeit": ["0.0"], "http://w3id.org/bb5kbc/ont/hatKulturelleZuordnung": ["http://w3id.org/bb5kbc/site_8_culture"], "http://w3id.org/bb5kbc/ont/hatPublikation": ["http://w3id.org/bb5kbc/pub_75c7a1cf"], "http://w3id.org/bb5kbc/ont/inGemeinde": ["http://w3id.org/bb5kbc/gemeinde_e324c365"], "http://w3id.org/bb5kbc/ont/wurdeEntdecktDurch": ["http://w3id.org/bb5kbc/site_8_discovery"], "http://w3id.org/bb5kbc/ont/wurdeGeoreferenziertDurch": ["http://w3id.org/bb5kbc/site_8_activity"], "http://www.opengis.net/ont/geosparql#hasGeometry": ["http://w3id.org/bb5kbc/site_8_geom"], "http://www.w3.org/1999/02/22-rdf-syntax-ns#type": ["http://w3id.org/bb5kbc/ont/Fundstelle"], "http://www.w3.org/2000/01/rdf-schema#label": ["Quedlinburg KGA 1"], "http://www.w3.org/2004/02/skos/core#prefLabel": ["Quedlinburg KGA 1"]}, "geometry": {"type": "Point", "coordinates": [11.18, 51.81]}}, {"type": "Feature", "id": "http://w3id.org/bb5kbc/site_333", "name": "", "dateprops": [], "properties": {"http://fuzzy-sl.squirrel.link/ontology/certaintyLevel": ["https://fuzzy-sl.wikibase.cloud/entity/Q23"], "http://fuzzy-sl.squirrel.link/ontology/hasLocationType": ["https://fuzzy-sl.wikibase.cloud/entity/Q80"], "http://fuzzy-sl.squirrel.link/ontology/representativeGeometry": ["http://w3id.org/bb5kbc/site_333_geom"], "http://purl.org/dc/terms/identifier": ["333"], "http://rdfs.org/ns/void#inDataset": ["http://w3id.org/bb5kbc/Brandenburg_5000_BC_Data"], "http://w3id.org/bb5kbc/ont/hatFID": ["333"], "http://w3id.org/bb5kbc/ont/hatFundstellenID": ["451"], "http://w3id.org/bb5kbc/ont/hatFundstellenart": ["http://w3id.org/bb5kbc/fundstellenart_376218bc"], "http://w3id.org/bb5kbc/ont/hatGenauigkeit": ["0.0"], "http://w3id.org/bb5kbc/ont/hatKatalognummer": ["12890"], "http://w3id.org/bb5kbc/ont/hatKulturelleZuordnung": ["http://w3id.org/bb5kbc/site_333_culture"], "http://w3id.org/bb5kbc/ont/inGemeinde": ["http://w3id.org/bb5kbc/gemeinde_454163f6"], "http://w3id.org/bb5kbc/ont/wurdeEntdecktDurch": ["http://w3id.org/bb5kbc/site_333_discovery"], "http://w3id.org/bb5kbc/ont/wurdeGeoreferenziertDurch": ["http://w3id.org/bb5kbc/site_333_activity"], "http://www.opengis.net/ont/geosparql#hasGeometry": ["http://w3id.org/bb5kbc/site_333_geom"], "http://www.w3.org/1999/02/22-rdf-syntax-ns#type": ["http://w3id.org/bb5kbc/ont/Fundstelle"], "http://www.w3.org/2000/01/rdf-schema#label": ["Vietznitz - 4"], "http://www.w3.org/2004/02/skos/core#prefLabel": ["Vietznitz - 4"]}, "geometry": {"type": "Point", "coordinates": [12.66, 52.74]}}, {"type": "Feature", "id": "http://w3id.org/bb5kbc/site_70", "name": "", "dateprops": [], "properties": {"http://fuzzy-sl.squirrel.link/ontology/certaintyLevel": ["https://fuzzy-sl.wikibase.cloud/entity/Q23"], "http://fuzzy-sl.squirrel.link/ontology/hasLocationType": ["https://fuzzy-sl.wikibase.cloud/entity/Q80"], "http://fuzzy-sl.squirrel.link/ontology/representativeGeometry": ["http://w3id.org/bb5kbc/site_70_geom"], "http://purl.org/dc/terms/identifier": ["70"], "http://rdfs.org/ns/void#inDataset": ["http://w3id.org/bb5kbc/Brandenburg_5000_BC_Data"], "http://w3id.org/bb5kbc/ont/hatFID": ["70"], "http://w3id.org/bb5kbc/ont/hatFundstellenID": ["171"], "http://w3id.org/bb5kbc/ont/hatFundstellenart": ["http://w3id.org/bb5kbc/fundstellenart_376218bc"], "http://w3id.org/bb5kbc/ont/hatGenauigkeit": ["0.0"], "http://w3id.org/bb5kbc/ont/hatKatalognummer": ["49174"], "http://w3id.org/bb5kbc/ont/hatKulturelleZuordnung": ["http://w3id.org/bb5kbc/site_70_culture"], "http://w3id.org/bb5kbc/ont/inGemeinde": ["http://w3id.org/bb5kbc/gemeinde_b1964348"], "http://w3id.org/bb5kbc/ont/wurdeEntdecktDurch": ["http://w3id.org/bb5kbc/site_70_discovery"], "http://w3id.org/bb5kbc/ont/wurdeGeoreferenziertDurch": ["http://w3id.org/bb5kbc/site_70_activity"], "http://www.opengis.net/ont/geosparql#hasGeometry": ["http://w3id.org/bb5kbc/site_70_geom"], "http://www.w3.org/1999/02/22-rdf-syntax-ns#type": ["http://w3id.org/bb5kbc/ont/Fundstelle"], "http://www.w3.org/2000/01/rdf-schema#label": ["Gr\u00fcnow bei Sch\u00f6nermark 17/18 (17)"], "http://www.w3.org/2004/02/skos/core#prefLabel": ["Gr\u00fcnow bei Sch\u00f6nermark 17/18 (17)"]}, "geometry": {"type": "Point", "coordinates": [14.08, 53.12]}}, {"type": "Feature", "id": "http://w3id.org/bb5kbc/site_408", "name": "", "dateprops": [], "properties": {"http://fuzzy-sl.squirrel.link/ontology/certaintyLevel": ["https://fuzzy-sl.wikibase.cloud/entity/Q23"], "http://fuzzy-sl.squirrel.link/ontology/hasLocationType": ["https://fuzzy-sl.wikibase.cloud/entity/Q80"], "http://fuzzy-sl.squirrel.link/ontology/representativeGeometry": ["http://w3id.org/bb5kbc/site_408_geom"], "http://purl.org/dc/terms/identifier": ["408"], "http://rdfs.org/ns/void#inDataset": ["http://w3id.org/bb5kbc/Brandenburg_5000_BC_Data"], "http://w3id.org/bb5kbc/ont/hatFID": ["408"], "http://w3id.org/bb5kbc/ont/hatFundstellenID": ["11"], "http://w3id.org/bb5kbc/ont/hatFundstellenart": ["http://w3id.org/bb5kbc/fundstellenart_376218bc"], "http://w3id.org/bb5kbc/ont/hatGenauigkeit": ["0.0"], "http://w3id.org/bb5kbc/ont/hatKatalognummer": ["15225"], "http://w3id.org/bb5kbc/ont/hatKulturelleZuordnung": ["http://w3id.org/bb5kbc/site_408_culture"], "http://w3id.org/bb5kbc/ont/inGemeinde": ["http://w3id.org/bb5kbc/gemeinde_4c04791f"], "http://w3id.org/bb5kbc/ont/wurdeEntdecktDurch": ["http://w3id.org/bb5kbc/site_408_discovery"], "http://w3id.org/bb5kbc/ont/wurdeGeoreferenziertDurch": ["http://w3id.org/bb5kbc/site_408_activity"], "http://www.opengis.net/ont/geosparql#hasGeometry": ["http://w3id.org/bb5kbc/site_408_geom"], "http://www.w3.org/1999/02/22-rdf-syntax-ns#type": ["http://w3id.org/bb5kbc/ont/Fundstelle"], "http://www.w3.org/2000/01/rdf-schema#label": ["Alt T\u00f6plitz - 21"], "http://www.w3.org/2004/02/skos/core#prefLabel": ["Alt T\u00f6plitz - 21"]}, "geometry": {"type": "Point", "coordinates": [12.93, 52.42]}}, {"type": "Feature", "id": "http://w3id.org/bb5kbc/site_310", "name": "", "dateprops": [], "properties": {"http://fuzzy-sl.squirrel.link/ontology/certaintyLevel": ["https://fuzzy-sl.wikibase.cloud/entity/Q23"], "http://fuzzy-sl.squirrel.link/ontology/hasLocationType": ["https://fuzzy-sl.wikibase.cloud/entity/Q80"], "http://fuzzy-sl.squirrel.link/ontology/representativeGeometry": ["http://w3id.org/bb5kbc/site_310_geom"], "http://purl.org/dc/terms/identifier": ["310"], "http://rdfs.org/ns/void#inDataset": ["http://w3id.org/bb5kbc/Brandenburg_5000_BC_Data"], "http://w3id.org/bb5kbc/ont/hatFID": ["310"], "http://w3id.org/bb5kbc/ont/hatFundstellenID": ["155"], "http://w3id.org/bb5kbc/ont/hatFundstellenart": ["http://w3id.org/bb5kbc/fundstellenart_376218bc"], "http://w3id.org/bb5kbc/ont/hatGenauigkeit": ["0.0"], "http://w3id.org/bb5kbc/ont/hatKatalognummer": ["9951"], "http://w3id.org/bb5kbc/ont/hatKulturelleZuordnung": ["http://w3id.org/bb5kbc/site_310_culture"], "http://w3id.org/bb5kbc/ont/inGemeinde": ["http://w3id.org/bb5kbc/gemeinde_f9518cd7"], "http://w3id.org/bb5kbc/ont/wurdeEntdecktDurch": ["http://w3id.org/bb5kbc/site_310_discovery"], "http://w3id.org/bb5kbc/ont/wurdeGeoreferenziertDurch": ["http://w3id.org/bb5kbc/site_310_activity"], "http://www.opengis.net/ont/geosparql#hasGeometry": ["http://w3id.org/bb5kbc/site_310_geom"], "http://www.w3.org/1999/02/22-rdf-syntax-ns#type": ["http://w3id.org/bb5kbc/ont/Fundstelle"], "http://www.w3.org/2000/01/rdf-schema#label": ["Gr\u00e4bendorf - 7"], "http://www.w3.org/2004/02/skos/core#prefLabel": ["Gr\u00e4bendorf - 7"]}, "geometry": {"type": "Point", "coordinates": [13.76, 52.22]}}, {"type": "Feature", "id": "http://w3id.org/bb5kbc/site_301", "name": "", "dateprops": [], "properties": {"http://fuzzy-sl.squirrel.link/ontology/certaintyLevel": ["https://fuzzy-sl.wikibase.cloud/entity/Q23"], "http://fuzzy-sl.squirrel.link/ontology/hasLocationType": ["https://fuzzy-sl.wikibase.cloud/entity/Q80"], "http://fuzzy-sl.squirrel.link/ontology/representativeGeometry": ["http://w3id.org/bb5kbc/site_301_geom"], "http://purl.org/dc/terms/identifier": ["301"], "http://rdfs.org/ns/void#inDataset": ["http://w3id.org/bb5kbc/Brandenburg_5000_BC_Data"], "http://w3id.org/bb5kbc/ont/hatFID": ["301"], "http://w3id.org/bb5kbc/ont/hatFundstellenID": ["375"], "http://w3id.org/bb5kbc/ont/hatFundstellenart": ["http://w3id.org/bb5kbc/fundstellenart_376218bc"], "http://w3id.org/bb5kbc/ont/hatGenauigkeit": ["0.0"], "http://w3id.org/bb5kbc/ont/hatKatalognummer": ["9738"], "http://w3id.org/bb5kbc/ont/hatKulturelleZuordnung": ["http://w3id.org/bb5kbc/site_301_culture"], "http://w3id.org/bb5kbc/ont/inGemeinde": ["http://w3id.org/bb5kbc/gemeinde_3d1e103a"], "http://w3id.org/bb5kbc/ont/wurdeEntdecktDurch": ["http://w3id.org/bb5kbc/site_301_discovery"], "http://w3id.org/bb5kbc/ont/wurdeGeoreferenziertDurch": ["http://w3id.org/bb5kbc/site_301_activity"], "http://www.opengis.net/ont/geosparql#hasGeometry": ["http://w3id.org/bb5kbc/site_301_geom"], "http://www.w3.org/1999/02/22-rdf-syntax-ns#type": ["http://w3id.org/bb5kbc/ont/Fundstelle"], "http://www.w3.org/2000/01/rdf-schema#label": ["Rohrbeck 14"], "http://www.w3.org/2004/02/skos/core#prefLabel": ["Rohrbeck 14"]}, "geometry": {"type": "Point", "coordinates": [13.03, 51.97]}}, {"type": "Feature", "id": "http://w3id.org/bb5kbc/site_303", "name": "", "dateprops": [], "properties": {"http://fuzzy-sl.squirrel.link/ontology/certaintyLevel": ["https://fuzzy-sl.wikibase.cloud/entity/Q23"], "http://fuzzy-sl.squirrel.link/ontology/hasLocationType": ["https://fuzzy-sl.wikibase.cloud/entity/Q80"], "http://fuzzy-sl.squirrel.link/ontology/representativeGeometry": ["http://w3id.org/bb5kbc/site_303_geom"], "http://purl.org/dc/terms/identifier": ["303"], "http://rdfs.org/ns/void#inDataset": ["http://w3id.org/bb5kbc/Brandenburg_5000_BC_Data"], "http://w3id.org/bb5kbc/ont/hatFID": ["303"], "http://w3id.org/bb5kbc/ont/hatFundstellenID": ["395"], "http://w3id.org/bb5kbc/ont/hatFundstellenart": ["http://w3id.org/bb5kbc/fundstellenart_376218bc"], "http://w3id.org/bb5kbc/ont/hatGenauigkeit": ["0.0"], "http://w3id.org/bb5kbc/ont/hatKatalognummer": ["17922"], "http://w3id.org/bb5kbc/ont/hatKulturelleZuordnung": ["http://w3id.org/bb5kbc/site_303_culture"], "http://w3id.org/bb5kbc/ont/inGemeinde": ["http://w3id.org/bb5kbc/gemeinde_00bcd289"], "http://w3id.org/bb5kbc/ont/wurdeEntdecktDurch": ["http://w3id.org/bb5kbc/site_303_discovery"], "http://w3id.org/bb5kbc/ont/wurdeGeoreferenziertDurch": ["http://w3id.org/bb5kbc/site_303_activity"], "http://www.opengis.net/ont/geosparql#hasGeometry": ["http://w3id.org/bb5kbc/site_303_geom"], "http://www.w3.org/1999/02/22-rdf-syntax-ns#type": ["http://w3id.org/bb5kbc/ont/Fundstelle"], "http://www.w3.org/2000/01/rdf-schema#label": ["Sch\u00f6nfeld bei Prenzlau 11"], "http://www.w3.org/2004/02/skos/core#prefLabel": ["Sch\u00f6nfeld bei Prenzlau 11"]}, "geometry": {"type": "Point", "coordinates": [13.96, 53.43]}}, {"type": "Feature", "id": "http://w3id.org/bb5kbc/site_489", "name": "", "dateprops": [], "properties": {"http://fuzzy-sl.squirrel.link/ontology/certaintyLevel": ["https://fuzzy-sl.wikibase.cloud/entity/Q23"], "http://fuzzy-sl.squirrel.link/ontology/hasLocationType": ["https://fuzzy-sl.wikibase.cloud/entity/Q80"], "http://fuzzy-sl.squirrel.link/ontology/representativeGeometry": ["http://w3id.org/bb5kbc/site_489_geom"], "http://purl.org/dc/terms/identifier": ["489"], "http://rdfs.org/ns/void#inDataset": ["http://w3id.org/bb5kbc/Brandenburg_5000_BC_Data"], "http://w3id.org/bb5kbc/ont/hatFID": ["489"], "http://w3id.org/bb5kbc/ont/hatFundstellenID": ["432"], "http://w3id.org/bb5kbc/ont/hatFundstellenart": ["http://w3id.org/bb5kbc/fundstellenart_376218bc"], "http://w3id.org/bb5kbc/ont/hatGenauigkeit": ["0.0"], "http://w3id.org/bb5kbc/ont/hatKatalognummer": ["22702"], "http://w3id.org/bb5kbc/ont/hatKulturelleZuordnung": ["http://w3id.org/bb5kbc/site_489_culture"], "http://w3id.org/bb5kbc/ont/inGemeinde": ["http://w3id.org/bb5kbc/gemeinde_f3f21f7d"], "http://w3id.org/bb5kbc/ont/wurdeEntdecktDurch": ["http://w3id.org/bb5kbc/site_489_discovery"], "http://w3id.org/bb5kbc/ont/wurdeGeoreferenziertDurch": ["http://w3id.org/bb5kbc/site_489_activity"], "http://www.opengis.net/ont/geosparql#hasGeometry": ["http://w3id.org/bb5kbc/site_489_geom"], "http://www.w3.org/1999/02/22-rdf-syntax-ns#type": ["http://w3id.org/bb5kbc/ont/Fundstelle"], "http://www.w3.org/2000/01/rdf-schema#label": ["Templin - 89"], "http://www.w3.org/2004/02/skos/core#prefLabel": ["Templin - 89"]}, "geometry": {"type": "Point", "coordinates": [13.54, 53.09]}}, {"type": "Feature", "id": "http://w3id.org/bb5kbc/site_571", "name": "", "dateprops": [], "properties": {"http://fuzzy-sl.squirrel.link/ontology/certaintyLevel": ["https://fuzzy-sl.wikibase.cloud/entity/Q23"], "http://fuzzy-sl.squirrel.link/ontology/hasLocationType": ["https://fuzzy-sl.wikibase.cloud/entity/Q80"], "http://fuzzy-sl.squirrel.link/ontology/representativeGeometry": ["http://w3id.org/bb5kbc/site_571_geom"], "http://purl.org/dc/terms/identifier": ["571"], "http://rdfs.org/ns/void#inDataset": ["http://w3id.org/bb5kbc/Brandenburg_5000_BC_Data"], "http://w3id.org/bb5kbc/ont/hatFID": ["571"], "http://w3id.org/bb5kbc/ont/hatFundstellenID": ["189"], "http://w3id.org/bb5kbc/ont/hatFundstellenart": ["http://w3id.org/bb5kbc/fundstellenart_376218bc"], "http://w3id.org/bb5kbc/ont/hatGenauigkeit": ["0.0"], "http://w3id.org/bb5kbc/ont/hatKatalognummer": ["11207"], "http://w3id.org/bb5kbc/ont/hatKulturelleZuordnung": ["http://w3id.org/bb5kbc/site_571_culture"], "http://w3id.org/bb5kbc/ont/hatPublikation": ["http://w3id.org/bb5kbc/pub_05cf84ec"], "http://w3id.org/bb5kbc/ont/inGemeinde": ["http://w3id.org/bb5kbc/gemeinde_866c0d08"], "http://w3id.org/bb5kbc/ont/wurdeEntdecktDurch": ["http://w3id.org/bb5kbc/site_571_discovery"], "http://w3id.org/bb5kbc/ont/wurdeGeoreferenziertDurch": ["http://w3id.org/bb5kbc/site_571_activity"], "http://www.opengis.net/ont/geosparql#hasGeometry": ["http://w3id.org/bb5kbc/site_571_geom"], "http://www.w3.org/1999/02/22-rdf-syntax-ns#type": ["http://w3id.org/bb5kbc/ont/Fundstelle"], "http://www.w3.org/2000/01/rdf-schema#label": ["Hohenbr\u00fcck 2"], "http://www.w3.org/2004/02/skos/core#prefLabel": ["Hohenbr\u00fcck 2"]}, "geometry": {"type": "Point", "coordinates": [13.89, 52.09]}}, {"type": "Feature", "id": "http://w3id.org/bb5kbc/site_44", "name": "", "dateprops": [], "properties": {"http://fuzzy-sl.squirrel.link/ontology/certaintyLevel": ["https://fuzzy-sl.wikibase.cloud/entity/Q23"], "http://fuzzy-sl.squirrel.link/ontology/hasLocationType": ["https://fuzzy-sl.wikibase.cloud/entity/Q80"], "http://fuzzy-sl.squirrel.link/ontology/representativeGeometry": ["http://w3id.org/bb5kbc/site_44_geom"], "http://purl.org/dc/terms/identifier": ["44"], "http://rdfs.org/ns/void#inDataset": ["http://w3id.org/bb5kbc/Brandenburg_5000_BC_Data"], "http://w3id.org/bb5kbc/ont/hatFID": ["44"], "http://w3id.org/bb5kbc/ont/hatFundstellenID": ["55"], "http://w3id.org/bb5kbc/ont/hatFundstellenart": ["http://w3id.org/bb5kbc/fundstellenart_376218bc"], "http://w3id.org/bb5kbc/ont/hatGenauigkeit": ["0.0"], "http://w3id.org/bb5kbc/ont/hatKatalognummer": ["9587"], "http://w3id.org/bb5kbc/ont/hatKulturelleZuordnung": ["http://w3id.org/bb5kbc/site_44_culture"], "http://w3id.org/bb5kbc/ont/hatPublikation": ["http://w3id.org/bb5kbc/pub_21405e20"], "http://w3id.org/bb5kbc/ont/inGemeinde": ["http://w3id.org/bb5kbc/gemeinde_7aa1556f"], "http://w3id.org/bb5kbc/ont/wurdeEntdecktDurch": ["http://w3id.org/bb5kbc/site_44_discovery"], "http://w3id.org/bb5kbc/ont/wurdeGeoreferenziertDurch": ["http://w3id.org/bb5kbc/site_44_activity"], "http://www.opengis.net/ont/geosparql#hasGeometry": ["http://w3id.org/bb5kbc/site_44_geom"], "http://www.w3.org/1999/02/22-rdf-syntax-ns#type": ["http://w3id.org/bb5kbc/ont/Fundstelle"], "http://www.w3.org/2000/01/rdf-schema#label": ["Bochow 15"], "http://www.w3.org/2004/02/skos/core#prefLabel": ["Bochow 15"]}, "geometry": {"type": "Point", "coordinates": [13.09, 51.96]}}, {"type": "Feature", "id": "http://w3id.org/bb5kbc/site_306", "name": "", "dateprops": [], "properties": {"http://fuzzy-sl.squirrel.link/ontology/certaintyLevel": ["https://fuzzy-sl.wikibase.cloud/entity/Q23"], "http://fuzzy-sl.squirrel.link/ontology/hasLocationType": ["https://fuzzy-sl.wikibase.cloud/entity/Q80"], "http://fuzzy-sl.squirrel.link/ontology/representativeGeometry": ["http://w3id.org/bb5kbc/site_306_geom"], "http://purl.org/dc/terms/identifier": ["306"], "http://rdfs.org/ns/void#inDataset": ["http://w3id.org/bb5kbc/Brandenburg_5000_BC_Data"], "http://w3id.org/bb5kbc/ont/hatFID": ["306"], "http://w3id.org/bb5kbc/ont/hatFundstellenID": ["70"], "http://w3id.org/bb5kbc/ont/hatFundstellenart": ["http://w3id.org/bb5kbc/fundstellenart_376218bc"], "http://w3id.org/bb5kbc/ont/hatGenauigkeit": ["0.0"], "http://w3id.org/bb5kbc/ont/hatKatalognummer": ["2464"], "http://w3id.org/bb5kbc/ont/hatKulturelleZuordnung": ["http://w3id.org/bb5kbc/site_306_culture"], "http://w3id.org/bb5kbc/ont/inGemeinde": ["http://w3id.org/bb5kbc/gemeinde_1a77989b"], "http://w3id.org/bb5kbc/ont/wurdeEntdecktDurch": ["http://w3id.org/bb5kbc/site_306_discovery"], "http://w3id.org/bb5kbc/ont/wurdeGeoreferenziertDurch": ["http://w3id.org/bb5kbc/site_306_activity"], "http://www.opengis.net/ont/geosparql#hasGeometry": ["http://w3id.org/bb5kbc/site_306_geom"], "http://www.w3.org/1999/02/22-rdf-syntax-ns#type": ["http://w3id.org/bb5kbc/ont/Fundstelle"], "http://www.w3.org/2000/01/rdf-schema#label": ["Brandenburg-Altstadt - 7"], "http://www.w3.org/2004/02/skos/core#prefLabel": ["Brandenburg-Altstadt - 7"]}, "geometry": {"type": "Point", "coordinates": [12.57, 52.43]}}, {"type": "Feature", "id": "http://w3id.org/bb5kbc/site_471", "name": "", "dateprops": [], "properties": {"http://fuzzy-sl.squirrel.link/ontology/certaintyLevel": ["https://fuzzy-sl.wikibase.cloud/entity/Q23"], "http://fuzzy-sl.squirrel.link/ontology/hasLocationType": ["https://fuzzy-sl.wikibase.cloud/entity/Q80"], "http://fuzzy-sl.squirrel.link/ontology/representativeGeometry": ["http://w3id.org/bb5kbc/site_471_geom"], "http://purl.org/dc/terms/identifier": ["471"], "http://rdfs.org/ns/void#inDataset": ["http://w3id.org/bb5kbc/Brandenburg_5000_BC_Data"], "http://w3id.org/bb5kbc/ont/hatFID": ["471"], "http://w3id.org/bb5kbc/ont/hatFundstellenID": ["119"], "http://w3id.org/bb5kbc/ont/hatFundstellenart": ["http://w3id.org/bb5kbc/fundstellenart_376218bc"], "http://w3id.org/bb5kbc/ont/hatGenauigkeit": ["0.0"], "http://w3id.org/bb5kbc/ont/hatKatalognummer": ["379"], "http://w3id.org/bb5kbc/ont/hatKulturelleZuordnung": ["http://w3id.org/bb5kbc/site_471_culture"], "http://w3id.org/bb5kbc/ont/inGemeinde": ["http://w3id.org/bb5kbc/gemeinde_469c793d"], "http://w3id.org/bb5kbc/ont/wurdeEntdecktDurch": ["http://w3id.org/bb5kbc/site_471_discovery"], "http://w3id.org/bb5kbc/ont/wurdeGeoreferenziertDurch": ["http://w3id.org/bb5kbc/site_471_activity"], "http://www.opengis.net/ont/geosparql#hasGeometry": ["http://w3id.org/bb5kbc/site_471_geom"], "http://www.w3.org/1999/02/22-rdf-syntax-ns#type": ["http://w3id.org/bb5kbc/ont/Fundstelle"], "http://www.w3.org/2000/01/rdf-schema#label": ["Flemsdorf - 19"], "http://www.w3.org/2004/02/skos/core#prefLabel": ["Flemsdorf - 19"]}, "geometry": {"type": "Point", "coordinates": [14.17, 53.04]}}, {"type": "Feature", "id": "http://w3id.org/bb5kbc/site_579", "name": "", "dateprops": [], "properties": {"http://fuzzy-sl.squirrel.link/ontology/certaintyLevel": ["https://fuzzy-sl.wikibase.cloud/entity/Q23"], "http://fuzzy-sl.squirrel.link/ontology/hasLocationType": ["https://fuzzy-sl.wikibase.cloud/entity/Q80"], "http://fuzzy-sl.squirrel.link/ontology/representativeGeometry": ["http://w3id.org/bb5kbc/site_579_geom"], "http://purl.org/dc/terms/identifier": ["579"], "http://rdfs.org/ns/void#inDataset": ["http://w3id.org/bb5kbc/Brandenburg_5000_BC_Data"], "http://w3id.org/bb5kbc/ont/hatFID": ["579"], "http://w3id.org/bb5kbc/ont/hatFundstellenID": ["339"], "http://w3id.org/bb5kbc/ont/hatFundstellenart": ["http://w3id.org/bb5kbc/fundstellenart_376218bc"], "http://w3id.org/bb5kbc/ont/hatGenauigkeit": ["0.0"], "http://w3id.org/bb5kbc/ont/hatKatalognummer": ["16057"], "http://w3id.org/bb5kbc/ont/hatKulturelleZuordnung": ["http://w3id.org/bb5kbc/site_579_culture"], "http://w3id.org/bb5kbc/ont/hatPublikation": ["http://w3id.org/bb5kbc/pub_4151a647"], "http://w3id.org/bb5kbc/ont/inGemeinde": ["http://w3id.org/bb5kbc/gemeinde_d5404511"], "http://w3id.org/bb5kbc/ont/wurdeEntdecktDurch": ["http://w3id.org/bb5kbc/site_579_discovery"], "http://w3id.org/bb5kbc/ont/wurdeGeoreferenziertDurch": ["http://w3id.org/bb5kbc/site_579_activity"], "http://www.opengis.net/ont/geosparql#hasGeometry": ["http://w3id.org/bb5kbc/site_579_geom"], "http://www.w3.org/1999/02/22-rdf-syntax-ns#type": ["http://w3id.org/bb5kbc/ont/Fundstelle"], "http://www.w3.org/2000/01/rdf-schema#label": ["Potsdam 16"], "http://www.w3.org/2004/02/skos/core#prefLabel": ["Potsdam 16"]}, "geometry": {"type": "Point", "coordinates": [13.07, 52.4]}}, {"type": "Feature", "id": "http://w3id.org/bb5kbc/site_377", "name": "", "dateprops": [], "properties": {"http://fuzzy-sl.squirrel.link/ontology/certaintyLevel": ["https://fuzzy-sl.wikibase.cloud/entity/Q23"], "http://fuzzy-sl.squirrel.link/ontology/hasLocationType": ["https://fuzzy-sl.wikibase.cloud/entity/Q80"], "http://fuzzy-sl.squirrel.link/ontology/representativeGeometry": ["http://w3id.org/bb5kbc/site_377_geom"], "http://purl.org/dc/terms/identifier": ["377"], "http://rdfs.org/ns/void#inDataset": ["http://w3id.org/bb5kbc/Brandenburg_5000_BC_Data"], "http://w3id.org/bb5kbc/ont/hatFID": ["377"], "http://w3id.org/bb5kbc/ont/hatFundstellenID": ["263"], "http://w3id.org/bb5kbc/ont/hatFundstellenart": ["http://w3id.org/bb5kbc/fundstellenart_376218bc"], "http://w3id.org/bb5kbc/ont/hatGenauigkeit": ["0.0"], "http://w3id.org/bb5kbc/ont/hatKatalognummer": ["10715"], "http://w3id.org/bb5kbc/ont/hatKulturelleZuordnung": ["http://w3id.org/bb5kbc/site_377_culture"], "http://w3id.org/bb5kbc/ont/inGemeinde": ["http://w3id.org/bb5kbc/gemeinde_bb46b330"], "http://w3id.org/bb5kbc/ont/wurdeEntdecktDurch": ["http://w3id.org/bb5kbc/site_377_discovery"], "http://w3id.org/bb5kbc/ont/wurdeGeoreferenziertDurch": ["http://w3id.org/bb5kbc/site_377_activity"], "http://www.opengis.net/ont/geosparql#hasGeometry": ["http://w3id.org/bb5kbc/site_377_geom"], "http://www.w3.org/1999/02/22-rdf-syntax-ns#type": ["http://w3id.org/bb5kbc/ont/Fundstelle"], "http://www.w3.org/2000/01/rdf-schema#label": ["Lohm - 12"], "http://www.w3.org/2004/02/skos/core#prefLabel": ["Lohm - 12"]}, "geometry": {"type": "Point", "coordinates": [12.31, 52.87]}}, {"type": "Feature", "id": "http://w3id.org/bb5kbc/site_372", "name": "", "dateprops": [], "properties": {"http://fuzzy-sl.squirrel.link/ontology/certaintyLevel": ["https://fuzzy-sl.wikibase.cloud/entity/Q23"], "http://fuzzy-sl.squirrel.link/ontology/hasLocationType": ["https://fuzzy-sl.wikibase.cloud/entity/Q80"], "http://fuzzy-sl.squirrel.link/ontology/representativeGeometry": ["http://w3id.org/bb5kbc/site_372_geom"], "http://purl.org/dc/terms/identifier": ["372"], "http://rdfs.org/ns/void#inDataset": ["http://w3id.org/bb5kbc/Brandenburg_5000_BC_Data"], "http://w3id.org/bb5kbc/ont/hatFID": ["372"], "http://w3id.org/bb5kbc/ont/hatFundstellenID": ["404"], "http://w3id.org/bb5kbc/ont/hatFundstellenart": ["http://w3id.org/bb5kbc/fundstellenart_376218bc"], "http://w3id.org/bb5kbc/ont/hatGenauigkeit": ["0.0"], "http://w3id.org/bb5kbc/ont/hatKatalognummer": ["34518"], "http://w3id.org/bb5kbc/ont/hatKulturelleZuordnung": ["http://w3id.org/bb5kbc/site_372_culture"], "http://w3id.org/bb5kbc/ont/inGemeinde": ["http://w3id.org/bb5kbc/gemeinde_cee8d1fb"], "http://w3id.org/bb5kbc/ont/wurdeEntdecktDurch": ["http://w3id.org/bb5kbc/site_372_discovery"], "http://w3id.org/bb5kbc/ont/wurdeGeoreferenziertDurch": ["http://w3id.org/bb5kbc/site_372_activity"], "http://www.opengis.net/ont/geosparql#hasGeometry": ["http://w3id.org/bb5kbc/site_372_geom"], "http://www.w3.org/1999/02/22-rdf-syntax-ns#type": ["http://w3id.org/bb5kbc/ont/Fundstelle"], "http://www.w3.org/2000/01/rdf-schema#label": ["Schwerin - 11"], "http://www.w3.org/2004/02/skos/core#prefLabel": ["Schwerin - 11"]}, "geometry": {"type": "Point", "coordinates": [13.86, 52.19]}}, {"type": "Feature", "id": "http://w3id.org/bb5kbc/site_355", "name": "", "dateprops": [], "properties": {"http://fuzzy-sl.squirrel.link/ontology/certaintyLevel": ["https://fuzzy-sl.wikibase.cloud/entity/Q23"], "http://fuzzy-sl.squirrel.link/ontology/hasLocationType": ["https://fuzzy-sl.wikibase.cloud/entity/Q80"], "http://fuzzy-sl.squirrel.link/ontology/representativeGeometry": ["http://w3id.org/bb5kbc/site_355_geom"], "http://purl.org/dc/terms/identifier": ["355"], "http://rdfs.org/ns/void#inDataset": ["http://w3id.org/bb5kbc/Brandenburg_5000_BC_Data"], "http://w3id.org/bb5kbc/ont/hatFID": ["355"], "http://w3id.org/bb5kbc/ont/hatFundstellenID": ["414"], "http://w3id.org/bb5kbc/ont/hatFundstellenart": ["http://w3id.org/bb5kbc/fundstellenart_376218bc"], "http://w3id.org/bb5kbc/ont/hatGenauigkeit": ["0.0"], "http://w3id.org/bb5kbc/ont/hatKatalognummer": ["14928"], "http://w3id.org/bb5kbc/ont/hatKulturelleZuordnung": ["http://w3id.org/bb5kbc/site_355_culture"], "http://w3id.org/bb5kbc/ont/inGemeinde": ["http://w3id.org/bb5kbc/gemeinde_83fc8fe6"], "http://w3id.org/bb5kbc/ont/wurdeEntdecktDurch": ["http://w3id.org/bb5kbc/site_355_discovery"], "http://w3id.org/bb5kbc/ont/wurdeGeoreferenziertDurch": ["http://w3id.org/bb5kbc/site_355_activity"], "http://www.opengis.net/ont/geosparql#hasGeometry": ["http://w3id.org/bb5kbc/site_355_geom"], "http://www.w3.org/1999/02/22-rdf-syntax-ns#type": ["http://w3id.org/bb5kbc/ont/Fundstelle"], "http://www.w3.org/2000/01/rdf-schema#label": ["Sommerfeld - 7"], "http://www.w3.org/2004/02/skos/core#prefLabel": ["Sommerfeld - 7"]}, "geometry": {"type": "Point", "coordinates": [13.05, 52.79]}}, {"type": "Feature", "id": "http://w3id.org/bb5kbc/site_45", "name": "", "dateprops": [], "properties": {"http://fuzzy-sl.squirrel.link/ontology/certaintyLevel": ["https://fuzzy-sl.wikibase.cloud/entity/Q23"], "http://fuzzy-sl.squirrel.link/ontology/hasLocationType": ["https://fuzzy-sl.wikibase.cloud/entity/Q80"], "http://fuzzy-sl.squirrel.link/ontology/representativeGeometry": ["http://w3id.org/bb5kbc/site_45_geom"], "http://purl.org/dc/terms/identifier": ["45"], "http://rdfs.org/ns/void#inDataset": ["http://w3id.org/bb5kbc/Brandenburg_5000_BC_Data"], "http://w3id.org/bb5kbc/ont/hatFID": ["45"], "http://w3id.org/bb5kbc/ont/hatFundstellenID": ["58"], "http://w3id.org/bb5kbc/ont/hatFundstellenart": ["http://w3id.org/bb5kbc/fundstellenart_376218bc"], "http://w3id.org/bb5kbc/ont/hatGenauigkeit": ["0.0"], "http://w3id.org/bb5kbc/ont/hatKatalognummer": ["9578"], "http://w3id.org/bb5kbc/ont/hatKulturelleZuordnung": ["http://w3id.org/bb5kbc/site_45_culture"], "http://w3id.org/bb5kbc/ont/hatPublikation": ["http://w3id.org/bb5kbc/pub_21405e20"], "http://w3id.org/bb5kbc/ont/inGemeinde": ["http://w3id.org/bb5kbc/gemeinde_7aa1556f"], "http://w3id.org/bb5kbc/ont/wurdeEntdecktDurch": ["http://w3id.org/bb5kbc/site_45_discovery"], "http://w3id.org/bb5kbc/ont/wurdeGeoreferenziertDurch": ["http://w3id.org/bb5kbc/site_45_activity"], "http://www.opengis.net/ont/geosparql#hasGeometry": ["http://w3id.org/bb5kbc/site_45_geom"], "http://www.w3.org/1999/02/22-rdf-syntax-ns#type": ["http://w3id.org/bb5kbc/ont/Fundstelle"], "http://www.w3.org/2000/01/rdf-schema#label": ["Bochow 6"], "http://www.w3.org/2004/02/skos/core#prefLabel": ["Bochow 6"]}, "geometry": {"type": "Point", "coordinates": [13.09, 51.96]}}, {"type": "Feature", "id": "http://w3id.org/bb5kbc/site_390", "name": "", "dateprops": [], "properties": {"http://fuzzy-sl.squirrel.link/ontology/certaintyLevel": ["https://fuzzy-sl.wikibase.cloud/entity/Q23"], "http://fuzzy-sl.squirrel.link/ontology/hasLocationType": ["https://fuzzy-sl.wikibase.cloud/entity/Q80"], "http://fuzzy-sl.squirrel.link/ontology/representativeGeometry": ["http://w3id.org/bb5kbc/site_390_geom"], "http://purl.org/dc/terms/identifier": ["390"], "http://rdfs.org/ns/void#inDataset": ["http://w3id.org/bb5kbc/Brandenburg_5000_BC_Data"], "http://w3id.org/bb5kbc/ont/hatFID": ["390"], "http://w3id.org/bb5kbc/ont/hatFundstellenID": ["5"], "http://w3id.org/bb5kbc/ont/hatFundstellenart": ["http://w3id.org/bb5kbc/fundstellenart_376218bc"], "http://w3id.org/bb5kbc/ont/hatGenauigkeit": ["0.0"], "http://w3id.org/bb5kbc/ont/hatKatalognummer": ["53129"], "http://w3id.org/bb5kbc/ont/hatKulturelleZuordnung": ["http://w3id.org/bb5kbc/site_390_culture"], "http://w3id.org/bb5kbc/ont/inGemeinde": ["http://w3id.org/bb5kbc/gemeinde_2f4a3bd4"], "http://w3id.org/bb5kbc/ont/wurdeEntdecktDurch": ["http://w3id.org/bb5kbc/site_390_discovery"], "http://w3id.org/bb5kbc/ont/wurdeGeoreferenziertDurch": ["http://w3id.org/bb5kbc/site_390_activity"], "http://www.opengis.net/ont/geosparql#hasGeometry": ["http://w3id.org/bb5kbc/site_390_geom"], "http://www.w3.org/1999/02/22-rdf-syntax-ns#type": ["http://w3id.org/bb5kbc/ont/Fundstelle"], "http://www.w3.org/2000/01/rdf-schema#label": ["Alt Ruppin - 23"], "http://www.w3.org/2004/02/skos/core#prefLabel": ["Alt Ruppin - 23"]}, "geometry": {"type": "Point", "coordinates": [12.93, 52.98]}}, {"type": "Feature", "id": "http://w3id.org/bb5kbc/site_56", "name": "", "dateprops": [], "properties": {"http://fuzzy-sl.squirrel.link/ontology/certaintyLevel": ["https://fuzzy-sl.wikibase.cloud/entity/Q23"], "http://fuzzy-sl.squirrel.link/ontology/hasLocationType": ["https://fuzzy-sl.wikibase.cloud/entity/Q80"], "http://fuzzy-sl.squirrel.link/ontology/representativeGeometry": ["http://w3id.org/bb5kbc/site_56_geom"], "http://purl.org/dc/terms/identifier": ["56"], "http://rdfs.org/ns/void#inDataset": ["http://w3id.org/bb5kbc/Brandenburg_5000_BC_Data"], "http://w3id.org/bb5kbc/ont/hatFID": ["56"], "http://w3id.org/bb5kbc/ont/hatFundstellenID": ["303"], "http://w3id.org/bb5kbc/ont/hatFundstellenart": ["http://w3id.org/bb5kbc/fundstellenart_376218bc"], "http://w3id.org/bb5kbc/ont/hatGenauigkeit": ["0.0"], "http://w3id.org/bb5kbc/ont/hatKatalognummer": ["11326"], "http://w3id.org/bb5kbc/ont/hatKulturelleZuordnung": ["http://w3id.org/bb5kbc/site_56_culture"], "http://w3id.org/bb5kbc/ont/hatPublikation": ["http://w3id.org/bb5kbc/pub_05cf84ec"], "http://w3id.org/bb5kbc/ont/inGemeinde": ["http://w3id.org/bb5kbc/gemeinde_7ff1cdab"], "http://w3id.org/bb5kbc/ont/wurdeEntdecktDurch": ["http://w3id.org/bb5kbc/site_56_discovery"], "http://w3id.org/bb5kbc/ont/wurdeGeoreferenziertDurch": ["http://w3id.org/bb5kbc/site_56_activity"], "http://www.opengis.net/ont/geosparql#hasGeometry": ["http://w3id.org/bb5kbc/site_56_geom"], "http://www.w3.org/1999/02/22-rdf-syntax-ns#type": ["http://w3id.org/bb5kbc/ont/Fundstelle"], "http://www.w3.org/2000/01/rdf-schema#label": ["Neuendorf am See 6"], "http://www.w3.org/2004/02/skos/core#prefLabel": ["Neuendorf am See 6"]}, "geometry": {"type": "Point", "coordinates": [13.88, 52.1]}}, {"type": "Feature", "id": "http://w3id.org/bb5kbc/site_72", "name": "", "dateprops": [], "properties": {"http://fuzzy-sl.squirrel.link/ontology/certaintyLevel": ["https://fuzzy-sl.wikibase.cloud/entity/Q23"], "http://fuzzy-sl.squirrel.link/ontology/hasLocationType": ["https://fuzzy-sl.wikibase.cloud/entity/Q80"], "http://fuzzy-sl.squirrel.link/ontology/representativeGeometry": ["http://w3id.org/bb5kbc/site_72_geom"], "http://purl.org/dc/terms/identifier": ["72"], "http://rdfs.org/ns/void#inDataset": ["http://w3id.org/bb5kbc/Brandenburg_5000_BC_Data"], "http://w3id.org/bb5kbc/ont/hatFID": ["72"], "http://w3id.org/bb5kbc/ont/hatFundstellenID": ["121"], "http://w3id.org/bb5kbc/ont/hatFundstellenart": ["http://w3id.org/bb5kbc/fundstellenart_376218bc"], "http://w3id.org/bb5kbc/ont/hatGenauigkeit": ["0.0"], "http://w3id.org/bb5kbc/ont/hatKatalognummer": ["366"], "http://w3id.org/bb5kbc/ont/hatKulturelleZuordnung": ["http://w3id.org/bb5kbc/site_72_culture"], "http://w3id.org/bb5kbc/ont/inGemeinde": ["http://w3id.org/bb5kbc/gemeinde_469c793d"], "http://w3id.org/bb5kbc/ont/wurdeEntdecktDurch": ["http://w3id.org/bb5kbc/site_72_discovery"], "http://w3id.org/bb5kbc/ont/wurdeGeoreferenziertDurch": ["http://w3id.org/bb5kbc/site_72_activity"], "http://www.opengis.net/ont/geosparql#hasGeometry": ["http://w3id.org/bb5kbc/site_72_geom"], "http://www.w3.org/1999/02/22-rdf-syntax-ns#type": ["http://w3id.org/bb5kbc/ont/Fundstelle"], "http://www.w3.org/2000/01/rdf-schema#label": ["Flemsdorf 6/1 (6)"], "http://www.w3.org/2004/02/skos/core#prefLabel": ["Flemsdorf 6/1 (6)"]}, "geometry": {"type": "Point", "coordinates": [14.17, 53.03]}}, {"type": "Feature", "id": "http://w3id.org/bb5kbc/site_373", "name": "", "dateprops": [], "properties": {"http://fuzzy-sl.squirrel.link/ontology/certaintyLevel": ["https://fuzzy-sl.wikibase.cloud/entity/Q23"], "http://fuzzy-sl.squirrel.link/ontology/hasLocationType": ["https://fuzzy-sl.wikibase.cloud/entity/Q80"], "http://fuzzy-sl.squirrel.link/ontology/representativeGeometry": ["http://w3id.org/bb5kbc/site_373_geom"], "http://purl.org/dc/terms/identifier": ["373"], "http://rdfs.org/ns/void#inDataset": ["http://w3id.org/bb5kbc/Brandenburg_5000_BC_Data"], "http://w3id.org/bb5kbc/ont/hatFID": ["373"], "http://w3id.org/bb5kbc/ont/hatFundstellenID": ["477"], "http://w3id.org/bb5kbc/ont/hatFundstellenart": ["http://w3id.org/bb5kbc/fundstellenart_376218bc"], "http://w3id.org/bb5kbc/ont/hatGenauigkeit": ["0.0"], "http://w3id.org/bb5kbc/ont/hatKatalognummer": ["10442"], "http://w3id.org/bb5kbc/ont/hatKulturelleZuordnung": ["http://w3id.org/bb5kbc/site_373_culture"], "http://w3id.org/bb5kbc/ont/inGemeinde": ["http://w3id.org/bb5kbc/gemeinde_0b8be4ac"], "http://w3id.org/bb5kbc/ont/wurdeEntdecktDurch": ["http://w3id.org/bb5kbc/site_373_discovery"], "http://w3id.org/bb5kbc/ont/wurdeGeoreferenziertDurch": ["http://w3id.org/bb5kbc/site_373_activity"], "http://www.opengis.net/ont/geosparql#hasGeometry": ["http://w3id.org/bb5kbc/site_373_geom"], "http://www.w3.org/1999/02/22-rdf-syntax-ns#type": ["http://w3id.org/bb5kbc/ont/Fundstelle"], "http://www.w3.org/2000/01/rdf-schema#label": ["Wusterhausen (Dosse) - 12"], "http://www.w3.org/2004/02/skos/core#prefLabel": ["Wusterhausen (Dosse) - 12"]}, "geometry": {"type": "Point", "coordinates": [12.49, 52.92]}}, {"type": "Feature", "id": "http://w3id.org/bb5kbc/site_259", "name": "", "dateprops": [], "properties": {"http://fuzzy-sl.squirrel.link/ontology/certaintyLevel": ["https://fuzzy-sl.wikibase.cloud/entity/Q23"], "http://fuzzy-sl.squirrel.link/ontology/hasLocationType": ["https://fuzzy-sl.wikibase.cloud/entity/Q80"], "http://fuzzy-sl.squirrel.link/ontology/representativeGeometry": ["http://w3id.org/bb5kbc/site_259_geom"], "http://purl.org/dc/terms/identifier": ["259"], "http://rdfs.org/ns/void#inDataset": ["http://w3id.org/bb5kbc/Brandenburg_5000_BC_Data"], "http://w3id.org/bb5kbc/ont/hatFID": ["259"], "http://w3id.org/bb5kbc/ont/hatFundstellenID": ["122"], "http://w3id.org/bb5kbc/ont/hatFundstellenart": ["http://w3id.org/bb5kbc/fundstellenart_376218bc"], "http://w3id.org/bb5kbc/ont/hatGenauigkeit": ["0.0"], "http://w3id.org/bb5kbc/ont/hatKatalognummer": ["6357"], "http://w3id.org/bb5kbc/ont/hatKulturelleZuordnung": ["http://w3id.org/bb5kbc/site_259_culture"], "http://w3id.org/bb5kbc/ont/inGemeinde": ["http://w3id.org/bb5kbc/gemeinde_4312d5c8"], "http://w3id.org/bb5kbc/ont/wurdeEntdecktDurch": ["http://w3id.org/bb5kbc/site_259_discovery"], "http://w3id.org/bb5kbc/ont/wurdeGeoreferenziertDurch": ["http://w3id.org/bb5kbc/site_259_activity"], "http://www.opengis.net/ont/geosparql#hasGeometry": ["http://w3id.org/bb5kbc/site_259_geom"], "http://www.w3.org/1999/02/22-rdf-syntax-ns#type": ["http://w3id.org/bb5kbc/ont/Fundstelle"], "http://www.w3.org/2000/01/rdf-schema#label": ["Frankfurt 108"], "http://www.w3.org/2004/02/skos/core#prefLabel": ["Frankfurt 108"]}, "geometry": {"type": "Point", "coordinates": [14.52, 52.33]}}, {"type": "Feature", "id": "http://w3id.org/bb5kbc/site_92", "name": "", "dateprops": [], "properties": {"http://fuzzy-sl.squirrel.link/ontology/certaintyLevel": ["https://fuzzy-sl.wikibase.cloud/entity/Q23"], "http://fuzzy-sl.squirrel.link/ontology/hasLocationType": ["https://fuzzy-sl.wikibase.cloud/entity/Q80"], "http://fuzzy-sl.squirrel.link/ontology/representativeGeometry": ["http://w3id.org/bb5kbc/site_92_geom"], "http://purl.org/dc/terms/identifier": ["92"], "http://rdfs.org/ns/void#inDataset": ["http://w3id.org/bb5kbc/Brandenburg_5000_BC_Data"], "http://w3id.org/bb5kbc/ont/hatFID": ["92"], "http://w3id.org/bb5kbc/ont/hatFundstellenID": ["180"], "http://w3id.org/bb5kbc/ont/hatFundstellenart": ["http://w3id.org/bb5kbc/fundstellenart_376218bc"], "http://w3id.org/bb5kbc/ont/hatGenauigkeit": ["0.0"], "http://w3id.org/bb5kbc/ont/hatKulturelleZuordnung": ["http://w3id.org/bb5kbc/site_92_culture"], "http://w3id.org/bb5kbc/ont/inGemeinde": ["http://w3id.org/bb5kbc/gemeinde_c9b9271b"], "http://w3id.org/bb5kbc/ont/wurdeEntdecktDurch": ["http://w3id.org/bb5kbc/site_92_discovery"], "http://w3id.org/bb5kbc/ont/wurdeGeoreferenziertDurch": ["http://w3id.org/bb5kbc/site_92_activity"], "http://www.opengis.net/ont/geosparql#hasGeometry": ["http://w3id.org/bb5kbc/site_92_geom"], "http://www.w3.org/1999/02/22-rdf-syntax-ns#type": ["http://w3id.org/bb5kbc/ont/Fundstelle"], "http://www.w3.org/2000/01/rdf-schema#label": ["Heinersbr\u00fcck 31"], "http://www.w3.org/2004/02/skos/core#prefLabel": ["Heinersbr\u00fcck 31"]}, "geometry": {"type": "Point", "coordinates": [14.54, 51.81]}}, {"type": "Feature", "id": "http://w3id.org/bb5kbc/site_321", "name": "", "dateprops": [], "properties": {"http://fuzzy-sl.squirrel.link/ontology/certaintyLevel": ["https://fuzzy-sl.wikibase.cloud/entity/Q23"], "http://fuzzy-sl.squirrel.link/ontology/hasLocationType": ["https://fuzzy-sl.wikibase.cloud/entity/Q80"], "http://fuzzy-sl.squirrel.link/ontology/representativeGeometry": ["http://w3id.org/bb5kbc/site_321_geom"], "http://purl.org/dc/terms/identifier": ["321"], "http://rdfs.org/ns/void#inDataset": ["http://w3id.org/bb5kbc/Brandenburg_5000_BC_Data"], "http://w3id.org/bb5kbc/ont/hatFID": ["321"], "http://w3id.org/bb5kbc/ont/hatFundstellenID": ["294"], "http://w3id.org/bb5kbc/ont/hatFundstellenart": ["http://w3id.org/bb5kbc/fundstellenart_376218bc"], "http://w3id.org/bb5kbc/ont/hatGenauigkeit": ["0.0"], "http://w3id.org/bb5kbc/ont/hatKatalognummer": ["37490"], "http://w3id.org/bb5kbc/ont/hatKulturelleZuordnung": ["http://w3id.org/bb5kbc/site_321_culture"], "http://w3id.org/bb5kbc/ont/inGemeinde": ["http://w3id.org/bb5kbc/gemeinde_7dfe2095"], "http://w3id.org/bb5kbc/ont/wurdeEntdecktDurch": ["http://w3id.org/bb5kbc/site_321_discovery"], "http://w3id.org/bb5kbc/ont/wurdeGeoreferenziertDurch": ["http://w3id.org/bb5kbc/site_321_activity"], "http://www.opengis.net/ont/geosparql#hasGeometry": ["http://w3id.org/bb5kbc/site_321_geom"], "http://www.w3.org/1999/02/22-rdf-syntax-ns#type": ["http://w3id.org/bb5kbc/ont/Fundstelle"], "http://www.w3.org/2000/01/rdf-schema#label": ["Mittenwalde - 58"], "http://www.w3.org/2004/02/skos/core#prefLabel": ["Mittenwalde - 58"]}, "geometry": {"type": "Point", "coordinates": [13.55, 52.27]}}, {"type": "Feature", "id": "http://w3id.org/bb5kbc/site_22", "name": "", "dateprops": [], "properties": {"http://fuzzy-sl.squirrel.link/ontology/certaintyLevel": ["https://fuzzy-sl.wikibase.cloud/entity/Q23"], "http://fuzzy-sl.squirrel.link/ontology/hasLocationType": ["https://fuzzy-sl.wikibase.cloud/entity/Q80"], "http://fuzzy-sl.squirrel.link/ontology/representativeGeometry": ["http://w3id.org/bb5kbc/site_22_geom"], "http://purl.org/dc/terms/identifier": ["22"], "http://rdfs.org/ns/void#inDataset": ["http://w3id.org/bb5kbc/Brandenburg_5000_BC_Data"], "http://w3id.org/bb5kbc/ont/hatFID": ["22"], "http://w3id.org/bb5kbc/ont/hatFundstellenID": ["161"], "http://w3id.org/bb5kbc/ont/hatFundstellenart": ["http://w3id.org/bb5kbc/fundstellenart_376218bc"], "http://w3id.org/bb5kbc/ont/hatGenauigkeit": ["0.0"], "http://w3id.org/bb5kbc/ont/hatKatalognummer": ["415"], "http://w3id.org/bb5kbc/ont/hatKulturelleZuordnung": ["http://w3id.org/bb5kbc/site_22_culture"], "http://w3id.org/bb5kbc/ont/hatPublikation": ["http://w3id.org/bb5kbc/pub_c5110572"], "http://w3id.org/bb5kbc/ont/inGemeinde": ["http://w3id.org/bb5kbc/gemeinde_fdfff175"], "http://w3id.org/bb5kbc/ont/wurdeEntdecktDurch": ["http://w3id.org/bb5kbc/site_22_discovery"], "http://w3id.org/bb5kbc/ont/wurdeGeoreferenziertDurch": ["http://w3id.org/bb5kbc/site_22_activity"], "http://www.opengis.net/ont/geosparql#hasGeometry": ["http://w3id.org/bb5kbc/site_22_geom"], "http://www.w3.org/1999/02/22-rdf-syntax-ns#type": ["http://w3id.org/bb5kbc/ont/Fundstelle"], "http://www.w3.org/2000/01/rdf-schema#label": ["Gr\u00f6bitz 10"], "http://www.w3.org/2004/02/skos/core#prefLabel": ["Gr\u00f6bitz 10"]}, "geometry": {"type": "Point", "coordinates": [11.92, 51.13]}}, {"type": "Feature", "id": "http://w3id.org/bb5kbc/site_250", "name": "", "dateprops": [], "properties": {"http://fuzzy-sl.squirrel.link/ontology/certaintyLevel": ["https://fuzzy-sl.wikibase.cloud/entity/Q23"], "http://fuzzy-sl.squirrel.link/ontology/hasLocationType": ["https://fuzzy-sl.wikibase.cloud/entity/Q80"], "http://fuzzy-sl.squirrel.link/ontology/representativeGeometry": ["http://w3id.org/bb5kbc/site_250_geom"], "http://purl.org/dc/terms/identifier": ["250"], "http://rdfs.org/ns/void#inDataset": ["http://w3id.org/bb5kbc/Brandenburg_5000_BC_Data"], "http://w3id.org/bb5kbc/ont/hatFID": ["250"], "http://w3id.org/bb5kbc/ont/hatFundstellenID": ["14"], "http://w3id.org/bb5kbc/ont/hatFundstellenart": ["http://w3id.org/bb5kbc/fundstellenart_376218bc"], "http://w3id.org/bb5kbc/ont/hatGenauigkeit": ["0.0"], "http://w3id.org/bb5kbc/ont/hatKatalognummer": ["13034"], "http://w3id.org/bb5kbc/ont/hatKulturelleZuordnung": ["http://w3id.org/bb5kbc/site_250_culture"], "http://w3id.org/bb5kbc/ont/inGemeinde": ["http://w3id.org/bb5kbc/gemeinde_3e3c7e44"], "http://w3id.org/bb5kbc/ont/wurdeEntdecktDurch": ["http://w3id.org/bb5kbc/site_250_discovery"], "http://w3id.org/bb5kbc/ont/wurdeGeoreferenziertDurch": ["http://w3id.org/bb5kbc/site_250_activity"], "http://www.opengis.net/ont/geosparql#hasGeometry": ["http://w3id.org/bb5kbc/site_250_geom"], "http://www.w3.org/1999/02/22-rdf-syntax-ns#type": ["http://w3id.org/bb5kbc/ont/Fundstelle"], "http://www.w3.org/2000/01/rdf-schema#label": ["Altfriesack 6"], "http://www.w3.org/2004/02/skos/core#prefLabel": ["Altfriesack 6"]}, "geometry": {"type": "Point", "coordinates": [12.88, 52.84]}}, {"type": "Feature", "id": "http://w3id.org/bb5kbc/site_68", "name": "", "dateprops": [], "properties": {"http://fuzzy-sl.squirrel.link/ontology/certaintyLevel": ["https://fuzzy-sl.wikibase.cloud/entity/Q23"], "http://fuzzy-sl.squirrel.link/ontology/hasLocationType": ["https://fuzzy-sl.wikibase.cloud/entity/Q80"], "http://fuzzy-sl.squirrel.link/ontology/representativeGeometry": ["http://w3id.org/bb5kbc/site_68_geom"], "http://purl.org/dc/terms/identifier": ["68"], "http://rdfs.org/ns/void#inDataset": ["http://w3id.org/bb5kbc/Brandenburg_5000_BC_Data"], "http://w3id.org/bb5kbc/ont/hatFID": ["68"], "http://w3id.org/bb5kbc/ont/hatFundstellenID": ["186"], "http://w3id.org/bb5kbc/ont/hatFundstellenart": ["http://w3id.org/bb5kbc/fundstellenart_376218bc"], "http://w3id.org/bb5kbc/ont/hatGenauigkeit": ["0.0"], "http://w3id.org/bb5kbc/ont/hatKatalognummer": ["543"], "http://w3id.org/bb5kbc/ont/hatKulturelleZuordnung": ["http://w3id.org/bb5kbc/site_68_culture"], "http://w3id.org/bb5kbc/ont/inGemeinde": ["http://w3id.org/bb5kbc/gemeinde_0fa6a063"], "http://w3id.org/bb5kbc/ont/wurdeEntdecktDurch": ["http://w3id.org/bb5kbc/site_68_discovery"], "http://w3id.org/bb5kbc/ont/wurdeGeoreferenziertDurch": ["http://w3id.org/bb5kbc/site_68_activity"], "http://www.opengis.net/ont/geosparql#hasGeometry": ["http://w3id.org/bb5kbc/site_68_geom"], "http://www.w3.org/1999/02/22-rdf-syntax-ns#type": ["http://w3id.org/bb5kbc/ont/Fundstelle"], "http://www.w3.org/2000/01/rdf-schema#label": ["Herzsprung 7"], "http://www.w3.org/2004/02/skos/core#prefLabel": ["Herzsprung 7"]}, "geometry": {"type": "Point", "coordinates": [14.02, 53.0]}}, {"type": "Feature", "id": "http://w3id.org/bb5kbc/site_407", "name": "", "dateprops": [], "properties": {"http://fuzzy-sl.squirrel.link/ontology/certaintyLevel": ["https://fuzzy-sl.wikibase.cloud/entity/Q23"], "http://fuzzy-sl.squirrel.link/ontology/hasLocationType": ["https://fuzzy-sl.wikibase.cloud/entity/Q80"], "http://fuzzy-sl.squirrel.link/ontology/representativeGeometry": ["http://w3id.org/bb5kbc/site_407_geom"], "http://purl.org/dc/terms/identifier": ["407"], "http://rdfs.org/ns/void#inDataset": ["http://w3id.org/bb5kbc/Brandenburg_5000_BC_Data"], "http://w3id.org/bb5kbc/ont/hatFID": ["407"], "http://w3id.org/bb5kbc/ont/hatFundstellenID": ["12"], "http://w3id.org/bb5kbc/ont/hatFundstellenart": ["http://w3id.org/bb5kbc/fundstellenart_376218bc"], "http://w3id.org/bb5kbc/ont/hatGenauigkeit": ["0.0"], "http://w3id.org/bb5kbc/ont/hatKatalognummer": ["15211"], "http://w3id.org/bb5kbc/ont/hatKulturelleZuordnung": ["http://w3id.org/bb5kbc/site_407_culture"], "http://w3id.org/bb5kbc/ont/inGemeinde": ["http://w3id.org/bb5kbc/gemeinde_4c04791f"], "http://w3id.org/bb5kbc/ont/wurdeEntdecktDurch": ["http://w3id.org/bb5kbc/site_407_discovery"], "http://w3id.org/bb5kbc/ont/wurdeGeoreferenziertDurch": ["http://w3id.org/bb5kbc/site_407_activity"], "http://www.opengis.net/ont/geosparql#hasGeometry": ["http://w3id.org/bb5kbc/site_407_geom"], "http://www.w3.org/1999/02/22-rdf-syntax-ns#type": ["http://w3id.org/bb5kbc/ont/Fundstelle"], "http://www.w3.org/2000/01/rdf-schema#label": ["Alt T\u00f6plitz - 7"], "http://www.w3.org/2004/02/skos/core#prefLabel": ["Alt T\u00f6plitz - 7"]}, "geometry": {"type": "Point", "coordinates": [12.91, 52.44]}}, {"type": "Feature", "id": "http://w3id.org/bb5kbc/site_429", "name": "", "dateprops": [], "properties": {"http://fuzzy-sl.squirrel.link/ontology/certaintyLevel": ["https://fuzzy-sl.wikibase.cloud/entity/Q23"], "http://fuzzy-sl.squirrel.link/ontology/hasLocationType": ["https://fuzzy-sl.wikibase.cloud/entity/Q80"], "http://fuzzy-sl.squirrel.link/ontology/representativeGeometry": ["http://w3id.org/bb5kbc/site_429_geom"], "http://purl.org/dc/terms/identifier": ["429"], "http://rdfs.org/ns/void#inDataset": ["http://w3id.org/bb5kbc/Brandenburg_5000_BC_Data"], "http://w3id.org/bb5kbc/ont/hatFID": ["429"], "http://w3id.org/bb5kbc/ont/hatFundstellenID": ["331"], "http://w3id.org/bb5kbc/ont/hatFundstellenart": ["http://w3id.org/bb5kbc/fundstellenart_376218bc"], "http://w3id.org/bb5kbc/ont/hatGenauigkeit": ["0.0"], "http://w3id.org/bb5kbc/ont/hatKatalognummer": ["15141"], "http://w3id.org/bb5kbc/ont/hatKulturelleZuordnung": ["http://w3id.org/bb5kbc/site_429_culture"], "http://w3id.org/bb5kbc/ont/inGemeinde": ["http://w3id.org/bb5kbc/gemeinde_5cd70155"], "http://w3id.org/bb5kbc/ont/wurdeEntdecktDurch": ["http://w3id.org/bb5kbc/site_429_discovery"], "http://w3id.org/bb5kbc/ont/wurdeGeoreferenziertDurch": ["http://w3id.org/bb5kbc/site_429_activity"], "http://www.opengis.net/ont/geosparql#hasGeometry": ["http://w3id.org/bb5kbc/site_429_geom"], "http://www.w3.org/1999/02/22-rdf-syntax-ns#type": ["http://w3id.org/bb5kbc/ont/Fundstelle"], "http://www.w3.org/2000/01/rdf-schema#label": ["Pirow - 4"], "http://www.w3.org/2004/02/skos/core#prefLabel": ["Pirow - 4"]}, "geometry": {"type": "Point", "coordinates": [11.89, 53.21]}}, {"type": "Feature", "id": "http://w3id.org/bb5kbc/site_381", "name": "", "dateprops": [], "properties": {"http://fuzzy-sl.squirrel.link/ontology/certaintyLevel": ["https://fuzzy-sl.wikibase.cloud/entity/Q23"], "http://fuzzy-sl.squirrel.link/ontology/hasLocationType": ["https://fuzzy-sl.wikibase.cloud/entity/Q80"], "http://fuzzy-sl.squirrel.link/ontology/representativeGeometry": ["http://w3id.org/bb5kbc/site_381_geom"], "http://purl.org/dc/terms/identifier": ["381"], "http://rdfs.org/ns/void#inDataset": ["http://w3id.org/bb5kbc/Brandenburg_5000_BC_Data"], "http://w3id.org/bb5kbc/ont/hatFID": ["381"], "http://w3id.org/bb5kbc/ont/hatFundstellenID": ["4"], "http://w3id.org/bb5kbc/ont/hatFundstellenart": ["http://w3id.org/bb5kbc/fundstellenart_376218bc"], "http://w3id.org/bb5kbc/ont/hatGenauigkeit": ["0.0"], "http://w3id.org/bb5kbc/ont/hatKatalognummer": ["13047"], "http://w3id.org/bb5kbc/ont/hatKulturelleZuordnung": ["http://w3id.org/bb5kbc/site_381_culture"], "http://w3id.org/bb5kbc/ont/inGemeinde": ["http://w3id.org/bb5kbc/gemeinde_2f4a3bd4"], "http://w3id.org/bb5kbc/ont/wurdeEntdecktDurch": ["http://w3id.org/bb5kbc/site_381_discovery"], "http://w3id.org/bb5kbc/ont/wurdeGeoreferenziertDurch": ["http://w3id.org/bb5kbc/site_381_activity"], "http://www.opengis.net/ont/geosparql#hasGeometry": ["http://w3id.org/bb5kbc/site_381_geom"], "http://www.w3.org/1999/02/22-rdf-syntax-ns#type": ["http://w3id.org/bb5kbc/ont/Fundstelle"], "http://www.w3.org/2000/01/rdf-schema#label": ["Alt Ruppin - 10"], "http://www.w3.org/2004/02/skos/core#prefLabel": ["Alt Ruppin - 10"]}, "geometry": {"type": "Point", "coordinates": [12.82, 53.02]}}, {"type": "Feature", "id": "http://w3id.org/bb5kbc/site_491", "name": "", "dateprops": [], "properties": {"http://fuzzy-sl.squirrel.link/ontology/certaintyLevel": ["https://fuzzy-sl.wikibase.cloud/entity/Q23"], "http://fuzzy-sl.squirrel.link/ontology/hasLocationType": ["https://fuzzy-sl.wikibase.cloud/entity/Q80"], "http://fuzzy-sl.squirrel.link/ontology/representativeGeometry": ["http://w3id.org/bb5kbc/site_491_geom"], "http://purl.org/dc/terms/identifier": ["491"], "http://rdfs.org/ns/void#inDataset": ["http://w3id.org/bb5kbc/Brandenburg_5000_BC_Data"], "http://w3id.org/bb5kbc/ont/hatFID": ["491"], "http://w3id.org/bb5kbc/ont/hatFundstellenID": ["271"], "http://w3id.org/bb5kbc/ont/hatFundstellenart": ["http://w3id.org/bb5kbc/fundstellenart_376218bc"], "http://w3id.org/bb5kbc/ont/hatGenauigkeit": ["0.0"], "http://w3id.org/bb5kbc/ont/hatKatalognummer": ["22318"], "http://w3id.org/bb5kbc/ont/hatKulturelleZuordnung": ["http://w3id.org/bb5kbc/site_491_culture"], "http://w3id.org/bb5kbc/ont/inGemeinde": ["http://w3id.org/bb5kbc/gemeinde_628a501c"], "http://w3id.org/bb5kbc/ont/wurdeEntdecktDurch": ["http://w3id.org/bb5kbc/site_491_discovery"], "http://w3id.org/bb5kbc/ont/wurdeGeoreferenziertDurch": ["http://w3id.org/bb5kbc/site_491_activity"], "http://www.opengis.net/ont/geosparql#hasGeometry": ["http://w3id.org/bb5kbc/site_491_geom"], "http://www.w3.org/1999/02/22-rdf-syntax-ns#type": ["http://w3id.org/bb5kbc/ont/Fundstelle"], "http://www.w3.org/2000/01/rdf-schema#label": ["Lychen - 10"], "http://www.w3.org/2004/02/skos/core#prefLabel": ["Lychen - 10"]}, "geometry": {"type": "Point", "coordinates": [13.3, 53.22]}}, {"type": "Feature", "id": "http://w3id.org/bb5kbc/site_510", "name": "", "dateprops": [], "properties": {"http://fuzzy-sl.squirrel.link/ontology/certaintyLevel": ["https://fuzzy-sl.wikibase.cloud/entity/Q23"], "http://fuzzy-sl.squirrel.link/ontology/hasLocationType": ["https://fuzzy-sl.wikibase.cloud/entity/Q80"], "http://fuzzy-sl.squirrel.link/ontology/representativeGeometry": ["http://w3id.org/bb5kbc/site_510_geom"], "http://purl.org/dc/terms/identifier": ["510"], "http://rdfs.org/ns/void#inDataset": ["http://w3id.org/bb5kbc/Brandenburg_5000_BC_Data"], "http://w3id.org/bb5kbc/ont/hatFID": ["510"], "http://w3id.org/bb5kbc/ont/hatFundstellenID": ["130"], "http://w3id.org/bb5kbc/ont/hatFundstellenart": ["http://w3id.org/bb5kbc/fundstellenart_1972902b"], "http://w3id.org/bb5kbc/ont/hatGenauigkeit": ["0.0"], "http://w3id.org/bb5kbc/ont/hatKulturelleZuordnung": ["http://w3id.org/bb5kbc/site_510_culture"], "http://w3id.org/bb5kbc/ont/inGemeinde": ["http://w3id.org/bb5kbc/gemeinde_ef3c98d9"], "http://w3id.org/bb5kbc/ont/wurdeEntdecktDurch": ["http://w3id.org/bb5kbc/site_510_discovery"], "http://w3id.org/bb5kbc/ont/wurdeGeoreferenziertDurch": ["http://w3id.org/bb5kbc/site_510_activity"], "http://www.opengis.net/ont/geosparql#hasGeometry": ["http://w3id.org/bb5kbc/site_510_geom"], "http://www.w3.org/1999/02/22-rdf-syntax-ns#type": ["http://w3id.org/bb5kbc/ont/Fundstelle"], "http://www.w3.org/2000/01/rdf-schema#label": ["Friesack 59"], "http://www.w3.org/2004/02/skos/core#prefLabel": ["Friesack 59"]}, "geometry": {"type": "Point", "coordinates": [12.52, 52.75]}}, {"type": "Feature", "id": "http://w3id.org/bb5kbc/site_584", "name": "", "dateprops": [], "properties": {"http://fuzzy-sl.squirrel.link/ontology/certaintyLevel": ["https://fuzzy-sl.wikibase.cloud/entity/Q23"], "http://fuzzy-sl.squirrel.link/ontology/hasLocationType": ["https://fuzzy-sl.wikibase.cloud/entity/Q80"], "http://fuzzy-sl.squirrel.link/ontology/representativeGeometry": ["http://w3id.org/bb5kbc/site_584_geom"], "http://purl.org/dc/terms/identifier": ["584"], "http://rdfs.org/ns/void#inDataset": ["http://w3id.org/bb5kbc/Brandenburg_5000_BC_Data"], "http://w3id.org/bb5kbc/ont/hatFID": ["584"], "http://w3id.org/bb5kbc/ont/hatFundstellenID": ["54"], "http://w3id.org/bb5kbc/ont/hatFundstellenart": ["http://w3id.org/bb5kbc/fundstellenart_376218bc"], "http://w3id.org/bb5kbc/ont/hatGenauigkeit": ["0.0"], "http://w3id.org/bb5kbc/ont/hatKatalognummer": ["9580"], "http://w3id.org/bb5kbc/ont/hatKulturelleZuordnung": ["http://w3id.org/bb5kbc/site_584_culture"], "http://w3id.org/bb5kbc/ont/hatPublikation": ["http://w3id.org/bb5kbc/pub_21405e20"], "http://w3id.org/bb5kbc/ont/inGemeinde": ["http://w3id.org/bb5kbc/gemeinde_7aa1556f"], "http://w3id.org/bb5kbc/ont/wurdeEntdecktDurch": ["http://w3id.org/bb5kbc/site_584_discovery"], "http://w3id.org/bb5kbc/ont/wurdeGeoreferenziertDurch": ["http://w3id.org/bb5kbc/site_584_activity"], "http://www.opengis.net/ont/geosparql#hasGeometry": ["http://w3id.org/bb5kbc/site_584_geom"], "http://www.w3.org/1999/02/22-rdf-syntax-ns#type": ["http://w3id.org/bb5kbc/ont/Fundstelle"], "http://www.w3.org/2000/01/rdf-schema#label": ["Bochow  8"], "http://www.w3.org/2004/02/skos/core#prefLabel": ["Bochow  8"]}, "geometry": {"type": "Point", "coordinates": [13.06, 51.96]}}, {"type": "Feature", "id": "http://w3id.org/bb5kbc/site_477", "name": "", "dateprops": [], "properties": {"http://fuzzy-sl.squirrel.link/ontology/certaintyLevel": ["https://fuzzy-sl.wikibase.cloud/entity/Q23"], "http://fuzzy-sl.squirrel.link/ontology/hasLocationType": ["https://fuzzy-sl.wikibase.cloud/entity/Q80"], "http://fuzzy-sl.squirrel.link/ontology/representativeGeometry": ["http://w3id.org/bb5kbc/site_477_geom"], "http://purl.org/dc/terms/identifier": ["477"], "http://rdfs.org/ns/void#inDataset": ["http://w3id.org/bb5kbc/Brandenburg_5000_BC_Data"], "http://w3id.org/bb5kbc/ont/hatFID": ["477"], "http://w3id.org/bb5kbc/ont/hatFundstellenID": ["394"], "http://w3id.org/bb5kbc/ont/hatFundstellenart": ["http://w3id.org/bb5kbc/fundstellenart_376218bc"], "http://w3id.org/bb5kbc/ont/hatGenauigkeit": ["0.0"], "http://w3id.org/bb5kbc/ont/hatKatalognummer": ["818"], "http://w3id.org/bb5kbc/ont/hatKulturelleZuordnung": ["http://w3id.org/bb5kbc/site_477_culture"], "http://w3id.org/bb5kbc/ont/inGemeinde": ["http://w3id.org/bb5kbc/gemeinde_a138e5d7"], "http://w3id.org/bb5kbc/ont/wurdeEntdecktDurch": ["http://w3id.org/bb5kbc/site_477_discovery"], "http://w3id.org/bb5kbc/ont/wurdeGeoreferenziertDurch": ["http://w3id.org/bb5kbc/site_477_activity"], "http://www.opengis.net/ont/geosparql#hasGeometry": ["http://w3id.org/bb5kbc/site_477_geom"], "http://www.w3.org/1999/02/22-rdf-syntax-ns#type": ["http://w3id.org/bb5kbc/ont/Fundstelle"], "http://www.w3.org/2000/01/rdf-schema#label": ["Sch\u00f6nermark - 22"], "http://www.w3.org/2004/02/skos/core#prefLabel": ["Sch\u00f6nermark - 22"]}, "geometry": {"type": "Point", "coordinates": [14.08, 53.11]}}, {"type": "Feature", "id": "http://w3id.org/bb5kbc/site_472", "name": "", "dateprops": [], "properties": {"http://fuzzy-sl.squirrel.link/ontology/certaintyLevel": ["https://fuzzy-sl.wikibase.cloud/entity/Q23"], "http://fuzzy-sl.squirrel.link/ontology/hasLocationType": ["https://fuzzy-sl.wikibase.cloud/entity/Q80"], "http://fuzzy-sl.squirrel.link/ontology/representativeGeometry": ["http://w3id.org/bb5kbc/site_472_geom"], "http://purl.org/dc/terms/identifier": ["472"], "http://rdfs.org/ns/void#inDataset": ["http://w3id.org/bb5kbc/Brandenburg_5000_BC_Data"], "http://w3id.org/bb5kbc/ont/hatFID": ["472"], "http://w3id.org/bb5kbc/ont/hatFundstellenID": ["153"], "http://w3id.org/bb5kbc/ont/hatFundstellenart": ["http://w3id.org/bb5kbc/fundstellenart_376218bc"], "http://w3id.org/bb5kbc/ont/hatGenauigkeit": ["0.0"], "http://w3id.org/bb5kbc/ont/hatKatalognummer": ["465"], "http://w3id.org/bb5kbc/ont/hatKulturelleZuordnung": ["http://w3id.org/bb5kbc/site_472_culture"], "http://w3id.org/bb5kbc/ont/inGemeinde": ["http://w3id.org/bb5kbc/gemeinde_741b7687"], "http://w3id.org/bb5kbc/ont/wurdeEntdecktDurch": ["http://w3id.org/bb5kbc/site_472_discovery"], "http://w3id.org/bb5kbc/ont/wurdeGeoreferenziertDurch": ["http://w3id.org/bb5kbc/site_472_activity"], "http://www.opengis.net/ont/geosparql#hasGeometry": ["http://w3id.org/bb5kbc/site_472_geom"], "http://www.w3.org/1999/02/22-rdf-syntax-ns#type": ["http://w3id.org/bb5kbc/ont/Fundstelle"], "http://www.w3.org/2000/01/rdf-schema#label": ["G\u00f6rlsdorf - 4"], "http://www.w3.org/2004/02/skos/core#prefLabel": ["G\u00f6rlsdorf - 4"]}, "geometry": {"type": "Point", "coordinates": [13.94, 53.04]}}, {"type": "Feature", "id": "http://w3id.org/bb5kbc/site_252", "name": "", "dateprops": [], "properties": {"http://fuzzy-sl.squirrel.link/ontology/certaintyLevel": ["https://fuzzy-sl.wikibase.cloud/entity/Q23"], "http://fuzzy-sl.squirrel.link/ontology/hasLocationType": ["https://fuzzy-sl.wikibase.cloud/entity/Q80"], "http://fuzzy-sl.squirrel.link/ontology/representativeGeometry": ["http://w3id.org/bb5kbc/site_252_geom"], "http://purl.org/dc/terms/identifier": ["252"], "http://rdfs.org/ns/void#inDataset": ["http://w3id.org/bb5kbc/Brandenburg_5000_BC_Data"], "http://w3id.org/bb5kbc/ont/hatFID": ["252"], "http://w3id.org/bb5kbc/ont/hatFundstellenID": ["20"], "http://w3id.org/bb5kbc/ont/hatFundstellenart": ["http://w3id.org/bb5kbc/fundstellenart_376218bc"], "http://w3id.org/bb5kbc/ont/hatGenauigkeit": ["0.0"], "http://w3id.org/bb5kbc/ont/hatKatalognummer": ["1032"], "http://w3id.org/bb5kbc/ont/hatKulturelleZuordnung": ["http://w3id.org/bb5kbc/site_252_culture"], "http://w3id.org/bb5kbc/ont/inGemeinde": ["http://w3id.org/bb5kbc/gemeinde_1642bb74"], "http://w3id.org/bb5kbc/ont/wurdeEntdecktDurch": ["http://w3id.org/bb5kbc/site_252_discovery"], "http://w3id.org/bb5kbc/ont/wurdeGeoreferenziertDurch": ["http://w3id.org/bb5kbc/site_252_activity"], "http://www.opengis.net/ont/geosparql#hasGeometry": ["http://w3id.org/bb5kbc/site_252_geom"], "http://www.w3.org/1999/02/22-rdf-syntax-ns#type": ["http://w3id.org/bb5kbc/ont/Fundstelle"], "http://www.w3.org/2000/01/rdf-schema#label": ["Bad Freienwalde 8"], "http://www.w3.org/2004/02/skos/core#prefLabel": ["Bad Freienwalde 8"]}, "geometry": {"type": "Point", "coordinates": [14.06, 52.78]}}, {"type": "Feature", "id": "http://w3id.org/bb5kbc/site_500", "name": "", "dateprops": [], "properties": {"http://fuzzy-sl.squirrel.link/ontology/certaintyLevel": ["https://fuzzy-sl.wikibase.cloud/entity/Q23"], "http://fuzzy-sl.squirrel.link/ontology/hasLocationType": ["https://fuzzy-sl.wikibase.cloud/entity/Q80"], "http://fuzzy-sl.squirrel.link/ontology/representativeGeometry": ["http://w3id.org/bb5kbc/site_500_geom"], "http://purl.org/dc/terms/identifier": ["500"], "http://rdfs.org/ns/void#inDataset": ["http://w3id.org/bb5kbc/Brandenburg_5000_BC_Data"], "http://w3id.org/bb5kbc/ont/hatFID": ["500"], "http://w3id.org/bb5kbc/ont/hatFundstellenID": ["162"], "http://w3id.org/bb5kbc/ont/hatFundstellenart": ["http://w3id.org/bb5kbc/fundstellenart_376218bc"], "http://w3id.org/bb5kbc/ont/hatGenauigkeit": ["0.0"], "http://w3id.org/bb5kbc/ont/hatKatalognummer": ["53490"], "http://w3id.org/bb5kbc/ont/hatKulturelleZuordnung": ["http://w3id.org/bb5kbc/site_500_culture"], "http://w3id.org/bb5kbc/ont/inGemeinde": ["http://w3id.org/bb5kbc/gemeinde_fc124913"], "http://w3id.org/bb5kbc/ont/wurdeEntdecktDurch": ["http://w3id.org/bb5kbc/site_500_discovery"], "http://w3id.org/bb5kbc/ont/wurdeGeoreferenziertDurch": ["http://w3id.org/bb5kbc/site_500_activity"], "http://www.opengis.net/ont/geosparql#hasGeometry": ["http://w3id.org/bb5kbc/site_500_geom"], "http://www.w3.org/1999/02/22-rdf-syntax-ns#type": ["http://w3id.org/bb5kbc/ont/Fundstelle"], "http://www.w3.org/2000/01/rdf-schema#label": ["Gro\u00df D\u00f6lln - 5"], "http://www.w3.org/2004/02/skos/core#prefLabel": ["Gro\u00df D\u00f6lln - 5"]}, "geometry": {"type": "Point", "coordinates": [13.53, 52.99]}}, {"type": "Feature", "id": "http://w3id.org/bb5kbc/site_337", "name": "", "dateprops": [], "properties": {"http://fuzzy-sl.squirrel.link/ontology/certaintyLevel": ["https://fuzzy-sl.wikibase.cloud/entity/Q23"], "http://fuzzy-sl.squirrel.link/ontology/hasLocationType": ["https://fuzzy-sl.wikibase.cloud/entity/Q80"], "http://fuzzy-sl.squirrel.link/ontology/representativeGeometry": ["http://w3id.org/bb5kbc/site_337_geom"], "http://purl.org/dc/terms/identifier": ["337"], "http://rdfs.org/ns/void#inDataset": ["http://w3id.org/bb5kbc/Brandenburg_5000_BC_Data"], "http://w3id.org/bb5kbc/ont/hatFID": ["337"], "http://w3id.org/bb5kbc/ont/hatFundstellenID": ["127"], "http://w3id.org/bb5kbc/ont/hatFundstellenart": ["http://w3id.org/bb5kbc/fundstellenart_376218bc"], "http://w3id.org/bb5kbc/ont/hatGenauigkeit": ["0.0"], "http://w3id.org/bb5kbc/ont/hatKatalognummer": ["19409"], "http://w3id.org/bb5kbc/ont/hatKulturelleZuordnung": ["http://w3id.org/bb5kbc/site_337_culture"], "http://w3id.org/bb5kbc/ont/inGemeinde": ["http://w3id.org/bb5kbc/gemeinde_aa9ecbe1"], "http://w3id.org/bb5kbc/ont/wurdeEntdecktDurch": ["http://w3id.org/bb5kbc/site_337_discovery"], "http://w3id.org/bb5kbc/ont/wurdeGeoreferenziertDurch": ["http://w3id.org/bb5kbc/site_337_activity"], "http://www.opengis.net/ont/geosparql#hasGeometry": ["http://w3id.org/bb5kbc/site_337_geom"], "http://www.w3.org/1999/02/22-rdf-syntax-ns#type": ["http://w3id.org/bb5kbc/ont/Fundstelle"], "http://www.w3.org/2000/01/rdf-schema#label": ["Friedrichsbruch - 3"], "http://www.w3.org/2004/02/skos/core#prefLabel": ["Friedrichsbruch - 3"]}, "geometry": {"type": "Point", "coordinates": [12.39, 52.8]}}, {"type": "Feature", "id": "http://w3id.org/bb5kbc/site_262", "name": "", "dateprops": [], "properties": {"http://fuzzy-sl.squirrel.link/ontology/certaintyLevel": ["https://fuzzy-sl.wikibase.cloud/entity/Q23"], "http://fuzzy-sl.squirrel.link/ontology/hasLocationType": ["https://fuzzy-sl.wikibase.cloud/entity/Q80"], "http://fuzzy-sl.squirrel.link/ontology/representativeGeometry": ["http://w3id.org/bb5kbc/site_262_geom"], "http://purl.org/dc/terms/identifier": ["262"], "http://rdfs.org/ns/void#inDataset": ["http://w3id.org/bb5kbc/Brandenburg_5000_BC_Data"], "http://w3id.org/bb5kbc/ont/hatFID": ["262"], "http://w3id.org/bb5kbc/ont/hatFundstellenID": ["237"], "http://w3id.org/bb5kbc/ont/hatFundstellenart": ["http://w3id.org/bb5kbc/fundstellenart_376218bc"], "http://w3id.org/bb5kbc/ont/hatGenauigkeit": ["0.0"], "http://w3id.org/bb5kbc/ont/hatKatalognummer": ["1244"], "http://w3id.org/bb5kbc/ont/hatKulturelleZuordnung": ["http://w3id.org/bb5kbc/site_262_culture"], "http://w3id.org/bb5kbc/ont/inGemeinde": ["http://w3id.org/bb5kbc/gemeinde_efd7bdeb"], "http://w3id.org/bb5kbc/ont/wurdeEntdecktDurch": ["http://w3id.org/bb5kbc/site_262_discovery"], "http://w3id.org/bb5kbc/ont/wurdeGeoreferenziertDurch": ["http://w3id.org/bb5kbc/site_262_activity"], "http://www.opengis.net/ont/geosparql#hasGeometry": ["http://w3id.org/bb5kbc/site_262_geom"], "http://www.w3.org/1999/02/22-rdf-syntax-ns#type": ["http://w3id.org/bb5kbc/ont/Fundstelle"], "http://www.w3.org/2000/01/rdf-schema#label": ["Kossenblatt 3"], "http://www.w3.org/2004/02/skos/core#prefLabel": ["Kossenblatt 3"]}, "geometry": {"type": "Point", "coordinates": [14.09, 52.13]}}, {"type": "Feature", "id": "http://w3id.org/bb5kbc/site_324", "name": "", "dateprops": [], "properties": {"http://fuzzy-sl.squirrel.link/ontology/certaintyLevel": ["https://fuzzy-sl.wikibase.cloud/entity/Q23"], "http://fuzzy-sl.squirrel.link/ontology/hasLocationType": ["https://fuzzy-sl.wikibase.cloud/entity/Q80"], "http://fuzzy-sl.squirrel.link/ontology/representativeGeometry": ["http://w3id.org/bb5kbc/site_324_geom"], "http://purl.org/dc/terms/identifier": ["324"], "http://rdfs.org/ns/void#inDataset": ["http://w3id.org/bb5kbc/Brandenburg_5000_BC_Data"], "http://w3id.org/bb5kbc/ont/hatFID": ["324"], "http://w3id.org/bb5kbc/ont/hatFundstellenID": ["164"], "http://w3id.org/bb5kbc/ont/hatFundstellenart": ["http://w3id.org/bb5kbc/fundstellenart_376218bc"], "http://w3id.org/bb5kbc/ont/hatGenauigkeit": ["0.0"], "http://w3id.org/bb5kbc/ont/hatKatalognummer": ["9985"], "http://w3id.org/bb5kbc/ont/hatKulturelleZuordnung": ["http://w3id.org/bb5kbc/site_324_culture"], "http://w3id.org/bb5kbc/ont/inGemeinde": ["http://w3id.org/bb5kbc/gemeinde_5f3f3424"], "http://w3id.org/bb5kbc/ont/wurdeEntdecktDurch": ["http://w3id.org/bb5kbc/site_324_discovery"], "http://w3id.org/bb5kbc/ont/wurdeGeoreferenziertDurch": ["http://w3id.org/bb5kbc/site_324_activity"], "http://www.opengis.net/ont/geosparql#hasGeometry": ["http://w3id.org/bb5kbc/site_324_geom"], "http://www.w3.org/1999/02/22-rdf-syntax-ns#type": ["http://w3id.org/bb5kbc/ont/Fundstelle"], "http://www.w3.org/2000/01/rdf-schema#label": ["Gro\u00df K\u00f6ris - 15"], "http://www.w3.org/2004/02/skos/core#prefLabel": ["Gro\u00df K\u00f6ris - 15"]}, "geometry": {"type": "Point", "coordinates": [13.63, 52.17]}}, {"type": "Feature", "id": "http://w3id.org/bb5kbc/site_345", "name": "", "dateprops": [], "properties": {"http://fuzzy-sl.squirrel.link/ontology/certaintyLevel": ["https://fuzzy-sl.wikibase.cloud/entity/Q23"], "http://fuzzy-sl.squirrel.link/ontology/hasLocationType": ["https://fuzzy-sl.wikibase.cloud/entity/Q80"], "http://fuzzy-sl.squirrel.link/ontology/representativeGeometry": ["http://w3id.org/bb5kbc/site_345_geom"], "http://purl.org/dc/terms/identifier": ["345"], "http://rdfs.org/ns/void#inDataset": ["http://w3id.org/bb5kbc/Brandenburg_5000_BC_Data"], "http://w3id.org/bb5kbc/ont/hatFID": ["345"], "http://w3id.org/bb5kbc/ont/hatFundstellenID": ["378"], "http://w3id.org/bb5kbc/ont/hatFundstellenart": ["http://w3id.org/bb5kbc/fundstellenart_376218bc"], "http://w3id.org/bb5kbc/ont/hatGenauigkeit": ["0.0"], "http://w3id.org/bb5kbc/ont/hatKatalognummer": ["19895"], "http://w3id.org/bb5kbc/ont/hatKulturelleZuordnung": ["http://w3id.org/bb5kbc/site_345_culture"], "http://w3id.org/bb5kbc/ont/inGemeinde": ["http://w3id.org/bb5kbc/gemeinde_04bef580"], "http://w3id.org/bb5kbc/ont/wurdeEntdecktDurch": ["http://w3id.org/bb5kbc/site_345_discovery"], "http://w3id.org/bb5kbc/ont/wurdeGeoreferenziertDurch": ["http://w3id.org/bb5kbc/site_345_activity"], "http://www.opengis.net/ont/geosparql#hasGeometry": ["http://w3id.org/bb5kbc/site_345_geom"], "http://www.w3.org/1999/02/22-rdf-syntax-ns#type": ["http://w3id.org/bb5kbc/ont/Fundstelle"], "http://www.w3.org/2000/01/rdf-schema#label": ["R\u00fcbehorst - 1"], "http://www.w3.org/2004/02/skos/core#prefLabel": ["R\u00fcbehorst - 1"]}, "geometry": {"type": "Point", "coordinates": [12.33, 52.8]}}, {"type": "Feature", "id": "http://w3id.org/bb5kbc/site_347", "name": "", "dateprops": [], "properties": {"http://fuzzy-sl.squirrel.link/ontology/certaintyLevel": ["https://fuzzy-sl.wikibase.cloud/entity/Q23"], "http://fuzzy-sl.squirrel.link/ontology/hasLocationType": ["https://fuzzy-sl.wikibase.cloud/entity/Q80"], "http://fuzzy-sl.squirrel.link/ontology/representativeGeometry": ["http://w3id.org/bb5kbc/site_347_geom"], "http://purl.org/dc/terms/identifier": ["347"], "http://rdfs.org/ns/void#inDataset": ["http://w3id.org/bb5kbc/Brandenburg_5000_BC_Data"], "http://w3id.org/bb5kbc/ont/hatFID": ["347"], "http://w3id.org/bb5kbc/ont/hatFundstellenID": ["481"], "http://w3id.org/bb5kbc/ont/hatFundstellenart": ["http://w3id.org/bb5kbc/fundstellenart_376218bc"], "http://w3id.org/bb5kbc/ont/hatGenauigkeit": ["0.0"], "http://w3id.org/bb5kbc/ont/hatKatalognummer": ["12954"], "http://w3id.org/bb5kbc/ont/hatKulturelleZuordnung": ["http://w3id.org/bb5kbc/site_347_culture"], "http://w3id.org/bb5kbc/ont/inGemeinde": ["http://w3id.org/bb5kbc/gemeinde_e84110d7"], "http://w3id.org/bb5kbc/ont/wurdeEntdecktDurch": ["http://w3id.org/bb5kbc/site_347_discovery"], "http://w3id.org/bb5kbc/ont/wurdeGeoreferenziertDurch": ["http://w3id.org/bb5kbc/site_347_activity"], "http://www.opengis.net/ont/geosparql#hasGeometry": ["http://w3id.org/bb5kbc/site_347_geom"], "http://www.w3.org/1999/02/22-rdf-syntax-ns#type": ["http://w3id.org/bb5kbc/ont/Fundstelle"], "http://www.w3.org/2000/01/rdf-schema#label": ["Wustermark - 2"], "http://www.w3.org/2004/02/skos/core#prefLabel": ["Wustermark - 2"]}, "geometry": {"type": "Point", "coordinates": [12.95, 52.54]}}, {"type": "Feature", "id": "http://w3id.org/bb5kbc/site_379", "name": "", "dateprops": [], "properties": {"http://fuzzy-sl.squirrel.link/ontology/certaintyLevel": ["https://fuzzy-sl.wikibase.cloud/entity/Q23"], "http://fuzzy-sl.squirrel.link/ontology/hasLocationType": ["https://fuzzy-sl.wikibase.cloud/entity/Q80"], "http://fuzzy-sl.squirrel.link/ontology/representativeGeometry": ["http://w3id.org/bb5kbc/site_379_geom"], "http://purl.org/dc/terms/identifier": ["379"], "http://rdfs.org/ns/void#inDataset": ["http://w3id.org/bb5kbc/Brandenburg_5000_BC_Data"], "http://w3id.org/bb5kbc/ont/hatFID": ["379"], "http://w3id.org/bb5kbc/ont/hatFundstellenID": ["478"], "http://w3id.org/bb5kbc/ont/hatFundstellenart": ["http://w3id.org/bb5kbc/fundstellenart_376218bc"], "http://w3id.org/bb5kbc/ont/hatGenauigkeit": ["0.0"], "http://w3id.org/bb5kbc/ont/hatKatalognummer": ["10888"], "http://w3id.org/bb5kbc/ont/hatKulturelleZuordnung": ["http://w3id.org/bb5kbc/site_379_culture"], "http://w3id.org/bb5kbc/ont/inGemeinde": ["http://w3id.org/bb5kbc/gemeinde_0b8be4ac"], "http://w3id.org/bb5kbc/ont/wurdeEntdecktDurch": ["http://w3id.org/bb5kbc/site_379_discovery"], "http://w3id.org/bb5kbc/ont/wurdeGeoreferenziertDurch": ["http://w3id.org/bb5kbc/site_379_activity"], "http://www.opengis.net/ont/geosparql#hasGeometry": ["http://w3id.org/bb5kbc/site_379_geom"], "http://www.w3.org/1999/02/22-rdf-syntax-ns#type": ["http://w3id.org/bb5kbc/ont/Fundstelle"], "http://www.w3.org/2000/01/rdf-schema#label": ["Wusterhausen (Dosse) - 34"], "http://www.w3.org/2004/02/skos/core#prefLabel": ["Wusterhausen (Dosse) - 34"]}, "geometry": {"type": "Point", "coordinates": [12.46, 52.89]}}, {"type": "Feature", "id": "http://w3id.org/bb5kbc/site_503", "name": "", "dateprops": [], "properties": {"http://fuzzy-sl.squirrel.link/ontology/certaintyLevel": ["https://fuzzy-sl.wikibase.cloud/entity/Q23"], "http://fuzzy-sl.squirrel.link/ontology/hasLocationType": ["https://fuzzy-sl.wikibase.cloud/entity/Q80"], "http://fuzzy-sl.squirrel.link/ontology/representativeGeometry": ["http://w3id.org/bb5kbc/site_503_geom"], "http://purl.org/dc/terms/identifier": ["503"], "http://rdfs.org/ns/void#inDataset": ["http://w3id.org/bb5kbc/Brandenburg_5000_BC_Data"], "http://w3id.org/bb5kbc/ont/hatFID": ["503"], "http://w3id.org/bb5kbc/ont/hatFundstellenID": ["170"], "http://w3id.org/bb5kbc/ont/hatFundstellenart": ["http://w3id.org/bb5kbc/fundstellenart_376218bc"], "http://w3id.org/bb5kbc/ont/hatGenauigkeit": ["0.0"], "http://w3id.org/bb5kbc/ont/hatKatalognummer": ["58713"], "http://w3id.org/bb5kbc/ont/hatKulturelleZuordnung": ["http://w3id.org/bb5kbc/site_503_culture"], "http://w3id.org/bb5kbc/ont/inGemeinde": ["http://w3id.org/bb5kbc/gemeinde_aeeaeaa9"], "http://w3id.org/bb5kbc/ont/wurdeEntdecktDurch": ["http://w3id.org/bb5kbc/site_503_discovery"], "http://w3id.org/bb5kbc/ont/wurdeGeoreferenziertDurch": ["http://w3id.org/bb5kbc/site_503_activity"], "http://www.opengis.net/ont/geosparql#hasGeometry": ["http://w3id.org/bb5kbc/site_503_geom"], "http://www.w3.org/1999/02/22-rdf-syntax-ns#type": ["http://w3id.org/bb5kbc/ont/Fundstelle"], "http://www.w3.org/2000/01/rdf-schema#label": ["Gr\u00fcnow bei Prenzlau - 56"], "http://www.w3.org/2004/02/skos/core#prefLabel": ["Gr\u00fcnow bei Prenzlau - 56"]}, "geometry": {"type": "Point", "coordinates": [13.93, 53.31]}}, {"type": "Feature", "id": "http://w3id.org/bb5kbc/site_267", "name": "", "dateprops": [], "properties": {"http://fuzzy-sl.squirrel.link/ontology/certaintyLevel": ["https://fuzzy-sl.wikibase.cloud/entity/Q23"], "http://fuzzy-sl.squirrel.link/ontology/hasLocationType": ["https://fuzzy-sl.wikibase.cloud/entity/Q80"], "http://fuzzy-sl.squirrel.link/ontology/representativeGeometry": ["http://w3id.org/bb5kbc/site_267_geom"], "http://purl.org/dc/terms/identifier": ["267"], "http://rdfs.org/ns/void#inDataset": ["http://w3id.org/bb5kbc/Brandenburg_5000_BC_Data"], "http://w3id.org/bb5kbc/ont/hatFID": ["267"], "http://w3id.org/bb5kbc/ont/hatFundstellenID": ["350"], "http://w3id.org/bb5kbc/ont/hatFundstellenart": ["http://w3id.org/bb5kbc/fundstellenart_376218bc"], "http://w3id.org/bb5kbc/ont/hatGenauigkeit": ["0.0"], "http://w3id.org/bb5kbc/ont/hatKatalognummer": ["17574"], "http://w3id.org/bb5kbc/ont/hatKulturelleZuordnung": ["http://w3id.org/bb5kbc/site_267_culture"], "http://w3id.org/bb5kbc/ont/inGemeinde": ["http://w3id.org/bb5kbc/gemeinde_55240cf0"], "http://w3id.org/bb5kbc/ont/wurdeEntdecktDurch": ["http://w3id.org/bb5kbc/site_267_discovery"], "http://w3id.org/bb5kbc/ont/wurdeGeoreferenziertDurch": ["http://w3id.org/bb5kbc/site_267_activity"], "http://www.opengis.net/ont/geosparql#hasGeometry": ["http://w3id.org/bb5kbc/site_267_geom"], "http://www.w3.org/1999/02/22-rdf-syntax-ns#type": ["http://w3id.org/bb5kbc/ont/Fundstelle"], "http://www.w3.org/2000/01/rdf-schema#label": ["Prenzlau 23"], "http://www.w3.org/2004/02/skos/core#prefLabel": ["Prenzlau 23"]}, "geometry": {"type": "Point", "coordinates": [13.87, 53.3]}}, {"type": "Feature", "id": "http://w3id.org/bb5kbc/site_448", "name": "", "dateprops": [], "properties": {"http://fuzzy-sl.squirrel.link/ontology/certaintyLevel": ["https://fuzzy-sl.wikibase.cloud/entity/Q23"], "http://fuzzy-sl.squirrel.link/ontology/hasLocationType": ["https://fuzzy-sl.wikibase.cloud/entity/Q80"], "http://fuzzy-sl.squirrel.link/ontology/representativeGeometry": ["http://w3id.org/bb5kbc/site_448_geom"], "http://purl.org/dc/terms/identifier": ["448"], "http://rdfs.org/ns/void#inDataset": ["http://w3id.org/bb5kbc/Brandenburg_5000_BC_Data"], "http://w3id.org/bb5kbc/ont/hatFID": ["448"], "http://w3id.org/bb5kbc/ont/hatFundstellenID": ["159"], "http://w3id.org/bb5kbc/ont/hatFundstellenart": ["http://w3id.org/bb5kbc/fundstellenart_376218bc"], "http://w3id.org/bb5kbc/ont/hatGenauigkeit": ["0.0"], "http://w3id.org/bb5kbc/ont/hatKatalognummer": ["24152"], "http://w3id.org/bb5kbc/ont/hatKulturelleZuordnung": ["http://w3id.org/bb5kbc/site_448_culture"], "http://w3id.org/bb5kbc/ont/inGemeinde": ["http://w3id.org/bb5kbc/gemeinde_868b6904"], "http://w3id.org/bb5kbc/ont/wurdeEntdecktDurch": ["http://w3id.org/bb5kbc/site_448_discovery"], "http://w3id.org/bb5kbc/ont/wurdeGeoreferenziertDurch": ["http://w3id.org/bb5kbc/site_448_activity"], "http://www.opengis.net/ont/geosparql#hasGeometry": ["http://w3id.org/bb5kbc/site_448_geom"], "http://www.w3.org/1999/02/22-rdf-syntax-ns#type": ["http://w3id.org/bb5kbc/ont/Fundstelle"], "http://www.w3.org/2000/01/rdf-schema#label": ["Gr\u00f6ben - 13"], "http://www.w3.org/2004/02/skos/core#prefLabel": ["Gr\u00f6ben - 13"]}, "geometry": {"type": "Point", "coordinates": [13.16, 52.3]}}, {"type": "Feature", "id": "http://w3id.org/bb5kbc/site_414", "name": "", "dateprops": [], "properties": {"http://fuzzy-sl.squirrel.link/ontology/certaintyLevel": ["https://fuzzy-sl.wikibase.cloud/entity/Q23"], "http://fuzzy-sl.squirrel.link/ontology/hasLocationType": ["https://fuzzy-sl.wikibase.cloud/entity/Q80"], "http://fuzzy-sl.squirrel.link/ontology/representativeGeometry": ["http://w3id.org/bb5kbc/site_414_geom"], "http://purl.org/dc/terms/identifier": ["414"], "http://rdfs.org/ns/void#inDataset": ["http://w3id.org/bb5kbc/Brandenburg_5000_BC_Data"], "http://w3id.org/bb5kbc/ont/hatFID": ["414"], "http://w3id.org/bb5kbc/ont/hatFundstellenID": ["333"], "http://w3id.org/bb5kbc/ont/hatFundstellenart": ["http://w3id.org/bb5kbc/fundstellenart_376218bc"], "http://w3id.org/bb5kbc/ont/hatGenauigkeit": ["0.0"], "http://w3id.org/bb5kbc/ont/hatKatalognummer": ["15736"], "http://w3id.org/bb5kbc/ont/hatKulturelleZuordnung": ["http://w3id.org/bb5kbc/site_414_culture"], "http://w3id.org/bb5kbc/ont/inGemeinde": ["http://w3id.org/bb5kbc/gemeinde_baa445cf"], "http://w3id.org/bb5kbc/ont/wurdeEntdecktDurch": ["http://w3id.org/bb5kbc/site_414_discovery"], "http://w3id.org/bb5kbc/ont/wurdeGeoreferenziertDurch": ["http://w3id.org/bb5kbc/site_414_activity"], "http://www.opengis.net/ont/geosparql#hasGeometry": ["http://w3id.org/bb5kbc/site_414_geom"], "http://www.w3.org/1999/02/22-rdf-syntax-ns#type": ["http://w3id.org/bb5kbc/ont/Fundstelle"], "http://www.w3.org/2000/01/rdf-schema#label": ["Pl\u00f6tzin - 3"], "http://www.w3.org/2004/02/skos/core#prefLabel": ["Pl\u00f6tzin - 3"]}, "geometry": {"type": "Point", "coordinates": [12.84, 52.39]}}, {"type": "Feature", "id": "http://w3id.org/bb5kbc/site_273", "name": "", "dateprops": [], "properties": {"http://fuzzy-sl.squirrel.link/ontology/certaintyLevel": ["https://fuzzy-sl.wikibase.cloud/entity/Q23"], "http://fuzzy-sl.squirrel.link/ontology/hasLocationType": ["https://fuzzy-sl.wikibase.cloud/entity/Q80"], "http://fuzzy-sl.squirrel.link/ontology/representativeGeometry": ["http://w3id.org/bb5kbc/site_273_geom"], "http://purl.org/dc/terms/identifier": ["273"], "http://rdfs.org/ns/void#inDataset": ["http://w3id.org/bb5kbc/Brandenburg_5000_BC_Data"], "http://w3id.org/bb5kbc/ont/hatFID": ["273"], "http://w3id.org/bb5kbc/ont/hatFundstellenID": ["454"], "http://w3id.org/bb5kbc/ont/hatFundstellenart": ["http://w3id.org/bb5kbc/fundstellenart_376218bc"], "http://w3id.org/bb5kbc/ont/hatGenauigkeit": ["0.0"], "http://w3id.org/bb5kbc/ont/hatKatalognummer": ["12908"], "http://w3id.org/bb5kbc/ont/hatKulturelleZuordnung": ["http://w3id.org/bb5kbc/site_273_culture"], "http://w3id.org/bb5kbc/ont/inGemeinde": ["http://w3id.org/bb5kbc/gemeinde_0be828be"], "http://w3id.org/bb5kbc/ont/wurdeEntdecktDurch": ["http://w3id.org/bb5kbc/site_273_discovery"], "http://w3id.org/bb5kbc/ont/wurdeGeoreferenziertDurch": ["http://w3id.org/bb5kbc/site_273_activity"], "http://www.opengis.net/ont/geosparql#hasGeometry": ["http://w3id.org/bb5kbc/site_273_geom"], "http://www.w3.org/1999/02/22-rdf-syntax-ns#type": ["http://w3id.org/bb5kbc/ont/Fundstelle"], "http://www.w3.org/2000/01/rdf-schema#label": ["Wachow 7"], "http://www.w3.org/2004/02/skos/core#prefLabel": ["Wachow 7"]}, "geometry": {"type": "Point", "coordinates": [12.72, 52.53]}}, {"type": "Feature", "id": "http://w3id.org/bb5kbc/site_437", "name": "", "dateprops": [], "properties": {"http://fuzzy-sl.squirrel.link/ontology/certaintyLevel": ["https://fuzzy-sl.wikibase.cloud/entity/Q23"], "http://fuzzy-sl.squirrel.link/ontology/hasLocationType": ["https://fuzzy-sl.wikibase.cloud/entity/Q80"], "http://fuzzy-sl.squirrel.link/ontology/representativeGeometry": ["http://w3id.org/bb5kbc/site_437_geom"], "http://purl.org/dc/terms/identifier": ["437"], "http://rdfs.org/ns/void#inDataset": ["http://w3id.org/bb5kbc/Brandenburg_5000_BC_Data"], "http://w3id.org/bb5kbc/ont/hatFID": ["437"], "http://w3id.org/bb5kbc/ont/hatFundstellenID": ["348"], "http://w3id.org/bb5kbc/ont/hatFundstellenart": ["http://w3id.org/bb5kbc/fundstellenart_376218bc"], "http://w3id.org/bb5kbc/ont/hatGenauigkeit": ["0.0"], "http://w3id.org/bb5kbc/ont/hatKatalognummer": ["44222"], "http://w3id.org/bb5kbc/ont/hatKulturelleZuordnung": ["http://w3id.org/bb5kbc/site_437_culture"], "http://w3id.org/bb5kbc/ont/inGemeinde": ["http://w3id.org/bb5kbc/gemeinde_d5bf8290"], "http://w3id.org/bb5kbc/ont/wurdeEntdecktDurch": ["http://w3id.org/bb5kbc/site_437_discovery"], "http://w3id.org/bb5kbc/ont/wurdeGeoreferenziertDurch": ["http://w3id.org/bb5kbc/site_437_activity"], "http://www.opengis.net/ont/geosparql#hasGeometry": ["http://w3id.org/bb5kbc/site_437_geom"], "http://www.w3.org/1999/02/22-rdf-syntax-ns#type": ["http://w3id.org/bb5kbc/ont/Fundstelle"], "http://www.w3.org/2000/01/rdf-schema#label": ["Premslin - 33"], "http://www.w3.org/2004/02/skos/core#prefLabel": ["Premslin - 33"]}, "geometry": {"type": "Point", "coordinates": [11.77, 53.13]}}, {"type": "Feature", "id": "http://w3id.org/bb5kbc/site_409", "name": "", "dateprops": [], "properties": {"http://fuzzy-sl.squirrel.link/ontology/certaintyLevel": ["https://fuzzy-sl.wikibase.cloud/entity/Q23"], "http://fuzzy-sl.squirrel.link/ontology/hasLocationType": ["https://fuzzy-sl.wikibase.cloud/entity/Q80"], "http://fuzzy-sl.squirrel.link/ontology/representativeGeometry": ["http://w3id.org/bb5kbc/site_409_geom"], "http://purl.org/dc/terms/identifier": ["409"], "http://rdfs.org/ns/void#inDataset": ["http://w3id.org/bb5kbc/Brandenburg_5000_BC_Data"], "http://w3id.org/bb5kbc/ont/hatFID": ["409"], "http://w3id.org/bb5kbc/ont/hatFundstellenID": ["30"], "http://w3id.org/bb5kbc/ont/hatFundstellenart": ["http://w3id.org/bb5kbc/fundstellenart_376218bc"], "http://w3id.org/bb5kbc/ont/hatGenauigkeit": ["0.0"], "http://w3id.org/bb5kbc/ont/hatKatalognummer": ["15275"], "http://w3id.org/bb5kbc/ont/hatKulturelleZuordnung": ["http://w3id.org/bb5kbc/site_409_culture"], "http://w3id.org/bb5kbc/ont/inGemeinde": ["http://w3id.org/bb5kbc/gemeinde_c1b145da"], "http://w3id.org/bb5kbc/ont/wurdeEntdecktDurch": ["http://w3id.org/bb5kbc/site_409_discovery"], "http://w3id.org/bb5kbc/ont/wurdeGeoreferenziertDurch": ["http://w3id.org/bb5kbc/site_409_activity"], "http://www.opengis.net/ont/geosparql#hasGeometry": ["http://w3id.org/bb5kbc/site_409_geom"], "http://www.w3.org/1999/02/22-rdf-syntax-ns#type": ["http://w3id.org/bb5kbc/ont/Fundstelle"], "http://www.w3.org/2000/01/rdf-schema#label": ["Bergholz-Rehbr\u00fccke - 8"], "http://www.w3.org/2004/02/skos/core#prefLabel": ["Bergholz-Rehbr\u00fccke - 8"]}, "geometry": {"type": "Point", "coordinates": [13.09, 52.35]}}, {"type": "Feature", "id": "http://w3id.org/bb5kbc/site_276", "name": "", "dateprops": [], "properties": {"http://fuzzy-sl.squirrel.link/ontology/certaintyLevel": ["https://fuzzy-sl.wikibase.cloud/entity/Q23"], "http://fuzzy-sl.squirrel.link/ontology/hasLocationType": ["https://fuzzy-sl.wikibase.cloud/entity/Q80"], "http://fuzzy-sl.squirrel.link/ontology/representativeGeometry": ["http://w3id.org/bb5kbc/site_276_geom"], "http://purl.org/dc/terms/identifier": ["276"], "http://rdfs.org/ns/void#inDataset": ["http://w3id.org/bb5kbc/Brandenburg_5000_BC_Data"], "http://w3id.org/bb5kbc/ont/hatFID": ["276"], "http://w3id.org/bb5kbc/ont/hatFundstellenID": ["494"], "http://w3id.org/bb5kbc/ont/hatFundstellenart": ["http://w3id.org/bb5kbc/fundstellenart_376218bc"], "http://w3id.org/bb5kbc/ont/hatGenauigkeit": ["0.0"], "http://w3id.org/bb5kbc/ont/hatKatalognummer": ["58851"], "http://w3id.org/bb5kbc/ont/hatKulturelleZuordnung": ["http://w3id.org/bb5kbc/site_276_culture"], "http://w3id.org/bb5kbc/ont/inGemeinde": ["http://w3id.org/bb5kbc/gemeinde_b5488fb1"], "http://w3id.org/bb5kbc/ont/wurdeEntdecktDurch": ["http://w3id.org/bb5kbc/site_276_discovery"], "http://w3id.org/bb5kbc/ont/wurdeGeoreferenziertDurch": ["http://w3id.org/bb5kbc/site_276_activity"], "http://www.opengis.net/ont/geosparql#hasGeometry": ["http://w3id.org/bb5kbc/site_276_geom"], "http://www.w3.org/1999/02/22-rdf-syntax-ns#type": ["http://w3id.org/bb5kbc/ont/Fundstelle"], "http://www.w3.org/2000/01/rdf-schema#label": ["Zeestow 14/8 (14)"], "http://www.w3.org/2004/02/skos/core#prefLabel": ["Zeestow 14/8 (14)"]}, "geometry": {"type": "Point", "coordinates": [12.96, 52.57]}}, {"type": "Feature", "id": "http://w3id.org/bb5kbc/site_31", "name": "", "dateprops": [], "properties": {"http://fuzzy-sl.squirrel.link/ontology/certaintyLevel": ["https://fuzzy-sl.wikibase.cloud/entity/Q23"], "http://fuzzy-sl.squirrel.link/ontology/hasLocationType": ["https://fuzzy-sl.wikibase.cloud/entity/Q80"], "http://fuzzy-sl.squirrel.link/ontology/representativeGeometry": ["http://w3id.org/bb5kbc/site_31_geom"], "http://purl.org/dc/terms/identifier": ["31"], "http://rdfs.org/ns/void#inDataset": ["http://w3id.org/bb5kbc/Brandenburg_5000_BC_Data"], "http://w3id.org/bb5kbc/ont/hatFID": ["31"], "http://w3id.org/bb5kbc/ont/hatFundstellenID": ["113"], "http://w3id.org/bb5kbc/ont/hatFundstellenart": ["http://w3id.org/bb5kbc/fundstellenart_1972902b", "http://w3id.org/bb5kbc/fundstellenart_5df80d7e"], "http://w3id.org/bb5kbc/ont/hatGenauigkeit": ["0.0"], "http://w3id.org/bb5kbc/ont/hatKulturelleZuordnung": ["http://w3id.org/bb5kbc/site_31_culture"], "http://w3id.org/bb5kbc/ont/hatPublikation": ["http://w3id.org/bb5kbc/pub_4380d476"], "http://w3id.org/bb5kbc/ont/inGemeinde": ["http://w3id.org/bb5kbc/gemeinde_e1efb5e6"], "http://w3id.org/bb5kbc/ont/wurdeEntdecktDurch": ["http://w3id.org/bb5kbc/site_31_discovery"], "http://w3id.org/bb5kbc/ont/wurdeGeoreferenziertDurch": ["http://w3id.org/bb5kbc/site_31_activity"], "http://www.opengis.net/ont/geosparql#hasGeometry": ["http://w3id.org/bb5kbc/site_31_geom"], "http://www.w3.org/1999/02/22-rdf-syntax-ns#type": ["http://w3id.org/bb5kbc/ont/Fundstelle"], "http://www.w3.org/2000/01/rdf-schema#label": ["Eythra"], "http://www.w3.org/2004/02/skos/core#prefLabel": ["Eythra"]}, "geometry": {"type": "Point", "coordinates": [12.3, 51.24]}}, {"type": "Feature", "id": "http://w3id.org/bb5kbc/site_416", "name": "", "dateprops": [], "properties": {"http://fuzzy-sl.squirrel.link/ontology/certaintyLevel": ["https://fuzzy-sl.wikibase.cloud/entity/Q23"], "http://fuzzy-sl.squirrel.link/ontology/hasLocationType": ["https://fuzzy-sl.wikibase.cloud/entity/Q80"], "http://fuzzy-sl.squirrel.link/ontology/representativeGeometry": ["http://w3id.org/bb5kbc/site_416_geom"], "http://purl.org/dc/terms/identifier": ["416"], "http://rdfs.org/ns/void#inDataset": ["http://w3id.org/bb5kbc/Brandenburg_5000_BC_Data"], "http://w3id.org/bb5kbc/ont/hatFID": ["416"], "http://w3id.org/bb5kbc/ont/hatFundstellenID": ["151"], "http://w3id.org/bb5kbc/ont/hatFundstellenart": ["http://w3id.org/bb5kbc/fundstellenart_376218bc"], "http://w3id.org/bb5kbc/ont/hatGenauigkeit": ["0.0"], "http://w3id.org/bb5kbc/ont/hatKatalognummer": ["24693"], "http://w3id.org/bb5kbc/ont/hatKulturelleZuordnung": ["http://w3id.org/bb5kbc/site_416_culture"], "http://w3id.org/bb5kbc/ont/inGemeinde": ["http://w3id.org/bb5kbc/gemeinde_d2768c87"], "http://w3id.org/bb5kbc/ont/wurdeEntdecktDurch": ["http://w3id.org/bb5kbc/site_416_discovery"], "http://w3id.org/bb5kbc/ont/wurdeGeoreferenziertDurch": ["http://w3id.org/bb5kbc/site_416_activity"], "http://www.opengis.net/ont/geosparql#hasGeometry": ["http://w3id.org/bb5kbc/site_416_geom"], "http://www.w3.org/1999/02/22-rdf-syntax-ns#type": ["http://w3id.org/bb5kbc/ont/Fundstelle"], "http://www.w3.org/2000/01/rdf-schema#label": ["Gollwitz - 1"], "http://www.w3.org/2004/02/skos/core#prefLabel": ["Gollwitz - 1"]}, "geometry": {"type": "Point", "coordinates": [12.63, 52.42]}}, {"type": "Feature", "id": "http://w3id.org/bb5kbc/site_375", "name": "", "dateprops": [], "properties": {"http://fuzzy-sl.squirrel.link/ontology/certaintyLevel": ["https://fuzzy-sl.wikibase.cloud/entity/Q23"], "http://fuzzy-sl.squirrel.link/ontology/hasLocationType": ["https://fuzzy-sl.wikibase.cloud/entity/Q80"], "http://fuzzy-sl.squirrel.link/ontology/representativeGeometry": ["http://w3id.org/bb5kbc/site_375_geom"], "http://purl.org/dc/terms/identifier": ["375"], "http://rdfs.org/ns/void#inDataset": ["http://w3id.org/bb5kbc/Brandenburg_5000_BC_Data"], "http://w3id.org/bb5kbc/ont/hatFID": ["375"], "http://w3id.org/bb5kbc/ont/hatFundstellenID": ["105"], "http://w3id.org/bb5kbc/ont/hatFundstellenart": ["http://w3id.org/bb5kbc/fundstellenart_376218bc"], "http://w3id.org/bb5kbc/ont/hatGenauigkeit": ["0.0"], "http://w3id.org/bb5kbc/ont/hatKatalognummer": ["10554"], "http://w3id.org/bb5kbc/ont/hatKulturelleZuordnung": ["http://w3id.org/bb5kbc/site_375_culture"], "http://w3id.org/bb5kbc/ont/inGemeinde": ["http://w3id.org/bb5kbc/gemeinde_0bbe84f0"], "http://w3id.org/bb5kbc/ont/wurdeEntdecktDurch": ["http://w3id.org/bb5kbc/site_375_discovery"], "http://w3id.org/bb5kbc/ont/wurdeGeoreferenziertDurch": ["http://w3id.org/bb5kbc/site_375_activity"], "http://www.opengis.net/ont/geosparql#hasGeometry": ["http://w3id.org/bb5kbc/site_375_geom"], "http://www.w3.org/1999/02/22-rdf-syntax-ns#type": ["http://w3id.org/bb5kbc/ont/Fundstelle"], "http://www.w3.org/2000/01/rdf-schema#label": ["Dreetz - 14"], "http://www.w3.org/2004/02/skos/core#prefLabel": ["Dreetz - 14"]}, "geometry": {"type": "Point", "coordinates": [12.43, 52.78]}}, {"type": "Feature", "id": "http://w3id.org/bb5kbc/site_280", "name": "", "dateprops": [], "properties": {"http://fuzzy-sl.squirrel.link/ontology/certaintyLevel": ["https://fuzzy-sl.wikibase.cloud/entity/Q23"], "http://fuzzy-sl.squirrel.link/ontology/hasLocationType": ["https://fuzzy-sl.wikibase.cloud/entity/Q80"], "http://fuzzy-sl.squirrel.link/ontology/representativeGeometry": ["http://w3id.org/bb5kbc/site_280_geom"], "http://purl.org/dc/terms/identifier": ["280"], "http://rdfs.org/ns/void#inDataset": ["http://w3id.org/bb5kbc/Brandenburg_5000_BC_Data"], "http://w3id.org/bb5kbc/ont/hatFID": ["280"], "http://w3id.org/bb5kbc/ont/hatFundstellenID": ["48"], "http://w3id.org/bb5kbc/ont/hatFundstellenart": ["http://w3id.org/bb5kbc/fundstellenart_376218bc"], "http://w3id.org/bb5kbc/ont/hatGenauigkeit": ["0.0"], "http://w3id.org/bb5kbc/ont/hatKatalognummer": ["16331"], "http://w3id.org/bb5kbc/ont/hatKulturelleZuordnung": ["http://w3id.org/bb5kbc/site_280_culture"], "http://w3id.org/bb5kbc/ont/inGemeinde": ["http://w3id.org/bb5kbc/gemeinde_20dea27b"], "http://w3id.org/bb5kbc/ont/wurdeEntdecktDurch": ["http://w3id.org/bb5kbc/site_280_discovery"], "http://w3id.org/bb5kbc/ont/wurdeGeoreferenziertDurch": ["http://w3id.org/bb5kbc/site_280_activity"], "http://www.opengis.net/ont/geosparql#hasGeometry": ["http://w3id.org/bb5kbc/site_280_geom"], "http://www.w3.org/1999/02/22-rdf-syntax-ns#type": ["http://w3id.org/bb5kbc/ont/Fundstelle"], "http://www.w3.org/2000/01/rdf-schema#label": ["Blankenburg 8"], "http://www.w3.org/2004/02/skos/core#prefLabel": ["Blankenburg 8"]}, "geometry": {"type": "Point", "coordinates": [13.95, 53.23]}}, {"type": "Feature", "id": "http://w3id.org/bb5kbc/site_268", "name": "", "dateprops": [], "properties": {"http://fuzzy-sl.squirrel.link/ontology/certaintyLevel": ["https://fuzzy-sl.wikibase.cloud/entity/Q23"], "http://fuzzy-sl.squirrel.link/ontology/hasLocationType": ["https://fuzzy-sl.wikibase.cloud/entity/Q80"], "http://fuzzy-sl.squirrel.link/ontology/representativeGeometry": ["http://w3id.org/bb5kbc/site_268_geom"], "http://purl.org/dc/terms/identifier": ["268"], "http://rdfs.org/ns/void#inDataset": ["http://w3id.org/bb5kbc/Brandenburg_5000_BC_Data"], "http://w3id.org/bb5kbc/ont/hatFID": ["268"], "http://w3id.org/bb5kbc/ont/hatFundstellenID": ["371"], "http://w3id.org/bb5kbc/ont/hatFundstellenart": ["http://w3id.org/bb5kbc/fundstellenart_376218bc"], "http://w3id.org/bb5kbc/ont/hatGenauigkeit": ["0.0"], "http://w3id.org/bb5kbc/ont/hatKatalognummer": ["12811"], "http://w3id.org/bb5kbc/ont/hatKulturelleZuordnung": ["http://w3id.org/bb5kbc/site_268_culture"], "http://w3id.org/bb5kbc/ont/inGemeinde": ["http://w3id.org/bb5kbc/gemeinde_d1afd416"], "http://w3id.org/bb5kbc/ont/wurdeEntdecktDurch": ["http://w3id.org/bb5kbc/site_268_discovery"], "http://w3id.org/bb5kbc/ont/wurdeGeoreferenziertDurch": ["http://w3id.org/bb5kbc/site_268_activity"], "http://www.opengis.net/ont/geosparql#hasGeometry": ["http://w3id.org/bb5kbc/site_268_geom"], "http://www.w3.org/1999/02/22-rdf-syntax-ns#type": ["http://w3id.org/bb5kbc/ont/Fundstelle"], "http://www.w3.org/2000/01/rdf-schema#label": ["Ribbeck 4"], "http://www.w3.org/2004/02/skos/core#prefLabel": ["Ribbeck 4"]}, "geometry": {"type": "Point", "coordinates": [12.75, 52.63]}}, {"type": "Feature", "id": "http://w3id.org/bb5kbc/site_281", "name": "", "dateprops": [], "properties": {"http://fuzzy-sl.squirrel.link/ontology/certaintyLevel": ["https://fuzzy-sl.wikibase.cloud/entity/Q23"], "http://fuzzy-sl.squirrel.link/ontology/hasLocationType": ["https://fuzzy-sl.wikibase.cloud/entity/Q80"], "http://fuzzy-sl.squirrel.link/ontology/representativeGeometry": ["http://w3id.org/bb5kbc/site_281_geom"], "http://purl.org/dc/terms/identifier": ["281"], "http://rdfs.org/ns/void#inDataset": ["http://w3id.org/bb5kbc/Brandenburg_5000_BC_Data"], "http://w3id.org/bb5kbc/ont/hatFID": ["281"], "http://w3id.org/bb5kbc/ont/hatFundstellenID": ["73"], "http://w3id.org/bb5kbc/ont/hatFundstellenart": ["http://w3id.org/bb5kbc/fundstellenart_376218bc"], "http://w3id.org/bb5kbc/ont/hatGenauigkeit": ["0.0"], "http://w3id.org/bb5kbc/ont/hatKatalognummer": ["12310"], "http://w3id.org/bb5kbc/ont/hatKulturelleZuordnung": ["http://w3id.org/bb5kbc/site_281_culture"], "http://w3id.org/bb5kbc/ont/inGemeinde": ["http://w3id.org/bb5kbc/gemeinde_eaadc786"], "http://w3id.org/bb5kbc/ont/wurdeEntdecktDurch": ["http://w3id.org/bb5kbc/site_281_discovery"], "http://w3id.org/bb5kbc/ont/wurdeGeoreferenziertDurch": ["http://w3id.org/bb5kbc/site_281_activity"], "http://www.opengis.net/ont/geosparql#hasGeometry": ["http://w3id.org/bb5kbc/site_281_geom"], "http://www.w3.org/1999/02/22-rdf-syntax-ns#type": ["http://w3id.org/bb5kbc/ont/Fundstelle"], "http://www.w3.org/2000/01/rdf-schema#label": ["Bredow 2"], "http://www.w3.org/2004/02/skos/core#prefLabel": ["Bredow 2"]}, "geometry": {"type": "Point", "coordinates": [12.91, 52.6]}}, {"type": "Feature", "id": "http://w3id.org/bb5kbc/site_467", "name": "", "dateprops": [], "properties": {"http://fuzzy-sl.squirrel.link/ontology/certaintyLevel": ["https://fuzzy-sl.wikibase.cloud/entity/Q23"], "http://fuzzy-sl.squirrel.link/ontology/hasLocationType": ["https://fuzzy-sl.wikibase.cloud/entity/Q80"], "http://fuzzy-sl.squirrel.link/ontology/representativeGeometry": ["http://w3id.org/bb5kbc/site_467_geom"], "http://purl.org/dc/terms/identifier": ["467"], "http://rdfs.org/ns/void#inDataset": ["http://w3id.org/bb5kbc/Brandenburg_5000_BC_Data"], "http://w3id.org/bb5kbc/ont/hatFID": ["467"], "http://w3id.org/bb5kbc/ont/hatFundstellenID": ["116"], "http://w3id.org/bb5kbc/ont/hatFundstellenart": ["http://w3id.org/bb5kbc/fundstellenart_376218bc"], "http://w3id.org/bb5kbc/ont/hatGenauigkeit": ["0.0"], "http://w3id.org/bb5kbc/ont/hatKatalognummer": ["355"], "http://w3id.org/bb5kbc/ont/hatKulturelleZuordnung": ["http://w3id.org/bb5kbc/site_467_culture"], "http://w3id.org/bb5kbc/ont/inGemeinde": ["http://w3id.org/bb5kbc/gemeinde_dd8c0a93"], "http://w3id.org/bb5kbc/ont/wurdeEntdecktDurch": ["http://w3id.org/bb5kbc/site_467_discovery"], "http://w3id.org/bb5kbc/ont/wurdeGeoreferenziertDurch": ["http://w3id.org/bb5kbc/site_467_activity"], "http://www.opengis.net/ont/geosparql#hasGeometry": ["http://w3id.org/bb5kbc/site_467_geom"], "http://www.w3.org/1999/02/22-rdf-syntax-ns#type": ["http://w3id.org/bb5kbc/ont/Fundstelle"], "http://www.w3.org/2000/01/rdf-schema#label": ["Felchow - 13"], "http://www.w3.org/2004/02/skos/core#prefLabel": ["Felchow - 13"]}, "geometry": {"type": "Point", "coordinates": [14.12, 53.04]}}, {"type": "Feature", "id": "http://w3id.org/bb5kbc/site_316", "name": "", "dateprops": [], "properties": {"http://fuzzy-sl.squirrel.link/ontology/certaintyLevel": ["https://fuzzy-sl.wikibase.cloud/entity/Q23"], "http://fuzzy-sl.squirrel.link/ontology/hasLocationType": ["https://fuzzy-sl.wikibase.cloud/entity/Q80"], "http://fuzzy-sl.squirrel.link/ontology/representativeGeometry": ["http://w3id.org/bb5kbc/site_316_geom"], "http://purl.org/dc/terms/identifier": ["316"], "http://rdfs.org/ns/void#inDataset": ["http://w3id.org/bb5kbc/Brandenburg_5000_BC_Data"], "http://w3id.org/bb5kbc/ont/hatFID": ["316"], "http://w3id.org/bb5kbc/ont/hatFundstellenID": ["368"], "http://w3id.org/bb5kbc/ont/hatFundstellenart": ["http://w3id.org/bb5kbc/fundstellenart_376218bc"], "http://w3id.org/bb5kbc/ont/hatGenauigkeit": ["0.0"], "http://w3id.org/bb5kbc/ont/hatKatalognummer": ["11850"], "http://w3id.org/bb5kbc/ont/hatKulturelleZuordnung": ["http://w3id.org/bb5kbc/site_316_culture"], "http://w3id.org/bb5kbc/ont/inGemeinde": ["http://w3id.org/bb5kbc/gemeinde_8efb2a9d"], "http://w3id.org/bb5kbc/ont/wurdeEntdecktDurch": ["http://w3id.org/bb5kbc/site_316_discovery"], "http://w3id.org/bb5kbc/ont/wurdeGeoreferenziertDurch": ["http://w3id.org/bb5kbc/site_316_activity"], "http://www.opengis.net/ont/geosparql#hasGeometry": ["http://w3id.org/bb5kbc/site_316_geom"], "http://www.w3.org/1999/02/22-rdf-syntax-ns#type": ["http://w3id.org/bb5kbc/ont/Fundstelle"], "http://www.w3.org/2000/01/rdf-schema#label": ["Reichwalde - 1"], "http://www.w3.org/2004/02/skos/core#prefLabel": ["Reichwalde - 1"]}, "geometry": {"type": "Point", "coordinates": [13.72, 51.95]}}, {"type": "Feature", "id": "http://w3id.org/bb5kbc/site_67", "name": "", "dateprops": [], "properties": {"http://fuzzy-sl.squirrel.link/ontology/certaintyLevel": ["https://fuzzy-sl.wikibase.cloud/entity/Q23"], "http://fuzzy-sl.squirrel.link/ontology/hasLocationType": ["https://fuzzy-sl.wikibase.cloud/entity/Q80"], "http://fuzzy-sl.squirrel.link/ontology/representativeGeometry": ["http://w3id.org/bb5kbc/site_67_geom"], "http://purl.org/dc/terms/identifier": ["67"], "http://rdfs.org/ns/void#inDataset": ["http://w3id.org/bb5kbc/Brandenburg_5000_BC_Data"], "http://w3id.org/bb5kbc/ont/hatFID": ["67"], "http://w3id.org/bb5kbc/ont/hatFundstellenID": ["18"], "http://w3id.org/bb5kbc/ont/hatFundstellenart": ["http://w3id.org/bb5kbc/fundstellenart_376218bc"], "http://w3id.org/bb5kbc/ont/hatGenauigkeit": ["0.0"], "http://w3id.org/bb5kbc/ont/hatKatalognummer": ["63"], "http://w3id.org/bb5kbc/ont/hatKulturelleZuordnung": ["http://w3id.org/bb5kbc/site_67_culture"], "http://w3id.org/bb5kbc/ont/inGemeinde": ["http://w3id.org/bb5kbc/gemeinde_80df634c"], "http://w3id.org/bb5kbc/ont/wurdeEntdecktDurch": ["http://w3id.org/bb5kbc/site_67_discovery"], "http://w3id.org/bb5kbc/ont/wurdeGeoreferenziertDurch": ["http://w3id.org/bb5kbc/site_67_activity"], "http://www.opengis.net/ont/geosparql#hasGeometry": ["http://w3id.org/bb5kbc/site_67_geom"], "http://www.w3.org/1999/02/22-rdf-syntax-ns#type": ["http://w3id.org/bb5kbc/ont/Fundstelle"], "http://www.w3.org/2000/01/rdf-schema#label": ["Angerm\u00fcnde 41"], "http://www.w3.org/2004/02/skos/core#prefLabel": ["Angerm\u00fcnde 41"]}, "geometry": {"type": "Point", "coordinates": [14.01, 53.0]}}, {"type": "Feature", "id": "http://w3id.org/bb5kbc/site_297", "name": "", "dateprops": [], "properties": {"http://fuzzy-sl.squirrel.link/ontology/certaintyLevel": ["https://fuzzy-sl.wikibase.cloud/entity/Q23"], "http://fuzzy-sl.squirrel.link/ontology/hasLocationType": ["https://fuzzy-sl.wikibase.cloud/entity/Q80"], "http://fuzzy-sl.squirrel.link/ontology/representativeGeometry": ["http://w3id.org/bb5kbc/site_297_geom"], "http://purl.org/dc/terms/identifier": ["297"], "http://rdfs.org/ns/void#inDataset": ["http://w3id.org/bb5kbc/Brandenburg_5000_BC_Data"], "http://w3id.org/bb5kbc/ont/hatFID": ["297"], "http://w3id.org/bb5kbc/ont/hatFundstellenID": ["305"], "http://w3id.org/bb5kbc/ont/hatFundstellenart": ["http://w3id.org/bb5kbc/fundstellenart_376218bc"], "http://w3id.org/bb5kbc/ont/hatGenauigkeit": ["0.0"], "http://w3id.org/bb5kbc/ont/hatKatalognummer": ["12715"], "http://w3id.org/bb5kbc/ont/hatKulturelleZuordnung": ["http://w3id.org/bb5kbc/site_297_culture"], "http://w3id.org/bb5kbc/ont/inGemeinde": ["http://w3id.org/bb5kbc/gemeinde_9d0aeaff"], "http://w3id.org/bb5kbc/ont/wurdeEntdecktDurch": ["http://w3id.org/bb5kbc/site_297_discovery"], "http://w3id.org/bb5kbc/ont/wurdeGeoreferenziertDurch": ["http://w3id.org/bb5kbc/site_297_activity"], "http://www.opengis.net/ont/geosparql#hasGeometry": ["http://w3id.org/bb5kbc/site_297_geom"], "http://www.w3.org/1999/02/22-rdf-syntax-ns#type": ["http://w3id.org/bb5kbc/ont/Fundstelle"], "http://www.w3.org/2000/01/rdf-schema#label": ["Niebede 4"], "http://www.w3.org/2004/02/skos/core#prefLabel": ["Niebede 4"]}, "geometry": {"type": "Point", "coordinates": [12.79, 52.54]}}, {"type": "Feature", "id": "http://w3id.org/bb5kbc/site_284", "name": "", "dateprops": [], "properties": {"http://fuzzy-sl.squirrel.link/ontology/certaintyLevel": ["https://fuzzy-sl.wikibase.cloud/entity/Q23"], "http://fuzzy-sl.squirrel.link/ontology/hasLocationType": ["https://fuzzy-sl.wikibase.cloud/entity/Q80"], "http://fuzzy-sl.squirrel.link/ontology/representativeGeometry": ["http://w3id.org/bb5kbc/site_284_geom"], "http://purl.org/dc/terms/identifier": ["284"], "http://rdfs.org/ns/void#inDataset": ["http://w3id.org/bb5kbc/Brandenburg_5000_BC_Data"], "http://w3id.org/bb5kbc/ont/hatFID": ["284"], "http://w3id.org/bb5kbc/ont/hatFundstellenID": ["108"], "http://w3id.org/bb5kbc/ont/hatFundstellenart": ["http://w3id.org/bb5kbc/fundstellenart_1972902b"], "http://w3id.org/bb5kbc/ont/hatGenauigkeit": ["0.0"], "http://w3id.org/bb5kbc/ont/hatKatalognummer": ["30077"], "http://w3id.org/bb5kbc/ont/hatKulturelleZuordnung": ["http://w3id.org/bb5kbc/site_284_culture"], "http://w3id.org/bb5kbc/ont/inGemeinde": ["http://w3id.org/bb5kbc/gemeinde_0f80183e"], "http://w3id.org/bb5kbc/ont/wurdeEntdecktDurch": ["http://w3id.org/bb5kbc/site_284_discovery"], "http://w3id.org/bb5kbc/ont/wurdeGeoreferenziertDurch": ["http://w3id.org/bb5kbc/site_284_activity"], "http://www.opengis.net/ont/geosparql#hasGeometry": ["http://w3id.org/bb5kbc/site_284_geom"], "http://www.w3.org/1999/02/22-rdf-syntax-ns#type": ["http://w3id.org/bb5kbc/ont/Fundstelle"], "http://www.w3.org/2000/01/rdf-schema#label": ["Dyrotz 43"], "http://www.w3.org/2004/02/skos/core#prefLabel": ["Dyrotz 43"]}, "geometry": {"type": "Point", "coordinates": [12.97, 52.55]}}, {"type": "Feature", "id": "http://w3id.org/bb5kbc/site_309", "name": "", "dateprops": [], "properties": {"http://fuzzy-sl.squirrel.link/ontology/certaintyLevel": ["https://fuzzy-sl.wikibase.cloud/entity/Q23"], "http://fuzzy-sl.squirrel.link/ontology/hasLocationType": ["https://fuzzy-sl.wikibase.cloud/entity/Q80"], "http://fuzzy-sl.squirrel.link/ontology/representativeGeometry": ["http://w3id.org/bb5kbc/site_309_geom"], "http://purl.org/dc/terms/identifier": ["309"], "http://rdfs.org/ns/void#inDataset": ["http://w3id.org/bb5kbc/Brandenburg_5000_BC_Data"], "http://w3id.org/bb5kbc/ont/hatFID": ["309"], "http://w3id.org/bb5kbc/ont/hatFundstellenID": ["71"], "http://w3id.org/bb5kbc/ont/hatFundstellenart": ["http://w3id.org/bb5kbc/fundstellenart_376218bc"], "http://w3id.org/bb5kbc/ont/hatGenauigkeit": ["0.0"], "http://w3id.org/bb5kbc/ont/hatKatalognummer": ["2533"], "http://w3id.org/bb5kbc/ont/hatKulturelleZuordnung": ["http://w3id.org/bb5kbc/site_309_culture"], "http://w3id.org/bb5kbc/ont/inGemeinde": ["http://w3id.org/bb5kbc/gemeinde_9a9f9999"], "http://w3id.org/bb5kbc/ont/wurdeEntdecktDurch": ["http://w3id.org/bb5kbc/site_309_discovery"], "http://w3id.org/bb5kbc/ont/wurdeGeoreferenziertDurch": ["http://w3id.org/bb5kbc/site_309_activity"], "http://www.opengis.net/ont/geosparql#hasGeometry": ["http://w3id.org/bb5kbc/site_309_geom"], "http://www.w3.org/1999/02/22-rdf-syntax-ns#type": ["http://w3id.org/bb5kbc/ont/Fundstelle"], "http://www.w3.org/2000/01/rdf-schema#label": ["Brandenburg-Neustadt - 56"], "http://www.w3.org/2004/02/skos/core#prefLabel": ["Brandenburg-Neustadt - 56"]}, "geometry": {"type": "Point", "coordinates": [12.56, 52.41]}}, {"type": "Feature", "id": "http://w3id.org/bb5kbc/site_406", "name": "", "dateprops": [], "properties": {"http://fuzzy-sl.squirrel.link/ontology/certaintyLevel": ["https://fuzzy-sl.wikibase.cloud/entity/Q23"], "http://fuzzy-sl.squirrel.link/ontology/hasLocationType": ["https://fuzzy-sl.wikibase.cloud/entity/Q80"], "http://fuzzy-sl.squirrel.link/ontology/representativeGeometry": ["http://w3id.org/bb5kbc/site_406_geom"], "http://purl.org/dc/terms/identifier": ["406"], "http://rdfs.org/ns/void#inDataset": ["http://w3id.org/bb5kbc/Brandenburg_5000_BC_Data"], "http://w3id.org/bb5kbc/ont/hatFID": ["406"], "http://w3id.org/bb5kbc/ont/hatFundstellenID": ["10"], "http://w3id.org/bb5kbc/ont/hatFundstellenart": ["http://w3id.org/bb5kbc/fundstellenart_376218bc"], "http://w3id.org/bb5kbc/ont/hatGenauigkeit": ["0.0"], "http://w3id.org/bb5kbc/ont/hatKatalognummer": ["15206"], "http://w3id.org/bb5kbc/ont/hatKulturelleZuordnung": ["http://w3id.org/bb5kbc/site_406_culture"], "http://w3id.org/bb5kbc/ont/inGemeinde": ["http://w3id.org/bb5kbc/gemeinde_4c04791f"], "http://w3id.org/bb5kbc/ont/wurdeEntdecktDurch": ["http://w3id.org/bb5kbc/site_406_discovery"], "http://w3id.org/bb5kbc/ont/wurdeGeoreferenziertDurch": ["http://w3id.org/bb5kbc/site_406_activity"], "http://www.opengis.net/ont/geosparql#hasGeometry": ["http://w3id.org/bb5kbc/site_406_geom"], "http://www.w3.org/1999/02/22-rdf-syntax-ns#type": ["http://w3id.org/bb5kbc/ont/Fundstelle"], "http://www.w3.org/2000/01/rdf-schema#label": ["Alt T\u00f6plitz - 2"], "http://www.w3.org/2004/02/skos/core#prefLabel": ["Alt T\u00f6plitz - 2"]}, "geometry": {"type": "Point", "coordinates": [12.92, 52.42]}}, {"type": "Feature", "id": "http://w3id.org/bb5kbc/site_55", "name": "", "dateprops": [], "properties": {"http://fuzzy-sl.squirrel.link/ontology/certaintyLevel": ["https://fuzzy-sl.wikibase.cloud/entity/Q23"], "http://fuzzy-sl.squirrel.link/ontology/hasLocationType": ["https://fuzzy-sl.wikibase.cloud/entity/Q80"], "http://fuzzy-sl.squirrel.link/ontology/representativeGeometry": ["http://w3id.org/bb5kbc/site_55_geom"], "http://purl.org/dc/terms/identifier": ["55"], "http://rdfs.org/ns/void#inDataset": ["http://w3id.org/bb5kbc/Brandenburg_5000_BC_Data"], "http://w3id.org/bb5kbc/ont/hatFID": ["55"], "http://w3id.org/bb5kbc/ont/hatFundstellenID": ["303"], "http://w3id.org/bb5kbc/ont/hatFundstellenart": ["http://w3id.org/bb5kbc/fundstellenart_376218bc"], "http://w3id.org/bb5kbc/ont/hatGenauigkeit": ["0.0"], "http://w3id.org/bb5kbc/ont/hatKatalognummer": ["11326"], "http://w3id.org/bb5kbc/ont/hatKulturelleZuordnung": ["http://w3id.org/bb5kbc/site_55_culture"], "http://w3id.org/bb5kbc/ont/hatPublikation": ["http://w3id.org/bb5kbc/pub_05cf84ec"], "http://w3id.org/bb5kbc/ont/inGemeinde": ["http://w3id.org/bb5kbc/gemeinde_7ff1cdab"], "http://w3id.org/bb5kbc/ont/wurdeEntdecktDurch": ["http://w3id.org/bb5kbc/site_55_discovery"], "http://w3id.org/bb5kbc/ont/wurdeGeoreferenziertDurch": ["http://w3id.org/bb5kbc/site_55_activity"], "http://www.opengis.net/ont/geosparql#hasGeometry": ["http://w3id.org/bb5kbc/site_55_geom"], "http://www.w3.org/1999/02/22-rdf-syntax-ns#type": ["http://w3id.org/bb5kbc/ont/Fundstelle"], "http://www.w3.org/2000/01/rdf-schema#label": ["Neuendorf am See 6"], "http://www.w3.org/2004/02/skos/core#prefLabel": ["Neuendorf am See 6"]}, "geometry": {"type": "Point", "coordinates": [13.88, 52.1]}}, {"type": "Feature", "id": "http://w3id.org/bb5kbc/site_475", "name": "", "dateprops": [], "properties": {"http://fuzzy-sl.squirrel.link/ontology/certaintyLevel": ["https://fuzzy-sl.wikibase.cloud/entity/Q23"], "http://fuzzy-sl.squirrel.link/ontology/hasLocationType": ["https://fuzzy-sl.wikibase.cloud/entity/Q80"], "http://fuzzy-sl.squirrel.link/ontology/representativeGeometry": ["http://w3id.org/bb5kbc/site_475_geom"], "http://purl.org/dc/terms/identifier": ["475"], "http://rdfs.org/ns/void#inDataset": ["http://w3id.org/bb5kbc/Brandenburg_5000_BC_Data"], "http://w3id.org/bb5kbc/ont/hatFID": ["475"], "http://w3id.org/bb5kbc/ont/hatFundstellenID": ["308"], "http://w3id.org/bb5kbc/ont/hatFundstellenart": ["http://w3id.org/bb5kbc/fundstellenart_376218bc"], "http://w3id.org/bb5kbc/ont/hatGenauigkeit": ["0.0"], "http://w3id.org/bb5kbc/ont/hatKatalognummer": ["695"], "http://w3id.org/bb5kbc/ont/hatKulturelleZuordnung": ["http://w3id.org/bb5kbc/site_475_culture"], "http://w3id.org/bb5kbc/ont/inGemeinde": ["http://w3id.org/bb5kbc/gemeinde_8126043e"], "http://w3id.org/bb5kbc/ont/wurdeEntdecktDurch": ["http://w3id.org/bb5kbc/site_475_discovery"], "http://w3id.org/bb5kbc/ont/wurdeGeoreferenziertDurch": ["http://w3id.org/bb5kbc/site_475_activity"], "http://www.opengis.net/ont/geosparql#hasGeometry": ["http://w3id.org/bb5kbc/site_475_geom"], "http://www.w3.org/1999/02/22-rdf-syntax-ns#type": ["http://w3id.org/bb5kbc/ont/Fundstelle"], "http://www.w3.org/2000/01/rdf-schema#label": ["Niederlandin - 15"], "http://www.w3.org/2004/02/skos/core#prefLabel": ["Niederlandin - 15"]}, "geometry": {"type": "Point", "coordinates": [14.14, 53.08]}}, {"type": "Feature", "id": "http://w3id.org/bb5kbc/site_315", "name": "", "dateprops": [], "properties": {"http://fuzzy-sl.squirrel.link/ontology/certaintyLevel": ["https://fuzzy-sl.wikibase.cloud/entity/Q23"], "http://fuzzy-sl.squirrel.link/ontology/hasLocationType": ["https://fuzzy-sl.wikibase.cloud/entity/Q80"], "http://fuzzy-sl.squirrel.link/ontology/representativeGeometry": ["http://w3id.org/bb5kbc/site_315_geom"], "http://purl.org/dc/terms/identifier": ["315"], "http://rdfs.org/ns/void#inDataset": ["http://w3id.org/bb5kbc/Brandenburg_5000_BC_Data"], "http://w3id.org/bb5kbc/ont/hatFID": ["315"], "http://w3id.org/bb5kbc/ont/hatFundstellenID": ["490"], "http://w3id.org/bb5kbc/ont/hatFundstellenart": ["http://w3id.org/bb5kbc/fundstellenart_376218bc"], "http://w3id.org/bb5kbc/ont/hatGenauigkeit": ["0.0"], "http://w3id.org/bb5kbc/ont/hatKatalognummer": ["11425"], "http://w3id.org/bb5kbc/ont/hatKulturelleZuordnung": ["http://w3id.org/bb5kbc/site_315_culture"], "http://w3id.org/bb5kbc/ont/inGemeinde": ["http://w3id.org/bb5kbc/gemeinde_4f66da0e"], "http://w3id.org/bb5kbc/ont/wurdeEntdecktDurch": ["http://w3id.org/bb5kbc/site_315_discovery"], "http://w3id.org/bb5kbc/ont/wurdeGeoreferenziertDurch": ["http://w3id.org/bb5kbc/site_315_activity"], "http://www.opengis.net/ont/geosparql#hasGeometry": ["http://w3id.org/bb5kbc/site_315_geom"], "http://www.w3.org/1999/02/22-rdf-syntax-ns#type": ["http://w3id.org/bb5kbc/ont/Fundstelle"], "http://www.w3.org/2000/01/rdf-schema#label": ["Zaue - 13"], "http://www.w3.org/2004/02/skos/core#prefLabel": ["Zaue - 13"]}, "geometry": {"type": "Point", "coordinates": [14.19, 52.05]}}, {"type": "Feature", "id": "http://w3id.org/bb5kbc/site_587", "name": "", "dateprops": [], "properties": {"http://fuzzy-sl.squirrel.link/ontology/certaintyLevel": ["https://fuzzy-sl.wikibase.cloud/entity/Q23"], "http://fuzzy-sl.squirrel.link/ontology/hasLocationType": ["https://fuzzy-sl.wikibase.cloud/entity/Q80"], "http://fuzzy-sl.squirrel.link/ontology/representativeGeometry": ["http://w3id.org/bb5kbc/site_587_geom"], "http://purl.org/dc/terms/identifier": ["587"], "http://rdfs.org/ns/void#inDataset": ["http://w3id.org/bb5kbc/Brandenburg_5000_BC_Data"], "http://w3id.org/bb5kbc/ont/hatFID": ["587"], "http://w3id.org/bb5kbc/ont/hatFundstellenID": ["39"], "http://w3id.org/bb5kbc/ont/hatFundstellenart": ["http://w3id.org/bb5kbc/fundstellenart_376218bc"], "http://w3id.org/bb5kbc/ont/hatGenauigkeit": ["0.0"], "http://w3id.org/bb5kbc/ont/hatKatalognummer": ["16318"], "http://w3id.org/bb5kbc/ont/hatKulturelleZuordnung": ["http://w3id.org/bb5kbc/site_587_culture"], "http://w3id.org/bb5kbc/ont/hatPublikation": ["http://w3id.org/bb5kbc/pub_cde15c81"], "http://w3id.org/bb5kbc/ont/inGemeinde": ["http://w3id.org/bb5kbc/gemeinde_1dfaac5b"], "http://w3id.org/bb5kbc/ont/wurdeEntdecktDurch": ["http://w3id.org/bb5kbc/site_587_discovery"], "http://w3id.org/bb5kbc/ont/wurdeGeoreferenziertDurch": ["http://w3id.org/bb5kbc/site_587_activity"], "http://www.opengis.net/ont/geosparql#hasGeometry": ["http://w3id.org/bb5kbc/site_587_geom"], "http://www.w3.org/1999/02/22-rdf-syntax-ns#type": ["http://w3id.org/bb5kbc/ont/Fundstelle"], "http://www.w3.org/2000/01/rdf-schema#label": ["Bietikow 15"], "http://www.w3.org/2004/02/skos/core#prefLabel": ["Bietikow 15"]}, "geometry": {"type": "Point", "coordinates": [13.96, 53.28]}}, {"type": "Feature", "id": "http://w3id.org/bb5kbc/site_285", "name": "", "dateprops": [], "properties": {"http://fuzzy-sl.squirrel.link/ontology/certaintyLevel": ["https://fuzzy-sl.wikibase.cloud/entity/Q23"], "http://fuzzy-sl.squirrel.link/ontology/hasLocationType": ["https://fuzzy-sl.wikibase.cloud/entity/Q80"], "http://fuzzy-sl.squirrel.link/ontology/representativeGeometry": ["http://w3id.org/bb5kbc/site_285_geom"], "http://purl.org/dc/terms/identifier": ["285"], "http://rdfs.org/ns/void#inDataset": ["http://w3id.org/bb5kbc/Brandenburg_5000_BC_Data"], "http://w3id.org/bb5kbc/ont/hatFID": ["285"], "http://w3id.org/bb5kbc/ont/hatFundstellenID": ["111"], "http://w3id.org/bb5kbc/ont/hatFundstellenart": ["http://w3id.org/bb5kbc/fundstellenart_1972902b"], "http://w3id.org/bb5kbc/ont/hatGenauigkeit": ["0.0"], "http://w3id.org/bb5kbc/ont/hatKatalognummer": ["10983"], "http://w3id.org/bb5kbc/ont/hatKulturelleZuordnung": ["http://w3id.org/bb5kbc/site_285_culture"], "http://w3id.org/bb5kbc/ont/inGemeinde": ["http://w3id.org/bb5kbc/gemeinde_a89f762d"], "http://w3id.org/bb5kbc/ont/wurdeEntdecktDurch": ["http://w3id.org/bb5kbc/site_285_discovery"], "http://w3id.org/bb5kbc/ont/wurdeGeoreferenziertDurch": ["http://w3id.org/bb5kbc/site_285_activity"], "http://www.opengis.net/ont/geosparql#hasGeometry": ["http://w3id.org/bb5kbc/site_285_geom"], "http://www.w3.org/1999/02/22-rdf-syntax-ns#type": ["http://w3id.org/bb5kbc/ont/Fundstelle"], "http://www.w3.org/2000/01/rdf-schema#label": ["Elsterwerda 10"], "http://www.w3.org/2004/02/skos/core#prefLabel": ["Elsterwerda 10"]}, "geometry": {"type": "Point", "coordinates": [13.56, 51.44]}}, {"type": "Feature", "id": "http://w3id.org/bb5kbc/site_61", "name": "", "dateprops": [], "properties": {"http://fuzzy-sl.squirrel.link/ontology/certaintyLevel": ["https://fuzzy-sl.wikibase.cloud/entity/Q23"], "http://fuzzy-sl.squirrel.link/ontology/hasLocationType": ["https://fuzzy-sl.wikibase.cloud/entity/Q80"], "http://fuzzy-sl.squirrel.link/ontology/representativeGeometry": ["http://w3id.org/bb5kbc/site_61_geom"], "http://purl.org/dc/terms/identifier": ["61"], "http://rdfs.org/ns/void#inDataset": ["http://w3id.org/bb5kbc/Brandenburg_5000_BC_Data"], "http://w3id.org/bb5kbc/ont/hatFID": ["61"], "http://w3id.org/bb5kbc/ont/hatFundstellenID": ["267"], "http://w3id.org/bb5kbc/ont/hatFundstellenart": ["http://w3id.org/bb5kbc/fundstellenart_376218bc"], "http://w3id.org/bb5kbc/ont/hatGenauigkeit": ["0.0"], "http://w3id.org/bb5kbc/ont/hatKatalognummer": ["11387"], "http://w3id.org/bb5kbc/ont/hatKulturelleZuordnung": ["http://w3id.org/bb5kbc/site_61_culture"], "http://w3id.org/bb5kbc/ont/hatPublikation": ["http://w3id.org/bb5kbc/pub_05cf84ec"], "http://w3id.org/bb5kbc/ont/inGemeinde": ["http://w3id.org/bb5kbc/gemeinde_8a04de01"], "http://w3id.org/bb5kbc/ont/wurdeEntdecktDurch": ["http://w3id.org/bb5kbc/site_61_discovery"], "http://w3id.org/bb5kbc/ont/wurdeGeoreferenziertDurch": ["http://w3id.org/bb5kbc/site_61_activity"], "http://www.opengis.net/ont/geosparql#hasGeometry": ["http://w3id.org/bb5kbc/site_61_geom"], "http://www.w3.org/1999/02/22-rdf-syntax-ns#type": ["http://w3id.org/bb5kbc/ont/Fundstelle"], "http://www.w3.org/2000/01/rdf-schema#label": ["L\u00fcbben Steinkirchen 6"], "http://www.w3.org/2004/02/skos/core#prefLabel": ["L\u00fcbben Steinkirchen 6"]}, "geometry": {"type": "Point", "coordinates": [13.93, 51.91]}}, {"type": "Feature", "id": "http://w3id.org/bb5kbc/site_463", "name": "", "dateprops": [], "properties": {"http://fuzzy-sl.squirrel.link/ontology/certaintyLevel": ["https://fuzzy-sl.wikibase.cloud/entity/Q23"], "http://fuzzy-sl.squirrel.link/ontology/hasLocationType": ["https://fuzzy-sl.wikibase.cloud/entity/Q80"], "http://fuzzy-sl.squirrel.link/ontology/representativeGeometry": ["http://w3id.org/bb5kbc/site_463_geom"], "http://purl.org/dc/terms/identifier": ["463"], "http://rdfs.org/ns/void#inDataset": ["http://w3id.org/bb5kbc/Brandenburg_5000_BC_Data"], "http://w3id.org/bb5kbc/ont/hatFID": ["463"], "http://w3id.org/bb5kbc/ont/hatFundstellenID": ["221"], "http://w3id.org/bb5kbc/ont/hatFundstellenart": ["http://w3id.org/bb5kbc/fundstellenart_376218bc"], "http://w3id.org/bb5kbc/ont/hatGenauigkeit": ["0.0"], "http://w3id.org/bb5kbc/ont/hatKatalognummer": ["54635"], "http://w3id.org/bb5kbc/ont/hatKulturelleZuordnung": ["http://w3id.org/bb5kbc/site_463_culture"], "http://w3id.org/bb5kbc/ont/inGemeinde": ["http://w3id.org/bb5kbc/gemeinde_1d1e9123"], "http://w3id.org/bb5kbc/ont/wurdeEntdecktDurch": ["http://w3id.org/bb5kbc/site_463_discovery"], "http://w3id.org/bb5kbc/ont/wurdeGeoreferenziertDurch": ["http://w3id.org/bb5kbc/site_463_activity"], "http://www.opengis.net/ont/geosparql#hasGeometry": ["http://w3id.org/bb5kbc/site_463_geom"], "http://www.w3.org/1999/02/22-rdf-syntax-ns#type": ["http://w3id.org/bb5kbc/ont/Fundstelle"], "http://www.w3.org/2000/01/rdf-schema#label": ["Kliestow - 20"], "http://www.w3.org/2004/02/skos/core#prefLabel": ["Kliestow - 20"]}, "geometry": {"type": "Point", "coordinates": [13.2, 52.19]}}, {"type": "Feature", "id": "http://w3id.org/bb5kbc/site_504", "name": "", "dateprops": [], "properties": {"http://fuzzy-sl.squirrel.link/ontology/certaintyLevel": ["https://fuzzy-sl.wikibase.cloud/entity/Q23"], "http://fuzzy-sl.squirrel.link/ontology/hasLocationType": ["https://fuzzy-sl.wikibase.cloud/entity/Q80"], "http://fuzzy-sl.squirrel.link/ontology/representativeGeometry": ["http://w3id.org/bb5kbc/site_504_geom"], "http://purl.org/dc/terms/identifier": ["504"], "http://rdfs.org/ns/void#inDataset": ["http://w3id.org/bb5kbc/Brandenburg_5000_BC_Data"], "http://w3id.org/bb5kbc/ont/hatFID": ["504"], "http://w3id.org/bb5kbc/ont/hatFundstellenID": ["212"], "http://w3id.org/bb5kbc/ont/hatFundstellenart": ["http://w3id.org/bb5kbc/fundstellenart_1972902b"], "http://w3id.org/bb5kbc/ont/hatGenauigkeit": ["0.0"], "http://w3id.org/bb5kbc/ont/hatKulturelleZuordnung": ["http://w3id.org/bb5kbc/site_504_culture"], "http://w3id.org/bb5kbc/ont/inGemeinde": ["http://w3id.org/bb5kbc/gemeinde_f35aca85"], "http://w3id.org/bb5kbc/ont/wurdeEntdecktDurch": ["http://w3id.org/bb5kbc/site_504_discovery"], "http://w3id.org/bb5kbc/ont/wurdeGeoreferenziertDurch": ["http://w3id.org/bb5kbc/site_504_activity"], "http://www.opengis.net/ont/geosparql#hasGeometry": ["http://w3id.org/bb5kbc/site_504_geom"], "http://www.w3.org/1999/02/22-rdf-syntax-ns#type": ["http://w3id.org/bb5kbc/ont/Fundstelle"], "http://www.w3.org/2000/01/rdf-schema#label": ["Kienberg 1"], "http://www.w3.org/2004/02/skos/core#prefLabel": ["Kienberg 1"]}, "geometry": {"type": "Point", "coordinates": [12.9, 52.66]}}, {"type": "Feature", "id": "http://w3id.org/bb5kbc/site_434", "name": "", "dateprops": [], "properties": {"http://fuzzy-sl.squirrel.link/ontology/certaintyLevel": ["https://fuzzy-sl.wikibase.cloud/entity/Q23"], "http://fuzzy-sl.squirrel.link/ontology/hasLocationType": ["https://fuzzy-sl.wikibase.cloud/entity/Q80"], "http://fuzzy-sl.squirrel.link/ontology/representativeGeometry": ["http://w3id.org/bb5kbc/site_434_geom"], "http://purl.org/dc/terms/identifier": ["434"], "http://rdfs.org/ns/void#inDataset": ["http://w3id.org/bb5kbc/Brandenburg_5000_BC_Data"], "http://w3id.org/bb5kbc/ont/hatFID": ["434"], "http://w3id.org/bb5kbc/ont/hatFundstellenID": ["259"], "http://w3id.org/bb5kbc/ont/hatFundstellenart": ["http://w3id.org/bb5kbc/fundstellenart_376218bc"], "http://w3id.org/bb5kbc/ont/hatGenauigkeit": ["0.0"], "http://w3id.org/bb5kbc/ont/hatKatalognummer": ["32942"], "http://w3id.org/bb5kbc/ont/hatKulturelleZuordnung": ["http://w3id.org/bb5kbc/site_434_culture"], "http://w3id.org/bb5kbc/ont/inGemeinde": ["http://w3id.org/bb5kbc/gemeinde_8058a570"], "http://w3id.org/bb5kbc/ont/wurdeEntdecktDurch": ["http://w3id.org/bb5kbc/site_434_discovery"], "http://w3id.org/bb5kbc/ont/wurdeGeoreferenziertDurch": ["http://w3id.org/bb5kbc/site_434_activity"], "http://www.opengis.net/ont/geosparql#hasGeometry": ["http://w3id.org/bb5kbc/site_434_geom"], "http://www.w3.org/1999/02/22-rdf-syntax-ns#type": ["http://w3id.org/bb5kbc/ont/Fundstelle"], "http://www.w3.org/2000/01/rdf-schema#label": ["Lenzen - 33"], "http://www.w3.org/2004/02/skos/core#prefLabel": ["Lenzen - 33"]}, "geometry": {"type": "Point", "coordinates": [11.5, 53.1]}}, {"type": "Feature", "id": "http://w3id.org/bb5kbc/site_83", "name": "", "dateprops": [], "properties": {"http://fuzzy-sl.squirrel.link/ontology/certaintyLevel": ["https://fuzzy-sl.wikibase.cloud/entity/Q23"], "http://fuzzy-sl.squirrel.link/ontology/hasLocationType": ["https://fuzzy-sl.wikibase.cloud/entity/Q80"], "http://fuzzy-sl.squirrel.link/ontology/representativeGeometry": ["http://w3id.org/bb5kbc/site_83_geom"], "http://purl.org/dc/terms/identifier": ["83"], "http://rdfs.org/ns/void#inDataset": ["http://w3id.org/bb5kbc/Brandenburg_5000_BC_Data"], "http://w3id.org/bb5kbc/ont/hatFID": ["83"], "http://w3id.org/bb5kbc/ont/hatFundstellenID": ["307"], "http://w3id.org/bb5kbc/ont/hatFundstellenart": ["http://w3id.org/bb5kbc/fundstellenart_95db16a0"], "http://w3id.org/bb5kbc/ont/hatGenauigkeit": ["0.0"], "http://w3id.org/bb5kbc/ont/hatKatalognummer": ["21176"], "http://w3id.org/bb5kbc/ont/hatKulturelleZuordnung": ["http://w3id.org/bb5kbc/site_83_culture"], "http://w3id.org/bb5kbc/ont/inGemeinde": ["http://w3id.org/bb5kbc/gemeinde_b8664712"], "http://w3id.org/bb5kbc/ont/wurdeEntdecktDurch": ["http://w3id.org/bb5kbc/site_83_discovery"], "http://w3id.org/bb5kbc/ont/wurdeGeoreferenziertDurch": ["http://w3id.org/bb5kbc/site_83_activity"], "http://www.opengis.net/ont/geosparql#hasGeometry": ["http://w3id.org/bb5kbc/site_83_geom"], "http://www.w3.org/1999/02/22-rdf-syntax-ns#type": ["http://w3id.org/bb5kbc/ont/Fundstelle"], "http://www.w3.org/2000/01/rdf-schema#label": ["Niederjesar 3"], "http://www.w3.org/2004/02/skos/core#prefLabel": ["Niederjesar 3"]}, "geometry": {"type": "Point", "coordinates": [14.46, 52.44]}}, {"type": "Feature", "id": "http://w3id.org/bb5kbc/site_393", "name": "", "dateprops": [], "properties": {"http://fuzzy-sl.squirrel.link/ontology/certaintyLevel": ["https://fuzzy-sl.wikibase.cloud/entity/Q23"], "http://fuzzy-sl.squirrel.link/ontology/hasLocationType": ["https://fuzzy-sl.wikibase.cloud/entity/Q80"], "http://fuzzy-sl.squirrel.link/ontology/representativeGeometry": ["http://w3id.org/bb5kbc/site_393_geom"], "http://purl.org/dc/terms/identifier": ["393"], "http://rdfs.org/ns/void#inDataset": ["http://w3id.org/bb5kbc/Brandenburg_5000_BC_Data"], "http://w3id.org/bb5kbc/ont/hatFID": ["393"], "http://w3id.org/bb5kbc/ont/hatFundstellenID": ["231"], "http://w3id.org/bb5kbc/ont/hatFundstellenart": ["http://w3id.org/bb5kbc/fundstellenart_376218bc"], "http://w3id.org/bb5kbc/ont/hatGenauigkeit": ["0.0"], "http://w3id.org/bb5kbc/ont/hatKatalognummer": ["13125"], "http://w3id.org/bb5kbc/ont/hatKulturelleZuordnung": ["http://w3id.org/bb5kbc/site_393_culture"], "http://w3id.org/bb5kbc/ont/inGemeinde": ["http://w3id.org/bb5kbc/gemeinde_3b273beb"], "http://w3id.org/bb5kbc/ont/wurdeEntdecktDurch": ["http://w3id.org/bb5kbc/site_393_discovery"], "http://w3id.org/bb5kbc/ont/wurdeGeoreferenziertDurch": ["http://w3id.org/bb5kbc/site_393_activity"], "http://www.opengis.net/ont/geosparql#hasGeometry": ["http://w3id.org/bb5kbc/site_393_geom"], "http://www.w3.org/1999/02/22-rdf-syntax-ns#type": ["http://w3id.org/bb5kbc/ont/Fundstelle"], "http://www.w3.org/2000/01/rdf-schema#label": ["K\u00f6nigshorst - 4"], "http://www.w3.org/2004/02/skos/core#prefLabel": ["K\u00f6nigshorst - 4"]}, "geometry": {"type": "Point", "coordinates": [12.73, 52.72]}}, {"type": "Feature", "id": "http://w3id.org/bb5kbc/site_488", "name": "", "dateprops": [], "properties": {"http://fuzzy-sl.squirrel.link/ontology/certaintyLevel": ["https://fuzzy-sl.wikibase.cloud/entity/Q23"], "http://fuzzy-sl.squirrel.link/ontology/hasLocationType": ["https://fuzzy-sl.wikibase.cloud/entity/Q80"], "http://fuzzy-sl.squirrel.link/ontology/representativeGeometry": ["http://w3id.org/bb5kbc/site_488_geom"], "http://purl.org/dc/terms/identifier": ["488"], "http://rdfs.org/ns/void#inDataset": ["http://w3id.org/bb5kbc/Brandenburg_5000_BC_Data"], "http://w3id.org/bb5kbc/ont/hatFID": ["488"], "http://w3id.org/bb5kbc/ont/hatFundstellenID": ["324"], "http://w3id.org/bb5kbc/ont/hatFundstellenart": ["http://w3id.org/bb5kbc/fundstellenart_376218bc"], "http://w3id.org/bb5kbc/ont/hatGenauigkeit": ["0.0"], "http://w3id.org/bb5kbc/ont/hatKatalognummer": ["22403"], "http://w3id.org/bb5kbc/ont/hatKulturelleZuordnung": ["http://w3id.org/bb5kbc/site_488_culture"], "http://w3id.org/bb5kbc/ont/inGemeinde": ["http://w3id.org/bb5kbc/gemeinde_ff627570"], "http://w3id.org/bb5kbc/ont/wurdeEntdecktDurch": ["http://w3id.org/bb5kbc/site_488_discovery"], "http://w3id.org/bb5kbc/ont/wurdeGeoreferenziertDurch": ["http://w3id.org/bb5kbc/site_488_activity"], "http://www.opengis.net/ont/geosparql#hasGeometry": ["http://w3id.org/bb5kbc/site_488_geom"], "http://www.w3.org/1999/02/22-rdf-syntax-ns#type": ["http://w3id.org/bb5kbc/ont/Fundstelle"], "http://www.w3.org/2000/01/rdf-schema#label": ["Petersdorf - 9"], "http://www.w3.org/2004/02/skos/core#prefLabel": ["Petersdorf - 9"]}, "geometry": {"type": "Point", "coordinates": [13.62, 53.07]}}, {"type": "Feature", "id": "http://w3id.org/bb5kbc/site_370", "name": "", "dateprops": [], "properties": {"http://fuzzy-sl.squirrel.link/ontology/certaintyLevel": ["https://fuzzy-sl.wikibase.cloud/entity/Q23"], "http://fuzzy-sl.squirrel.link/ontology/hasLocationType": ["https://fuzzy-sl.wikibase.cloud/entity/Q80"], "http://fuzzy-sl.squirrel.link/ontology/representativeGeometry": ["http://w3id.org/bb5kbc/site_370_geom"], "http://purl.org/dc/terms/identifier": ["370"], "http://rdfs.org/ns/void#inDataset": ["http://w3id.org/bb5kbc/Brandenburg_5000_BC_Data"], "http://w3id.org/bb5kbc/ont/hatFID": ["370"], "http://w3id.org/bb5kbc/ont/hatFundstellenID": ["133"], "http://w3id.org/bb5kbc/ont/hatFundstellenart": ["http://w3id.org/bb5kbc/fundstellenart_376218bc"], "http://w3id.org/bb5kbc/ont/hatGenauigkeit": ["0.0"], "http://w3id.org/bb5kbc/ont/hatKatalognummer": ["6614"], "http://w3id.org/bb5kbc/ont/hatKulturelleZuordnung": ["http://w3id.org/bb5kbc/site_370_culture"], "http://w3id.org/bb5kbc/ont/inGemeinde": ["http://w3id.org/bb5kbc/gemeinde_a31925c9"], "http://w3id.org/bb5kbc/ont/wurdeEntdecktDurch": ["http://w3id.org/bb5kbc/site_370_discovery"], "http://w3id.org/bb5kbc/ont/wurdeGeoreferenziertDurch": ["http://w3id.org/bb5kbc/site_370_activity"], "http://www.opengis.net/ont/geosparql#hasGeometry": ["http://w3id.org/bb5kbc/site_370_geom"], "http://www.w3.org/1999/02/22-rdf-syntax-ns#type": ["http://w3id.org/bb5kbc/ont/Fundstelle"], "http://www.w3.org/2000/01/rdf-schema#label": ["F\u00fcrstenwalde-S\u00fcd - 5"], "http://www.w3.org/2004/02/skos/core#prefLabel": ["F\u00fcrstenwalde-S\u00fcd - 5"]}, "geometry": {"type": "Point", "coordinates": [14.09, 52.33]}}, {"type": "Feature", "id": "http://w3id.org/bb5kbc/site_41", "name": "", "dateprops": [], "properties": {"http://fuzzy-sl.squirrel.link/ontology/certaintyLevel": ["https://fuzzy-sl.wikibase.cloud/entity/Q23"], "http://fuzzy-sl.squirrel.link/ontology/hasLocationType": ["https://fuzzy-sl.wikibase.cloud/entity/Q80"], "http://fuzzy-sl.squirrel.link/ontology/representativeGeometry": ["http://w3id.org/bb5kbc/site_41_geom"], "http://purl.org/dc/terms/identifier": ["41"], "http://rdfs.org/ns/void#inDataset": ["http://w3id.org/bb5kbc/Brandenburg_5000_BC_Data"], "http://w3id.org/bb5kbc/ont/hatFID": ["41"], "http://w3id.org/bb5kbc/ont/hatFundstellenID": ["59"], "http://w3id.org/bb5kbc/ont/hatFundstellenart": ["http://w3id.org/bb5kbc/fundstellenart_376218bc"], "http://w3id.org/bb5kbc/ont/hatGenauigkeit": ["0.0"], "http://w3id.org/bb5kbc/ont/hatKatalognummer": ["9579"], "http://w3id.org/bb5kbc/ont/hatKulturelleZuordnung": ["http://w3id.org/bb5kbc/site_41_culture"], "http://w3id.org/bb5kbc/ont/hatPublikation": ["http://w3id.org/bb5kbc/pub_21405e20"], "http://w3id.org/bb5kbc/ont/hatScherbe": ["http://w3id.org/bb5kbc/sherd_12ea954a", "http://w3id.org/bb5kbc/sherd_93d86da9"], "http://w3id.org/bb5kbc/ont/inGemeinde": ["http://w3id.org/bb5kbc/gemeinde_7aa1556f"], "http://w3id.org/bb5kbc/ont/wurdeEntdecktDurch": ["http://w3id.org/bb5kbc/site_41_discovery"], "http://w3id.org/bb5kbc/ont/wurdeGeoreferenziertDurch": ["http://w3id.org/bb5kbc/site_41_activity"], "http://www.opengis.net/ont/geosparql#hasGeometry": ["http://w3id.org/bb5kbc/site_41_geom"], "http://www.w3.org/1999/02/22-rdf-syntax-ns#type": ["http://w3id.org/bb5kbc/ont/Fundstelle"], "http://www.w3.org/2000/01/rdf-schema#label": ["Bochow 6/7"], "http://www.w3.org/2004/02/skos/core#prefLabel": ["Bochow 6/7"]}, "geometry": {"type": "Point", "coordinates": [13.09, 51.96]}}, {"type": "Feature", "id": "http://w3id.org/bb5kbc/site_34", "name": "", "dateprops": [], "properties": {"http://fuzzy-sl.squirrel.link/ontology/certaintyLevel": ["https://fuzzy-sl.wikibase.cloud/entity/Q23"], "http://fuzzy-sl.squirrel.link/ontology/hasLocationType": ["https://fuzzy-sl.wikibase.cloud/entity/Q80"], "http://fuzzy-sl.squirrel.link/ontology/representativeGeometry": ["http://w3id.org/bb5kbc/site_34_geom"], "http://purl.org/dc/terms/identifier": ["34"], "http://rdfs.org/ns/void#inDataset": ["http://w3id.org/bb5kbc/Brandenburg_5000_BC_Data"], "http://w3id.org/bb5kbc/ont/hatFID": ["34"], "http://w3id.org/bb5kbc/ont/hatFundstellenID": ["129"], "http://w3id.org/bb5kbc/ont/hatFundstellenart": ["http://w3id.org/bb5kbc/fundstellenart_1972902b"], "http://w3id.org/bb5kbc/ont/hatGenauigkeit": ["0.0"], "http://w3id.org/bb5kbc/ont/hatKatalognummer": ["12485"], "http://w3id.org/bb5kbc/ont/hatKulturelleZuordnung": ["http://w3id.org/bb5kbc/site_34_culture"], "http://w3id.org/bb5kbc/ont/hatPublikation": ["http://w3id.org/bb5kbc/pub_c54b495e"], "http://w3id.org/bb5kbc/ont/inGemeinde": ["http://w3id.org/bb5kbc/gemeinde_ef3c98d9"], "http://w3id.org/bb5kbc/ont/wurdeEntdecktDurch": ["http://w3id.org/bb5kbc/site_34_discovery"], "http://w3id.org/bb5kbc/ont/wurdeGeoreferenziertDurch": ["http://w3id.org/bb5kbc/site_34_activity"], "http://www.opengis.net/ont/geosparql#hasGeometry": ["http://w3id.org/bb5kbc/site_34_geom"], "http://www.w3.org/1999/02/22-rdf-syntax-ns#type": ["http://w3id.org/bb5kbc/ont/Fundstelle"], "http://www.w3.org/2000/01/rdf-schema#label": ["Friesack 4"], "http://www.w3.org/2004/02/skos/core#prefLabel": ["Friesack 4"]}, "geometry": {"type": "Point", "coordinates": [12.54, 52.75]}}, {"type": "Feature", "id": "http://w3id.org/bb5kbc/site_483", "name": "", "dateprops": [], "properties": {"http://fuzzy-sl.squirrel.link/ontology/certaintyLevel": ["https://fuzzy-sl.wikibase.cloud/entity/Q23"], "http://fuzzy-sl.squirrel.link/ontology/hasLocationType": ["https://fuzzy-sl.wikibase.cloud/entity/Q80"], "http://fuzzy-sl.squirrel.link/ontology/representativeGeometry": ["http://w3id.org/bb5kbc/site_483_geom"], "http://purl.org/dc/terms/identifier": ["483"], "http://rdfs.org/ns/void#inDataset": ["http://w3id.org/bb5kbc/Brandenburg_5000_BC_Data"], "http://w3id.org/bb5kbc/ont/hatFID": ["483"], "http://w3id.org/bb5kbc/ont/hatFundstellenID": ["135"], "http://w3id.org/bb5kbc/ont/hatFundstellenart": ["http://w3id.org/bb5kbc/fundstellenart_376218bc"], "http://w3id.org/bb5kbc/ont/hatGenauigkeit": ["0.0"], "http://w3id.org/bb5kbc/ont/hatKatalognummer": ["18312"], "http://w3id.org/bb5kbc/ont/hatKulturelleZuordnung": ["http://w3id.org/bb5kbc/site_483_culture"], "http://w3id.org/bb5kbc/ont/inGemeinde": ["http://w3id.org/bb5kbc/gemeinde_4afd2c13"], "http://w3id.org/bb5kbc/ont/wurdeEntdecktDurch": ["http://w3id.org/bb5kbc/site_483_discovery"], "http://w3id.org/bb5kbc/ont/wurdeGeoreferenziertDurch": ["http://w3id.org/bb5kbc/site_483_activity"], "http://www.opengis.net/ont/geosparql#hasGeometry": ["http://w3id.org/bb5kbc/site_483_geom"], "http://www.w3.org/1999/02/22-rdf-syntax-ns#type": ["http://w3id.org/bb5kbc/ont/Fundstelle"], "http://www.w3.org/2000/01/rdf-schema#label": ["F\u00fcrstenwerder - 88"], "http://www.w3.org/2004/02/skos/core#prefLabel": ["F\u00fcrstenwerder - 88"]}, "geometry": {"type": "Point", "coordinates": [13.62, 53.39]}}, {"type": "Feature", "id": "http://w3id.org/bb5kbc/site_450", "name": "", "dateprops": [], "properties": {"http://fuzzy-sl.squirrel.link/ontology/certaintyLevel": ["https://fuzzy-sl.wikibase.cloud/entity/Q23"], "http://fuzzy-sl.squirrel.link/ontology/hasLocationType": ["https://fuzzy-sl.wikibase.cloud/entity/Q80"], "http://fuzzy-sl.squirrel.link/ontology/representativeGeometry": ["http://w3id.org/bb5kbc/site_450_geom"], "http://purl.org/dc/terms/identifier": ["450"], "http://rdfs.org/ns/void#inDataset": ["http://w3id.org/bb5kbc/Brandenburg_5000_BC_Data"], "http://w3id.org/bb5kbc/ont/hatFID": ["450"], "http://w3id.org/bb5kbc/ont/hatFundstellenID": ["277"], "http://w3id.org/bb5kbc/ont/hatFundstellenart": ["http://w3id.org/bb5kbc/fundstellenart_376218bc"], "http://w3id.org/bb5kbc/ont/hatGenauigkeit": ["0.0"], "http://w3id.org/bb5kbc/ont/hatKatalognummer": ["24420"], "http://w3id.org/bb5kbc/ont/hatKulturelleZuordnung": ["http://w3id.org/bb5kbc/site_450_culture"], "http://w3id.org/bb5kbc/ont/inGemeinde": ["http://w3id.org/bb5kbc/gemeinde_819b9dc0"], "http://w3id.org/bb5kbc/ont/wurdeEntdecktDurch": ["http://w3id.org/bb5kbc/site_450_discovery"], "http://w3id.org/bb5kbc/ont/wurdeGeoreferenziertDurch": ["http://w3id.org/bb5kbc/site_450_activity"], "http://www.opengis.net/ont/geosparql#hasGeometry": ["http://w3id.org/bb5kbc/site_450_geom"], "http://www.w3.org/1999/02/22-rdf-syntax-ns#type": ["http://w3id.org/bb5kbc/ont/Fundstelle"], "http://www.w3.org/2000/01/rdf-schema#label": ["Mellensee - 7"], "http://www.w3.org/2004/02/skos/core#prefLabel": ["Mellensee - 7"]}, "geometry": {"type": "Point", "coordinates": [13.44, 52.18]}}, {"type": "Feature", "id": "http://w3id.org/bb5kbc/site_386", "name": "", "dateprops": [], "properties": {"http://fuzzy-sl.squirrel.link/ontology/certaintyLevel": ["https://fuzzy-sl.wikibase.cloud/entity/Q23"], "http://fuzzy-sl.squirrel.link/ontology/hasLocationType": ["https://fuzzy-sl.wikibase.cloud/entity/Q80"], "http://fuzzy-sl.squirrel.link/ontology/representativeGeometry": ["http://w3id.org/bb5kbc/site_386_geom"], "http://purl.org/dc/terms/identifier": ["386"], "http://rdfs.org/ns/void#inDataset": ["http://w3id.org/bb5kbc/Brandenburg_5000_BC_Data"], "http://w3id.org/bb5kbc/ont/hatFID": ["386"], "http://w3id.org/bb5kbc/ont/hatFundstellenID": ["465"], "http://w3id.org/bb5kbc/ont/hatFundstellenart": ["http://w3id.org/bb5kbc/fundstellenart_376218bc"], "http://w3id.org/bb5kbc/ont/hatGenauigkeit": ["0.0"], "http://w3id.org/bb5kbc/ont/hatKatalognummer": ["13457"], "http://w3id.org/bb5kbc/ont/hatKulturelleZuordnung": ["http://w3id.org/bb5kbc/site_386_culture"], "http://w3id.org/bb5kbc/ont/inGemeinde": ["http://w3id.org/bb5kbc/gemeinde_405a2d04"], "http://w3id.org/bb5kbc/ont/wurdeEntdecktDurch": ["http://w3id.org/bb5kbc/site_386_discovery"], "http://w3id.org/bb5kbc/ont/wurdeGeoreferenziertDurch": ["http://w3id.org/bb5kbc/site_386_activity"], "http://www.opengis.net/ont/geosparql#hasGeometry": ["http://w3id.org/bb5kbc/site_386_geom"], "http://www.w3.org/1999/02/22-rdf-syntax-ns#type": ["http://w3id.org/bb5kbc/ont/Fundstelle"], "http://www.w3.org/2000/01/rdf-schema#label": ["Wildberg - 10"], "http://www.w3.org/2004/02/skos/core#prefLabel": ["Wildberg - 10"]}, "geometry": {"type": "Point", "coordinates": [12.63, 52.86]}}, {"type": "Feature", "id": "http://w3id.org/bb5kbc/site_35", "name": "", "dateprops": [], "properties": {"http://fuzzy-sl.squirrel.link/ontology/certaintyLevel": ["https://fuzzy-sl.wikibase.cloud/entity/Q23"], "http://fuzzy-sl.squirrel.link/ontology/hasLocationType": ["https://fuzzy-sl.wikibase.cloud/entity/Q80"], "http://fuzzy-sl.squirrel.link/ontology/representativeGeometry": ["http://w3id.org/bb5kbc/site_35_geom"], "http://purl.org/dc/terms/identifier": ["35"], "http://rdfs.org/ns/void#inDataset": ["http://w3id.org/bb5kbc/Brandenburg_5000_BC_Data"], "http://w3id.org/bb5kbc/ont/hatFID": ["35"], "http://w3id.org/bb5kbc/ont/hatFundstellenID": ["351"], "http://w3id.org/bb5kbc/ont/hatFundstellenart": ["http://w3id.org/bb5kbc/fundstellenart_376218bc"], "http://w3id.org/bb5kbc/ont/hatGenauigkeit": ["0.0"], "http://w3id.org/bb5kbc/ont/hatKulturelleZuordnung": ["http://w3id.org/bb5kbc/site_35_culture"], "http://w3id.org/bb5kbc/ont/hatPublikation": ["http://w3id.org/bb5kbc/pub_76224a7a"], "http://w3id.org/bb5kbc/ont/inGemeinde": ["http://w3id.org/bb5kbc/gemeinde_2aa723b1"], "http://w3id.org/bb5kbc/ont/wurdeEntdecktDurch": ["http://w3id.org/bb5kbc/site_35_discovery"], "http://w3id.org/bb5kbc/ont/wurdeGeoreferenziertDurch": ["http://w3id.org/bb5kbc/site_35_activity"], "http://www.opengis.net/ont/geosparql#hasGeometry": ["http://w3id.org/bb5kbc/site_35_geom"], "http://www.w3.org/1999/02/22-rdf-syntax-ns#type": ["http://w3id.org/bb5kbc/ont/Fundstelle"], "http://www.w3.org/2000/01/rdf-schema#label": ["Prettin 6"], "http://www.w3.org/2004/02/skos/core#prefLabel": ["Prettin 6"]}, "geometry": {"type": "Point", "coordinates": [12.9, 51.67]}}, {"type": "Feature", "id": "http://w3id.org/bb5kbc/site_454", "name": "", "dateprops": [], "properties": {"http://fuzzy-sl.squirrel.link/ontology/certaintyLevel": ["https://fuzzy-sl.wikibase.cloud/entity/Q23"], "http://fuzzy-sl.squirrel.link/ontology/hasLocationType": ["https://fuzzy-sl.wikibase.cloud/entity/Q80"], "http://fuzzy-sl.squirrel.link/ontology/representativeGeometry": ["http://w3id.org/bb5kbc/site_454_geom"], "http://purl.org/dc/terms/identifier": ["454"], "http://rdfs.org/ns/void#inDataset": ["http://w3id.org/bb5kbc/Brandenburg_5000_BC_Data"], "http://w3id.org/bb5kbc/ont/hatFID": ["454"], "http://w3id.org/bb5kbc/ont/hatFundstellenID": ["500"], "http://w3id.org/bb5kbc/ont/hatFundstellenart": ["http://w3id.org/bb5kbc/fundstellenart_376218bc"], "http://w3id.org/bb5kbc/ont/hatGenauigkeit": ["0.0"], "http://w3id.org/bb5kbc/ont/hatKatalognummer": ["24625"], "http://w3id.org/bb5kbc/ont/hatKulturelleZuordnung": ["http://w3id.org/bb5kbc/site_454_culture"], "http://w3id.org/bb5kbc/ont/inGemeinde": ["http://w3id.org/bb5kbc/gemeinde_d8ab4de6"], "http://w3id.org/bb5kbc/ont/wurdeEntdecktDurch": ["http://w3id.org/bb5kbc/site_454_discovery"], "http://w3id.org/bb5kbc/ont/wurdeGeoreferenziertDurch": ["http://w3id.org/bb5kbc/site_454_activity"], "http://www.opengis.net/ont/geosparql#hasGeometry": ["http://w3id.org/bb5kbc/site_454_geom"], "http://www.w3.org/1999/02/22-rdf-syntax-ns#type": ["http://w3id.org/bb5kbc/ont/Fundstelle"], "http://www.w3.org/2000/01/rdf-schema#label": ["Zesch - 2"], "http://www.w3.org/2004/02/skos/core#prefLabel": ["Zesch - 2"]}, "geometry": {"type": "Point", "coordinates": [13.52, 52.11]}}, {"type": "Feature", "id": "http://w3id.org/bb5kbc/site_453", "name": "", "dateprops": [], "properties": {"http://fuzzy-sl.squirrel.link/ontology/certaintyLevel": ["https://fuzzy-sl.wikibase.cloud/entity/Q23"], "http://fuzzy-sl.squirrel.link/ontology/hasLocationType": ["https://fuzzy-sl.wikibase.cloud/entity/Q80"], "http://fuzzy-sl.squirrel.link/ontology/representativeGeometry": ["http://w3id.org/bb5kbc/site_453_geom"], "http://purl.org/dc/terms/identifier": ["453"], "http://rdfs.org/ns/void#inDataset": ["http://w3id.org/bb5kbc/Brandenburg_5000_BC_Data"], "http://w3id.org/bb5kbc/ont/hatFID": ["453"], "http://w3id.org/bb5kbc/ont/hatFundstellenID": ["416"], "http://w3id.org/bb5kbc/ont/hatFundstellenart": ["http://w3id.org/bb5kbc/fundstellenart_376218bc"], "http://w3id.org/bb5kbc/ont/hatGenauigkeit": ["0.0"], "http://w3id.org/bb5kbc/ont/hatKatalognummer": ["24540"], "http://w3id.org/bb5kbc/ont/hatKulturelleZuordnung": ["http://w3id.org/bb5kbc/site_453_culture"], "http://w3id.org/bb5kbc/ont/inGemeinde": ["http://w3id.org/bb5kbc/gemeinde_47a686f8"], "http://w3id.org/bb5kbc/ont/wurdeEntdecktDurch": ["http://w3id.org/bb5kbc/site_453_discovery"], "http://w3id.org/bb5kbc/ont/wurdeGeoreferenziertDurch": ["http://w3id.org/bb5kbc/site_453_activity"], "http://www.opengis.net/ont/geosparql#hasGeometry": ["http://w3id.org/bb5kbc/site_453_geom"], "http://www.w3.org/1999/02/22-rdf-syntax-ns#type": ["http://w3id.org/bb5kbc/ont/Fundstelle"], "http://www.w3.org/2000/01/rdf-schema#label": ["Sperenberg - 1"], "http://www.w3.org/2004/02/skos/core#prefLabel": ["Sperenberg - 1"]}, "geometry": {"type": "Point", "coordinates": [13.39, 52.14]}}, {"type": "Feature", "id": "http://w3id.org/bb5kbc/site_77", "name": "", "dateprops": [], "properties": {"http://fuzzy-sl.squirrel.link/ontology/certaintyLevel": ["https://fuzzy-sl.wikibase.cloud/entity/Q23"], "http://fuzzy-sl.squirrel.link/ontology/hasLocationType": ["https://fuzzy-sl.wikibase.cloud/entity/Q80"], "http://fuzzy-sl.squirrel.link/ontology/representativeGeometry": ["http://w3id.org/bb5kbc/site_77_geom"], "http://purl.org/dc/terms/identifier": ["77"], "http://rdfs.org/ns/void#inDataset": ["http://w3id.org/bb5kbc/Brandenburg_5000_BC_Data"], "http://w3id.org/bb5kbc/ont/hatFID": ["77"], "http://w3id.org/bb5kbc/ont/hatFundstellenID": ["436"], "http://w3id.org/bb5kbc/ont/hatFundstellenart": ["http://w3id.org/bb5kbc/fundstellenart_376218bc"], "http://w3id.org/bb5kbc/ont/hatGenauigkeit": ["0.0"], "http://w3id.org/bb5kbc/ont/hatKatalognummer": ["1348"], "http://w3id.org/bb5kbc/ont/hatKulturelleZuordnung": ["http://w3id.org/bb5kbc/site_77_culture"], "http://w3id.org/bb5kbc/ont/hatPublikation": ["http://w3id.org/bb5kbc/pub_c54b495e"], "http://w3id.org/bb5kbc/ont/inGemeinde": ["http://w3id.org/bb5kbc/gemeinde_0add3709"], "http://w3id.org/bb5kbc/ont/wurdeEntdecktDurch": ["http://w3id.org/bb5kbc/site_77_discovery"], "http://w3id.org/bb5kbc/ont/wurdeGeoreferenziertDurch": ["http://w3id.org/bb5kbc/site_77_activity"], "http://www.opengis.net/ont/geosparql#hasGeometry": ["http://w3id.org/bb5kbc/site_77_geom"], "http://www.w3.org/1999/02/22-rdf-syntax-ns#type": ["http://w3id.org/bb5kbc/ont/Fundstelle"], "http://www.w3.org/2000/01/rdf-schema#label": ["Trebatsch/Sabrodt 1"], "http://www.w3.org/2004/02/skos/core#prefLabel": ["Trebatsch/Sabrodt 1"]}, "geometry": {"type": "Point", "coordinates": [14.2, 52.09]}}, {"type": "Feature", "id": "http://w3id.org/bb5kbc/site_423", "name": "", "dateprops": [], "properties": {"http://fuzzy-sl.squirrel.link/ontology/certaintyLevel": ["https://fuzzy-sl.wikibase.cloud/entity/Q23"], "http://fuzzy-sl.squirrel.link/ontology/hasLocationType": ["https://fuzzy-sl.wikibase.cloud/entity/Q80"], "http://fuzzy-sl.squirrel.link/ontology/representativeGeometry": ["http://w3id.org/bb5kbc/site_423_geom"], "http://purl.org/dc/terms/identifier": ["423"], "http://rdfs.org/ns/void#inDataset": ["http://w3id.org/bb5kbc/Brandenburg_5000_BC_Data"], "http://w3id.org/bb5kbc/ont/hatFID": ["423"], "http://w3id.org/bb5kbc/ont/hatFundstellenID": ["467"], "http://w3id.org/bb5kbc/ont/hatFundstellenart": ["http://w3id.org/bb5kbc/fundstellenart_376218bc"], "http://w3id.org/bb5kbc/ont/hatGenauigkeit": ["0.0"], "http://w3id.org/bb5kbc/ont/hatKatalognummer": ["45969"], "http://w3id.org/bb5kbc/ont/hatKulturelleZuordnung": ["http://w3id.org/bb5kbc/site_423_culture"], "http://w3id.org/bb5kbc/ont/inGemeinde": ["http://w3id.org/bb5kbc/gemeinde_08904f9c"], "http://w3id.org/bb5kbc/ont/wurdeEntdecktDurch": ["http://w3id.org/bb5kbc/site_423_discovery"], "http://w3id.org/bb5kbc/ont/wurdeGeoreferenziertDurch": ["http://w3id.org/bb5kbc/site_423_activity"], "http://www.opengis.net/ont/geosparql#hasGeometry": ["http://w3id.org/bb5kbc/site_423_geom"], "http://www.w3.org/1999/02/22-rdf-syntax-ns#type": ["http://w3id.org/bb5kbc/ont/Fundstelle"], "http://www.w3.org/2000/01/rdf-schema#label": ["Wildenbruch - 16"], "http://www.w3.org/2004/02/skos/core#prefLabel": ["Wildenbruch - 16"]}, "geometry": {"type": "Point", "coordinates": [13.06, 52.3]}}, {"type": "Feature", "id": "http://w3id.org/bb5kbc/site_364", "name": "", "dateprops": [], "properties": {"http://fuzzy-sl.squirrel.link/ontology/certaintyLevel": ["https://fuzzy-sl.wikibase.cloud/entity/Q23"], "http://fuzzy-sl.squirrel.link/ontology/hasLocationType": ["https://fuzzy-sl.wikibase.cloud/entity/Q80"], "http://fuzzy-sl.squirrel.link/ontology/representativeGeometry": ["http://w3id.org/bb5kbc/site_364_geom"], "http://purl.org/dc/terms/identifier": ["364"], "http://rdfs.org/ns/void#inDataset": ["http://w3id.org/bb5kbc/Brandenburg_5000_BC_Data"], "http://w3id.org/bb5kbc/ont/hatFID": ["364"], "http://w3id.org/bb5kbc/ont/hatFundstellenID": ["243"], "http://w3id.org/bb5kbc/ont/hatFundstellenart": ["http://w3id.org/bb5kbc/fundstellenart_376218bc"], "http://w3id.org/bb5kbc/ont/hatGenauigkeit": ["0.0"], "http://w3id.org/bb5kbc/ont/hatKatalognummer": ["7670"], "http://w3id.org/bb5kbc/ont/hatKulturelleZuordnung": ["http://w3id.org/bb5kbc/site_364_culture"], "http://w3id.org/bb5kbc/ont/inGemeinde": ["http://w3id.org/bb5kbc/gemeinde_f4e93f80"], "http://w3id.org/bb5kbc/ont/wurdeEntdecktDurch": ["http://w3id.org/bb5kbc/site_364_discovery"], "http://w3id.org/bb5kbc/ont/wurdeGeoreferenziertDurch": ["http://w3id.org/bb5kbc/site_364_activity"], "http://www.opengis.net/ont/geosparql#hasGeometry": ["http://w3id.org/bb5kbc/site_364_geom"], "http://www.w3.org/1999/02/22-rdf-syntax-ns#type": ["http://w3id.org/bb5kbc/ont/Fundstelle"], "http://www.w3.org/2000/01/rdf-schema#label": ["Krewelin - 13"], "http://www.w3.org/2004/02/skos/core#prefLabel": ["Krewelin - 13"]}, "geometry": {"type": "Point", "coordinates": [13.38, 52.94]}}, {"type": "Feature", "id": "http://w3id.org/bb5kbc/site_371", "name": "", "dateprops": [], "properties": {"http://fuzzy-sl.squirrel.link/ontology/certaintyLevel": ["https://fuzzy-sl.wikibase.cloud/entity/Q23"], "http://fuzzy-sl.squirrel.link/ontology/hasLocationType": ["https://fuzzy-sl.wikibase.cloud/entity/Q80"], "http://fuzzy-sl.squirrel.link/ontology/representativeGeometry": ["http://w3id.org/bb5kbc/site_371_geom"], "http://purl.org/dc/terms/identifier": ["371"], "http://rdfs.org/ns/void#inDataset": ["http://w3id.org/bb5kbc/Brandenburg_5000_BC_Data"], "http://w3id.org/bb5kbc/ont/hatFID": ["371"], "http://w3id.org/bb5kbc/ont/hatFundstellenID": ["431"], "http://w3id.org/bb5kbc/ont/hatFundstellenart": ["http://w3id.org/bb5kbc/fundstellenart_376218bc"], "http://w3id.org/bb5kbc/ont/hatGenauigkeit": ["0.0"], "http://w3id.org/bb5kbc/ont/hatKatalognummer": ["27512"], "http://w3id.org/bb5kbc/ont/hatKulturelleZuordnung": ["http://w3id.org/bb5kbc/site_371_culture"], "http://w3id.org/bb5kbc/ont/inGemeinde": ["http://w3id.org/bb5kbc/gemeinde_9ca3bbc2"], "http://w3id.org/bb5kbc/ont/wurdeEntdecktDurch": ["http://w3id.org/bb5kbc/site_371_discovery"], "http://w3id.org/bb5kbc/ont/wurdeGeoreferenziertDurch": ["http://w3id.org/bb5kbc/site_371_activity"], "http://www.opengis.net/ont/geosparql#hasGeometry": ["http://w3id.org/bb5kbc/site_371_geom"], "http://www.w3.org/1999/02/22-rdf-syntax-ns#type": ["http://w3id.org/bb5kbc/ont/Fundstelle"], "http://www.w3.org/2000/01/rdf-schema#label": ["Tempelberg - 17"], "http://www.w3.org/2004/02/skos/core#prefLabel": ["Tempelberg - 17"]}, "geometry": {"type": "Point", "coordinates": [14.14, 52.45]}}, {"type": "Feature", "id": "http://w3id.org/bb5kbc/site_298", "name": "", "dateprops": [], "properties": {"http://fuzzy-sl.squirrel.link/ontology/certaintyLevel": ["https://fuzzy-sl.wikibase.cloud/entity/Q23"], "http://fuzzy-sl.squirrel.link/ontology/hasLocationType": ["https://fuzzy-sl.wikibase.cloud/entity/Q80"], "http://fuzzy-sl.squirrel.link/ontology/representativeGeometry": ["http://w3id.org/bb5kbc/site_298_geom"], "http://purl.org/dc/terms/identifier": ["298"], "http://rdfs.org/ns/void#inDataset": ["http://w3id.org/bb5kbc/Brandenburg_5000_BC_Data"], "http://w3id.org/bb5kbc/ont/hatFID": ["298"], "http://w3id.org/bb5kbc/ont/hatFundstellenID": ["310"], "http://w3id.org/bb5kbc/ont/hatFundstellenart": ["http://w3id.org/bb5kbc/fundstellenart_376218bc"], "http://w3id.org/bb5kbc/ont/hatGenauigkeit": ["0.0"], "http://w3id.org/bb5kbc/ont/hatKatalognummer": ["688"], "http://w3id.org/bb5kbc/ont/hatKulturelleZuordnung": ["http://w3id.org/bb5kbc/site_298_culture"], "http://w3id.org/bb5kbc/ont/inGemeinde": ["http://w3id.org/bb5kbc/gemeinde_8126043e"], "http://w3id.org/bb5kbc/ont/wurdeEntdecktDurch": ["http://w3id.org/bb5kbc/site_298_discovery"], "http://w3id.org/bb5kbc/ont/wurdeGeoreferenziertDurch": ["http://w3id.org/bb5kbc/site_298_activity"], "http://www.opengis.net/ont/geosparql#hasGeometry": ["http://w3id.org/bb5kbc/site_298_geom"], "http://www.w3.org/1999/02/22-rdf-syntax-ns#type": ["http://w3id.org/bb5kbc/ont/Fundstelle"], "http://www.w3.org/2000/01/rdf-schema#label": ["Niederlandin 8"], "http://www.w3.org/2004/02/skos/core#prefLabel": ["Niederlandin 8"]}, "geometry": {"type": "Point", "coordinates": [14.15, 53.06]}}, {"type": "Feature", "id": "http://w3id.org/bb5kbc/site_479", "name": "", "dateprops": [], "properties": {"http://fuzzy-sl.squirrel.link/ontology/certaintyLevel": ["https://fuzzy-sl.wikibase.cloud/entity/Q23"], "http://fuzzy-sl.squirrel.link/ontology/hasLocationType": ["https://fuzzy-sl.wikibase.cloud/entity/Q80"], "http://fuzzy-sl.squirrel.link/ontology/representativeGeometry": ["http://w3id.org/bb5kbc/site_479_geom"], "http://purl.org/dc/terms/identifier": ["479"], "http://rdfs.org/ns/void#inDataset": ["http://w3id.org/bb5kbc/Brandenburg_5000_BC_Data"], "http://w3id.org/bb5kbc/ont/hatFID": ["479"], "http://w3id.org/bb5kbc/ont/hatFundstellenID": ["460"], "http://w3id.org/bb5kbc/ont/hatFundstellenart": ["http://w3id.org/bb5kbc/fundstellenart_376218bc"], "http://w3id.org/bb5kbc/ont/hatGenauigkeit": ["0.0"], "http://w3id.org/bb5kbc/ont/hatKatalognummer": ["936"], "http://w3id.org/bb5kbc/ont/hatKulturelleZuordnung": ["http://w3id.org/bb5kbc/site_479_culture"], "http://w3id.org/bb5kbc/ont/inGemeinde": ["http://w3id.org/bb5kbc/gemeinde_a425017d"], "http://w3id.org/bb5kbc/ont/wurdeEntdecktDurch": ["http://w3id.org/bb5kbc/site_479_discovery"], "http://w3id.org/bb5kbc/ont/wurdeGeoreferenziertDurch": ["http://w3id.org/bb5kbc/site_479_activity"], "http://www.opengis.net/ont/geosparql#hasGeometry": ["http://w3id.org/bb5kbc/site_479_geom"], "http://www.w3.org/1999/02/22-rdf-syntax-ns#type": ["http://w3id.org/bb5kbc/ont/Fundstelle"], "http://www.w3.org/2000/01/rdf-schema#label": ["Wartin - 11"], "http://www.w3.org/2004/02/skos/core#prefLabel": ["Wartin - 11"]}, "geometry": {"type": "Point", "coordinates": [14.14, 53.24]}}, {"type": "Feature", "id": "http://w3id.org/bb5kbc/site_319", "name": "", "dateprops": [], "properties": {"http://fuzzy-sl.squirrel.link/ontology/certaintyLevel": ["https://fuzzy-sl.wikibase.cloud/entity/Q23"], "http://fuzzy-sl.squirrel.link/ontology/hasLocationType": ["https://fuzzy-sl.wikibase.cloud/entity/Q80"], "http://fuzzy-sl.squirrel.link/ontology/representativeGeometry": ["http://w3id.org/bb5kbc/site_319_geom"], "http://purl.org/dc/terms/identifier": ["319"], "http://rdfs.org/ns/void#inDataset": ["http://w3id.org/bb5kbc/Brandenburg_5000_BC_Data"], "http://w3id.org/bb5kbc/ont/hatFID": ["319"], "http://w3id.org/bb5kbc/ont/hatFundstellenID": ["97"], "http://w3id.org/bb5kbc/ont/hatFundstellenart": ["http://w3id.org/bb5kbc/fundstellenart_376218bc"], "http://w3id.org/bb5kbc/ont/hatGenauigkeit": ["0.0"], "http://w3id.org/bb5kbc/ont/hatKatalognummer": ["30636"], "http://w3id.org/bb5kbc/ont/hatKulturelleZuordnung": ["http://w3id.org/bb5kbc/site_319_culture"], "http://w3id.org/bb5kbc/ont/inGemeinde": ["http://w3id.org/bb5kbc/gemeinde_6564c551"], "http://w3id.org/bb5kbc/ont/wurdeEntdecktDurch": ["http://w3id.org/bb5kbc/site_319_discovery"], "http://w3id.org/bb5kbc/ont/wurdeGeoreferenziertDurch": ["http://w3id.org/bb5kbc/site_319_activity"], "http://www.opengis.net/ont/geosparql#hasGeometry": ["http://w3id.org/bb5kbc/site_319_geom"], "http://www.w3.org/1999/02/22-rdf-syntax-ns#type": ["http://w3id.org/bb5kbc/ont/Fundstelle"], "http://www.w3.org/2000/01/rdf-schema#label": ["Deutsch Wusterhausen - 15"], "http://www.w3.org/2004/02/skos/core#prefLabel": ["Deutsch Wusterhausen - 15"]}, "geometry": {"type": "Point", "coordinates": [13.61, 52.29]}}, {"type": "Feature", "id": "http://w3id.org/bb5kbc/site_482", "name": "", "dateprops": [], "properties": {"http://fuzzy-sl.squirrel.link/ontology/certaintyLevel": ["https://fuzzy-sl.wikibase.cloud/entity/Q23"], "http://fuzzy-sl.squirrel.link/ontology/hasLocationType": ["https://fuzzy-sl.wikibase.cloud/entity/Q80"], "http://fuzzy-sl.squirrel.link/ontology/representativeGeometry": ["http://w3id.org/bb5kbc/site_482_geom"], "http://purl.org/dc/terms/identifier": ["482"], "http://rdfs.org/ns/void#inDataset": ["http://w3id.org/bb5kbc/Brandenburg_5000_BC_Data"], "http://w3id.org/bb5kbc/ont/hatFID": ["482"], "http://w3id.org/bb5kbc/ont/hatFundstellenID": ["385"], "http://w3id.org/bb5kbc/ont/hatFundstellenart": ["http://w3id.org/bb5kbc/fundstellenart_376218bc"], "http://w3id.org/bb5kbc/ont/hatGenauigkeit": ["0.0"], "http://w3id.org/bb5kbc/ont/hatKatalognummer": ["17848"], "http://w3id.org/bb5kbc/ont/hatKulturelleZuordnung": ["http://w3id.org/bb5kbc/site_482_culture"], "http://w3id.org/bb5kbc/ont/inGemeinde": ["http://w3id.org/bb5kbc/gemeinde_43214e03"], "http://w3id.org/bb5kbc/ont/wurdeEntdecktDurch": ["http://w3id.org/bb5kbc/site_482_discovery"], "http://w3id.org/bb5kbc/ont/wurdeGeoreferenziertDurch": ["http://w3id.org/bb5kbc/site_482_activity"], "http://www.opengis.net/ont/geosparql#hasGeometry": ["http://w3id.org/bb5kbc/site_482_geom"], "http://www.w3.org/1999/02/22-rdf-syntax-ns#type": ["http://w3id.org/bb5kbc/ont/Fundstelle"], "http://www.w3.org/2000/01/rdf-schema#label": ["Schenkenberg - 19"], "http://www.w3.org/2004/02/skos/core#prefLabel": ["Schenkenberg - 19"]}, "geometry": {"type": "Point", "coordinates": [13.94, 53.35]}}, {"type": "Feature", "id": "http://w3id.org/bb5kbc/site_402", "name": "", "dateprops": [], "properties": {"http://fuzzy-sl.squirrel.link/ontology/certaintyLevel": ["https://fuzzy-sl.wikibase.cloud/entity/Q23"], "http://fuzzy-sl.squirrel.link/ontology/hasLocationType": ["https://fuzzy-sl.wikibase.cloud/entity/Q80"], "http://fuzzy-sl.squirrel.link/ontology/representativeGeometry": ["http://w3id.org/bb5kbc/site_402_geom"], "http://purl.org/dc/terms/identifier": ["402"], "http://rdfs.org/ns/void#inDataset": ["http://w3id.org/bb5kbc/Brandenburg_5000_BC_Data"], "http://w3id.org/bb5kbc/ont/hatFID": ["402"], "http://w3id.org/bb5kbc/ont/hatFundstellenID": ["337"], "http://w3id.org/bb5kbc/ont/hatFundstellenart": ["http://w3id.org/bb5kbc/fundstellenart_376218bc"], "http://w3id.org/bb5kbc/ont/hatGenauigkeit": ["0.0"], "http://w3id.org/bb5kbc/ont/hatKatalognummer": ["16072"], "http://w3id.org/bb5kbc/ont/hatKulturelleZuordnung": ["http://w3id.org/bb5kbc/site_402_culture"], "http://w3id.org/bb5kbc/ont/inGemeinde": ["http://w3id.org/bb5kbc/gemeinde_d5404511"], "http://w3id.org/bb5kbc/ont/wurdeEntdecktDurch": ["http://w3id.org/bb5kbc/site_402_discovery"], "http://w3id.org/bb5kbc/ont/wurdeGeoreferenziertDurch": ["http://w3id.org/bb5kbc/site_402_activity"], "http://www.opengis.net/ont/geosparql#hasGeometry": ["http://w3id.org/bb5kbc/site_402_geom"], "http://www.w3.org/1999/02/22-rdf-syntax-ns#type": ["http://w3id.org/bb5kbc/ont/Fundstelle"], "http://www.w3.org/2000/01/rdf-schema#label": ["Potsdam - 31"], "http://www.w3.org/2004/02/skos/core#prefLabel": ["Potsdam - 31"]}, "geometry": {"type": "Point", "coordinates": [13.05, 52.39]}}, {"type": "Feature", "id": "http://w3id.org/bb5kbc/site_290", "name": "", "dateprops": [], "properties": {"http://fuzzy-sl.squirrel.link/ontology/certaintyLevel": ["https://fuzzy-sl.wikibase.cloud/entity/Q23"], "http://fuzzy-sl.squirrel.link/ontology/hasLocationType": ["https://fuzzy-sl.wikibase.cloud/entity/Q80"], "http://fuzzy-sl.squirrel.link/ontology/representativeGeometry": ["http://w3id.org/bb5kbc/site_290_geom"], "http://purl.org/dc/terms/identifier": ["290"], "http://rdfs.org/ns/void#inDataset": ["http://w3id.org/bb5kbc/Brandenburg_5000_BC_Data"], "http://w3id.org/bb5kbc/ont/hatFID": ["290"], "http://w3id.org/bb5kbc/ont/hatFundstellenID": ["192"], "http://w3id.org/bb5kbc/ont/hatFundstellenart": ["http://w3id.org/bb5kbc/fundstellenart_376218bc"], "http://w3id.org/bb5kbc/ont/hatGenauigkeit": ["0.0"], "http://w3id.org/bb5kbc/ont/hatKatalognummer": ["25062"], "http://w3id.org/bb5kbc/ont/hatKulturelleZuordnung": ["http://w3id.org/bb5kbc/site_290_culture"], "http://w3id.org/bb5kbc/ont/inGemeinde": ["http://w3id.org/bb5kbc/gemeinde_bffe1784"], "http://w3id.org/bb5kbc/ont/wurdeEntdecktDurch": ["http://w3id.org/bb5kbc/site_290_discovery"], "http://w3id.org/bb5kbc/ont/wurdeGeoreferenziertDurch": ["http://w3id.org/bb5kbc/site_290_activity"], "http://www.opengis.net/ont/geosparql#hasGeometry": ["http://w3id.org/bb5kbc/site_290_geom"], "http://www.w3.org/1999/02/22-rdf-syntax-ns#type": ["http://w3id.org/bb5kbc/ont/Fundstelle"], "http://www.w3.org/2000/01/rdf-schema#label": ["Hohenfinow 10"], "http://www.w3.org/2004/02/skos/core#prefLabel": ["Hohenfinow 10"]}, "geometry": {"type": "Point", "coordinates": [13.93, 52.83]}}, {"type": "Feature", "id": "http://w3id.org/bb5kbc/site_295", "name": "", "dateprops": [], "properties": {"http://fuzzy-sl.squirrel.link/ontology/certaintyLevel": ["https://fuzzy-sl.wikibase.cloud/entity/Q23"], "http://fuzzy-sl.squirrel.link/ontology/hasLocationType": ["https://fuzzy-sl.wikibase.cloud/entity/Q80"], "http://fuzzy-sl.squirrel.link/ontology/representativeGeometry": ["http://w3id.org/bb5kbc/site_295_geom"], "http://purl.org/dc/terms/identifier": ["295"], "http://rdfs.org/ns/void#inDataset": ["http://w3id.org/bb5kbc/Brandenburg_5000_BC_Data"], "http://w3id.org/bb5kbc/ont/hatFID": ["295"], "http://w3id.org/bb5kbc/ont/hatFundstellenID": ["299"], "http://w3id.org/bb5kbc/ont/hatFundstellenart": ["http://w3id.org/bb5kbc/fundstellenart_376218bc"], "http://w3id.org/bb5kbc/ont/hatGenauigkeit": ["0.0"], "http://w3id.org/bb5kbc/ont/hatKatalognummer": ["48811"], "http://w3id.org/bb5kbc/ont/hatKulturelleZuordnung": ["http://w3id.org/bb5kbc/site_295_culture"], "http://w3id.org/bb5kbc/ont/inGemeinde": ["http://w3id.org/bb5kbc/gemeinde_db4a9ae5"], "http://w3id.org/bb5kbc/ont/wurdeEntdecktDurch": ["http://w3id.org/bb5kbc/site_295_discovery"], "http://w3id.org/bb5kbc/ont/wurdeGeoreferenziertDurch": ["http://w3id.org/bb5kbc/site_295_activity"], "http://www.opengis.net/ont/geosparql#hasGeometry": ["http://w3id.org/bb5kbc/site_295_geom"], "http://www.w3.org/1999/02/22-rdf-syntax-ns#type": ["http://w3id.org/bb5kbc/ont/Fundstelle"], "http://www.w3.org/2000/01/rdf-schema#label": ["Nauen 68"], "http://www.w3.org/2004/02/skos/core#prefLabel": ["Nauen 68"]}, "geometry": {"type": "Point", "coordinates": [12.98, 52.62]}}, {"type": "Feature", "id": "http://w3id.org/bb5kbc/site_470", "name": "", "dateprops": [], "properties": {"http://fuzzy-sl.squirrel.link/ontology/certaintyLevel": ["https://fuzzy-sl.wikibase.cloud/entity/Q23"], "http://fuzzy-sl.squirrel.link/ontology/hasLocationType": ["https://fuzzy-sl.wikibase.cloud/entity/Q80"], "http://fuzzy-sl.squirrel.link/ontology/representativeGeometry": ["http://w3id.org/bb5kbc/site_470_geom"], "http://purl.org/dc/terms/identifier": ["470"], "http://rdfs.org/ns/void#inDataset": ["http://w3id.org/bb5kbc/Brandenburg_5000_BC_Data"], "http://w3id.org/bb5kbc/ont/hatFID": ["470"], "http://w3id.org/bb5kbc/ont/hatFundstellenID": ["32"], "http://w3id.org/bb5kbc/ont/hatFundstellenart": ["http://w3id.org/bb5kbc/fundstellenart_376218bc"], "http://w3id.org/bb5kbc/ont/hatGenauigkeit": ["0.0"], "http://w3id.org/bb5kbc/ont/hatKatalognummer": ["159"], "http://w3id.org/bb5kbc/ont/hatKulturelleZuordnung": ["http://w3id.org/bb5kbc/site_470_culture"], "http://w3id.org/bb5kbc/ont/inGemeinde": ["http://w3id.org/bb5kbc/gemeinde_3923ce06"], "http://w3id.org/bb5kbc/ont/wurdeEntdecktDurch": ["http://w3id.org/bb5kbc/site_470_discovery"], "http://w3id.org/bb5kbc/ont/wurdeGeoreferenziertDurch": ["http://w3id.org/bb5kbc/site_470_activity"], "http://www.opengis.net/ont/geosparql#hasGeometry": ["http://w3id.org/bb5kbc/site_470_geom"], "http://www.w3.org/1999/02/22-rdf-syntax-ns#type": ["http://w3id.org/bb5kbc/ont/Fundstelle"], "http://www.w3.org/2000/01/rdf-schema#label": ["Berkholz zu Berkholz-Meyenburg - 9"], "http://www.w3.org/2004/02/skos/core#prefLabel": ["Berkholz zu Berkholz-Meyenburg - 9"]}, "geometry": {"type": "Point", "coordinates": [14.18, 53.06]}}, {"type": "Feature", "id": "http://w3id.org/bb5kbc/site_388", "name": "", "dateprops": [], "properties": {"http://fuzzy-sl.squirrel.link/ontology/certaintyLevel": ["https://fuzzy-sl.wikibase.cloud/entity/Q23"], "http://fuzzy-sl.squirrel.link/ontology/hasLocationType": ["https://fuzzy-sl.wikibase.cloud/entity/Q80"], "http://fuzzy-sl.squirrel.link/ontology/representativeGeometry": ["http://w3id.org/bb5kbc/site_388_geom"], "http://purl.org/dc/terms/identifier": ["388"], "http://rdfs.org/ns/void#inDataset": ["http://w3id.org/bb5kbc/Brandenburg_5000_BC_Data"], "http://w3id.org/bb5kbc/ont/hatFID": ["388"], "http://w3id.org/bb5kbc/ont/hatFundstellenID": ["13"], "http://w3id.org/bb5kbc/ont/hatFundstellenart": ["http://w3id.org/bb5kbc/fundstellenart_376218bc"], "http://w3id.org/bb5kbc/ont/hatGenauigkeit": ["0.0"], "http://w3id.org/bb5kbc/ont/hatKatalognummer": ["13030"], "http://w3id.org/bb5kbc/ont/hatKulturelleZuordnung": ["http://w3id.org/bb5kbc/site_388_culture"], "http://w3id.org/bb5kbc/ont/inGemeinde": ["http://w3id.org/bb5kbc/gemeinde_3e3c7e44"], "http://w3id.org/bb5kbc/ont/wurdeEntdecktDurch": ["http://w3id.org/bb5kbc/site_388_discovery"], "http://w3id.org/bb5kbc/ont/wurdeGeoreferenziertDurch": ["http://w3id.org/bb5kbc/site_388_activity"], "http://www.opengis.net/ont/geosparql#hasGeometry": ["http://w3id.org/bb5kbc/site_388_geom"], "http://www.w3.org/1999/02/22-rdf-syntax-ns#type": ["http://w3id.org/bb5kbc/ont/Fundstelle"], "http://www.w3.org/2000/01/rdf-schema#label": ["Altfriesack - 2"], "http://www.w3.org/2004/02/skos/core#prefLabel": ["Altfriesack - 2"]}, "geometry": {"type": "Point", "coordinates": [12.89, 52.84]}}, {"type": "Feature", "id": "http://w3id.org/bb5kbc/site_6", "name": "", "dateprops": [], "properties": {"http://fuzzy-sl.squirrel.link/ontology/certaintyLevel": ["https://fuzzy-sl.wikibase.cloud/entity/Q23"], "http://fuzzy-sl.squirrel.link/ontology/hasLocationType": ["https://fuzzy-sl.wikibase.cloud/entity/Q80"], "http://fuzzy-sl.squirrel.link/ontology/representativeGeometry": ["http://w3id.org/bb5kbc/site_6_geom"], "http://purl.org/dc/terms/identifier": ["6"], "http://rdfs.org/ns/void#inDataset": ["http://w3id.org/bb5kbc/Brandenburg_5000_BC_Data"], "http://w3id.org/bb5kbc/ont/hatFID": ["6"], "http://w3id.org/bb5kbc/ont/hatFundstellenID": ["360"], "http://w3id.org/bb5kbc/ont/hatFundstellenart": ["http://w3id.org/bb5kbc/fundstellenart_5df80d7e"], "http://w3id.org/bb5kbc/ont/hatGenauigkeit": ["0.0"], "http://w3id.org/bb5kbc/ont/hatKulturelleZuordnung": ["http://w3id.org/bb5kbc/site_6_culture"], "http://w3id.org/bb5kbc/ont/inGemeinde": ["http://w3id.org/bb5kbc/gemeinde_e324c365"], "http://w3id.org/bb5kbc/ont/wurdeEntdecktDurch": ["http://w3id.org/bb5kbc/site_6_discovery"], "http://w3id.org/bb5kbc/ont/wurdeGeoreferenziertDurch": ["http://w3id.org/bb5kbc/site_6_activity"], "http://www.opengis.net/ont/geosparql#hasGeometry": ["http://w3id.org/bb5kbc/site_6_geom"], "http://www.w3.org/1999/02/22-rdf-syntax-ns#type": ["http://w3id.org/bb5kbc/ont/Fundstelle"], "http://www.w3.org/2000/01/rdf-schema#label": ["Quedlinburg KGA 2"], "http://www.w3.org/2004/02/skos/core#prefLabel": ["Quedlinburg KGA 2"]}, "geometry": {"type": "Point", "coordinates": [11.11, 51.81]}}, {"type": "Feature", "id": "http://w3id.org/bb5kbc/site_75", "name": "", "dateprops": [], "properties": {"http://fuzzy-sl.squirrel.link/ontology/certaintyLevel": ["https://fuzzy-sl.wikibase.cloud/entity/Q23"], "http://fuzzy-sl.squirrel.link/ontology/hasLocationType": ["https://fuzzy-sl.wikibase.cloud/entity/Q80"], "http://fuzzy-sl.squirrel.link/ontology/representativeGeometry": ["http://w3id.org/bb5kbc/site_75_geom"], "http://purl.org/dc/terms/identifier": ["75"], "http://rdfs.org/ns/void#inDataset": ["http://w3id.org/bb5kbc/Brandenburg_5000_BC_Data"], "http://w3id.org/bb5kbc/ont/hatFID": ["75"], "http://w3id.org/bb5kbc/ont/hatFundstellenID": ["34"], "http://w3id.org/bb5kbc/ont/hatFundstellenart": ["http://w3id.org/bb5kbc/fundstellenart_376218bc"], "http://w3id.org/bb5kbc/ont/hatGenauigkeit": ["0.0"], "http://w3id.org/bb5kbc/ont/hatKatalognummer": ["158"], "http://w3id.org/bb5kbc/ont/hatKulturelleZuordnung": ["http://w3id.org/bb5kbc/site_75_culture"], "http://w3id.org/bb5kbc/ont/inGemeinde": ["http://w3id.org/bb5kbc/gemeinde_3923ce06"], "http://w3id.org/bb5kbc/ont/wurdeEntdecktDurch": ["http://w3id.org/bb5kbc/site_75_discovery"], "http://w3id.org/bb5kbc/ont/wurdeGeoreferenziertDurch": ["http://w3id.org/bb5kbc/site_75_activity"], "http://www.opengis.net/ont/geosparql#hasGeometry": ["http://w3id.org/bb5kbc/site_75_geom"], "http://www.w3.org/1999/02/22-rdf-syntax-ns#type": ["http://w3id.org/bb5kbc/ont/Fundstelle"], "http://www.w3.org/2000/01/rdf-schema#label": ["Berkholz zu Berkholz-Meyenburg 8"], "http://www.w3.org/2004/02/skos/core#prefLabel": ["Berkholz zu Berkholz-Meyenburg 8"]}, "geometry": {"type": "Point", "coordinates": [14.19, 53.06]}}, {"type": "Feature", "id": "http://w3id.org/bb5kbc/site_359", "name": "", "dateprops": [], "properties": {"http://fuzzy-sl.squirrel.link/ontology/certaintyLevel": ["https://fuzzy-sl.wikibase.cloud/entity/Q23"], "http://fuzzy-sl.squirrel.link/ontology/hasLocationType": ["https://fuzzy-sl.wikibase.cloud/entity/Q80"], "http://fuzzy-sl.squirrel.link/ontology/representativeGeometry": ["http://w3id.org/bb5kbc/site_359_geom"], "http://purl.org/dc/terms/identifier": ["359"], "http://rdfs.org/ns/void#inDataset": ["http://w3id.org/bb5kbc/Brandenburg_5000_BC_Data"], "http://w3id.org/bb5kbc/ont/hatFID": ["359"], "http://w3id.org/bb5kbc/ont/hatFundstellenID": ["42"], "http://w3id.org/bb5kbc/ont/hatFundstellenart": ["http://w3id.org/bb5kbc/fundstellenart_376218bc"], "http://w3id.org/bb5kbc/ont/hatGenauigkeit": ["0.0"], "http://w3id.org/bb5kbc/ont/hatKatalognummer": ["14648"], "http://w3id.org/bb5kbc/ont/hatKulturelleZuordnung": ["http://w3id.org/bb5kbc/site_359_culture"], "http://w3id.org/bb5kbc/ont/inGemeinde": ["http://w3id.org/bb5kbc/gemeinde_8aa181f6"], "http://w3id.org/bb5kbc/ont/wurdeEntdecktDurch": ["http://w3id.org/bb5kbc/site_359_discovery"], "http://w3id.org/bb5kbc/ont/wurdeGeoreferenziertDurch": ["http://w3id.org/bb5kbc/site_359_activity"], "http://www.opengis.net/ont/geosparql#hasGeometry": ["http://w3id.org/bb5kbc/site_359_geom"], "http://www.w3.org/1999/02/22-rdf-syntax-ns#type": ["http://w3id.org/bb5kbc/ont/Fundstelle"], "http://www.w3.org/2000/01/rdf-schema#label": ["Birkenwerder - 7"], "http://www.w3.org/2004/02/skos/core#prefLabel": ["Birkenwerder - 7"]}, "geometry": {"type": "Point", "coordinates": [13.27, 52.69]}}, {"type": "Feature", "id": "http://w3id.org/bb5kbc/site_271", "name": "", "dateprops": [], "properties": {"http://fuzzy-sl.squirrel.link/ontology/certaintyLevel": ["https://fuzzy-sl.wikibase.cloud/entity/Q23"], "http://fuzzy-sl.squirrel.link/ontology/hasLocationType": ["https://fuzzy-sl.wikibase.cloud/entity/Q80"], "http://fuzzy-sl.squirrel.link/ontology/representativeGeometry": ["http://w3id.org/bb5kbc/site_271_geom"], "http://purl.org/dc/terms/identifier": ["271"], "http://rdfs.org/ns/void#inDataset": ["http://w3id.org/bb5kbc/Brandenburg_5000_BC_Data"], "http://w3id.org/bb5kbc/ont/hatFID": ["271"], "http://w3id.org/bb5kbc/ont/hatFundstellenID": ["452"], "http://w3id.org/bb5kbc/ont/hatFundstellenart": ["http://w3id.org/bb5kbc/fundstellenart_376218bc"], "http://w3id.org/bb5kbc/ont/hatGenauigkeit": ["0.0"], "http://w3id.org/bb5kbc/ont/hatKatalognummer": ["36409"], "http://w3id.org/bb5kbc/ont/hatKulturelleZuordnung": ["http://w3id.org/bb5kbc/site_271_culture"], "http://w3id.org/bb5kbc/ont/inGemeinde": ["http://w3id.org/bb5kbc/gemeinde_0be828be"], "http://w3id.org/bb5kbc/ont/wurdeEntdecktDurch": ["http://w3id.org/bb5kbc/site_271_discovery"], "http://w3id.org/bb5kbc/ont/wurdeGeoreferenziertDurch": ["http://w3id.org/bb5kbc/site_271_activity"], "http://www.opengis.net/ont/geosparql#hasGeometry": ["http://w3id.org/bb5kbc/site_271_geom"], "http://www.w3.org/1999/02/22-rdf-syntax-ns#type": ["http://w3id.org/bb5kbc/ont/Fundstelle"], "http://www.w3.org/2000/01/rdf-schema#label": ["Wachow 17/4 (17)"], "http://www.w3.org/2004/02/skos/core#prefLabel": ["Wachow 17/4 (17)"]}, "geometry": {"type": "Point", "coordinates": [12.76, 52.53]}}, {"type": "Feature", "id": "http://w3id.org/bb5kbc/site_404", "name": "", "dateprops": [], "properties": {"http://fuzzy-sl.squirrel.link/ontology/certaintyLevel": ["https://fuzzy-sl.wikibase.cloud/entity/Q23"], "http://fuzzy-sl.squirrel.link/ontology/hasLocationType": ["https://fuzzy-sl.wikibase.cloud/entity/Q80"], "http://fuzzy-sl.squirrel.link/ontology/representativeGeometry": ["http://w3id.org/bb5kbc/site_404_geom"], "http://purl.org/dc/terms/identifier": ["404"], "http://rdfs.org/ns/void#inDataset": ["http://w3id.org/bb5kbc/Brandenburg_5000_BC_Data"], "http://w3id.org/bb5kbc/ont/hatFID": ["404"], "http://w3id.org/bb5kbc/ont/hatFundstellenID": ["112"], "http://w3id.org/bb5kbc/ont/hatFundstellenart": ["http://w3id.org/bb5kbc/fundstellenart_376218bc"], "http://w3id.org/bb5kbc/ont/hatGenauigkeit": ["0.0"], "http://w3id.org/bb5kbc/ont/hatKatalognummer": ["2077"], "http://w3id.org/bb5kbc/ont/hatKulturelleZuordnung": ["http://w3id.org/bb5kbc/site_404_culture"], "http://w3id.org/bb5kbc/ont/inGemeinde": ["http://w3id.org/bb5kbc/gemeinde_74c68a6b"], "http://w3id.org/bb5kbc/ont/wurdeEntdecktDurch": ["http://w3id.org/bb5kbc/site_404_discovery"], "http://w3id.org/bb5kbc/ont/wurdeGeoreferenziertDurch": ["http://w3id.org/bb5kbc/site_404_activity"], "http://www.opengis.net/ont/geosparql#hasGeometry": ["http://w3id.org/bb5kbc/site_404_geom"], "http://www.w3.org/1999/02/22-rdf-syntax-ns#type": ["http://w3id.org/bb5kbc/ont/Fundstelle"], "http://www.w3.org/2000/01/rdf-schema#label": ["Emstal - 4"], "http://www.w3.org/2004/02/skos/core#prefLabel": ["Emstal - 4"]}, "geometry": {"type": "Point", "coordinates": [12.78, 52.31]}}, {"type": "Feature", "id": "http://w3id.org/bb5kbc/site_480", "name": "", "dateprops": [], "properties": {"http://fuzzy-sl.squirrel.link/ontology/certaintyLevel": ["https://fuzzy-sl.wikibase.cloud/entity/Q23"], "http://fuzzy-sl.squirrel.link/ontology/hasLocationType": ["https://fuzzy-sl.wikibase.cloud/entity/Q80"], "http://fuzzy-sl.squirrel.link/ontology/representativeGeometry": ["http://w3id.org/bb5kbc/site_480_geom"], "http://purl.org/dc/terms/identifier": ["480"], "http://rdfs.org/ns/void#inDataset": ["http://w3id.org/bb5kbc/Brandenburg_5000_BC_Data"], "http://w3id.org/bb5kbc/ont/hatFID": ["480"], "http://w3id.org/bb5kbc/ont/hatFundstellenID": ["134"], "http://w3id.org/bb5kbc/ont/hatFundstellenart": ["http://w3id.org/bb5kbc/fundstellenart_376218bc"], "http://w3id.org/bb5kbc/ont/hatGenauigkeit": ["0.0"], "http://w3id.org/bb5kbc/ont/hatKatalognummer": ["16815"], "http://w3id.org/bb5kbc/ont/hatKulturelleZuordnung": ["http://w3id.org/bb5kbc/site_480_culture"], "http://w3id.org/bb5kbc/ont/inGemeinde": ["http://w3id.org/bb5kbc/gemeinde_4afd2c13"], "http://w3id.org/bb5kbc/ont/wurdeEntdecktDurch": ["http://w3id.org/bb5kbc/site_480_discovery"], "http://w3id.org/bb5kbc/ont/wurdeGeoreferenziertDurch": ["http://w3id.org/bb5kbc/site_480_activity"], "http://www.opengis.net/ont/geosparql#hasGeometry": ["http://w3id.org/bb5kbc/site_480_geom"], "http://www.w3.org/1999/02/22-rdf-syntax-ns#type": ["http://w3id.org/bb5kbc/ont/Fundstelle"], "http://www.w3.org/2000/01/rdf-schema#label": ["F\u00fcrstenwerder - 14"], "http://www.w3.org/2004/02/skos/core#prefLabel": ["F\u00fcrstenwerder - 14"]}, "geometry": {"type": "Point", "coordinates": [13.6, 53.4]}}, {"type": "Feature", "id": "http://w3id.org/bb5kbc/site_436", "name": "", "dateprops": [], "properties": {"http://fuzzy-sl.squirrel.link/ontology/certaintyLevel": ["https://fuzzy-sl.wikibase.cloud/entity/Q23"], "http://fuzzy-sl.squirrel.link/ontology/hasLocationType": ["https://fuzzy-sl.wikibase.cloud/entity/Q80"], "http://fuzzy-sl.squirrel.link/ontology/representativeGeometry": ["http://w3id.org/bb5kbc/site_436_geom"], "http://purl.org/dc/terms/identifier": ["436"], "http://rdfs.org/ns/void#inDataset": ["http://w3id.org/bb5kbc/Brandenburg_5000_BC_Data"], "http://w3id.org/bb5kbc/ont/hatFID": ["436"], "http://w3id.org/bb5kbc/ont/hatFundstellenID": ["323"], "http://w3id.org/bb5kbc/ont/hatFundstellenart": ["http://w3id.org/bb5kbc/fundstellenart_376218bc"], "http://w3id.org/bb5kbc/ont/hatGenauigkeit": ["0.0"], "http://w3id.org/bb5kbc/ont/hatKatalognummer": ["39788"], "http://w3id.org/bb5kbc/ont/hatKulturelleZuordnung": ["http://w3id.org/bb5kbc/site_436_culture"], "http://w3id.org/bb5kbc/ont/inGemeinde": ["http://w3id.org/bb5kbc/gemeinde_83d7d6b7"], "http://w3id.org/bb5kbc/ont/wurdeEntdecktDurch": ["http://w3id.org/bb5kbc/site_436_discovery"], "http://w3id.org/bb5kbc/ont/wurdeGeoreferenziertDurch": ["http://w3id.org/bb5kbc/site_436_activity"], "http://www.opengis.net/ont/geosparql#hasGeometry": ["http://w3id.org/bb5kbc/site_436_geom"], "http://www.w3.org/1999/02/22-rdf-syntax-ns#type": ["http://w3id.org/bb5kbc/ont/Fundstelle"], "http://www.w3.org/2000/01/rdf-schema#label": ["Perleberg - 16"], "http://www.w3.org/2004/02/skos/core#prefLabel": ["Perleberg - 16"]}, "geometry": {"type": "Point", "coordinates": [11.82, 53.03]}}, {"type": "Feature", "id": "http://w3id.org/bb5kbc/site_300", "name": "", "dateprops": [], "properties": {"http://fuzzy-sl.squirrel.link/ontology/certaintyLevel": ["https://fuzzy-sl.wikibase.cloud/entity/Q23"], "http://fuzzy-sl.squirrel.link/ontology/hasLocationType": ["https://fuzzy-sl.wikibase.cloud/entity/Q80"], "http://fuzzy-sl.squirrel.link/ontology/representativeGeometry": ["http://w3id.org/bb5kbc/site_300_geom"], "http://purl.org/dc/terms/identifier": ["300"], "http://rdfs.org/ns/void#inDataset": ["http://w3id.org/bb5kbc/Brandenburg_5000_BC_Data"], "http://w3id.org/bb5kbc/ont/hatFID": ["300"], "http://w3id.org/bb5kbc/ont/hatFundstellenID": ["342"], "http://w3id.org/bb5kbc/ont/hatFundstellenart": ["http://w3id.org/bb5kbc/fundstellenart_376218bc"], "http://w3id.org/bb5kbc/ont/hatGenauigkeit": ["0.0"], "http://w3id.org/bb5kbc/ont/hatKatalognummer": ["16057"], "http://w3id.org/bb5kbc/ont/hatKulturelleZuordnung": ["http://w3id.org/bb5kbc/site_300_culture"], "http://w3id.org/bb5kbc/ont/inGemeinde": ["http://w3id.org/bb5kbc/gemeinde_d5404511"], "http://w3id.org/bb5kbc/ont/wurdeEntdecktDurch": ["http://w3id.org/bb5kbc/site_300_discovery"], "http://w3id.org/bb5kbc/ont/wurdeGeoreferenziertDurch": ["http://w3id.org/bb5kbc/site_300_activity"], "http://www.opengis.net/ont/geosparql#hasGeometry": ["http://w3id.org/bb5kbc/site_300_geom"], "http://www.w3.org/1999/02/22-rdf-syntax-ns#type": ["http://w3id.org/bb5kbc/ont/Fundstelle"], "http://www.w3.org/2000/01/rdf-schema#label": ["Potsdam 3/58 (16)"], "http://www.w3.org/2004/02/skos/core#prefLabel": ["Potsdam 3/58 (16)"]}, "geometry": {"type": "Point", "coordinates": [13.07, 52.4]}}, {"type": "Feature", "id": "http://w3id.org/bb5kbc/site_588", "name": "", "dateprops": [], "properties": {"http://fuzzy-sl.squirrel.link/ontology/certaintyLevel": ["https://fuzzy-sl.wikibase.cloud/entity/Q23"], "http://fuzzy-sl.squirrel.link/ontology/hasLocationType": ["https://fuzzy-sl.wikibase.cloud/entity/Q80"], "http://fuzzy-sl.squirrel.link/ontology/representativeGeometry": ["http://w3id.org/bb5kbc/site_588_geom"], "http://purl.org/dc/terms/identifier": ["588"], "http://rdfs.org/ns/void#inDataset": ["http://w3id.org/bb5kbc/Brandenburg_5000_BC_Data"], "http://w3id.org/bb5kbc/ont/hatFID": ["588"], "http://w3id.org/bb5kbc/ont/hatFundstellenID": ["345"], "http://w3id.org/bb5kbc/ont/hatFundstellenart": ["http://w3id.org/bb5kbc/fundstellenart_376218bc"], "http://w3id.org/bb5kbc/ont/hatGenauigkeit": ["0.0"], "http://w3id.org/bb5kbc/ont/hatKatalognummer": ["31934"], "http://w3id.org/bb5kbc/ont/hatKulturelleZuordnung": ["http://w3id.org/bb5kbc/site_588_culture"], "http://w3id.org/bb5kbc/ont/hatPublikation": ["http://w3id.org/bb5kbc/pub_05cf84ec"], "http://w3id.org/bb5kbc/ont/inGemeinde": ["http://w3id.org/bb5kbc/gemeinde_98c28bee"], "http://w3id.org/bb5kbc/ont/wurdeEntdecktDurch": ["http://w3id.org/bb5kbc/site_588_discovery"], "http://w3id.org/bb5kbc/ont/wurdeGeoreferenziertDurch": ["http://w3id.org/bb5kbc/site_588_activity"], "http://www.opengis.net/ont/geosparql#hasGeometry": ["http://w3id.org/bb5kbc/site_588_geom"], "http://www.w3.org/1999/02/22-rdf-syntax-ns#type": ["http://w3id.org/bb5kbc/ont/Fundstelle"], "http://www.w3.org/2000/01/rdf-schema#label": ["Potzlow 36"], "http://www.w3.org/2004/02/skos/core#prefLabel": ["Potzlow 36"]}, "geometry": {"type": "Point", "coordinates": [13.83, 53.22]}}, {"type": "Feature", "id": "http://w3id.org/bb5kbc/site_87", "name": "", "dateprops": [], "properties": {"http://fuzzy-sl.squirrel.link/ontology/certaintyLevel": ["https://fuzzy-sl.wikibase.cloud/entity/Q23"], "http://fuzzy-sl.squirrel.link/ontology/hasLocationType": ["https://fuzzy-sl.wikibase.cloud/entity/Q80"], "http://fuzzy-sl.squirrel.link/ontology/representativeGeometry": ["http://w3id.org/bb5kbc/site_87_geom"], "http://purl.org/dc/terms/identifier": ["87"], "http://rdfs.org/ns/void#inDataset": ["http://w3id.org/bb5kbc/Brandenburg_5000_BC_Data"], "http://w3id.org/bb5kbc/ont/hatFID": ["87"], "http://w3id.org/bb5kbc/ont/hatFundstellenID": ["398"], "http://w3id.org/bb5kbc/ont/hatFundstellenart": ["http://w3id.org/bb5kbc/fundstellenart_376218bc"], "http://w3id.org/bb5kbc/ont/hatGenauigkeit": ["0.0"], "http://w3id.org/bb5kbc/ont/hatKulturelleZuordnung": ["http://w3id.org/bb5kbc/site_87_culture"], "http://w3id.org/bb5kbc/ont/hatPublikation": ["http://w3id.org/bb5kbc/pub_7f0902ba"], "http://w3id.org/bb5kbc/ont/inGemeinde": ["http://w3id.org/bb5kbc/gemeinde_3e2337ff"], "http://w3id.org/bb5kbc/ont/wurdeEntdecktDurch": ["http://w3id.org/bb5kbc/site_87_discovery"], "http://w3id.org/bb5kbc/ont/wurdeGeoreferenziertDurch": ["http://w3id.org/bb5kbc/site_87_activity"], "http://www.opengis.net/ont/geosparql#hasGeometry": ["http://w3id.org/bb5kbc/site_87_geom"], "http://www.w3.org/1999/02/22-rdf-syntax-ns#type": ["http://w3id.org/bb5kbc/ont/Fundstelle"], "http://www.w3.org/2000/01/rdf-schema#label": ["Sch\u00f6psdorf 37"], "http://www.w3.org/2004/02/skos/core#prefLabel": ["Sch\u00f6psdorf 37"]}, "geometry": {"type": "Point", "coordinates": [14.53, 51.38]}}, {"type": "Feature", "id": "http://w3id.org/bb5kbc/site_36", "name": "", "dateprops": [], "properties": {"http://fuzzy-sl.squirrel.link/ontology/certaintyLevel": ["https://fuzzy-sl.wikibase.cloud/entity/Q23"], "http://fuzzy-sl.squirrel.link/ontology/hasLocationType": ["https://fuzzy-sl.wikibase.cloud/entity/Q80"], "http://fuzzy-sl.squirrel.link/ontology/representativeGeometry": ["http://w3id.org/bb5kbc/site_36_geom"], "http://purl.org/dc/terms/identifier": ["36"], "http://rdfs.org/ns/void#inDataset": ["http://w3id.org/bb5kbc/Brandenburg_5000_BC_Data"], "http://w3id.org/bb5kbc/ont/hatFID": ["36"], "http://w3id.org/bb5kbc/ont/hatFundstellenID": ["375"], "http://w3id.org/bb5kbc/ont/hatFundstellenart": ["http://w3id.org/bb5kbc/fundstellenart_376218bc"], "http://w3id.org/bb5kbc/ont/hatGenauigkeit": ["0.0"], "http://w3id.org/bb5kbc/ont/hatKatalognummer": ["9738"], "http://w3id.org/bb5kbc/ont/hatKulturelleZuordnung": ["http://w3id.org/bb5kbc/site_36_culture"], "http://w3id.org/bb5kbc/ont/hatPublikation": ["http://w3id.org/bb5kbc/pub_21405e20"], "http://w3id.org/bb5kbc/ont/inGemeinde": ["http://w3id.org/bb5kbc/gemeinde_3d1e103a"], "http://w3id.org/bb5kbc/ont/wurdeEntdecktDurch": ["http://w3id.org/bb5kbc/site_36_discovery"], "http://w3id.org/bb5kbc/ont/wurdeGeoreferenziertDurch": ["http://w3id.org/bb5kbc/site_36_activity"], "http://www.opengis.net/ont/geosparql#hasGeometry": ["http://w3id.org/bb5kbc/site_36_geom"], "http://www.w3.org/1999/02/22-rdf-syntax-ns#type": ["http://w3id.org/bb5kbc/ont/Fundstelle"], "http://www.w3.org/2000/01/rdf-schema#label": ["Rohrbeck 14"], "http://www.w3.org/2004/02/skos/core#prefLabel": ["Rohrbeck 14"]}, "geometry": {"type": "Point", "coordinates": [13.03, 51.97]}}, {"type": "Feature", "id": "http://w3id.org/bb5kbc/site_9", "name": "", "dateprops": [], "properties": {"http://fuzzy-sl.squirrel.link/ontology/certaintyLevel": ["https://fuzzy-sl.wikibase.cloud/entity/Q23"], "http://fuzzy-sl.squirrel.link/ontology/hasLocationType": ["https://fuzzy-sl.wikibase.cloud/entity/Q80"], "http://fuzzy-sl.squirrel.link/ontology/representativeGeometry": ["http://w3id.org/bb5kbc/site_9_geom"], "http://purl.org/dc/terms/identifier": ["9"], "http://rdfs.org/ns/void#inDataset": ["http://w3id.org/bb5kbc/Brandenburg_5000_BC_Data"], "http://w3id.org/bb5kbc/ont/hatFID": ["9"], "http://w3id.org/bb5kbc/ont/hatFundstellenID": ["138"], "http://w3id.org/bb5kbc/ont/hatFundstellenart": ["http://w3id.org/bb5kbc/fundstellenart_376218bc"], "http://w3id.org/bb5kbc/ont/hatGenauigkeit": ["0.0"], "http://w3id.org/bb5kbc/ont/hatKatalognummer": ["161"], "http://w3id.org/bb5kbc/ont/hatKulturelleZuordnung": ["http://w3id.org/bb5kbc/site_9_culture"], "http://w3id.org/bb5kbc/ont/hatPublikation": ["http://w3id.org/bb5kbc/pub_c5110572"], "http://w3id.org/bb5kbc/ont/inGemeinde": ["http://w3id.org/bb5kbc/gemeinde_4ced2ba4"], "http://w3id.org/bb5kbc/ont/wurdeEntdecktDurch": ["http://w3id.org/bb5kbc/site_9_discovery"], "http://w3id.org/bb5kbc/ont/wurdeGeoreferenziertDurch": ["http://w3id.org/bb5kbc/site_9_activity"], "http://www.opengis.net/ont/geosparql#hasGeometry": ["http://w3id.org/bb5kbc/site_9_geom"], "http://www.w3.org/1999/02/22-rdf-syntax-ns#type": ["http://w3id.org/bb5kbc/ont/Fundstelle"], "http://www.w3.org/2000/01/rdf-schema#label": ["Gatersleben 24"], "http://www.w3.org/2004/02/skos/core#prefLabel": ["Gatersleben 24"]}, "geometry": {"type": "Point", "coordinates": [11.29, 51.82]}}, {"type": "Feature", "id": "http://w3id.org/bb5kbc/site_494", "name": "", "dateprops": [], "properties": {"http://fuzzy-sl.squirrel.link/ontology/certaintyLevel": ["https://fuzzy-sl.wikibase.cloud/entity/Q23"], "http://fuzzy-sl.squirrel.link/ontology/hasLocationType": ["https://fuzzy-sl.wikibase.cloud/entity/Q80"], "http://fuzzy-sl.squirrel.link/ontology/representativeGeometry": ["http://w3id.org/bb5kbc/site_494_geom"], "http://purl.org/dc/terms/identifier": ["494"], "http://rdfs.org/ns/void#inDataset": ["http://w3id.org/bb5kbc/Brandenburg_5000_BC_Data"], "http://w3id.org/bb5kbc/ont/hatFID": ["494"], "http://w3id.org/bb5kbc/ont/hatFundstellenID": ["501"], "http://w3id.org/bb5kbc/ont/hatFundstellenart": ["http://w3id.org/bb5kbc/fundstellenart_376218bc"], "http://w3id.org/bb5kbc/ont/hatGenauigkeit": ["0.0"], "http://w3id.org/bb5kbc/ont/hatKatalognummer": ["41777"], "http://w3id.org/bb5kbc/ont/hatKulturelleZuordnung": ["http://w3id.org/bb5kbc/site_494_culture"], "http://w3id.org/bb5kbc/ont/inGemeinde": ["http://w3id.org/bb5kbc/gemeinde_459e1581"], "http://w3id.org/bb5kbc/ont/wurdeEntdecktDurch": ["http://w3id.org/bb5kbc/site_494_discovery"], "http://w3id.org/bb5kbc/ont/wurdeGeoreferenziertDurch": ["http://w3id.org/bb5kbc/site_494_activity"], "http://www.opengis.net/ont/geosparql#hasGeometry": ["http://w3id.org/bb5kbc/site_494_geom"], "http://www.w3.org/1999/02/22-rdf-syntax-ns#type": ["http://w3id.org/bb5kbc/ont/Fundstelle"], "http://www.w3.org/2000/01/rdf-schema#label": ["Zichow - 1"], "http://www.w3.org/2004/02/skos/core#prefLabel": ["Zichow - 1"]}, "geometry": {"type": "Point", "coordinates": [14.04, 53.19]}}, {"type": "Feature", "id": "http://w3id.org/bb5kbc/site_308", "name": "", "dateprops": [], "properties": {"http://fuzzy-sl.squirrel.link/ontology/certaintyLevel": ["https://fuzzy-sl.wikibase.cloud/entity/Q23"], "http://fuzzy-sl.squirrel.link/ontology/hasLocationType": ["https://fuzzy-sl.wikibase.cloud/entity/Q80"], "http://fuzzy-sl.squirrel.link/ontology/representativeGeometry": ["http://w3id.org/bb5kbc/site_308_geom"], "http://purl.org/dc/terms/identifier": ["308"], "http://rdfs.org/ns/void#inDataset": ["http://w3id.org/bb5kbc/Brandenburg_5000_BC_Data"], "http://w3id.org/bb5kbc/ont/hatFID": ["308"], "http://w3id.org/bb5kbc/ont/hatFundstellenID": ["69"], "http://w3id.org/bb5kbc/ont/hatFundstellenart": ["http://w3id.org/bb5kbc/fundstellenart_376218bc"], "http://w3id.org/bb5kbc/ont/hatGenauigkeit": ["0.0"], "http://w3id.org/bb5kbc/ont/hatKatalognummer": ["39176"], "http://w3id.org/bb5kbc/ont/hatKulturelleZuordnung": ["http://w3id.org/bb5kbc/site_308_culture"], "http://w3id.org/bb5kbc/ont/inGemeinde": ["http://w3id.org/bb5kbc/gemeinde_1a77989b"], "http://w3id.org/bb5kbc/ont/wurdeEntdecktDurch": ["http://w3id.org/bb5kbc/site_308_discovery"], "http://w3id.org/bb5kbc/ont/wurdeGeoreferenziertDurch": ["http://w3id.org/bb5kbc/site_308_activity"], "http://www.opengis.net/ont/geosparql#hasGeometry": ["http://w3id.org/bb5kbc/site_308_geom"], "http://www.w3.org/1999/02/22-rdf-syntax-ns#type": ["http://w3id.org/bb5kbc/ont/Fundstelle"], "http://www.w3.org/2000/01/rdf-schema#label": ["Brandenburg-Altstadt - 41"], "http://www.w3.org/2004/02/skos/core#prefLabel": ["Brandenburg-Altstadt - 41"]}, "geometry": {"type": "Point", "coordinates": [12.56, 52.42]}}, {"type": "Feature", "id": "http://w3id.org/bb5kbc/site_501", "name": "", "dateprops": [], "properties": {"http://fuzzy-sl.squirrel.link/ontology/certaintyLevel": ["https://fuzzy-sl.wikibase.cloud/entity/Q23"], "http://fuzzy-sl.squirrel.link/ontology/hasLocationType": ["https://fuzzy-sl.wikibase.cloud/entity/Q80"], "http://fuzzy-sl.squirrel.link/ontology/representativeGeometry": ["http://w3id.org/bb5kbc/site_501_geom"], "http://purl.org/dc/terms/identifier": ["501"], "http://rdfs.org/ns/void#inDataset": ["http://w3id.org/bb5kbc/Brandenburg_5000_BC_Data"], "http://w3id.org/bb5kbc/ont/hatFID": ["501"], "http://w3id.org/bb5kbc/ont/hatFundstellenID": ["94"], "http://w3id.org/bb5kbc/ont/hatFundstellenart": ["http://w3id.org/bb5kbc/fundstellenart_376218bc"], "http://w3id.org/bb5kbc/ont/hatGenauigkeit": ["0.0"], "http://w3id.org/bb5kbc/ont/hatKatalognummer": ["57537"], "http://w3id.org/bb5kbc/ont/hatKulturelleZuordnung": ["http://w3id.org/bb5kbc/site_501_culture"], "http://w3id.org/bb5kbc/ont/inGemeinde": ["http://w3id.org/bb5kbc/gemeinde_01f8fc9b"], "http://w3id.org/bb5kbc/ont/wurdeEntdecktDurch": ["http://w3id.org/bb5kbc/site_501_discovery"], "http://w3id.org/bb5kbc/ont/wurdeGeoreferenziertDurch": ["http://w3id.org/bb5kbc/site_501_activity"], "http://www.opengis.net/ont/geosparql#hasGeometry": ["http://w3id.org/bb5kbc/site_501_geom"], "http://www.w3.org/1999/02/22-rdf-syntax-ns#type": ["http://w3id.org/bb5kbc/ont/Fundstelle"], "http://www.w3.org/2000/01/rdf-schema#label": ["Crussow - 7"], "http://www.w3.org/2004/02/skos/core#prefLabel": ["Crussow - 7"]}, "geometry": {"type": "Point", "coordinates": [14.08, 53.0]}}, {"type": "Feature", "id": "http://w3id.org/bb5kbc/site_433", "name": "", "dateprops": [], "properties": {"http://fuzzy-sl.squirrel.link/ontology/certaintyLevel": ["https://fuzzy-sl.wikibase.cloud/entity/Q23"], "http://fuzzy-sl.squirrel.link/ontology/hasLocationType": ["https://fuzzy-sl.wikibase.cloud/entity/Q80"], "http://fuzzy-sl.squirrel.link/ontology/representativeGeometry": ["http://w3id.org/bb5kbc/site_433_geom"], "http://purl.org/dc/terms/identifier": ["433"], "http://rdfs.org/ns/void#inDataset": ["http://w3id.org/bb5kbc/Brandenburg_5000_BC_Data"], "http://w3id.org/bb5kbc/ont/hatFID": ["433"], "http://w3id.org/bb5kbc/ont/hatFundstellenID": ["19"], "http://w3id.org/bb5kbc/ont/hatFundstellenart": ["http://w3id.org/bb5kbc/fundstellenart_376218bc"], "http://w3id.org/bb5kbc/ont/hatGenauigkeit": ["0.0"], "http://w3id.org/bb5kbc/ont/hatKatalognummer": ["31427"], "http://w3id.org/bb5kbc/ont/hatKulturelleZuordnung": ["http://w3id.org/bb5kbc/site_433_culture"], "http://w3id.org/bb5kbc/ont/inGemeinde": ["http://w3id.org/bb5kbc/gemeinde_2755f3e6"], "http://w3id.org/bb5kbc/ont/wurdeEntdecktDurch": ["http://w3id.org/bb5kbc/site_433_discovery"], "http://w3id.org/bb5kbc/ont/wurdeGeoreferenziertDurch": ["http://w3id.org/bb5kbc/site_433_activity"], "http://www.opengis.net/ont/geosparql#hasGeometry": ["http://w3id.org/bb5kbc/site_433_geom"], "http://www.w3.org/1999/02/22-rdf-syntax-ns#type": ["http://w3id.org/bb5kbc/ont/Fundstelle"], "http://www.w3.org/2000/01/rdf-schema#label": ["Babekuhl - 5"], "http://www.w3.org/2004/02/skos/core#prefLabel": ["Babekuhl - 5"]}, "geometry": {"type": "Point", "coordinates": [11.62, 53.07]}}, {"type": "Feature", "id": "http://w3id.org/bb5kbc/site_289", "name": "", "dateprops": [], "properties": {"http://fuzzy-sl.squirrel.link/ontology/certaintyLevel": ["https://fuzzy-sl.wikibase.cloud/entity/Q23"], "http://fuzzy-sl.squirrel.link/ontology/hasLocationType": ["https://fuzzy-sl.wikibase.cloud/entity/Q80"], "http://fuzzy-sl.squirrel.link/ontology/representativeGeometry": ["http://w3id.org/bb5kbc/site_289_geom"], "http://purl.org/dc/terms/identifier": ["289"], "http://rdfs.org/ns/void#inDataset": ["http://w3id.org/bb5kbc/Brandenburg_5000_BC_Data"], "http://w3id.org/bb5kbc/ont/hatFID": ["289"], "http://w3id.org/bb5kbc/ont/hatFundstellenID": ["168"], "http://w3id.org/bb5kbc/ont/hatFundstellenart": ["http://w3id.org/bb5kbc/fundstellenart_376218bc"], "http://w3id.org/bb5kbc/ont/hatGenauigkeit": ["0.0"], "http://w3id.org/bb5kbc/ont/hatKatalognummer": ["15482"], "http://w3id.org/bb5kbc/ont/hatKulturelleZuordnung": ["http://w3id.org/bb5kbc/site_289_culture"], "http://w3id.org/bb5kbc/ont/inGemeinde": ["http://w3id.org/bb5kbc/gemeinde_cc2756d4"], "http://w3id.org/bb5kbc/ont/wurdeEntdecktDurch": ["http://w3id.org/bb5kbc/site_289_discovery"], "http://w3id.org/bb5kbc/ont/wurdeGeoreferenziertDurch": ["http://w3id.org/bb5kbc/site_289_activity"], "http://www.opengis.net/ont/geosparql#hasGeometry": ["http://w3id.org/bb5kbc/site_289_geom"], "http://www.w3.org/1999/02/22-rdf-syntax-ns#type": ["http://w3id.org/bb5kbc/ont/Fundstelle"], "http://www.w3.org/2000/01/rdf-schema#label": ["Grube 7"], "http://www.w3.org/2004/02/skos/core#prefLabel": ["Grube 7"]}, "geometry": {"type": "Point", "coordinates": [12.95, 52.44]}}, {"type": "Feature", "id": "http://w3id.org/bb5kbc/site_296", "name": "", "dateprops": [], "properties": {"http://fuzzy-sl.squirrel.link/ontology/certaintyLevel": ["https://fuzzy-sl.wikibase.cloud/entity/Q23"], "http://fuzzy-sl.squirrel.link/ontology/hasLocationType": ["https://fuzzy-sl.wikibase.cloud/entity/Q80"], "http://fuzzy-sl.squirrel.link/ontology/representativeGeometry": ["http://w3id.org/bb5kbc/site_296_geom"], "http://purl.org/dc/terms/identifier": ["296"], "http://rdfs.org/ns/void#inDataset": ["http://w3id.org/bb5kbc/Brandenburg_5000_BC_Data"], "http://w3id.org/bb5kbc/ont/hatFID": ["296"], "http://w3id.org/bb5kbc/ont/hatFundstellenID": ["300"], "http://w3id.org/bb5kbc/ont/hatFundstellenart": ["http://w3id.org/bb5kbc/fundstellenart_376218bc"], "http://w3id.org/bb5kbc/ont/hatGenauigkeit": ["0.0"], "http://w3id.org/bb5kbc/ont/hatKatalognummer": ["2612"], "http://w3id.org/bb5kbc/ont/hatKulturelleZuordnung": ["http://w3id.org/bb5kbc/site_296_culture"], "http://w3id.org/bb5kbc/ont/inGemeinde": ["http://w3id.org/bb5kbc/gemeinde_5e3894c8"], "http://w3id.org/bb5kbc/ont/wurdeEntdecktDurch": ["http://w3id.org/bb5kbc/site_296_discovery"], "http://w3id.org/bb5kbc/ont/wurdeGeoreferenziertDurch": ["http://w3id.org/bb5kbc/site_296_activity"], "http://www.opengis.net/ont/geosparql#hasGeometry": ["http://w3id.org/bb5kbc/site_296_geom"], "http://www.w3.org/1999/02/22-rdf-syntax-ns#type": ["http://w3id.org/bb5kbc/ont/Fundstelle"], "http://www.w3.org/2000/01/rdf-schema#label": ["Neuendorf 14"], "http://www.w3.org/2004/02/skos/core#prefLabel": ["Neuendorf 14"]}, "geometry": {"type": "Point", "coordinates": [12.49, 52.4]}}, {"type": "Feature", "id": "http://w3id.org/bb5kbc/site_360", "name": "", "dateprops": [], "properties": {"http://fuzzy-sl.squirrel.link/ontology/certaintyLevel": ["https://fuzzy-sl.wikibase.cloud/entity/Q23"], "http://fuzzy-sl.squirrel.link/ontology/hasLocationType": ["https://fuzzy-sl.wikibase.cloud/entity/Q80"], "http://fuzzy-sl.squirrel.link/ontology/representativeGeometry": ["http://w3id.org/bb5kbc/site_360_geom"], "http://purl.org/dc/terms/identifier": ["360"], "http://rdfs.org/ns/void#inDataset": ["http://w3id.org/bb5kbc/Brandenburg_5000_BC_Data"], "http://w3id.org/bb5kbc/ont/hatFID": ["360"], "http://w3id.org/bb5kbc/ont/hatFundstellenID": ["87"], "http://w3id.org/bb5kbc/ont/hatFundstellenart": ["http://w3id.org/bb5kbc/fundstellenart_376218bc"], "http://w3id.org/bb5kbc/ont/hatGenauigkeit": ["0.0"], "http://w3id.org/bb5kbc/ont/hatKatalognummer": ["7568"], "http://w3id.org/bb5kbc/ont/hatKulturelleZuordnung": ["http://w3id.org/bb5kbc/site_360_culture"], "http://w3id.org/bb5kbc/ont/inGemeinde": ["http://w3id.org/bb5kbc/gemeinde_f70e2132"], "http://w3id.org/bb5kbc/ont/wurdeEntdecktDurch": ["http://w3id.org/bb5kbc/site_360_discovery"], "http://w3id.org/bb5kbc/ont/wurdeGeoreferenziertDurch": ["http://w3id.org/bb5kbc/site_360_activity"], "http://www.opengis.net/ont/geosparql#hasGeometry": ["http://w3id.org/bb5kbc/site_360_geom"], "http://www.w3.org/1999/02/22-rdf-syntax-ns#type": ["http://w3id.org/bb5kbc/ont/Fundstelle"], "http://www.w3.org/2000/01/rdf-schema#label": ["Burgwall - 1"], "http://www.w3.org/2004/02/skos/core#prefLabel": ["Burgwall - 1"]}, "geometry": {"type": "Point", "coordinates": [13.31, 53.05]}}, {"type": "Feature", "id": "http://w3id.org/bb5kbc/site_586", "name": "", "dateprops": [], "properties": {"http://fuzzy-sl.squirrel.link/ontology/certaintyLevel": ["https://fuzzy-sl.wikibase.cloud/entity/Q23"], "http://fuzzy-sl.squirrel.link/ontology/hasLocationType": ["https://fuzzy-sl.wikibase.cloud/entity/Q80"], "http://fuzzy-sl.squirrel.link/ontology/representativeGeometry": ["http://w3id.org/bb5kbc/site_586_geom"], "http://purl.org/dc/terms/identifier": ["586"], "http://rdfs.org/ns/void#inDataset": ["http://w3id.org/bb5kbc/Brandenburg_5000_BC_Data"], "http://w3id.org/bb5kbc/ont/hatFID": ["586"], "http://w3id.org/bb5kbc/ont/hatFundstellenID": ["401"], "http://w3id.org/bb5kbc/ont/hatFundstellenart": ["http://w3id.org/bb5kbc/fundstellenart_376218bc"], "http://w3id.org/bb5kbc/ont/hatGenauigkeit": ["0.0"], "http://w3id.org/bb5kbc/ont/hatKatalognummer": ["18010"], "http://w3id.org/bb5kbc/ont/hatKulturelleZuordnung": ["http://w3id.org/bb5kbc/site_586_culture"], "http://w3id.org/bb5kbc/ont/hatPublikation": ["http://w3id.org/bb5kbc/pub_f5ff5579"], "http://w3id.org/bb5kbc/ont/inGemeinde": ["http://w3id.org/bb5kbc/gemeinde_e743046d"], "http://w3id.org/bb5kbc/ont/wurdeEntdecktDurch": ["http://w3id.org/bb5kbc/site_586_discovery"], "http://w3id.org/bb5kbc/ont/wurdeGeoreferenziertDurch": ["http://w3id.org/bb5kbc/site_586_activity"], "http://www.opengis.net/ont/geosparql#hasGeometry": ["http://w3id.org/bb5kbc/site_586_geom"], "http://www.w3.org/1999/02/22-rdf-syntax-ns#type": ["http://w3id.org/bb5kbc/ont/Fundstelle"], "http://www.w3.org/2000/01/rdf-schema#label": ["Schwaneberg 27"], "http://www.w3.org/2004/02/skos/core#prefLabel": ["Schwaneberg 27"]}, "geometry": {"type": "Point", "coordinates": [14.12, 53.33]}}, {"type": "Feature", "id": "http://w3id.org/bb5kbc/site_389", "name": "", "dateprops": [], "properties": {"http://fuzzy-sl.squirrel.link/ontology/certaintyLevel": ["https://fuzzy-sl.wikibase.cloud/entity/Q23"], "http://fuzzy-sl.squirrel.link/ontology/hasLocationType": ["https://fuzzy-sl.wikibase.cloud/entity/Q80"], "http://fuzzy-sl.squirrel.link/ontology/representativeGeometry": ["http://w3id.org/bb5kbc/site_389_geom"], "http://purl.org/dc/terms/identifier": ["389"], "http://rdfs.org/ns/void#inDataset": ["http://w3id.org/bb5kbc/Brandenburg_5000_BC_Data"], "http://w3id.org/bb5kbc/ont/hatFID": ["389"], "http://w3id.org/bb5kbc/ont/hatFundstellenID": ["476"], "http://w3id.org/bb5kbc/ont/hatFundstellenart": ["http://w3id.org/bb5kbc/fundstellenart_376218bc"], "http://w3id.org/bb5kbc/ont/hatGenauigkeit": ["0.0"], "http://w3id.org/bb5kbc/ont/hatKatalognummer": ["53123"], "http://w3id.org/bb5kbc/ont/hatKulturelleZuordnung": ["http://w3id.org/bb5kbc/site_389_culture"], "http://w3id.org/bb5kbc/ont/inGemeinde": ["http://w3id.org/bb5kbc/gemeinde_9dcb05b6"], "http://w3id.org/bb5kbc/ont/wurdeEntdecktDurch": ["http://w3id.org/bb5kbc/site_389_discovery"], "http://w3id.org/bb5kbc/ont/wurdeGeoreferenziertDurch": ["http://w3id.org/bb5kbc/site_389_activity"], "http://www.opengis.net/ont/geosparql#hasGeometry": ["http://w3id.org/bb5kbc/site_389_geom"], "http://www.w3.org/1999/02/22-rdf-syntax-ns#type": ["http://w3id.org/bb5kbc/ont/Fundstelle"], "http://www.w3.org/2000/01/rdf-schema#label": ["Wulkow bei Alt Ruppin - 3"], "http://www.w3.org/2004/02/skos/core#prefLabel": ["Wulkow bei Alt Ruppin - 3"]}, "geometry": {"type": "Point", "coordinates": [12.95, 52.93]}}, {"type": "Feature", "id": "http://w3id.org/bb5kbc/site_447", "name": "", "dateprops": [], "properties": {"http://fuzzy-sl.squirrel.link/ontology/certaintyLevel": ["https://fuzzy-sl.wikibase.cloud/entity/Q23"], "http://fuzzy-sl.squirrel.link/ontology/hasLocationType": ["https://fuzzy-sl.wikibase.cloud/entity/Q80"], "http://fuzzy-sl.squirrel.link/ontology/representativeGeometry": ["http://w3id.org/bb5kbc/site_447_geom"], "http://purl.org/dc/terms/identifier": ["447"], "http://rdfs.org/ns/void#inDataset": ["http://w3id.org/bb5kbc/Brandenburg_5000_BC_Data"], "http://w3id.org/bb5kbc/ont/hatFID": ["447"], "http://w3id.org/bb5kbc/ont/hatFundstellenID": ["160"], "http://w3id.org/bb5kbc/ont/hatFundstellenart": ["http://w3id.org/bb5kbc/fundstellenart_376218bc"], "http://w3id.org/bb5kbc/ont/hatGenauigkeit": ["0.0"], "http://w3id.org/bb5kbc/ont/hatKatalognummer": ["24143"], "http://w3id.org/bb5kbc/ont/hatKulturelleZuordnung": ["http://w3id.org/bb5kbc/site_447_culture"], "http://w3id.org/bb5kbc/ont/inGemeinde": ["http://w3id.org/bb5kbc/gemeinde_868b6904"], "http://w3id.org/bb5kbc/ont/wurdeEntdecktDurch": ["http://w3id.org/bb5kbc/site_447_discovery"], "http://w3id.org/bb5kbc/ont/wurdeGeoreferenziertDurch": ["http://w3id.org/bb5kbc/site_447_activity"], "http://www.opengis.net/ont/geosparql#hasGeometry": ["http://w3id.org/bb5kbc/site_447_geom"], "http://www.w3.org/1999/02/22-rdf-syntax-ns#type": ["http://w3id.org/bb5kbc/ont/Fundstelle"], "http://www.w3.org/2000/01/rdf-schema#label": ["Gr\u00f6ben - 4"], "http://www.w3.org/2004/02/skos/core#prefLabel": ["Gr\u00f6ben - 4"]}, "geometry": {"type": "Point", "coordinates": [13.16, 52.28]}}, {"type": "Feature", "id": "http://w3id.org/bb5kbc/site_493", "name": "", "dateprops": [], "properties": {"http://fuzzy-sl.squirrel.link/ontology/certaintyLevel": ["https://fuzzy-sl.wikibase.cloud/entity/Q23"], "http://fuzzy-sl.squirrel.link/ontology/hasLocationType": ["https://fuzzy-sl.wikibase.cloud/entity/Q80"], "http://fuzzy-sl.squirrel.link/ontology/representativeGeometry": ["http://w3id.org/bb5kbc/site_493_geom"], "http://purl.org/dc/terms/identifier": ["493"], "http://rdfs.org/ns/void#inDataset": ["http://w3id.org/bb5kbc/Brandenburg_5000_BC_Data"], "http://w3id.org/bb5kbc/ont/hatFID": ["493"], "http://w3id.org/bb5kbc/ont/hatFundstellenID": ["31"], "http://w3id.org/bb5kbc/ont/hatFundstellenart": ["http://w3id.org/bb5kbc/fundstellenart_376218bc"], "http://w3id.org/bb5kbc/ont/hatGenauigkeit": ["0.0"], "http://w3id.org/bb5kbc/ont/hatKatalognummer": ["163"], "http://w3id.org/bb5kbc/ont/hatKulturelleZuordnung": ["http://w3id.org/bb5kbc/site_493_culture"], "http://w3id.org/bb5kbc/ont/inGemeinde": ["http://w3id.org/bb5kbc/gemeinde_3923ce06"], "http://w3id.org/bb5kbc/ont/wurdeEntdecktDurch": ["http://w3id.org/bb5kbc/site_493_discovery"], "http://w3id.org/bb5kbc/ont/wurdeGeoreferenziertDurch": ["http://w3id.org/bb5kbc/site_493_activity"], "http://www.opengis.net/ont/geosparql#hasGeometry": ["http://w3id.org/bb5kbc/site_493_geom"], "http://www.w3.org/1999/02/22-rdf-syntax-ns#type": ["http://w3id.org/bb5kbc/ont/Fundstelle"], "http://www.w3.org/2000/01/rdf-schema#label": ["Berkholz zu Berkholz-Meyenburg - 13"], "http://www.w3.org/2004/02/skos/core#prefLabel": ["Berkholz zu Berkholz-Meyenburg - 13"]}, "geometry": {"type": "Point", "coordinates": [14.22, 53.05]}}, {"type": "Feature", "id": "http://w3id.org/bb5kbc/site_563", "name": "", "dateprops": [], "properties": {"http://fuzzy-sl.squirrel.link/ontology/certaintyLevel": ["https://fuzzy-sl.wikibase.cloud/entity/Q23"], "http://fuzzy-sl.squirrel.link/ontology/hasLocationType": ["https://fuzzy-sl.wikibase.cloud/entity/Q80"], "http://fuzzy-sl.squirrel.link/ontology/representativeGeometry": ["http://w3id.org/bb5kbc/site_563_geom"], "http://purl.org/dc/terms/identifier": ["563"], "http://rdfs.org/ns/void#inDataset": ["http://w3id.org/bb5kbc/Brandenburg_5000_BC_Data"], "http://w3id.org/bb5kbc/ont/hatFID": ["563"], "http://w3id.org/bb5kbc/ont/hatFundstellenID": ["303"], "http://w3id.org/bb5kbc/ont/hatFundstellenart": ["http://w3id.org/bb5kbc/fundstellenart_376218bc"], "http://w3id.org/bb5kbc/ont/hatGenauigkeit": ["0.0"], "http://w3id.org/bb5kbc/ont/hatKatalognummer": ["11326"], "http://w3id.org/bb5kbc/ont/hatKulturelleZuordnung": ["http://w3id.org/bb5kbc/site_563_culture"], "http://w3id.org/bb5kbc/ont/hatPublikation": ["http://w3id.org/bb5kbc/pub_c54b495e"], "http://w3id.org/bb5kbc/ont/inGemeinde": ["http://w3id.org/bb5kbc/gemeinde_7ff1cdab"], "http://w3id.org/bb5kbc/ont/wurdeEntdecktDurch": ["http://w3id.org/bb5kbc/site_563_discovery"], "http://w3id.org/bb5kbc/ont/wurdeGeoreferenziertDurch": ["http://w3id.org/bb5kbc/site_563_activity"], "http://www.opengis.net/ont/geosparql#hasGeometry": ["http://w3id.org/bb5kbc/site_563_geom"], "http://www.w3.org/1999/02/22-rdf-syntax-ns#type": ["http://w3id.org/bb5kbc/ont/Fundstelle"], "http://www.w3.org/2000/01/rdf-schema#label": ["Neuendorf am See 6"], "http://www.w3.org/2004/02/skos/core#prefLabel": ["Neuendorf am See 6"]}, "geometry": {"type": "Point", "coordinates": [13.89, 52.1]}}, {"type": "Feature", "id": "http://w3id.org/bb5kbc/site_466", "name": "", "dateprops": [], "properties": {"http://fuzzy-sl.squirrel.link/ontology/certaintyLevel": ["https://fuzzy-sl.wikibase.cloud/entity/Q23"], "http://fuzzy-sl.squirrel.link/ontology/hasLocationType": ["https://fuzzy-sl.wikibase.cloud/entity/Q80"], "http://fuzzy-sl.squirrel.link/ontology/representativeGeometry": ["http://w3id.org/bb5kbc/site_466_geom"], "http://purl.org/dc/terms/identifier": ["466"], "http://rdfs.org/ns/void#inDataset": ["http://w3id.org/bb5kbc/Brandenburg_5000_BC_Data"], "http://w3id.org/bb5kbc/ont/hatFID": ["466"], "http://w3id.org/bb5kbc/ont/hatFundstellenID": ["115"], "http://w3id.org/bb5kbc/ont/hatFundstellenart": ["http://w3id.org/bb5kbc/fundstellenart_376218bc"], "http://w3id.org/bb5kbc/ont/hatGenauigkeit": ["0.0"], "http://w3id.org/bb5kbc/ont/hatKatalognummer": ["354"], "http://w3id.org/bb5kbc/ont/hatKulturelleZuordnung": ["http://w3id.org/bb5kbc/site_466_culture"], "http://w3id.org/bb5kbc/ont/inGemeinde": ["http://w3id.org/bb5kbc/gemeinde_dd8c0a93"], "http://w3id.org/bb5kbc/ont/wurdeEntdecktDurch": ["http://w3id.org/bb5kbc/site_466_discovery"], "http://w3id.org/bb5kbc/ont/wurdeGeoreferenziertDurch": ["http://w3id.org/bb5kbc/site_466_activity"], "http://www.opengis.net/ont/geosparql#hasGeometry": ["http://w3id.org/bb5kbc/site_466_geom"], "http://www.w3.org/1999/02/22-rdf-syntax-ns#type": ["http://w3id.org/bb5kbc/ont/Fundstelle"], "http://www.w3.org/2000/01/rdf-schema#label": ["Felchow - 12"], "http://www.w3.org/2004/02/skos/core#prefLabel": ["Felchow - 12"]}, "geometry": {"type": "Point", "coordinates": [14.13, 53.02]}}, {"type": "Feature", "id": "http://w3id.org/bb5kbc/site_323", "name": "", "dateprops": [], "properties": {"http://fuzzy-sl.squirrel.link/ontology/certaintyLevel": ["https://fuzzy-sl.wikibase.cloud/entity/Q23"], "http://fuzzy-sl.squirrel.link/ontology/hasLocationType": ["https://fuzzy-sl.wikibase.cloud/entity/Q80"], "http://fuzzy-sl.squirrel.link/ontology/representativeGeometry": ["http://w3id.org/bb5kbc/site_323_geom"], "http://purl.org/dc/terms/identifier": ["323"], "http://rdfs.org/ns/void#inDataset": ["http://w3id.org/bb5kbc/Brandenburg_5000_BC_Data"], "http://w3id.org/bb5kbc/ont/hatFID": ["323"], "http://w3id.org/bb5kbc/ont/hatFundstellenID": ["240"], "http://w3id.org/bb5kbc/ont/hatFundstellenart": ["http://w3id.org/bb5kbc/fundstellenart_376218bc"], "http://w3id.org/bb5kbc/ont/hatGenauigkeit": ["0.0"], "http://w3id.org/bb5kbc/ont/hatKatalognummer": ["11226"], "http://w3id.org/bb5kbc/ont/hatKulturelleZuordnung": ["http://w3id.org/bb5kbc/site_323_culture"], "http://w3id.org/bb5kbc/ont/inGemeinde": ["http://w3id.org/bb5kbc/gemeinde_a8a78781"], "http://w3id.org/bb5kbc/ont/wurdeEntdecktDurch": ["http://w3id.org/bb5kbc/site_323_discovery"], "http://w3id.org/bb5kbc/ont/wurdeGeoreferenziertDurch": ["http://w3id.org/bb5kbc/site_323_activity"], "http://www.opengis.net/ont/geosparql#hasGeometry": ["http://w3id.org/bb5kbc/site_323_geom"], "http://www.w3.org/1999/02/22-rdf-syntax-ns#type": ["http://w3id.org/bb5kbc/ont/Fundstelle"], "http://www.w3.org/2000/01/rdf-schema#label": ["Krausnick - 5"], "http://www.w3.org/2004/02/skos/core#prefLabel": ["Krausnick - 5"]}, "geometry": {"type": "Point", "coordinates": [13.85, 52.03]}}, {"type": "Feature", "id": "http://w3id.org/bb5kbc/site_327", "name": "", "dateprops": [], "properties": {"http://fuzzy-sl.squirrel.link/ontology/certaintyLevel": ["https://fuzzy-sl.wikibase.cloud/entity/Q23"], "http://fuzzy-sl.squirrel.link/ontology/hasLocationType": ["https://fuzzy-sl.wikibase.cloud/entity/Q80"], "http://fuzzy-sl.squirrel.link/ontology/representativeGeometry": ["http://w3id.org/bb5kbc/site_327_geom"], "http://purl.org/dc/terms/identifier": ["327"], "http://rdfs.org/ns/void#inDataset": ["http://w3id.org/bb5kbc/Brandenburg_5000_BC_Data"], "http://w3id.org/bb5kbc/ont/hatFID": ["327"], "http://w3id.org/bb5kbc/ont/hatFundstellenID": ["392"], "http://w3id.org/bb5kbc/ont/hatFundstellenart": ["http://w3id.org/bb5kbc/fundstellenart_376218bc"], "http://w3id.org/bb5kbc/ont/hatGenauigkeit": ["0.0"], "http://w3id.org/bb5kbc/ont/hatKatalognummer": ["8443"], "http://w3id.org/bb5kbc/ont/hatKulturelleZuordnung": ["http://w3id.org/bb5kbc/site_327_culture"], "http://w3id.org/bb5kbc/ont/inGemeinde": ["http://w3id.org/bb5kbc/gemeinde_a93b50a5"], "http://w3id.org/bb5kbc/ont/wurdeEntdecktDurch": ["http://w3id.org/bb5kbc/site_327_discovery"], "http://w3id.org/bb5kbc/ont/wurdeGeoreferenziertDurch": ["http://w3id.org/bb5kbc/site_327_activity"], "http://www.opengis.net/ont/geosparql#hasGeometry": ["http://w3id.org/bb5kbc/site_327_geom"], "http://www.w3.org/1999/02/22-rdf-syntax-ns#type": ["http://w3id.org/bb5kbc/ont/Fundstelle"], "http://www.w3.org/2000/01/rdf-schema#label": ["Schmielsdorf - 1"], "http://www.w3.org/2004/02/skos/core#prefLabel": ["Schmielsdorf - 1"]}, "geometry": {"type": "Point", "coordinates": [13.22, 51.83]}}, {"type": "Feature", "id": "http://w3id.org/bb5kbc/site_37", "name": "", "dateprops": [], "properties": {"http://fuzzy-sl.squirrel.link/ontology/certaintyLevel": ["https://fuzzy-sl.wikibase.cloud/entity/Q23"], "http://fuzzy-sl.squirrel.link/ontology/hasLocationType": ["https://fuzzy-sl.wikibase.cloud/entity/Q80"], "http://fuzzy-sl.squirrel.link/ontology/representativeGeometry": ["http://w3id.org/bb5kbc/site_37_geom"], "http://purl.org/dc/terms/identifier": ["37"], "http://rdfs.org/ns/void#inDataset": ["http://w3id.org/bb5kbc/Brandenburg_5000_BC_Data"], "http://w3id.org/bb5kbc/ont/hatFID": ["37"], "http://w3id.org/bb5kbc/ont/hatFundstellenID": ["205"], "http://w3id.org/bb5kbc/ont/hatFundstellenart": ["http://w3id.org/bb5kbc/fundstellenart_376218bc"], "http://w3id.org/bb5kbc/ont/hatGenauigkeit": ["0.0"], "http://w3id.org/bb5kbc/ont/hatKatalognummer": ["9659"], "http://w3id.org/bb5kbc/ont/hatKulturelleZuordnung": ["http://w3id.org/bb5kbc/site_37_culture"], "http://w3id.org/bb5kbc/ont/hatPublikation": ["http://w3id.org/bb5kbc/pub_21405e20"], "http://w3id.org/bb5kbc/ont/hatScherbe": ["http://w3id.org/bb5kbc/sherd_e6015507"], "http://w3id.org/bb5kbc/ont/inGemeinde": ["http://w3id.org/bb5kbc/gemeinde_680491ed"], "http://w3id.org/bb5kbc/ont/wurdeEntdecktDurch": ["http://w3id.org/bb5kbc/site_37_discovery"], "http://w3id.org/bb5kbc/ont/wurdeGeoreferenziertDurch": ["http://w3id.org/bb5kbc/site_37_activity"], "http://www.opengis.net/ont/geosparql#hasGeometry": ["http://w3id.org/bb5kbc/site_37_geom"], "http://www.w3.org/1999/02/22-rdf-syntax-ns#type": ["http://w3id.org/bb5kbc/ont/Fundstelle"], "http://www.w3.org/2000/01/rdf-schema#label": ["J\u00fcterbog 31"], "http://www.w3.org/2004/02/skos/core#prefLabel": ["J\u00fcterbog 31"]}, "geometry": {"type": "Point", "coordinates": [13.05, 51.99]}}, {"type": "Feature", "id": "http://w3id.org/bb5kbc/site_263", "name": "", "dateprops": [], "properties": {"http://fuzzy-sl.squirrel.link/ontology/certaintyLevel": ["https://fuzzy-sl.wikibase.cloud/entity/Q23"], "http://fuzzy-sl.squirrel.link/ontology/hasLocationType": ["https://fuzzy-sl.wikibase.cloud/entity/Q80"], "http://fuzzy-sl.squirrel.link/ontology/representativeGeometry": ["http://w3id.org/bb5kbc/site_263_geom"], "http://purl.org/dc/terms/identifier": ["263"], "http://rdfs.org/ns/void#inDataset": ["http://w3id.org/bb5kbc/Brandenburg_5000_BC_Data"], "http://w3id.org/bb5kbc/ont/hatFID": ["263"], "http://w3id.org/bb5kbc/ont/hatFundstellenID": ["298"], "http://w3id.org/bb5kbc/ont/hatFundstellenart": ["http://w3id.org/bb5kbc/fundstellenart_376218bc"], "http://w3id.org/bb5kbc/ont/hatGenauigkeit": ["0.0"], "http://w3id.org/bb5kbc/ont/hatKatalognummer": ["12669"], "http://w3id.org/bb5kbc/ont/hatKulturelleZuordnung": ["http://w3id.org/bb5kbc/site_263_culture"], "http://w3id.org/bb5kbc/ont/inGemeinde": ["http://w3id.org/bb5kbc/gemeinde_db4a9ae5"], "http://w3id.org/bb5kbc/ont/wurdeEntdecktDurch": ["http://w3id.org/bb5kbc/site_263_discovery"], "http://w3id.org/bb5kbc/ont/wurdeGeoreferenziertDurch": ["http://w3id.org/bb5kbc/site_263_activity"], "http://www.opengis.net/ont/geosparql#hasGeometry": ["http://w3id.org/bb5kbc/site_263_geom"], "http://www.w3.org/1999/02/22-rdf-syntax-ns#type": ["http://w3id.org/bb5kbc/ont/Fundstelle"], "http://www.w3.org/2000/01/rdf-schema#label": ["Nauen 21"], "http://www.w3.org/2004/02/skos/core#prefLabel": ["Nauen 21"]}, "geometry": {"type": "Point", "coordinates": [12.88, 52.62]}}, {"type": "Feature", "id": "http://w3id.org/bb5kbc/site_412", "name": "", "dateprops": [], "properties": {"http://fuzzy-sl.squirrel.link/ontology/certaintyLevel": ["https://fuzzy-sl.wikibase.cloud/entity/Q23"], "http://fuzzy-sl.squirrel.link/ontology/hasLocationType": ["https://fuzzy-sl.wikibase.cloud/entity/Q80"], "http://fuzzy-sl.squirrel.link/ontology/representativeGeometry": ["http://w3id.org/bb5kbc/site_412_geom"], "http://purl.org/dc/terms/identifier": ["412"], "http://rdfs.org/ns/void#inDataset": ["http://w3id.org/bb5kbc/Brandenburg_5000_BC_Data"], "http://w3id.org/bb5kbc/ont/hatFID": ["412"], "http://w3id.org/bb5kbc/ont/hatFundstellenID": ["141"], "http://w3id.org/bb5kbc/ont/hatFundstellenart": ["http://w3id.org/bb5kbc/fundstellenart_376218bc"], "http://w3id.org/bb5kbc/ont/hatGenauigkeit": ["0.0"], "http://w3id.org/bb5kbc/ont/hatKatalognummer": ["15417"], "http://w3id.org/bb5kbc/ont/hatKulturelleZuordnung": ["http://w3id.org/bb5kbc/site_412_culture"], "http://w3id.org/bb5kbc/ont/inGemeinde": ["http://w3id.org/bb5kbc/gemeinde_03e347e3"], "http://w3id.org/bb5kbc/ont/wurdeEntdecktDurch": ["http://w3id.org/bb5kbc/site_412_discovery"], "http://w3id.org/bb5kbc/ont/wurdeGeoreferenziertDurch": ["http://w3id.org/bb5kbc/site_412_activity"], "http://www.opengis.net/ont/geosparql#hasGeometry": ["http://w3id.org/bb5kbc/site_412_geom"], "http://www.w3.org/1999/02/22-rdf-syntax-ns#type": ["http://w3id.org/bb5kbc/ont/Fundstelle"], "http://www.w3.org/2000/01/rdf-schema#label": ["Geltow - 9"], "http://www.w3.org/2004/02/skos/core#prefLabel": ["Geltow - 9"]}, "geometry": {"type": "Point", "coordinates": [12.98, 52.37]}}, {"type": "Feature", "id": "http://w3id.org/bb5kbc/site_269", "name": "", "dateprops": [], "properties": {"http://fuzzy-sl.squirrel.link/ontology/certaintyLevel": ["https://fuzzy-sl.wikibase.cloud/entity/Q23"], "http://fuzzy-sl.squirrel.link/ontology/hasLocationType": ["https://fuzzy-sl.wikibase.cloud/entity/Q80"], "http://fuzzy-sl.squirrel.link/ontology/representativeGeometry": ["http://w3id.org/bb5kbc/site_269_geom"], "http://purl.org/dc/terms/identifier": ["269"], "http://rdfs.org/ns/void#inDataset": ["http://w3id.org/bb5kbc/Brandenburg_5000_BC_Data"], "http://w3id.org/bb5kbc/ont/hatFID": ["269"], "http://w3id.org/bb5kbc/ont/hatFundstellenID": ["372"], "http://w3id.org/bb5kbc/ont/hatFundstellenart": ["http://w3id.org/bb5kbc/fundstellenart_376218bc"], "http://w3id.org/bb5kbc/ont/hatGenauigkeit": ["0.0"], "http://w3id.org/bb5kbc/ont/hatKatalognummer": ["58581"], "http://w3id.org/bb5kbc/ont/hatKulturelleZuordnung": ["http://w3id.org/bb5kbc/site_269_culture"], "http://w3id.org/bb5kbc/ont/inGemeinde": ["http://w3id.org/bb5kbc/gemeinde_d1afd416"], "http://w3id.org/bb5kbc/ont/wurdeEntdecktDurch": ["http://w3id.org/bb5kbc/site_269_discovery"], "http://w3id.org/bb5kbc/ont/wurdeGeoreferenziertDurch": ["http://w3id.org/bb5kbc/site_269_activity"], "http://www.opengis.net/ont/geosparql#hasGeometry": ["http://w3id.org/bb5kbc/site_269_geom"], "http://www.w3.org/1999/02/22-rdf-syntax-ns#type": ["http://w3id.org/bb5kbc/ont/Fundstelle"], "http://www.w3.org/2000/01/rdf-schema#label": ["Ribbeck 9/21 (9)"], "http://www.w3.org/2004/02/skos/core#prefLabel": ["Ribbeck 9/21 (9)"]}, "geometry": {"type": "Point", "coordinates": [12.75, 52.63]}}, {"type": "Feature", "id": "http://w3id.org/bb5kbc/site_348", "name": "", "dateprops": [], "properties": {"http://fuzzy-sl.squirrel.link/ontology/certaintyLevel": ["https://fuzzy-sl.wikibase.cloud/entity/Q23"], "http://fuzzy-sl.squirrel.link/ontology/hasLocationType": ["https://fuzzy-sl.wikibase.cloud/entity/Q80"], "http://fuzzy-sl.squirrel.link/ontology/representativeGeometry": ["http://w3id.org/bb5kbc/site_348_geom"], "http://purl.org/dc/terms/identifier": ["348"], "http://rdfs.org/ns/void#inDataset": ["http://w3id.org/bb5kbc/Brandenburg_5000_BC_Data"], "http://w3id.org/bb5kbc/ont/hatFID": ["348"], "http://w3id.org/bb5kbc/ont/hatFundstellenID": ["194"], "http://w3id.org/bb5kbc/ont/hatFundstellenart": ["http://w3id.org/bb5kbc/fundstellenart_376218bc"], "http://w3id.org/bb5kbc/ont/hatGenauigkeit": ["0.0"], "http://w3id.org/bb5kbc/ont/hatKatalognummer": ["12585"], "http://w3id.org/bb5kbc/ont/hatKulturelleZuordnung": ["http://w3id.org/bb5kbc/site_348_culture"], "http://w3id.org/bb5kbc/ont/inGemeinde": ["http://w3id.org/bb5kbc/gemeinde_b54adf41"], "http://w3id.org/bb5kbc/ont/wurdeEntdecktDurch": ["http://w3id.org/bb5kbc/site_348_discovery"], "http://w3id.org/bb5kbc/ont/wurdeGeoreferenziertDurch": ["http://w3id.org/bb5kbc/site_348_activity"], "http://www.opengis.net/ont/geosparql#hasGeometry": ["http://w3id.org/bb5kbc/site_348_geom"], "http://www.w3.org/1999/02/22-rdf-syntax-ns#type": ["http://w3id.org/bb5kbc/ont/Fundstelle"], "http://www.w3.org/2000/01/rdf-schema#label": ["Hoppenrade - 2"], "http://www.w3.org/2004/02/skos/core#prefLabel": ["Hoppenrade - 2"]}, "geometry": {"type": "Point", "coordinates": [12.94, 52.52]}}, {"type": "Feature", "id": "http://w3id.org/bb5kbc/site_374", "name": "", "dateprops": [], "properties": {"http://fuzzy-sl.squirrel.link/ontology/certaintyLevel": ["https://fuzzy-sl.wikibase.cloud/entity/Q23"], "http://fuzzy-sl.squirrel.link/ontology/hasLocationType": ["https://fuzzy-sl.wikibase.cloud/entity/Q80"], "http://fuzzy-sl.squirrel.link/ontology/representativeGeometry": ["http://w3id.org/bb5kbc/site_374_geom"], "http://purl.org/dc/terms/identifier": ["374"], "http://rdfs.org/ns/void#inDataset": ["http://w3id.org/bb5kbc/Brandenburg_5000_BC_Data"], "http://w3id.org/bb5kbc/ont/hatFID": ["374"], "http://w3id.org/bb5kbc/ont/hatFundstellenID": ["238"], "http://w3id.org/bb5kbc/ont/hatFundstellenart": ["http://w3id.org/bb5kbc/fundstellenart_376218bc"], "http://w3id.org/bb5kbc/ont/hatGenauigkeit": ["0.0"], "http://w3id.org/bb5kbc/ont/hatKatalognummer": ["10636"], "http://w3id.org/bb5kbc/ont/hatKulturelleZuordnung": ["http://w3id.org/bb5kbc/site_374_culture"], "http://w3id.org/bb5kbc/ont/inGemeinde": ["http://w3id.org/bb5kbc/gemeinde_054697b8"], "http://w3id.org/bb5kbc/ont/wurdeEntdecktDurch": ["http://w3id.org/bb5kbc/site_374_discovery"], "http://w3id.org/bb5kbc/ont/wurdeGeoreferenziertDurch": ["http://w3id.org/bb5kbc/site_374_activity"], "http://www.opengis.net/ont/geosparql#hasGeometry": ["http://w3id.org/bb5kbc/site_374_geom"], "http://www.w3.org/1999/02/22-rdf-syntax-ns#type": ["http://w3id.org/bb5kbc/ont/Fundstelle"], "http://www.w3.org/2000/01/rdf-schema#label": ["K\u00f6tzlin - 9"], "http://www.w3.org/2004/02/skos/core#prefLabel": ["K\u00f6tzlin - 9"]}, "geometry": {"type": "Point", "coordinates": [12.22, 52.91]}}, {"type": "Feature", "id": "http://w3id.org/bb5kbc/site_282", "name": "", "dateprops": [], "properties": {"http://fuzzy-sl.squirrel.link/ontology/certaintyLevel": ["https://fuzzy-sl.wikibase.cloud/entity/Q23"], "http://fuzzy-sl.squirrel.link/ontology/hasLocationType": ["https://fuzzy-sl.wikibase.cloud/entity/Q80"], "http://fuzzy-sl.squirrel.link/ontology/representativeGeometry": ["http://w3id.org/bb5kbc/site_282_geom"], "http://purl.org/dc/terms/identifier": ["282"], "http://rdfs.org/ns/void#inDataset": ["http://w3id.org/bb5kbc/Brandenburg_5000_BC_Data"], "http://w3id.org/bb5kbc/ont/hatFID": ["282"], "http://w3id.org/bb5kbc/ont/hatFundstellenID": ["75"], "http://w3id.org/bb5kbc/ont/hatFundstellenart": ["http://w3id.org/bb5kbc/fundstellenart_376218bc"], "http://w3id.org/bb5kbc/ont/hatGenauigkeit": ["0.0"], "http://w3id.org/bb5kbc/ont/hatKatalognummer": ["16400"], "http://w3id.org/bb5kbc/ont/hatKulturelleZuordnung": ["http://w3id.org/bb5kbc/site_282_culture"], "http://w3id.org/bb5kbc/ont/inGemeinde": ["http://w3id.org/bb5kbc/gemeinde_4c9b4dd1"], "http://w3id.org/bb5kbc/ont/wurdeEntdecktDurch": ["http://w3id.org/bb5kbc/site_282_discovery"], "http://w3id.org/bb5kbc/ont/wurdeGeoreferenziertDurch": ["http://w3id.org/bb5kbc/site_282_activity"], "http://www.opengis.net/ont/geosparql#hasGeometry": ["http://w3id.org/bb5kbc/site_282_geom"], "http://www.w3.org/1999/02/22-rdf-syntax-ns#type": ["http://w3id.org/bb5kbc/ont/Fundstelle"], "http://www.w3.org/2000/01/rdf-schema#label": ["Br\u00fcssow 21"], "http://www.w3.org/2004/02/skos/core#prefLabel": ["Br\u00fcssow 21"]}, "geometry": {"type": "Point", "coordinates": [14.15, 53.4]}}, {"type": "Feature", "id": "http://w3id.org/bb5kbc/site_82", "name": "", "dateprops": [], "properties": {"http://fuzzy-sl.squirrel.link/ontology/certaintyLevel": ["https://fuzzy-sl.wikibase.cloud/entity/Q23"], "http://fuzzy-sl.squirrel.link/ontology/hasLocationType": ["https://fuzzy-sl.wikibase.cloud/entity/Q80"], "http://fuzzy-sl.squirrel.link/ontology/representativeGeometry": ["http://w3id.org/bb5kbc/site_82_geom"], "http://purl.org/dc/terms/identifier": ["82"], "http://rdfs.org/ns/void#inDataset": ["http://w3id.org/bb5kbc/Brandenburg_5000_BC_Data"], "http://w3id.org/bb5kbc/ont/hatFID": ["82"], "http://w3id.org/bb5kbc/ont/hatFundstellenID": ["301"], "http://w3id.org/bb5kbc/ont/hatFundstellenart": ["http://w3id.org/bb5kbc/fundstellenart_018f2eff"], "http://w3id.org/bb5kbc/ont/hatGenauigkeit": ["0.0"], "http://w3id.org/bb5kbc/ont/hatKatalognummer": ["43938"], "http://w3id.org/bb5kbc/ont/hatKulturelleZuordnung": ["http://w3id.org/bb5kbc/site_82_culture"], "http://w3id.org/bb5kbc/ont/inGemeinde": ["http://w3id.org/bb5kbc/gemeinde_5e3894c8"], "http://w3id.org/bb5kbc/ont/wurdeEntdecktDurch": ["http://w3id.org/bb5kbc/site_82_discovery"], "http://w3id.org/bb5kbc/ont/wurdeGeoreferenziertDurch": ["http://w3id.org/bb5kbc/site_82_activity"], "http://www.opengis.net/ont/geosparql#hasGeometry": ["http://w3id.org/bb5kbc/site_82_geom"], "http://www.w3.org/1999/02/22-rdf-syntax-ns#type": ["http://w3id.org/bb5kbc/ont/Fundstelle"], "http://www.w3.org/2000/01/rdf-schema#label": ["Neuendorf 23"], "http://www.w3.org/2004/02/skos/core#prefLabel": ["Neuendorf 23"]}, "geometry": {"type": "Point", "coordinates": [14.42, 51.8]}}, {"type": "Feature", "id": "http://w3id.org/bb5kbc/site_350", "name": "", "dateprops": [], "properties": {"http://fuzzy-sl.squirrel.link/ontology/certaintyLevel": ["https://fuzzy-sl.wikibase.cloud/entity/Q23"], "http://fuzzy-sl.squirrel.link/ontology/hasLocationType": ["https://fuzzy-sl.wikibase.cloud/entity/Q80"], "http://fuzzy-sl.squirrel.link/ontology/representativeGeometry": ["http://w3id.org/bb5kbc/site_350_geom"], "http://purl.org/dc/terms/identifier": ["350"], "http://rdfs.org/ns/void#inDataset": ["http://w3id.org/bb5kbc/Brandenburg_5000_BC_Data"], "http://w3id.org/bb5kbc/ont/hatFID": ["350"], "http://w3id.org/bb5kbc/ont/hatFundstellenID": ["297"], "http://w3id.org/bb5kbc/ont/hatFundstellenart": ["http://w3id.org/bb5kbc/fundstellenart_376218bc"], "http://w3id.org/bb5kbc/ont/hatGenauigkeit": ["0.0"], "http://w3id.org/bb5kbc/ont/hatKatalognummer": ["21600"], "http://w3id.org/bb5kbc/ont/hatKulturelleZuordnung": ["http://w3id.org/bb5kbc/site_350_culture"], "http://w3id.org/bb5kbc/ont/inGemeinde": ["http://w3id.org/bb5kbc/gemeinde_0463ef92"], "http://w3id.org/bb5kbc/ont/wurdeEntdecktDurch": ["http://w3id.org/bb5kbc/site_350_discovery"], "http://w3id.org/bb5kbc/ont/wurdeGeoreferenziertDurch": ["http://w3id.org/bb5kbc/site_350_activity"], "http://www.opengis.net/ont/geosparql#hasGeometry": ["http://w3id.org/bb5kbc/site_350_geom"], "http://www.w3.org/1999/02/22-rdf-syntax-ns#type": ["http://w3id.org/bb5kbc/ont/Fundstelle"], "http://www.w3.org/2000/01/rdf-schema#label": ["M\u00fcnchehofe - 3"], "http://www.w3.org/2004/02/skos/core#prefLabel": ["M\u00fcnchehofe - 3"]}, "geometry": {"type": "Point", "coordinates": [14.12, 52.56]}}, {"type": "Feature", "id": "http://w3id.org/bb5kbc/site_48", "name": "", "dateprops": [], "properties": {"http://fuzzy-sl.squirrel.link/ontology/certaintyLevel": ["https://fuzzy-sl.wikibase.cloud/entity/Q23"], "http://fuzzy-sl.squirrel.link/ontology/hasLocationType": ["https://fuzzy-sl.wikibase.cloud/entity/Q80"], "http://fuzzy-sl.squirrel.link/ontology/representativeGeometry": ["http://w3id.org/bb5kbc/site_48_geom"], "http://purl.org/dc/terms/identifier": ["48"], "http://rdfs.org/ns/void#inDataset": ["http://w3id.org/bb5kbc/Brandenburg_5000_BC_Data"], "http://w3id.org/bb5kbc/ont/hatFID": ["48"], "http://w3id.org/bb5kbc/ont/hatFundstellenID": ["163"], "http://w3id.org/bb5kbc/ont/hatFundstellenart": ["http://w3id.org/bb5kbc/fundstellenart_1972902b"], "http://w3id.org/bb5kbc/ont/hatGenauigkeit": ["0.0"], "http://w3id.org/bb5kbc/ont/hatKatalognummer": ["24169"], "http://w3id.org/bb5kbc/ont/hatKulturelleZuordnung": ["http://w3id.org/bb5kbc/site_48_culture"], "http://w3id.org/bb5kbc/ont/hatPublikation": ["http://w3id.org/bb5kbc/pub_115d399f"], "http://w3id.org/bb5kbc/ont/hatScherbe": ["http://w3id.org/bb5kbc/sherd_06629eab", "http://w3id.org/bb5kbc/sherd_094ecff2", "http://w3id.org/bb5kbc/sherd_7eb7e637", "http://w3id.org/bb5kbc/sherd_fe397b50"], "http://w3id.org/bb5kbc/ont/inGemeinde": ["http://w3id.org/bb5kbc/gemeinde_23c83da0"], "http://w3id.org/bb5kbc/ont/wurdeEntdecktDurch": ["http://w3id.org/bb5kbc/site_48_discovery"], "http://w3id.org/bb5kbc/ont/wurdeGeoreferenziertDurch": ["http://w3id.org/bb5kbc/site_48_activity"], "http://www.opengis.net/ont/geosparql#hasGeometry": ["http://w3id.org/bb5kbc/site_48_geom"], "http://www.w3.org/1999/02/22-rdf-syntax-ns#type": ["http://w3id.org/bb5kbc/ont/Fundstelle"], "http://www.w3.org/2000/01/rdf-schema#label": ["Gro\u00df Kienitz 7"], "http://www.w3.org/2004/02/skos/core#prefLabel": ["Gro\u00df Kienitz 7"]}, "geometry": {"type": "Point", "coordinates": [13.46, 52.33]}}, {"type": "Feature", "id": "http://w3id.org/bb5kbc/site_254", "name": "", "dateprops": [], "properties": {"http://fuzzy-sl.squirrel.link/ontology/certaintyLevel": ["https://fuzzy-sl.wikibase.cloud/entity/Q23"], "http://fuzzy-sl.squirrel.link/ontology/hasLocationType": ["https://fuzzy-sl.wikibase.cloud/entity/Q80"], "http://fuzzy-sl.squirrel.link/ontology/representativeGeometry": ["http://w3id.org/bb5kbc/site_254_geom"], "http://purl.org/dc/terms/identifier": ["254"], "http://rdfs.org/ns/void#inDataset": ["http://w3id.org/bb5kbc/Brandenburg_5000_BC_Data"], "http://w3id.org/bb5kbc/ont/hatFID": ["254"], "http://w3id.org/bb5kbc/ont/hatFundstellenID": ["47"], "http://w3id.org/bb5kbc/ont/hatFundstellenart": ["http://w3id.org/bb5kbc/fundstellenart_376218bc"], "http://w3id.org/bb5kbc/ont/hatGenauigkeit": ["0.0"], "http://w3id.org/bb5kbc/ont/hatKatalognummer": ["16349"], "http://w3id.org/bb5kbc/ont/hatKulturelleZuordnung": ["http://w3id.org/bb5kbc/site_254_culture"], "http://w3id.org/bb5kbc/ont/inGemeinde": ["http://w3id.org/bb5kbc/gemeinde_20dea27b"], "http://w3id.org/bb5kbc/ont/wurdeEntdecktDurch": ["http://w3id.org/bb5kbc/site_254_discovery"], "http://w3id.org/bb5kbc/ont/wurdeGeoreferenziertDurch": ["http://w3id.org/bb5kbc/site_254_activity"], "http://www.opengis.net/ont/geosparql#hasGeometry": ["http://w3id.org/bb5kbc/site_254_geom"], "http://www.w3.org/1999/02/22-rdf-syntax-ns#type": ["http://w3id.org/bb5kbc/ont/Fundstelle"], "http://www.w3.org/2000/01/rdf-schema#label": ["Blankenburg 26"], "http://www.w3.org/2004/02/skos/core#prefLabel": ["Blankenburg 26"]}, "geometry": {"type": "Point", "coordinates": [13.94, 53.22]}}, {"type": "Feature", "id": "http://w3id.org/bb5kbc/site_346", "name": "", "dateprops": [], "properties": {"http://fuzzy-sl.squirrel.link/ontology/certaintyLevel": ["https://fuzzy-sl.wikibase.cloud/entity/Q23"], "http://fuzzy-sl.squirrel.link/ontology/hasLocationType": ["https://fuzzy-sl.wikibase.cloud/entity/Q80"], "http://fuzzy-sl.squirrel.link/ontology/representativeGeometry": ["http://w3id.org/bb5kbc/site_346_geom"], "http://purl.org/dc/terms/identifier": ["346"], "http://rdfs.org/ns/void#inDataset": ["http://w3id.org/bb5kbc/Brandenburg_5000_BC_Data"], "http://w3id.org/bb5kbc/ont/hatFID": ["346"], "http://w3id.org/bb5kbc/ont/hatFundstellenID": ["450"], "http://w3id.org/bb5kbc/ont/hatFundstellenart": ["http://w3id.org/bb5kbc/fundstellenart_376218bc"], "http://w3id.org/bb5kbc/ont/hatGenauigkeit": ["0.0"], "http://w3id.org/bb5kbc/ont/hatKatalognummer": ["12897"], "http://w3id.org/bb5kbc/ont/hatKulturelleZuordnung": ["http://w3id.org/bb5kbc/site_346_culture"], "http://w3id.org/bb5kbc/ont/inGemeinde": ["http://w3id.org/bb5kbc/gemeinde_454163f6"], "http://w3id.org/bb5kbc/ont/wurdeEntdecktDurch": ["http://w3id.org/bb5kbc/site_346_discovery"], "http://w3id.org/bb5kbc/ont/wurdeGeoreferenziertDurch": ["http://w3id.org/bb5kbc/site_346_activity"], "http://www.opengis.net/ont/geosparql#hasGeometry": ["http://w3id.org/bb5kbc/site_346_geom"], "http://www.w3.org/1999/02/22-rdf-syntax-ns#type": ["http://w3id.org/bb5kbc/ont/Fundstelle"], "http://www.w3.org/2000/01/rdf-schema#label": ["Vietznitz - 11"], "http://www.w3.org/2004/02/skos/core#prefLabel": ["Vietznitz - 11"]}, "geometry": {"type": "Point", "coordinates": [12.63, 52.74]}}, {"type": "Feature", "id": "http://w3id.org/bb5kbc/site_398", "name": "", "dateprops": [], "properties": {"http://fuzzy-sl.squirrel.link/ontology/certaintyLevel": ["https://fuzzy-sl.wikibase.cloud/entity/Q23"], "http://fuzzy-sl.squirrel.link/ontology/hasLocationType": ["https://fuzzy-sl.wikibase.cloud/entity/Q80"], "http://fuzzy-sl.squirrel.link/ontology/representativeGeometry": ["http://w3id.org/bb5kbc/site_398_geom"], "http://purl.org/dc/terms/identifier": ["398"], "http://rdfs.org/ns/void#inDataset": ["http://w3id.org/bb5kbc/Brandenburg_5000_BC_Data"], "http://w3id.org/bb5kbc/ont/hatFID": ["398"], "http://w3id.org/bb5kbc/ont/hatFundstellenID": ["232"], "http://w3id.org/bb5kbc/ont/hatFundstellenart": ["http://w3id.org/bb5kbc/fundstellenart_376218bc"], "http://w3id.org/bb5kbc/ont/hatGenauigkeit": ["0.0"], "http://w3id.org/bb5kbc/ont/hatKatalognummer": ["13126"], "http://w3id.org/bb5kbc/ont/hatKulturelleZuordnung": ["http://w3id.org/bb5kbc/site_398_culture"], "http://w3id.org/bb5kbc/ont/inGemeinde": ["http://w3id.org/bb5kbc/gemeinde_3b273beb"], "http://w3id.org/bb5kbc/ont/wurdeEntdecktDurch": ["http://w3id.org/bb5kbc/site_398_discovery"], "http://w3id.org/bb5kbc/ont/wurdeGeoreferenziertDurch": ["http://w3id.org/bb5kbc/site_398_activity"], "http://www.opengis.net/ont/geosparql#hasGeometry": ["http://w3id.org/bb5kbc/site_398_geom"], "http://www.w3.org/1999/02/22-rdf-syntax-ns#type": ["http://w3id.org/bb5kbc/ont/Fundstelle"], "http://www.w3.org/2000/01/rdf-schema#label": ["K\u00f6nigshorst - 5"], "http://www.w3.org/2004/02/skos/core#prefLabel": ["K\u00f6nigshorst - 5"]}, "geometry": {"type": "Point", "coordinates": [12.75, 52.71]}}, {"type": "Feature", "id": "http://w3id.org/bb5kbc/site_314", "name": "", "dateprops": [], "properties": {"http://fuzzy-sl.squirrel.link/ontology/certaintyLevel": ["https://fuzzy-sl.wikibase.cloud/entity/Q23"], "http://fuzzy-sl.squirrel.link/ontology/hasLocationType": ["https://fuzzy-sl.wikibase.cloud/entity/Q80"], "http://fuzzy-sl.squirrel.link/ontology/representativeGeometry": ["http://w3id.org/bb5kbc/site_314_geom"], "http://purl.org/dc/terms/identifier": ["314"], "http://rdfs.org/ns/void#inDataset": ["http://w3id.org/bb5kbc/Brandenburg_5000_BC_Data"], "http://w3id.org/bb5kbc/ont/hatFID": ["314"], "http://w3id.org/bb5kbc/ont/hatFundstellenID": ["491"], "http://w3id.org/bb5kbc/ont/hatFundstellenart": ["http://w3id.org/bb5kbc/fundstellenart_376218bc"], "http://w3id.org/bb5kbc/ont/hatGenauigkeit": ["0.0"], "http://w3id.org/bb5kbc/ont/hatKatalognummer": ["11418"], "http://w3id.org/bb5kbc/ont/hatKulturelleZuordnung": ["http://w3id.org/bb5kbc/site_314_culture"], "http://w3id.org/bb5kbc/ont/inGemeinde": ["http://w3id.org/bb5kbc/gemeinde_4f66da0e"], "http://w3id.org/bb5kbc/ont/wurdeEntdecktDurch": ["http://w3id.org/bb5kbc/site_314_discovery"], "http://w3id.org/bb5kbc/ont/wurdeGeoreferenziertDurch": ["http://w3id.org/bb5kbc/site_314_activity"], "http://www.opengis.net/ont/geosparql#hasGeometry": ["http://w3id.org/bb5kbc/site_314_geom"], "http://www.w3.org/1999/02/22-rdf-syntax-ns#type": ["http://w3id.org/bb5kbc/ont/Fundstelle"], "http://www.w3.org/2000/01/rdf-schema#label": ["Zaue - 6"], "http://www.w3.org/2004/02/skos/core#prefLabel": ["Zaue - 6"]}, "geometry": {"type": "Point", "coordinates": [14.19, 52.04]}}, {"type": "Feature", "id": "http://w3id.org/bb5kbc/site_286", "name": "", "dateprops": [], "properties": {"http://fuzzy-sl.squirrel.link/ontology/certaintyLevel": ["https://fuzzy-sl.wikibase.cloud/entity/Q23"], "http://fuzzy-sl.squirrel.link/ontology/hasLocationType": ["https://fuzzy-sl.wikibase.cloud/entity/Q80"], "http://fuzzy-sl.squirrel.link/ontology/representativeGeometry": ["http://w3id.org/bb5kbc/site_286_geom"], "http://purl.org/dc/terms/identifier": ["286"], "http://rdfs.org/ns/void#inDataset": ["http://w3id.org/bb5kbc/Brandenburg_5000_BC_Data"], "http://w3id.org/bb5kbc/ont/hatFID": ["286"], "http://w3id.org/bb5kbc/ont/hatFundstellenID": ["118"], "http://w3id.org/bb5kbc/ont/hatFundstellenart": ["http://w3id.org/bb5kbc/fundstellenart_376218bc"], "http://w3id.org/bb5kbc/ont/hatGenauigkeit": ["0.0"], "http://w3id.org/bb5kbc/ont/hatKatalognummer": ["48320"], "http://w3id.org/bb5kbc/ont/hatKulturelleZuordnung": ["http://w3id.org/bb5kbc/site_286_culture"], "http://w3id.org/bb5kbc/ont/inGemeinde": ["http://w3id.org/bb5kbc/gemeinde_ca66eee4"], "http://w3id.org/bb5kbc/ont/wurdeEntdecktDurch": ["http://w3id.org/bb5kbc/site_286_discovery"], "http://w3id.org/bb5kbc/ont/wurdeGeoreferenziertDurch": ["http://w3id.org/bb5kbc/site_286_activity"], "http://www.opengis.net/ont/geosparql#hasGeometry": ["http://w3id.org/bb5kbc/site_286_geom"], "http://www.w3.org/1999/02/22-rdf-syntax-ns#type": ["http://w3id.org/bb5kbc/ont/Fundstelle"], "http://www.w3.org/2000/01/rdf-schema#label": ["Flatow 17"], "http://www.w3.org/2004/02/skos/core#prefLabel": ["Flatow 17"]}, "geometry": {"type": "Point", "coordinates": [12.91, 52.74]}}, {"type": "Feature", "id": "http://w3id.org/bb5kbc/site_294", "name": "", "dateprops": [], "properties": {"http://fuzzy-sl.squirrel.link/ontology/certaintyLevel": ["https://fuzzy-sl.wikibase.cloud/entity/Q23"], "http://fuzzy-sl.squirrel.link/ontology/hasLocationType": ["https://fuzzy-sl.wikibase.cloud/entity/Q80"], "http://fuzzy-sl.squirrel.link/ontology/representativeGeometry": ["http://w3id.org/bb5kbc/site_294_geom"], "http://purl.org/dc/terms/identifier": ["294"], "http://rdfs.org/ns/void#inDataset": ["http://w3id.org/bb5kbc/Brandenburg_5000_BC_Data"], "http://w3id.org/bb5kbc/ont/hatFID": ["294"], "http://w3id.org/bb5kbc/ont/hatFundstellenID": ["295"], "http://w3id.org/bb5kbc/ont/hatFundstellenart": ["http://w3id.org/bb5kbc/fundstellenart_376218bc"], "http://w3id.org/bb5kbc/ont/hatGenauigkeit": ["0.0"], "http://w3id.org/bb5kbc/ont/hatKatalognummer": ["56582"], "http://w3id.org/bb5kbc/ont/hatKulturelleZuordnung": ["http://w3id.org/bb5kbc/site_294_culture"], "http://w3id.org/bb5kbc/ont/inGemeinde": ["http://w3id.org/bb5kbc/gemeinde_a4d18f6c"], "http://w3id.org/bb5kbc/ont/wurdeEntdecktDurch": ["http://w3id.org/bb5kbc/site_294_discovery"], "http://w3id.org/bb5kbc/ont/wurdeGeoreferenziertDurch": ["http://w3id.org/bb5kbc/site_294_activity"], "http://www.opengis.net/ont/geosparql#hasGeometry": ["http://w3id.org/bb5kbc/site_294_geom"], "http://www.w3.org/1999/02/22-rdf-syntax-ns#type": ["http://w3id.org/bb5kbc/ont/Fundstelle"], "http://www.w3.org/2000/01/rdf-schema#label": ["M\u00f6tzow 11"], "http://www.w3.org/2004/02/skos/core#prefLabel": ["M\u00f6tzow 11"]}, "geometry": {"type": "Point", "coordinates": [12.6, 52.45]}}, {"type": "Feature", "id": "http://w3id.org/bb5kbc/site_464", "name": "", "dateprops": [], "properties": {"http://fuzzy-sl.squirrel.link/ontology/certaintyLevel": ["https://fuzzy-sl.wikibase.cloud/entity/Q23"], "http://fuzzy-sl.squirrel.link/ontology/hasLocationType": ["https://fuzzy-sl.wikibase.cloud/entity/Q80"], "http://fuzzy-sl.squirrel.link/ontology/representativeGeometry": ["http://w3id.org/bb5kbc/site_464_geom"], "http://purl.org/dc/terms/identifier": ["464"], "http://rdfs.org/ns/void#inDataset": ["http://w3id.org/bb5kbc/Brandenburg_5000_BC_Data"], "http://w3id.org/bb5kbc/ont/hatFID": ["464"], "http://w3id.org/bb5kbc/ont/hatFundstellenID": ["17"], "http://w3id.org/bb5kbc/ont/hatFundstellenart": ["http://w3id.org/bb5kbc/fundstellenart_376218bc"], "http://w3id.org/bb5kbc/ont/hatGenauigkeit": ["0.0"], "http://w3id.org/bb5kbc/ont/hatKatalognummer": ["101"], "http://w3id.org/bb5kbc/ont/hatKulturelleZuordnung": ["http://w3id.org/bb5kbc/site_464_culture"], "http://w3id.org/bb5kbc/ont/inGemeinde": ["http://w3id.org/bb5kbc/gemeinde_80df634c"], "http://w3id.org/bb5kbc/ont/wurdeEntdecktDurch": ["http://w3id.org/bb5kbc/site_464_discovery"], "http://w3id.org/bb5kbc/ont/wurdeGeoreferenziertDurch": ["http://w3id.org/bb5kbc/site_464_activity"], "http://www.opengis.net/ont/geosparql#hasGeometry": ["http://w3id.org/bb5kbc/site_464_geom"], "http://www.w3.org/1999/02/22-rdf-syntax-ns#type": ["http://w3id.org/bb5kbc/ont/Fundstelle"], "http://www.w3.org/2000/01/rdf-schema#label": ["Angerm\u00fcnde - 79"], "http://www.w3.org/2004/02/skos/core#prefLabel": ["Angerm\u00fcnde - 79"]}, "geometry": {"type": "Point", "coordinates": [14.01, 53.02]}}, {"type": "Feature", "id": "http://w3id.org/bb5kbc/site_336", "name": "", "dateprops": [], "properties": {"http://fuzzy-sl.squirrel.link/ontology/certaintyLevel": ["https://fuzzy-sl.wikibase.cloud/entity/Q23"], "http://fuzzy-sl.squirrel.link/ontology/hasLocationType": ["https://fuzzy-sl.wikibase.cloud/entity/Q80"], "http://fuzzy-sl.squirrel.link/ontology/representativeGeometry": ["http://w3id.org/bb5kbc/site_336_geom"], "http://purl.org/dc/terms/identifier": ["336"], "http://rdfs.org/ns/void#inDataset": ["http://w3id.org/bb5kbc/Brandenburg_5000_BC_Data"], "http://w3id.org/bb5kbc/ont/hatFID": ["336"], "http://w3id.org/bb5kbc/ont/hatFundstellenID": ["455"], "http://w3id.org/bb5kbc/ont/hatFundstellenart": ["http://w3id.org/bb5kbc/fundstellenart_376218bc"], "http://w3id.org/bb5kbc/ont/hatGenauigkeit": ["0.0"], "http://w3id.org/bb5kbc/ont/hatKatalognummer": ["12920"], "http://w3id.org/bb5kbc/ont/hatKulturelleZuordnung": ["http://w3id.org/bb5kbc/site_336_culture"], "http://w3id.org/bb5kbc/ont/inGemeinde": ["http://w3id.org/bb5kbc/gemeinde_f66f9bc9"], "http://w3id.org/bb5kbc/ont/wurdeEntdecktDurch": ["http://w3id.org/bb5kbc/site_336_discovery"], "http://w3id.org/bb5kbc/ont/wurdeGeoreferenziertDurch": ["http://w3id.org/bb5kbc/site_336_activity"], "http://www.opengis.net/ont/geosparql#hasGeometry": ["http://w3id.org/bb5kbc/site_336_geom"], "http://www.w3.org/1999/02/22-rdf-syntax-ns#type": ["http://w3id.org/bb5kbc/ont/Fundstelle"], "http://www.w3.org/2000/01/rdf-schema#label": ["Wagenitz - 6"], "http://www.w3.org/2004/02/skos/core#prefLabel": ["Wagenitz - 6"]}, "geometry": {"type": "Point", "coordinates": [12.64, 52.65]}}, {"type": "Feature", "id": "http://w3id.org/bb5kbc/site_307", "name": "", "dateprops": [], "properties": {"http://fuzzy-sl.squirrel.link/ontology/certaintyLevel": ["https://fuzzy-sl.wikibase.cloud/entity/Q23"], "http://fuzzy-sl.squirrel.link/ontology/hasLocationType": ["https://fuzzy-sl.wikibase.cloud/entity/Q80"], "http://fuzzy-sl.squirrel.link/ontology/representativeGeometry": ["http://w3id.org/bb5kbc/site_307_geom"], "http://purl.org/dc/terms/identifier": ["307"], "http://rdfs.org/ns/void#inDataset": ["http://w3id.org/bb5kbc/Brandenburg_5000_BC_Data"], "http://w3id.org/bb5kbc/ont/hatFID": ["307"], "http://w3id.org/bb5kbc/ont/hatFundstellenID": ["72"], "http://w3id.org/bb5kbc/ont/hatFundstellenart": ["http://w3id.org/bb5kbc/fundstellenart_376218bc"], "http://w3id.org/bb5kbc/ont/hatGenauigkeit": ["0.0"], "http://w3id.org/bb5kbc/ont/hatKatalognummer": ["2564"], "http://w3id.org/bb5kbc/ont/hatKulturelleZuordnung": ["http://w3id.org/bb5kbc/site_307_culture"], "http://w3id.org/bb5kbc/ont/inGemeinde": ["http://w3id.org/bb5kbc/gemeinde_9a9f9999"], "http://w3id.org/bb5kbc/ont/wurdeEntdecktDurch": ["http://w3id.org/bb5kbc/site_307_discovery"], "http://w3id.org/bb5kbc/ont/wurdeGeoreferenziertDurch": ["http://w3id.org/bb5kbc/site_307_activity"], "http://www.opengis.net/ont/geosparql#hasGeometry": ["http://w3id.org/bb5kbc/site_307_geom"], "http://www.w3.org/1999/02/22-rdf-syntax-ns#type": ["http://w3id.org/bb5kbc/ont/Fundstelle"], "http://www.w3.org/2000/01/rdf-schema#label": ["Brandenburg-Neustadt - 87"], "http://www.w3.org/2004/02/skos/core#prefLabel": ["Brandenburg-Neustadt - 87"]}, "geometry": {"type": "Point", "coordinates": [12.54, 52.4]}}, {"type": "Feature", "id": "http://w3id.org/bb5kbc/site_317", "name": "", "dateprops": [], "properties": {"http://fuzzy-sl.squirrel.link/ontology/certaintyLevel": ["https://fuzzy-sl.wikibase.cloud/entity/Q23"], "http://fuzzy-sl.squirrel.link/ontology/hasLocationType": ["https://fuzzy-sl.wikibase.cloud/entity/Q80"], "http://fuzzy-sl.squirrel.link/ontology/representativeGeometry": ["http://w3id.org/bb5kbc/site_317_geom"], "http://purl.org/dc/terms/identifier": ["317"], "http://rdfs.org/ns/void#inDataset": ["http://w3id.org/bb5kbc/Brandenburg_5000_BC_Data"], "http://w3id.org/bb5kbc/ont/hatFID": ["317"], "http://w3id.org/bb5kbc/ont/hatFundstellenID": ["293"], "http://w3id.org/bb5kbc/ont/hatFundstellenart": ["http://w3id.org/bb5kbc/fundstellenart_376218bc"], "http://w3id.org/bb5kbc/ont/hatGenauigkeit": ["0.0"], "http://w3id.org/bb5kbc/ont/hatKatalognummer": ["10146"], "http://w3id.org/bb5kbc/ont/hatKulturelleZuordnung": ["http://w3id.org/bb5kbc/site_317_culture"], "http://w3id.org/bb5kbc/ont/inGemeinde": ["http://w3id.org/bb5kbc/gemeinde_7dfe2095"], "http://w3id.org/bb5kbc/ont/wurdeEntdecktDurch": ["http://w3id.org/bb5kbc/site_317_discovery"], "http://w3id.org/bb5kbc/ont/wurdeGeoreferenziertDurch": ["http://w3id.org/bb5kbc/site_317_activity"], "http://www.opengis.net/ont/geosparql#hasGeometry": ["http://w3id.org/bb5kbc/site_317_geom"], "http://www.w3.org/1999/02/22-rdf-syntax-ns#type": ["http://w3id.org/bb5kbc/ont/Fundstelle"], "http://www.w3.org/2000/01/rdf-schema#label": ["Mittenwalde - 23"], "http://www.w3.org/2004/02/skos/core#prefLabel": ["Mittenwalde - 23"]}, "geometry": {"type": "Point", "coordinates": [13.53, 52.28]}}, {"type": "Feature", "id": "http://w3id.org/bb5kbc/site_446", "name": "", "dateprops": [], "properties": {"http://fuzzy-sl.squirrel.link/ontology/certaintyLevel": ["https://fuzzy-sl.wikibase.cloud/entity/Q23"], "http://fuzzy-sl.squirrel.link/ontology/hasLocationType": ["https://fuzzy-sl.wikibase.cloud/entity/Q80"], "http://fuzzy-sl.squirrel.link/ontology/representativeGeometry": ["http://w3id.org/bb5kbc/site_446_geom"], "http://purl.org/dc/terms/identifier": ["446"], "http://rdfs.org/ns/void#inDataset": ["http://w3id.org/bb5kbc/Brandenburg_5000_BC_Data"], "http://w3id.org/bb5kbc/ont/hatFID": ["446"], "http://w3id.org/bb5kbc/ont/hatFundstellenID": ["49"], "http://w3id.org/bb5kbc/ont/hatFundstellenart": ["http://w3id.org/bb5kbc/fundstellenart_376218bc"], "http://w3id.org/bb5kbc/ont/hatGenauigkeit": ["0.0"], "http://w3id.org/bb5kbc/ont/hatKatalognummer": ["23970"], "http://w3id.org/bb5kbc/ont/hatKulturelleZuordnung": ["http://w3id.org/bb5kbc/site_446_culture"], "http://w3id.org/bb5kbc/ont/inGemeinde": ["http://w3id.org/bb5kbc/gemeinde_69b11c14"], "http://w3id.org/bb5kbc/ont/wurdeEntdecktDurch": ["http://w3id.org/bb5kbc/site_446_discovery"], "http://w3id.org/bb5kbc/ont/wurdeGeoreferenziertDurch": ["http://w3id.org/bb5kbc/site_446_activity"], "http://www.opengis.net/ont/geosparql#hasGeometry": ["http://w3id.org/bb5kbc/site_446_geom"], "http://www.w3.org/1999/02/22-rdf-syntax-ns#type": ["http://w3id.org/bb5kbc/ont/Fundstelle"], "http://www.w3.org/2000/01/rdf-schema#label": ["Blankenfelde - 9"], "http://www.w3.org/2004/02/skos/core#prefLabel": ["Blankenfelde - 9"]}, "geometry": {"type": "Point", "coordinates": [13.38, 52.32]}}, {"type": "Feature", "id": "http://w3id.org/bb5kbc/site_84", "name": "", "dateprops": [], "properties": {"http://fuzzy-sl.squirrel.link/ontology/certaintyLevel": ["https://fuzzy-sl.wikibase.cloud/entity/Q23"], "http://fuzzy-sl.squirrel.link/ontology/hasLocationType": ["https://fuzzy-sl.wikibase.cloud/entity/Q80"], "http://fuzzy-sl.squirrel.link/ontology/representativeGeometry": ["http://w3id.org/bb5kbc/site_84_geom"], "http://purl.org/dc/terms/identifier": ["84"], "http://rdfs.org/ns/void#inDataset": ["http://w3id.org/bb5kbc/Brandenburg_5000_BC_Data"], "http://w3id.org/bb5kbc/ont/hatFID": ["84"], "http://w3id.org/bb5kbc/ont/hatFundstellenID": ["61"], "http://w3id.org/bb5kbc/ont/hatFundstellenart": ["http://w3id.org/bb5kbc/fundstellenart_1972902b"], "http://w3id.org/bb5kbc/ont/hatGenauigkeit": ["0.0"], "http://w3id.org/bb5kbc/ont/hatKatalognummer": ["6258"], "http://w3id.org/bb5kbc/ont/hatKulturelleZuordnung": ["http://w3id.org/bb5kbc/site_84_culture"], "http://w3id.org/bb5kbc/ont/inGemeinde": ["http://w3id.org/bb5kbc/gemeinde_60ef3bea"], "http://w3id.org/bb5kbc/ont/wurdeEntdecktDurch": ["http://w3id.org/bb5kbc/site_84_discovery"], "http://w3id.org/bb5kbc/ont/wurdeGeoreferenziertDurch": ["http://w3id.org/bb5kbc/site_84_activity"], "http://www.opengis.net/ont/geosparql#hasGeometry": ["http://w3id.org/bb5kbc/site_84_geom"], "http://www.w3.org/1999/02/22-rdf-syntax-ns#type": ["http://w3id.org/bb5kbc/ont/Fundstelle"], "http://www.w3.org/2000/01/rdf-schema#label": ["Boo\u00dfen 2"], "http://www.w3.org/2004/02/skos/core#prefLabel": ["Boo\u00dfen 2"]}, "geometry": {"type": "Point", "coordinates": [14.49, 52.38]}}, {"type": "Feature", "id": "http://w3id.org/bb5kbc/site_358", "name": "", "dateprops": [], "properties": {"http://fuzzy-sl.squirrel.link/ontology/certaintyLevel": ["https://fuzzy-sl.wikibase.cloud/entity/Q23"], "http://fuzzy-sl.squirrel.link/ontology/hasLocationType": ["https://fuzzy-sl.wikibase.cloud/entity/Q80"], "http://fuzzy-sl.squirrel.link/ontology/representativeGeometry": ["http://w3id.org/bb5kbc/site_358_geom"], "http://purl.org/dc/terms/identifier": ["358"], "http://rdfs.org/ns/void#inDataset": ["http://w3id.org/bb5kbc/Brandenburg_5000_BC_Data"], "http://w3id.org/bb5kbc/ont/hatFID": ["358"], "http://w3id.org/bb5kbc/ont/hatFundstellenID": ["41"], "http://w3id.org/bb5kbc/ont/hatFundstellenart": ["http://w3id.org/bb5kbc/fundstellenart_376218bc"], "http://w3id.org/bb5kbc/ont/hatGenauigkeit": ["0.0"], "http://w3id.org/bb5kbc/ont/hatKatalognummer": ["14655"], "http://w3id.org/bb5kbc/ont/hatKulturelleZuordnung": ["http://w3id.org/bb5kbc/site_358_culture"], "http://w3id.org/bb5kbc/ont/inGemeinde": ["http://w3id.org/bb5kbc/gemeinde_8aa181f6"], "http://w3id.org/bb5kbc/ont/wurdeEntdecktDurch": ["http://w3id.org/bb5kbc/site_358_discovery"], "http://w3id.org/bb5kbc/ont/wurdeGeoreferenziertDurch": ["http://w3id.org/bb5kbc/site_358_activity"], "http://www.opengis.net/ont/geosparql#hasGeometry": ["http://w3id.org/bb5kbc/site_358_geom"], "http://www.w3.org/1999/02/22-rdf-syntax-ns#type": ["http://w3id.org/bb5kbc/ont/Fundstelle"], "http://www.w3.org/2000/01/rdf-schema#label": ["Birkenwerder - 14"], "http://www.w3.org/2004/02/skos/core#prefLabel": ["Birkenwerder - 14"]}, "geometry": {"type": "Point", "coordinates": [13.25, 52.69]}}, {"type": "Feature", "id": "http://w3id.org/bb5kbc/site_465", "name": "", "dateprops": [], "properties": {"http://fuzzy-sl.squirrel.link/ontology/certaintyLevel": ["https://fuzzy-sl.wikibase.cloud/entity/Q23"], "http://fuzzy-sl.squirrel.link/ontology/hasLocationType": ["https://fuzzy-sl.wikibase.cloud/entity/Q80"], "http://fuzzy-sl.squirrel.link/ontology/representativeGeometry": ["http://w3id.org/bb5kbc/site_465_geom"], "http://purl.org/dc/terms/identifier": ["465"], "http://rdfs.org/ns/void#inDataset": ["http://w3id.org/bb5kbc/Brandenburg_5000_BC_Data"], "http://w3id.org/bb5kbc/ont/hatFID": ["465"], "http://w3id.org/bb5kbc/ont/hatFundstellenID": ["99"], "http://w3id.org/bb5kbc/ont/hatFundstellenart": ["http://w3id.org/bb5kbc/fundstellenart_376218bc"], "http://w3id.org/bb5kbc/ont/hatGenauigkeit": ["0.0"], "http://w3id.org/bb5kbc/ont/hatKatalognummer": ["315"], "http://w3id.org/bb5kbc/ont/hatKulturelleZuordnung": ["http://w3id.org/bb5kbc/site_465_culture"], "http://w3id.org/bb5kbc/ont/inGemeinde": ["http://w3id.org/bb5kbc/gemeinde_c000c7a8"], "http://w3id.org/bb5kbc/ont/wurdeEntdecktDurch": ["http://w3id.org/bb5kbc/site_465_discovery"], "http://w3id.org/bb5kbc/ont/wurdeGeoreferenziertDurch": ["http://w3id.org/bb5kbc/site_465_activity"], "http://www.opengis.net/ont/geosparql#hasGeometry": ["http://w3id.org/bb5kbc/site_465_geom"], "http://www.w3.org/1999/02/22-rdf-syntax-ns#type": ["http://w3id.org/bb5kbc/ont/Fundstelle"], "http://www.w3.org/2000/01/rdf-schema#label": ["Dobberzin - 20"], "http://www.w3.org/2004/02/skos/core#prefLabel": ["Dobberzin - 20"]}, "geometry": {"type": "Point", "coordinates": [14.05, 53.02]}}, {"type": "Feature", "id": "http://w3id.org/bb5kbc/site_486", "name": "", "dateprops": [], "properties": {"http://fuzzy-sl.squirrel.link/ontology/certaintyLevel": ["https://fuzzy-sl.wikibase.cloud/entity/Q23"], "http://fuzzy-sl.squirrel.link/ontology/hasLocationType": ["https://fuzzy-sl.wikibase.cloud/entity/Q80"], "http://fuzzy-sl.squirrel.link/ontology/representativeGeometry": ["http://w3id.org/bb5kbc/site_486_geom"], "http://purl.org/dc/terms/identifier": ["486"], "http://rdfs.org/ns/void#inDataset": ["http://w3id.org/bb5kbc/Brandenburg_5000_BC_Data"], "http://w3id.org/bb5kbc/ont/hatFID": ["486"], "http://w3id.org/bb5kbc/ont/hatFundstellenID": ["223"], "http://w3id.org/bb5kbc/ont/hatFundstellenart": ["http://w3id.org/bb5kbc/fundstellenart_376218bc"], "http://w3id.org/bb5kbc/ont/hatGenauigkeit": ["0.0"], "http://w3id.org/bb5kbc/ont/hatKatalognummer": ["22277"], "http://w3id.org/bb5kbc/ont/hatKulturelleZuordnung": ["http://w3id.org/bb5kbc/site_486_culture"], "http://w3id.org/bb5kbc/ont/inGemeinde": ["http://w3id.org/bb5kbc/gemeinde_8b875fd6"], "http://w3id.org/bb5kbc/ont/wurdeEntdecktDurch": ["http://w3id.org/bb5kbc/site_486_discovery"], "http://w3id.org/bb5kbc/ont/wurdeGeoreferenziertDurch": ["http://w3id.org/bb5kbc/site_486_activity"], "http://www.opengis.net/ont/geosparql#hasGeometry": ["http://w3id.org/bb5kbc/site_486_geom"], "http://www.w3.org/1999/02/22-rdf-syntax-ns#type": ["http://w3id.org/bb5kbc/ont/Fundstelle"], "http://www.w3.org/2000/01/rdf-schema#label": ["Knehden - 8"], "http://www.w3.org/2004/02/skos/core#prefLabel": ["Knehden - 8"]}, "geometry": {"type": "Point", "coordinates": [13.53, 53.14]}}, {"type": "Feature", "id": "http://w3id.org/bb5kbc/site_344", "name": "", "dateprops": [], "properties": {"http://fuzzy-sl.squirrel.link/ontology/certaintyLevel": ["https://fuzzy-sl.wikibase.cloud/entity/Q23"], "http://fuzzy-sl.squirrel.link/ontology/hasLocationType": ["https://fuzzy-sl.wikibase.cloud/entity/Q80"], "http://fuzzy-sl.squirrel.link/ontology/representativeGeometry": ["http://w3id.org/bb5kbc/site_344_geom"], "http://purl.org/dc/terms/identifier": ["344"], "http://rdfs.org/ns/void#inDataset": ["http://w3id.org/bb5kbc/Brandenburg_5000_BC_Data"], "http://w3id.org/bb5kbc/ont/hatFID": ["344"], "http://w3id.org/bb5kbc/ont/hatFundstellenID": ["426"], "http://w3id.org/bb5kbc/ont/hatFundstellenart": ["http://w3id.org/bb5kbc/fundstellenart_376218bc"], "http://w3id.org/bb5kbc/ont/hatGenauigkeit": ["0.0"], "http://w3id.org/bb5kbc/ont/hatKatalognummer": ["20021"], "http://w3id.org/bb5kbc/ont/hatKulturelleZuordnung": ["http://w3id.org/bb5kbc/site_344_culture"], "http://w3id.org/bb5kbc/ont/inGemeinde": ["http://w3id.org/bb5kbc/gemeinde_a4ecbeef"], "http://w3id.org/bb5kbc/ont/wurdeEntdecktDurch": ["http://w3id.org/bb5kbc/site_344_discovery"], "http://w3id.org/bb5kbc/ont/wurdeGeoreferenziertDurch": ["http://w3id.org/bb5kbc/site_344_activity"], "http://www.opengis.net/ont/geosparql#hasGeometry": ["http://w3id.org/bb5kbc/site_344_geom"], "http://www.w3.org/1999/02/22-rdf-syntax-ns#type": ["http://w3id.org/bb5kbc/ont/Fundstelle"], "http://www.w3.org/2000/01/rdf-schema#label": ["Strodehne - 19"], "http://www.w3.org/2004/02/skos/core#prefLabel": ["Strodehne - 19"]}, "geometry": {"type": "Point", "coordinates": [12.24, 52.74]}}, {"type": "Feature", "id": "http://w3id.org/bb5kbc/site_492", "name": "", "dateprops": [], "properties": {"http://fuzzy-sl.squirrel.link/ontology/certaintyLevel": ["https://fuzzy-sl.wikibase.cloud/entity/Q23"], "http://fuzzy-sl.squirrel.link/ontology/hasLocationType": ["https://fuzzy-sl.wikibase.cloud/entity/Q80"], "http://fuzzy-sl.squirrel.link/ontology/representativeGeometry": ["http://w3id.org/bb5kbc/site_492_geom"], "http://purl.org/dc/terms/identifier": ["492"], "http://rdfs.org/ns/void#inDataset": ["http://w3id.org/bb5kbc/Brandenburg_5000_BC_Data"], "http://w3id.org/bb5kbc/ont/hatFID": ["492"], "http://w3id.org/bb5kbc/ont/hatFundstellenID": ["100"], "http://w3id.org/bb5kbc/ont/hatFundstellenart": ["http://w3id.org/bb5kbc/fundstellenart_376218bc"], "http://w3id.org/bb5kbc/ont/hatGenauigkeit": ["0.0"], "http://w3id.org/bb5kbc/ont/hatKatalognummer": ["305"], "http://w3id.org/bb5kbc/ont/hatKulturelleZuordnung": ["http://w3id.org/bb5kbc/site_492_culture"], "http://w3id.org/bb5kbc/ont/inGemeinde": ["http://w3id.org/bb5kbc/gemeinde_c000c7a8"], "http://w3id.org/bb5kbc/ont/wurdeEntdecktDurch": ["http://w3id.org/bb5kbc/site_492_discovery"], "http://w3id.org/bb5kbc/ont/wurdeGeoreferenziertDurch": ["http://w3id.org/bb5kbc/site_492_activity"], "http://www.opengis.net/ont/geosparql#hasGeometry": ["http://w3id.org/bb5kbc/site_492_geom"], "http://www.w3.org/1999/02/22-rdf-syntax-ns#type": ["http://w3id.org/bb5kbc/ont/Fundstelle"], "http://www.w3.org/2000/01/rdf-schema#label": ["Dobberzin - 9"], "http://www.w3.org/2004/02/skos/core#prefLabel": ["Dobberzin - 9"]}, "geometry": {"type": "Point", "coordinates": [14.05, 53.02]}}, {"type": "Feature", "id": "http://w3id.org/bb5kbc/site_264", "name": "", "dateprops": [], "properties": {"http://fuzzy-sl.squirrel.link/ontology/certaintyLevel": ["https://fuzzy-sl.wikibase.cloud/entity/Q23"], "http://fuzzy-sl.squirrel.link/ontology/hasLocationType": ["https://fuzzy-sl.wikibase.cloud/entity/Q80"], "http://fuzzy-sl.squirrel.link/ontology/representativeGeometry": ["http://w3id.org/bb5kbc/site_264_geom"], "http://purl.org/dc/terms/identifier": ["264"], "http://rdfs.org/ns/void#inDataset": ["http://w3id.org/bb5kbc/Brandenburg_5000_BC_Data"], "http://w3id.org/bb5kbc/ont/hatFID": ["264"], "http://w3id.org/bb5kbc/ont/hatFundstellenID": ["309"], "http://w3id.org/bb5kbc/ont/hatFundstellenart": ["http://w3id.org/bb5kbc/fundstellenart_376218bc"], "http://w3id.org/bb5kbc/ont/hatGenauigkeit": ["0.0"], "http://w3id.org/bb5kbc/ont/hatKatalognummer": ["693"], "http://w3id.org/bb5kbc/ont/hatKulturelleZuordnung": ["http://w3id.org/bb5kbc/site_264_culture"], "http://w3id.org/bb5kbc/ont/inGemeinde": ["http://w3id.org/bb5kbc/gemeinde_8126043e"], "http://w3id.org/bb5kbc/ont/wurdeEntdecktDurch": ["http://w3id.org/bb5kbc/site_264_discovery"], "http://w3id.org/bb5kbc/ont/wurdeGeoreferenziertDurch": ["http://w3id.org/bb5kbc/site_264_activity"], "http://www.opengis.net/ont/geosparql#hasGeometry": ["http://w3id.org/bb5kbc/site_264_geom"], "http://www.w3.org/1999/02/22-rdf-syntax-ns#type": ["http://w3id.org/bb5kbc/ont/Fundstelle"], "http://www.w3.org/2000/01/rdf-schema#label": ["Niederlandin 12/5 (13)"], "http://www.w3.org/2004/02/skos/core#prefLabel": ["Niederlandin 12/5 (13)"]}, "geometry": {"type": "Point", "coordinates": [14.14, 53.08]}}], "numberMatched": 333, "numberReturned": 333, "bbox": [11.11, 51.1, 14.85, 53.43], "crs": "http://www.opengis.net/def/crs/EPSG/0/4326"}