"FID catalogue Schmidt 2026","LAND","LAND_QID","LAND_GeoNames","LAND_TGN","LAND_IDAI","LAND_OSM_Relation","LAND_matchLabel","LAND_matchScore","LAND_matchReason","BUNDESLAND","BUNDESLAND_QID","BUNDESLAND_GeoNames","BUNDESLAND_TGN","BUNDESLAND_IDAI","BUNDESLAND_OSM_Relation","BUNDESLAND_matchLabel","BUNDESLAND_matchScore","BUNDESLAND_matchReason","KREIS","KREIS_QID","KREIS_GeoNames","KREIS_TGN","KREIS_IDAI","KREIS_OSM_Relation","KREIS_matchLabel","KREIS_matchScore","KREIS_matchReason","GEMEINDE"
"1","Deutschland","Q183","2921044","7000084","2044274","51477","Deutschland","1.0","Exact match via rdfs:label [global index] | 'Deutschland' -> 'Deutschland'","Thüringen","Q1205","2822542","7003689","2052949","62366","Thüringen","1.0","Exact match via rdfs:label [global index] | 'Thüringen' -> 'Thüringen'","Wartburgkreis","Q7866","6547388","","","62616","Wartburgkreis","1.0","Exact match via rdfs:label [global index] | 'Wartburgkreis' -> 'Wartburgkreis'","Behringen"
"2","Deutschland","Q183","2921044","7000084","2044274","51477","Deutschland","1.0","Exact match via rdfs:label [global index] | 'Deutschland' -> 'Deutschland'","Thüringen","Q1205","2822542","7003689","2052949","62366","Thüringen","1.0","Exact match via rdfs:label [global index] | 'Thüringen' -> 'Thüringen'","Gotha","Q7869","","","","","Landkreis Gotha","1.0","Direct override | 'Gotha' -> QID=Q7869 | [override -> QID=Q7869]","Nessetal"
"3","Deutschland","Q183","2921044","7000084","2044274","51477","Deutschland","1.0","Exact match via rdfs:label [global index] | 'Deutschland' -> 'Deutschland'","Thüringen","Q1205","2822542","7003689","2052949","62366","Thüringen","1.0","Exact match via rdfs:label [global index] | 'Thüringen' -> 'Thüringen'","Unstrut-Hainich-Kreis","Q7864","6547389","","","62424","Unstrut-Hainich-Kreis","1.0","Exact match via rdfs:label [global index] | 'Unstrut-Hainich-Kreis' -> 'Unstrut-Hainich-Kreis'","Nottertal-Heilinger Höhen"
"4","Deutschland","Q183","2921044","7000084","2044274","51477","Deutschland","1.0","Exact match via rdfs:label [global index] | 'Deutschland' -> 'Deutschland'","Sachsen-Anhalt","Q1206","2842565","7003687","2044275","62607","Sachsen-Anhalt","1.0","Exact match via rdfs:label [global index] | 'Sachsen-Anhalt' -> 'Sachsen-Anhalt'","Landkreis Harz","Q6087","","","","","Landkreis Harz","1.0","Direct override | 'Landkreis Harz' -> QID=Q6087 | [stripped -> 'Harz'; override -> QID=Q6087]","Halberstadt"
"5","Deutschland","Q183","2921044","7000084","2044274","51477","Deutschland","1.0","Exact match via rdfs:label [global index] | 'Deutschland' -> 'Deutschland'","Thüringen","Q1205","2822542","7003689","2052949","62366","Thüringen","1.0","Exact match via rdfs:label [global index] | 'Thüringen' -> 'Thüringen'","Sommerda","Q7865","","","","","Landkreis Sömmerda","1.0","Direct override | 'Sommerda' -> QID=Q7865 | [alias 'Sommerda' -> 'Sömmerda'; override -> QID=Q7865]","Knidelbrück"
"6","Deutschland","Q183","2921044","7000084","2044274","51477","Deutschland","1.0","Exact match via rdfs:label [global index] | 'Deutschland' -> 'Deutschland'","Sachsen-Anhalt","Q1206","2842565","7003687","2044275","62607","Sachsen-Anhalt","1.0","Exact match via rdfs:label [global index] | 'Sachsen-Anhalt' -> 'Sachsen-Anhalt'","Landkreis Harz","Q6087","","","","","Landkreis Harz","1.0","Direct override | 'Landkreis Harz' -> QID=Q6087 | [stripped -> 'Harz'; override -> QID=Q6087]","Quedlinburg"
"7","Deutschland","Q183","2921044","7000084","2044274","51477","Deutschland","1.0","Exact match via rdfs:label [global index] | 'Deutschland' -> 'Deutschland'","Sachsen-Anhalt","Q1206","2842565","7003687","2044275","62607","Sachsen-Anhalt","1.0","Exact match via rdfs:label [global index] | 'Sachsen-Anhalt' -> 'Sachsen-Anhalt'","Landkreis Harz","Q6087","","","","","Landkreis Harz","1.0","Direct override | 'Landkreis Harz' -> QID=Q6087 | [stripped -> 'Harz'; override -> QID=Q6087]","Quedlinburg"
"8","Deutschland","Q183","2921044","7000084","2044274","51477","Deutschland","1.0","Exact match via rdfs:label [global index] | 'Deutschland' -> 'Deutschland'","Sachsen-Anhalt","Q1206","2842565","7003687","2044275","62607","Sachsen-Anhalt","1.0","Exact match via rdfs:label [global index] | 'Sachsen-Anhalt' -> 'Sachsen-Anhalt'","Landkreis Harz","Q6087","","","","","Landkreis Harz","1.0","Direct override | 'Landkreis Harz' -> QID=Q6087 | [stripped -> 'Harz'; override -> QID=Q6087]","Quedlinburg"
"9","Deutschland","Q183","2921044","7000084","2044274","51477","Deutschland","1.0","Exact match via rdfs:label [global index] | 'Deutschland' -> 'Deutschland'","Sachsen-Anhalt","Q1206","2842565","7003687","2044275","62607","Sachsen-Anhalt","1.0","Exact match via rdfs:label [global index] | 'Sachsen-Anhalt' -> 'Sachsen-Anhalt'","Salzlandkreis","Q6081","2950072","","2044961","62502","Salzlandkreis","1.0","Exact match via rdfs:label [global index] | 'Salzlandkreis' -> 'Salzlandkreis'","Seeland"
"10","Deutschland","Q183","2921044","7000084","2044274","51477","Deutschland","1.0","Exact match via rdfs:label [global index] | 'Deutschland' -> 'Deutschland'","Thüringen","Q1205","2822542","7003689","2052949","62366","Thüringen","1.0","Exact match via rdfs:label [global index] | 'Thüringen' -> 'Thüringen'","Weimarer Land","Q7879","","","","","Weimarer Land","1.0","Direct override | 'Weimarer Land' -> QID=Q7879 | [override -> QID=Q7879]","Mellingen"
"11","Deutschland","Q183","2921044","7000084","2044274","51477","Deutschland","1.0","Exact match via rdfs:label [global index] | 'Deutschland' -> 'Deutschland'","Thüringen","Q1205","2822542","7003689","2052949","62366","Thüringen","1.0","Exact match via rdfs:label [global index] | 'Thüringen' -> 'Thüringen'","Weimarer Land","Q7879","","","","","Weimarer Land","1.0","Direct override | 'Weimarer Land' -> QID=Q7879 | [override -> QID=Q7879]","Weimar"
"12","Deutschland","Q183","2921044","7000084","2044274","51477","Deutschland","1.0","Exact match via rdfs:label [global index] | 'Deutschland' -> 'Deutschland'","Sachsen-Anhalt","Q1206","2842565","7003687","2044275","62607","Sachsen-Anhalt","1.0","Exact match via rdfs:label [global index] | 'Sachsen-Anhalt' -> 'Sachsen-Anhalt'","Burgenlandkreis","Q14920405","3302156","","","62639","Burgenlandkreis","1.0","Exact match via rdfs:label [global index] | 'Burgenlandkreis' -> 'Burgenlandkreis'","Kaiserpfalz"
"13","Deutschland","Q183","2921044","7000084","2044274","51477","Deutschland","1.0","Exact match via rdfs:label [global index] | 'Deutschland' -> 'Deutschland'","Sachsen-Anhalt","Q1206","2842565","7003687","2044275","62607","Sachsen-Anhalt","1.0","Exact match via rdfs:label [global index] | 'Sachsen-Anhalt' -> 'Sachsen-Anhalt'","Salzlandkreis","Q6081","2950072","","2044961","62502","Salzlandkreis","1.0","Exact match via rdfs:label [global index] | 'Salzlandkreis' -> 'Salzlandkreis'","Staßfurt"
"14","Deutschland","Q183","2921044","7000084","2044274","51477","Deutschland","1.0","Exact match via rdfs:label [global index] | 'Deutschland' -> 'Deutschland'","Sachsen-Anhalt","Q1206","2842565","7003687","2044275","62607","Sachsen-Anhalt","1.0","Exact match via rdfs:label [global index] | 'Sachsen-Anhalt' -> 'Sachsen-Anhalt'","Mansfeld-Südharz","Q6092","","","","","Landkreis Mansfeld-Südharz","1.0","Direct override | 'Mansfeld-Südharz' -> QID=Q6092 | [override -> QID=Q6092]","Lutherstadt Eilsleben"
"15","Deutschland","Q183","2921044","7000084","2044274","51477","Deutschland","1.0","Exact match via rdfs:label [global index] | 'Deutschland' -> 'Deutschland'","Sachsen-Anhalt","Q1206","2842565","7003687","2044275","62607","Sachsen-Anhalt","1.0","Exact match via rdfs:label [global index] | 'Sachsen-Anhalt' -> 'Sachsen-Anhalt'","Landkreis Börde","Q6064","","","","","Landkreis Börde","1.0","Direct override | 'Landkreis Börde' -> QID=Q6064 | [stripped -> 'Börde'; override -> QID=Q6064]","Niedere Börde"
"16","Deutschland","Q183","2921044","7000084","2044274","51477","Deutschland","1.0","Exact match via rdfs:label [global index] | 'Deutschland' -> 'Deutschland'","Sachsen-Anhalt","Q1206","2842565","7003687","2044275","62607","Sachsen-Anhalt","1.0","Exact match via rdfs:label [global index] | 'Sachsen-Anhalt' -> 'Sachsen-Anhalt'","Landkreis Börde","Q6064","","","","","Landkreis Börde","1.0","Direct override | 'Landkreis Börde' -> QID=Q6064 | [stripped -> 'Börde'; override -> QID=Q6064]","Barleben"
"17","Deutschland","Q183","2921044","7000084","2044274","51477","Deutschland","1.0","Exact match via rdfs:label [global index] | 'Deutschland' -> 'Deutschland'","Sachsen-Anhalt","Q1206","2842565","7003687","2044275","62607","Sachsen-Anhalt","1.0","Exact match via rdfs:label [global index] | 'Sachsen-Anhalt' -> 'Sachsen-Anhalt'","Magdeburg","Q1733","2874544","7004456","","62481","Magdeburg","1.0","Exact match via rdfs:label [global index] | 'Magdeburg' -> 'Magdeburg'","Magdeburg"
"18","Deutschland","Q183","2921044","7000084","2044274","51477","Deutschland","1.0","Exact match via rdfs:label [global index] | 'Deutschland' -> 'Deutschland'","Sachsen-Anhalt","Q1206","2842565","7003687","2044275","62607","Sachsen-Anhalt","1.0","Exact match via rdfs:label [global index] | 'Sachsen-Anhalt' -> 'Sachsen-Anhalt'","Salzlandkreis","Q6081","2950072","","2044961","62502","Salzlandkreis","1.0","Exact match via rdfs:label [global index] | 'Salzlandkreis' -> 'Salzlandkreis'","Bernburg"
"19","Deutschland","Q183","2921044","7000084","2044274","51477","Deutschland","1.0","Exact match via rdfs:label [global index] | 'Deutschland' -> 'Deutschland'","Sachsen-Anhalt","Q1206","2842565","7003687","2044275","62607","Sachsen-Anhalt","1.0","Exact match via rdfs:label [global index] | 'Sachsen-Anhalt' -> 'Sachsen-Anhalt'","Burgenlandkreis","Q14920405","3302156","","","62639","Burgenlandkreis","1.0","Exact match via rdfs:label [global index] | 'Burgenlandkreis' -> 'Burgenlandkreis'","Lanitz-Hasseltal"
"20","Deutschland","Q183","2921044","7000084","2044274","51477","Deutschland","1.0","Exact match via rdfs:label [global index] | 'Deutschland' -> 'Deutschland'","Sachsen-Anhalt","Q1206","2842565","7003687","2044275","62607","Sachsen-Anhalt","1.0","Exact match via rdfs:label [global index] | 'Sachsen-Anhalt' -> 'Sachsen-Anhalt'","Salzlandkreis","Q6081","2950072","","2044961","62502","Salzlandkreis","1.0","Exact match via rdfs:label [global index] | 'Salzlandkreis' -> 'Salzlandkreis'","Calbe"
"21","Deutschland","Q183","2921044","7000084","2044274","51477","Deutschland","1.0","Exact match via rdfs:label [global index] | 'Deutschland' -> 'Deutschland'","Sachsen-Anhalt","Q1206","2842565","7003687","2044275","62607","Sachsen-Anhalt","1.0","Exact match via rdfs:label [global index] | 'Sachsen-Anhalt' -> 'Sachsen-Anhalt'","Jerichower Land","Q6068","3302158","7076457","","62477","Jerichower Land","1.0","Exact match via skos:altLabel [global index] | 'Jerichower Land' -> 'Jerichower Land'","Gommern"
"22","Deutschland","Q183","2921044","7000084","2044274","51477","Deutschland","1.0","Exact match via rdfs:label [global index] | 'Deutschland' -> 'Deutschland'","Sachsen-Anhalt","Q1206","2842565","7003687","2044275","62607","Sachsen-Anhalt","1.0","Exact match via rdfs:label [global index] | 'Sachsen-Anhalt' -> 'Sachsen-Anhalt'","Burgenlandkreis","Q14920405","3302156","","","62639","Burgenlandkreis","1.0","Exact match via rdfs:label [global index] | 'Burgenlandkreis' -> 'Burgenlandkreis'","Teuchern"
"23","Deutschland","Q183","2921044","7000084","2044274","51477","Deutschland","1.0","Exact match via rdfs:label [global index] | 'Deutschland' -> 'Deutschland'","Sachsen-Anhalt","Q1206","2842565","7003687","2044275","62607","Sachsen-Anhalt","1.0","Exact match via rdfs:label [global index] | 'Sachsen-Anhalt' -> 'Sachsen-Anhalt'","Saalekreis","Q6098","2842671","","","62473","Saalekreis","1.0","Exact match via rdfs:label [global index] | 'Saalekreis' -> 'Saalekreis'","Petersburg"
"24","Deutschland","Q183","2921044","7000084","2044274","51477","Deutschland","1.0","Exact match via rdfs:label [global index] | 'Deutschland' -> 'Deutschland'","Sachsen-Anhalt","Q1206","2842565","7003687","2044275","62607","Sachsen-Anhalt","1.0","Exact match via rdfs:label [global index] | 'Sachsen-Anhalt' -> 'Sachsen-Anhalt'","Saalekreis","Q6098","2842671","","","62473","Saalekreis","1.0","Exact match via rdfs:label [global index] | 'Saalekreis' -> 'Saalekreis'","Schkopau"
"25","Deutschland","Q183","2921044","7000084","2044274","51477","Deutschland","1.0","Exact match via rdfs:label [global index] | 'Deutschland' -> 'Deutschland'","Sachsen-Anhalt","Q1206","2842565","7003687","2044275","62607","Sachsen-Anhalt","1.0","Exact match via rdfs:label [global index] | 'Sachsen-Anhalt' -> 'Sachsen-Anhalt'","Burgenlandkreis","Q14920405","3302156","","","62639","Burgenlandkreis","1.0","Exact match via rdfs:label [global index] | 'Burgenlandkreis' -> 'Burgenlandkreis'","Teuchern"
"26","Deutschland","Q183","2921044","7000084","2044274","51477","Deutschland","1.0","Exact match via rdfs:label [global index] | 'Deutschland' -> 'Deutschland'","Sachsen-Anhalt","Q1206","2842565","7003687","2044275","62607","Sachsen-Anhalt","1.0","Exact match via rdfs:label [global index] | 'Sachsen-Anhalt' -> 'Sachsen-Anhalt'","Anhalt-Bitterfeld","Q6071","","","","","Landkreis Anhalt-Bitterfeld","1.0","Direct override | 'Anhalt-Bitterfeld' -> QID=Q6071 | [override -> QID=Q6071]","Köthen"
"27","Deutschland","Q183","2921044","7000084","2044274","51477","Deutschland","1.0","Exact match via rdfs:label [global index] | 'Deutschland' -> 'Deutschland'","Sachsen-Anhalt","Q1206","2842565","7003687","2044275","62607","Sachsen-Anhalt","1.0","Exact match via rdfs:label [global index] | 'Sachsen-Anhalt' -> 'Sachsen-Anhalt'","Saalekreis","Q6098","2842671","","","62473","Saalekreis","1.0","Exact match via rdfs:label [global index] | 'Saalekreis' -> 'Saalekreis'","Schkopau"
"28","Deutschland","Q183","2921044","7000084","2044274","51477","Deutschland","1.0","Exact match via rdfs:label [global index] | 'Deutschland' -> 'Deutschland'","Sachsen-Anhalt","Q1206","2842565","7003687","2044275","62607","Sachsen-Anhalt","1.0","Exact match via rdfs:label [global index] | 'Sachsen-Anhalt' -> 'Sachsen-Anhalt'","Burgenlandkreis","Q14920405","3302156","","","62639","Burgenlandkreis","1.0","Exact match via rdfs:label [global index] | 'Burgenlandkreis' -> 'Burgenlandkreis'","Kretzschau"
"29","Deutschland","Q183","2921044","7000084","2044274","51477","Deutschland","1.0","Exact match via rdfs:label [global index] | 'Deutschland' -> 'Deutschland'","Sachsen-Anhalt","Q1206","2842565","7003687","2044275","62607","Sachsen-Anhalt","1.0","Exact match via rdfs:label [global index] | 'Sachsen-Anhalt' -> 'Sachsen-Anhalt'","Anhalt-Bitterfeld","Q6071","","","","","Landkreis Anhalt-Bitterfeld","1.0","Direct override | 'Anhalt-Bitterfeld' -> QID=Q6071 | [override -> QID=Q6071]","Zörbig"
"30","Deutschland","Q183","2921044","7000084","2044274","51477","Deutschland","1.0","Exact match via rdfs:label [global index] | 'Deutschland' -> 'Deutschland'","Thüringen","Q1205","2822542","7003689","2052949","62366","Thüringen","1.0","Exact match via rdfs:label [global index] | 'Thüringen' -> 'Thüringen'","Gera","Q706112","2921231","7012815","","62671","Gera","1.0","Exact match via rdfs:label [global index] | 'Gera' -> 'Gera'","Gera"
"31","Deutschland","Q183","2921044","7000084","2044274","51477","Deutschland","1.0","Exact match via rdfs:label [global index] | 'Deutschland' -> 'Deutschland'","Sachsen","Q1202","2842566","7003685","2315107","62467","Sachsen","1.0","Exact match via rdfs:label [global index] | 'Sachsen' -> 'Sachsen'","Leipzig-Land","Q1323208","","","","","Landkreis Leipzig-Land","1.0","Direct override | 'Leipzig-Land' -> QID=Q1323208 | [override -> QID=Q1323208]","Zwenkau"
"32","Deutschland","Q183","2921044","7000084","2044274","51477","Deutschland","1.0","Exact match via rdfs:label [global index] | 'Deutschland' -> 'Deutschland'","Brandenburg","Q1208","2945356","7000096","2048409","62504","Brandenburg","1.0","Exact match via rdfs:label [global index] | 'Brandenburg' -> 'Brandenburg'","Havelland","Q6139","3249082","7076942","","62413","Havelland","1.0","Exact match via rdfs:label [global index] | 'Havelland' -> 'Havelland'","Stadt Rathenow"
"33","Deutschland","Q183","2921044","7000084","2044274","51477","Deutschland","1.0","Exact match via rdfs:label [global index] | 'Deutschland' -> 'Deutschland'","Brandenburg","Q1208","2945356","7000096","2048409","62504","Brandenburg","1.0","Exact match via rdfs:label [global index] | 'Brandenburg' -> 'Brandenburg'","Havelland","Q6139","3249082","7076942","","62413","Havelland","1.0","Exact match via rdfs:label [global index] | 'Havelland' -> 'Havelland'","Friesack"
"34","Deutschland","Q183","2921044","7000084","2044274","51477","Deutschland","1.0","Exact match via rdfs:label [global index] | 'Deutschland' -> 'Deutschland'","Brandenburg","Q1208","2945356","7000096","2048409","62504","Brandenburg","1.0","Exact match via rdfs:label [global index] | 'Brandenburg' -> 'Brandenburg'","Havelland","Q6139","3249082","7076942","","62413","Havelland","1.0","Exact match via rdfs:label [global index] | 'Havelland' -> 'Havelland'","Friesack"
"35","Deutschland","Q183","2921044","7000084","2044274","51477","Deutschland","1.0","Exact match via rdfs:label [global index] | 'Deutschland' -> 'Deutschland'","Sachsen-Anhalt","Q1206","2842565","7003687","2044275","62607","Sachsen-Anhalt","1.0","Exact match via rdfs:label [global index] | 'Sachsen-Anhalt' -> 'Sachsen-Anhalt'","Jessen","Q6075","","","","","Landkreis Jessen","1.0","Direct override | 'Jessen' -> QID=Q6075 | [override -> QID=Q6075]","Prettin"
"36","Deutschland","Q183","2921044","7000084","2044274","51477","Deutschland","1.0","Exact match via rdfs:label [global index] | 'Deutschland' -> 'Deutschland'","Brandenburg","Q1208","2945356","7000096","2048409","62504","Brandenburg","1.0","Exact match via rdfs:label [global index] | 'Brandenburg' -> 'Brandenburg'","Teltow-Fläming","Q6146","","","","","Landkreis Teltow-Fläming","1.0","Direct override | 'Teltow-Fläming' -> QID=Q6146 | [override -> QID=Q6146]","Rohrbeck"
"37","Deutschland","Q183","2921044","7000084","2044274","51477","Deutschland","1.0","Exact match via rdfs:label [global index] | 'Deutschland' -> 'Deutschland'","Brandenburg","Q1208","2945356","7000096","2048409","62504","Brandenburg","1.0","Exact match via rdfs:label [global index] | 'Brandenburg' -> 'Brandenburg'","Teltow-Fläming","Q6146","","","","","Landkreis Teltow-Fläming","1.0","Direct override | 'Teltow-Fläming' -> QID=Q6146 | [override -> QID=Q6146]","Jüterbog"
"38","Deutschland","Q183","2921044","7000084","2044274","51477","Deutschland","1.0","Exact match via rdfs:label [global index] | 'Deutschland' -> 'Deutschland'","Brandenburg","Q1208","2945356","7000096","2048409","62504","Brandenburg","1.0","Exact match via rdfs:label [global index] | 'Brandenburg' -> 'Brandenburg'","Teltow-Fläming","Q6146","","","","","Landkreis Teltow-Fläming","1.0","Direct override | 'Teltow-Fläming' -> QID=Q6146 | [override -> QID=Q6146]","Bochow"
"39","Deutschland","Q183","2921044","7000084","2044274","51477","Deutschland","1.0","Exact match via rdfs:label [global index] | 'Deutschland' -> 'Deutschland'","Brandenburg","Q1208","2945356","7000096","2048409","62504","Brandenburg","1.0","Exact match via rdfs:label [global index] | 'Brandenburg' -> 'Brandenburg'","Teltow-Fläming","Q6146","","","","","Landkreis Teltow-Fläming","1.0","Direct override | 'Teltow-Fläming' -> QID=Q6146 | [override -> QID=Q6146]","Bochow"
"40","Deutschland","Q183","2921044","7000084","2044274","51477","Deutschland","1.0","Exact match via rdfs:label [global index] | 'Deutschland' -> 'Deutschland'","Brandenburg","Q1208","2945356","7000096","2048409","62504","Brandenburg","1.0","Exact match via rdfs:label [global index] | 'Brandenburg' -> 'Brandenburg'","Teltow-Fläming","Q6146","","","","","Landkreis Teltow-Fläming","1.0","Direct override | 'Teltow-Fläming' -> QID=Q6146 | [override -> QID=Q6146]","Bochow"
"41","Deutschland","Q183","2921044","7000084","2044274","51477","Deutschland","1.0","Exact match via rdfs:label [global index] | 'Deutschland' -> 'Deutschland'","Brandenburg","Q1208","2945356","7000096","2048409","62504","Brandenburg","1.0","Exact match via rdfs:label [global index] | 'Brandenburg' -> 'Brandenburg'","Teltow-Fläming","Q6146","","","","","Landkreis Teltow-Fläming","1.0","Direct override | 'Teltow-Fläming' -> QID=Q6146 | [override -> QID=Q6146]","Bochow"
"43","Deutschland","Q183","2921044","7000084","2044274","51477","Deutschland","1.0","Exact match via rdfs:label [global index] | 'Deutschland' -> 'Deutschland'","Brandenburg","Q1208","2945356","7000096","2048409","62504","Brandenburg","1.0","Exact match via rdfs:label [global index] | 'Brandenburg' -> 'Brandenburg'","Teltow-Fläming","Q6146","","","","","Landkreis Teltow-Fläming","1.0","Direct override | 'Teltow-Fläming' -> QID=Q6146 | [override -> QID=Q6146]","Bochow"
"44","Deutschland","Q183","2921044","7000084","2044274","51477","Deutschland","1.0","Exact match via rdfs:label [global index] | 'Deutschland' -> 'Deutschland'","Brandenburg","Q1208","2945356","7000096","2048409","62504","Brandenburg","1.0","Exact match via rdfs:label [global index] | 'Brandenburg' -> 'Brandenburg'","Teltow-Fläming","Q6146","","","","","Landkreis Teltow-Fläming","1.0","Direct override | 'Teltow-Fläming' -> QID=Q6146 | [override -> QID=Q6146]","Bochow"
"45","Deutschland","Q183","2921044","7000084","2044274","51477","Deutschland","1.0","Exact match via rdfs:label [global index] | 'Deutschland' -> 'Deutschland'","Brandenburg","Q1208","2945356","7000096","2048409","62504","Brandenburg","1.0","Exact match via rdfs:label [global index] | 'Brandenburg' -> 'Brandenburg'","Teltow-Fläming","Q6146","","","","","Landkreis Teltow-Fläming","1.0","Direct override | 'Teltow-Fläming' -> QID=Q6146 | [override -> QID=Q6146]","Bochow"
"46","Deutschland","Q183","2921044","7000084","2044274","51477","Deutschland","1.0","Exact match via rdfs:label [global index] | 'Deutschland' -> 'Deutschland'","Brandenburg","Q1208","2945356","7000096","2048409","62504","Brandenburg","1.0","Exact match via rdfs:label [global index] | 'Brandenburg' -> 'Brandenburg'","Teltow-Fläming","Q6146","","","","","Landkreis Teltow-Fläming","1.0","Direct override | 'Teltow-Fläming' -> QID=Q6146 | [override -> QID=Q6146]","Bochow"
"47","Deutschland","Q183","2921044","7000084","2044274","51477","Deutschland","1.0","Exact match via rdfs:label [global index] | 'Deutschland' -> 'Deutschland'","Brandenburg","Q1208","2945356","7000096","2048409","62504","Brandenburg","1.0","Exact match via rdfs:label [global index] | 'Brandenburg' -> 'Brandenburg'","Teltow-Fläming","Q6146","","","","","Landkreis Teltow-Fläming","1.0","Direct override | 'Teltow-Fläming' -> QID=Q6146 | [override -> QID=Q6146]","Schiaß"
"48","Deutschland","Q183","2921044","7000084","2044274","51477","Deutschland","1.0","Exact match via rdfs:label [global index] | 'Deutschland' -> 'Deutschland'","Brandenburg","Q1208","2945356","7000096","2048409","62504","Brandenburg","1.0","Exact match via rdfs:label [global index] | 'Brandenburg' -> 'Brandenburg'","Teltow-Fläming","Q6146","","","","","Landkreis Teltow-Fläming","1.0","Direct override | 'Teltow-Fläming' -> QID=Q6146 | [override -> QID=Q6146]","Groß Kienitz"
"49","Deutschland","Q183","2921044","7000084","2044274","51477","Deutschland","1.0","Exact match via rdfs:label [global index] | 'Deutschland' -> 'Deutschland'","Brandenburg","Q1208","2945356","7000096","2048409","62504","Brandenburg","1.0","Exact match via rdfs:label [global index] | 'Brandenburg' -> 'Brandenburg'","Dahme-Spreewald","Q6173","3249080","7076944","","62376","Dahme-Spreewald","1.0","Exact match via skos:altLabel [global index] | 'Dahme-Spreewald' -> 'Dahme-Spreewald'","Selchow"
"50","Deutschland","Q183","2921044","7000084","2044274","51477","Deutschland","1.0","Exact match via rdfs:label [global index] | 'Deutschland' -> 'Deutschland'","Brandenburg","Q1208","2945356","7000096","2048409","62504","Brandenburg","1.0","Exact match via rdfs:label [global index] | 'Brandenburg' -> 'Brandenburg'","Dahme-Spreewald","Q6173","3249080","7076944","","62376","Dahme-Spreewald","1.0","Exact match via skos:altLabel [global index] | 'Dahme-Spreewald' -> 'Dahme-Spreewald'","Gallun"
"53","Deutschland","Q183","2921044","7000084","2044274","51477","Deutschland","1.0","Exact match via rdfs:label [global index] | 'Deutschland' -> 'Deutschland'","Brandenburg","Q1208","2945356","7000096","2048409","62504","Brandenburg","1.0","Exact match via rdfs:label [global index] | 'Brandenburg' -> 'Brandenburg'","Dahme-Spreewald","Q6173","3249080","7076944","","62376","Dahme-Spreewald","1.0","Exact match via skos:altLabel [global index] | 'Dahme-Spreewald' -> 'Dahme-Spreewald'","Zöllmersdorf"
"54","Deutschland","Q183","2921044","7000084","2044274","51477","Deutschland","1.0","Exact match via rdfs:label [global index] | 'Deutschland' -> 'Deutschland'","Brandenburg","Q1208","2945356","7000096","2048409","62504","Brandenburg","1.0","Exact match via rdfs:label [global index] | 'Brandenburg' -> 'Brandenburg'","Dahme-Spreewald","Q6173","3249080","7076944","","62376","Dahme-Spreewald","1.0","Exact match via skos:altLabel [global index] | 'Dahme-Spreewald' -> 'Dahme-Spreewald'","Kaden"
"55","Deutschland","Q183","2921044","7000084","2044274","51477","Deutschland","1.0","Exact match via rdfs:label [global index] | 'Deutschland' -> 'Deutschland'","Brandenburg","Q1208","2945356","7000096","2048409","62504","Brandenburg","1.0","Exact match via rdfs:label [global index] | 'Brandenburg' -> 'Brandenburg'","Dahme-Spreewald","Q6173","3249080","7076944","","62376","Dahme-Spreewald","1.0","Exact match via skos:altLabel [global index] | 'Dahme-Spreewald' -> 'Dahme-Spreewald'","Neuendorf am See"
"56","Deutschland","Q183","2921044","7000084","2044274","51477","Deutschland","1.0","Exact match via rdfs:label [global index] | 'Deutschland' -> 'Deutschland'","Brandenburg","Q1208","2945356","7000096","2048409","62504","Brandenburg","1.0","Exact match via rdfs:label [global index] | 'Brandenburg' -> 'Brandenburg'","Dahme-Spreewald","Q6173","3249080","7076944","","62376","Dahme-Spreewald","1.0","Exact match via skos:altLabel [global index] | 'Dahme-Spreewald' -> 'Dahme-Spreewald'","Neuendorf am See"
"57","Deutschland","Q183","2921044","7000084","2044274","51477","Deutschland","1.0","Exact match via rdfs:label [global index] | 'Deutschland' -> 'Deutschland'","Brandenburg","Q1208","2945356","7000096","2048409","62504","Brandenburg","1.0","Exact match via rdfs:label [global index] | 'Brandenburg' -> 'Brandenburg'","Dahme-Spreewald","Q6173","3249080","7076944","","62376","Dahme-Spreewald","1.0","Exact match via skos:altLabel [global index] | 'Dahme-Spreewald' -> 'Dahme-Spreewald'","Neuendorf am See"
"58","Deutschland","Q183","2921044","7000084","2044274","51477","Deutschland","1.0","Exact match via rdfs:label [global index] | 'Deutschland' -> 'Deutschland'","Brandenburg","Q1208","2945356","7000096","2048409","62504","Brandenburg","1.0","Exact match via rdfs:label [global index] | 'Brandenburg' -> 'Brandenburg'","Dahme-Spreewald","Q6173","3249080","7076944","","62376","Dahme-Spreewald","1.0","Exact match via skos:altLabel [global index] | 'Dahme-Spreewald' -> 'Dahme-Spreewald'","Hohenbrück"
"59","Deutschland","Q183","2921044","7000084","2044274","51477","Deutschland","1.0","Exact match via rdfs:label [global index] | 'Deutschland' -> 'Deutschland'","Brandenburg","Q1208","2945356","7000096","2048409","62504","Brandenburg","1.0","Exact match via rdfs:label [global index] | 'Brandenburg' -> 'Brandenburg'","Dahme-Spreewald","Q6173","3249080","7076944","","62376","Dahme-Spreewald","1.0","Exact match via skos:altLabel [global index] | 'Dahme-Spreewald' -> 'Dahme-Spreewald'","Hohenbrück"
"60","Deutschland","Q183","2921044","7000084","2044274","51477","Deutschland","1.0","Exact match via rdfs:label [global index] | 'Deutschland' -> 'Deutschland'","Brandenburg","Q1208","2945356","7000096","2048409","62504","Brandenburg","1.0","Exact match via rdfs:label [global index] | 'Brandenburg' -> 'Brandenburg'","Dahme-Spreewald","Q6173","3249080","7076944","","62376","Dahme-Spreewald","1.0","Exact match via skos:altLabel [global index] | 'Dahme-Spreewald' -> 'Dahme-Spreewald'","Steinkirchen"
"61","Deutschland","Q183","2921044","7000084","2044274","51477","Deutschland","1.0","Exact match via rdfs:label [global index] | 'Deutschland' -> 'Deutschland'","Brandenburg","Q1208","2945356","7000096","2048409","62504","Brandenburg","1.0","Exact match via rdfs:label [global index] | 'Brandenburg' -> 'Brandenburg'","Dahme-Spreewald","Q6173","3249080","7076944","","62376","Dahme-Spreewald","1.0","Exact match via skos:altLabel [global index] | 'Dahme-Spreewald' -> 'Dahme-Spreewald'","Lübben"
"64","Deutschland","Q183","2921044","7000084","2044274","51477","Deutschland","1.0","Exact match via rdfs:label [global index] | 'Deutschland' -> 'Deutschland'","Brandenburg","Q1208","2945356","7000096","2048409","62504","Brandenburg","1.0","Exact match via rdfs:label [global index] | 'Brandenburg' -> 'Brandenburg'","Uckermark","Q338635","2820521","","","","Uckermark","1.0","Exact match via rdfs:label [global index] | 'Uckermark' -> 'Uckermark'","Meichow"
"65","Deutschland","Q183","2921044","7000084","2044274","51477","Deutschland","1.0","Exact match via rdfs:label [global index] | 'Deutschland' -> 'Deutschland'","Brandenburg","Q1208","2945356","7000096","2048409","62504","Brandenburg","1.0","Exact match via rdfs:label [global index] | 'Brandenburg' -> 'Brandenburg'","Uckermark","Q338635","2820521","","","","Uckermark","1.0","Exact match via rdfs:label [global index] | 'Uckermark' -> 'Uckermark'","Meichow"
"66","Deutschland","Q183","2921044","7000084","2044274","51477","Deutschland","1.0","Exact match via rdfs:label [global index] | 'Deutschland' -> 'Deutschland'","Brandenburg","Q1208","2945356","7000096","2048409","62504","Brandenburg","1.0","Exact match via rdfs:label [global index] | 'Brandenburg' -> 'Brandenburg'","Uckermark","Q338635","2820521","","","","Uckermark","1.0","Exact match via rdfs:label [global index] | 'Uckermark' -> 'Uckermark'","Kerkow"
"67","Deutschland","Q183","2921044","7000084","2044274","51477","Deutschland","1.0","Exact match via rdfs:label [global index] | 'Deutschland' -> 'Deutschland'","Brandenburg","Q1208","2945356","7000096","2048409","62504","Brandenburg","1.0","Exact match via rdfs:label [global index] | 'Brandenburg' -> 'Brandenburg'","Uckermark","Q338635","2820521","","","","Uckermark","1.0","Exact match via rdfs:label [global index] | 'Uckermark' -> 'Uckermark'","Angermünde"
"68","Deutschland","Q183","2921044","7000084","2044274","51477","Deutschland","1.0","Exact match via rdfs:label [global index] | 'Deutschland' -> 'Deutschland'","Brandenburg","Q1208","2945356","7000096","2048409","62504","Brandenburg","1.0","Exact match via rdfs:label [global index] | 'Brandenburg' -> 'Brandenburg'","Uckermark","Q338635","2820521","","","","Uckermark","1.0","Exact match via rdfs:label [global index] | 'Uckermark' -> 'Uckermark'","Herzsprung"
"69","Deutschland","Q183","2921044","7000084","2044274","51477","Deutschland","1.0","Exact match via rdfs:label [global index] | 'Deutschland' -> 'Deutschland'","Brandenburg","Q1208","2945356","7000096","2048409","62504","Brandenburg","1.0","Exact match via rdfs:label [global index] | 'Brandenburg' -> 'Brandenburg'","Uckermark","Q338635","2820521","","","","Uckermark","1.0","Exact match via rdfs:label [global index] | 'Uckermark' -> 'Uckermark'","Gramzow"
"70","Deutschland","Q183","2921044","7000084","2044274","51477","Deutschland","1.0","Exact match via rdfs:label [global index] | 'Deutschland' -> 'Deutschland'","Brandenburg","Q1208","2945356","7000096","2048409","62504","Brandenburg","1.0","Exact match via rdfs:label [global index] | 'Brandenburg' -> 'Brandenburg'","Uckermark","Q338635","2820521","","","","Uckermark","1.0","Exact match via rdfs:label [global index] | 'Uckermark' -> 'Uckermark'","Grünow bei Schönermark"
"72","Deutschland","Q183","2921044","7000084","2044274","51477","Deutschland","1.0","Exact match via rdfs:label [global index] | 'Deutschland' -> 'Deutschland'","Brandenburg","Q1208","2945356","7000096","2048409","62504","Brandenburg","1.0","Exact match via rdfs:label [global index] | 'Brandenburg' -> 'Brandenburg'","Uckermark","Q338635","2820521","","","","Uckermark","1.0","Exact match via rdfs:label [global index] | 'Uckermark' -> 'Uckermark'","Flemsdorf"
"73","Deutschland","Q183","2921044","7000084","2044274","51477","Deutschland","1.0","Exact match via rdfs:label [global index] | 'Deutschland' -> 'Deutschland'","Brandenburg","Q1208","2945356","7000096","2048409","62504","Brandenburg","1.0","Exact match via rdfs:label [global index] | 'Brandenburg' -> 'Brandenburg'","Uckermark","Q338635","2820521","","","","Uckermark","1.0","Exact match via rdfs:label [global index] | 'Uckermark' -> 'Uckermark'","Flemsdorf"
"74","Deutschland","Q183","2921044","7000084","2044274","51477","Deutschland","1.0","Exact match via rdfs:label [global index] | 'Deutschland' -> 'Deutschland'","Brandenburg","Q1208","2945356","7000096","2048409","62504","Brandenburg","1.0","Exact match via rdfs:label [global index] | 'Brandenburg' -> 'Brandenburg'","Uckermark","Q338635","2820521","","","","Uckermark","1.0","Exact match via rdfs:label [global index] | 'Uckermark' -> 'Uckermark'","Berkholz zu Berkholz-Meyenburg"
"75","Deutschland","Q183","2921044","7000084","2044274","51477","Deutschland","1.0","Exact match via rdfs:label [global index] | 'Deutschland' -> 'Deutschland'","Brandenburg","Q1208","2945356","7000096","2048409","62504","Brandenburg","1.0","Exact match via rdfs:label [global index] | 'Brandenburg' -> 'Brandenburg'","Uckermark","Q338635","2820521","","","","Uckermark","1.0","Exact match via rdfs:label [global index] | 'Uckermark' -> 'Uckermark'","Berkholz zu Berkholz-Meyenburg"
"76","Deutschland","Q183","2921044","7000084","2044274","51477","Deutschland","1.0","Exact match via rdfs:label [global index] | 'Deutschland' -> 'Deutschland'","Brandenburg","Q1208","2945356","7000096","2048409","62504","Brandenburg","1.0","Exact match via rdfs:label [global index] | 'Brandenburg' -> 'Brandenburg'","Oder-Spree","Q6178","3249086","7076938","","62628","Oder-Spree","1.0","Exact match via skos:altLabel [global index] | 'Oder-Spree' -> 'Oder-Spree'","Rietz-Neuendorf"
"77","Deutschland","Q183","2921044","7000084","2044274","51477","Deutschland","1.0","Exact match via rdfs:label [global index] | 'Deutschland' -> 'Deutschland'","Brandenburg","Q1208","2945356","7000096","2048409","62504","Brandenburg","1.0","Exact match via rdfs:label [global index] | 'Brandenburg' -> 'Brandenburg'","Oder-Spree","Q6178","3249086","7076938","","62628","Oder-Spree","1.0","Exact match via skos:altLabel [global index] | 'Oder-Spree' -> 'Oder-Spree'","Sabrodt"
"78","Polen","Q36","798544","7006366","2054097","49715","Polen","1.0","Exact match via rdfs:label [global index] | 'Polen' -> 'Polen'","Woj. Lubuskie","Q54157","3337494","","","130969","lubuskie","1.0","Exact match via skos:altLabel [global index] | 'Lubuskie' -> 'lubuskie' | [normalised: stripped -> 'Lubuskie']","pow. Gryfiński","Q326895","","","","","Powiat Gryfiński","1.0","Direct override | 'pow. Gryfiński' -> QID=Q326895 | [override -> QID=Q326895]","Moryń"
"79","Deutschland","Q183","2921044","7000084","2044274","51477","Deutschland","1.0","Exact match via rdfs:label [global index] | 'Deutschland' -> 'Deutschland'","Brandenburg","Q1208","2945356","7000096","2048409","62504","Brandenburg","1.0","Exact match via rdfs:label [global index] | 'Brandenburg' -> 'Brandenburg'","Märkisch-Oderland","Q6181","3249083","7076941","","318248","Märkisch-Oderland","1.0","Exact match via skos:altLabel [global index] | 'Märkisch-Oderland' -> 'Märkisch-Oderland'","Gusow-Platkow"
"80","Deutschland","Q183","2921044","7000084","2044274","51477","Deutschland","1.0","Exact match via rdfs:label [global index] | 'Deutschland' -> 'Deutschland'","Brandenburg","Q1208","2945356","7000096","2048409","62504","Brandenburg","1.0","Exact match via rdfs:label [global index] | 'Brandenburg' -> 'Brandenburg'","Märkisch-Oderland","Q6181","3249083","7076941","","318248","Märkisch-Oderland","1.0","Exact match via skos:altLabel [global index] | 'Märkisch-Oderland' -> 'Märkisch-Oderland'","Seelow"
"81","Deutschland","Q183","2921044","7000084","2044274","51477","Deutschland","1.0","Exact match via rdfs:label [global index] | 'Deutschland' -> 'Deutschland'","Brandenburg","Q1208","2945356","7000096","2048409","62504","Brandenburg","1.0","Exact match via rdfs:label [global index] | 'Brandenburg' -> 'Brandenburg'","Uckermark","Q338635","2820521","","","","Uckermark","1.0","Exact match via rdfs:label [global index] | 'Uckermark' -> 'Uckermark'","Gartz"
"82","Deutschland","Q183","2921044","7000084","2044274","51477","Deutschland","1.0","Exact match via rdfs:label [global index] | 'Deutschland' -> 'Deutschland'","Brandenburg","Q1208","2945356","7000096","2048409","62504","Brandenburg","1.0","Exact match via rdfs:label [global index] | 'Brandenburg' -> 'Brandenburg'","Spree-Neiße","Q6165","3249089","7076935","","62683","Spree-Neiße","1.0","Exact match via skos:altLabel [global index] | 'Spree-Neiße' -> 'Spree-Neiße'","Neuendorf"
"83","Deutschland","Q183","2921044","7000084","2044274","51477","Deutschland","1.0","Exact match via rdfs:label [global index] | 'Deutschland' -> 'Deutschland'","Brandenburg","Q1208","2945356","7000096","2048409","62504","Brandenburg","1.0","Exact match via rdfs:label [global index] | 'Brandenburg' -> 'Brandenburg'","Märkisch-Oderland","Q6181","3249083","7076941","","318248","Märkisch-Oderland","1.0","Exact match via skos:altLabel [global index] | 'Märkisch-Oderland' -> 'Märkisch-Oderland'","Niederjesar"
"84","Deutschland","Q183","2921044","7000084","2044274","51477","Deutschland","1.0","Exact match via rdfs:label [global index] | 'Deutschland' -> 'Deutschland'","Brandenburg","Q1208","2945356","7000096","2048409","62504","Brandenburg","1.0","Exact match via rdfs:label [global index] | 'Brandenburg' -> 'Brandenburg'","Frankfurt (Oder)","Q4024","2925535","7005972","","62523","Frankfurt (Oder)","1.0","Exact match via rdfs:label [global index] | 'Frankfurt (Oder)' -> 'Frankfurt (Oder)'","Booßen"
"85","Polen","Q36","798544","7006366","2054097","49715","Polen","1.0","Exact match via rdfs:label [global index] | 'Polen' -> 'Polen'","Woj. Zachodniopomorskie","Q54188","3337499","","","104401","zachodniopomorskie","1.0","Exact match via skos:altLabel [global index] | 'Zachodniopomorskie' -> 'zachodniopomorskie' | [normalised: stripped -> 'Zachodniopomorskie']","pow. Szczecińska","Q558408","","","","","Powiat Szczecinecki","1.0","Direct override | 'pow. Szczecińska' -> QID=Q558408 | [override -> QID=Q558408]","Szczecin"
"86","Deutschland","Q183","2921044","7000084","2044274","51477","Deutschland","1.0","Exact match via rdfs:label [global index] | 'Deutschland' -> 'Deutschland'","Brandenburg","Q1208","2945356","7000096","2048409","62504","Brandenburg","1.0","Exact match via rdfs:label [global index] | 'Brandenburg' -> 'Brandenburg'","Spree-Neiße","Q6165","3249089","7076935","","62683","Spree-Neiße","1.0","Exact match via skos:altLabel [global index] | 'Spree-Neiße' -> 'Spree-Neiße'","Grötsch"
"87","Deutschland","Q183","2921044","7000084","2044274","51477","Deutschland","1.0","Exact match via rdfs:label [global index] | 'Deutschland' -> 'Deutschland'","Sachsen","Q1202","2842566","7003685","2315107","62467","Sachsen","1.0","Exact match via rdfs:label [global index] | 'Sachsen' -> 'Sachsen'","Hoyerswerda","Q571947","","","","","Landkreis Hoyerswerda","1.0","Direct override | 'Hoyerswerda' -> QID=Q571947 | [override -> QID=Q571947]","Merzdorf"
"88","Deutschland","Q183","2921044","7000084","2044274","51477","Deutschland","1.0","Exact match via rdfs:label [global index] | 'Deutschland' -> 'Deutschland'","Sachsen","Q1202","2842566","7003685","2315107","62467","Sachsen","1.0","Exact match via rdfs:label [global index] | 'Sachsen' -> 'Sachsen'","Görlitz","Q6317","","","","","Landkreis Görlitz","1.0","Direct override | 'Görlitz' -> QID=Q6317 | [override -> QID=Q6317]","Boxberg/O.L."
"89","Deutschland","Q183","2921044","7000084","2044274","51477","Deutschland","1.0","Exact match via rdfs:label [global index] | 'Deutschland' -> 'Deutschland'","Sachsen","Q1202","2842566","7003685","2315107","62467","Sachsen","1.0","Exact match via rdfs:label [global index] | 'Sachsen' -> 'Sachsen'","Görlitz","Q6317","","","","","Landkreis Görlitz","1.0","Direct override | 'Görlitz' -> QID=Q6317 | [override -> QID=Q6317]","Boxberg/O.L."
"90","Deutschland","Q183","2921044","7000084","2044274","51477","Deutschland","1.0","Exact match via rdfs:label [global index] | 'Deutschland' -> 'Deutschland'","Brandenburg","Q1208","2945356","7000096","2048409","62504","Brandenburg","1.0","Exact match via rdfs:label [global index] | 'Brandenburg' -> 'Brandenburg'","Spree-Neiße","Q6165","3249089","7076935","","62683","Spree-Neiße","1.0","Exact match via skos:altLabel [global index] | 'Spree-Neiße' -> 'Spree-Neiße'","Heinersbrück"
"91","Deutschland","Q183","2921044","7000084","2044274","51477","Deutschland","1.0","Exact match via rdfs:label [global index] | 'Deutschland' -> 'Deutschland'","Brandenburg","Q1208","2945356","7000096","2048409","62504","Brandenburg","1.0","Exact match via rdfs:label [global index] | 'Brandenburg' -> 'Brandenburg'","Spree-Neiße","Q6165","3249089","7076935","","62683","Spree-Neiße","1.0","Exact match via skos:altLabel [global index] | 'Spree-Neiße' -> 'Spree-Neiße'","Heinersbrück"
"92","Deutschland","Q183","2921044","7000084","2044274","51477","Deutschland","1.0","Exact match via rdfs:label [global index] | 'Deutschland' -> 'Deutschland'","Brandenburg","Q1208","2945356","7000096","2048409","62504","Brandenburg","1.0","Exact match via rdfs:label [global index] | 'Brandenburg' -> 'Brandenburg'","Spree-Neiße","Q6165","3249089","7076935","","62683","Spree-Neiße","1.0","Exact match via skos:altLabel [global index] | 'Spree-Neiße' -> 'Spree-Neiße'","Heinersbrück"
"93","Polen","Q36","798544","7006366","2054097","49715","Polen","1.0","Exact match via rdfs:label [global index] | 'Polen' -> 'Polen'","Woj. Lubuskie","Q54157","3337494","","","130969","lubuskie","1.0","Exact match via skos:altLabel [global index] | 'Lubuskie' -> 'lubuskie' | [normalised: stripped -> 'Lubuskie']","pow. Krośnieński","Q317835","7531030","","","2663855","powiat krośnieński","1.0","Exact match via rdfs:label [global index] | 'Powiat Krośnieński' -> 'powiat krośnieński'","Gmina Gubin"
"94","Polen","Q36","798544","7006366","2054097","49715","Polen","1.0","Exact match via rdfs:label [global index] | 'Polen' -> 'Polen'","Woj. Lubuskie","Q54157","3337494","","","130969","lubuskie","1.0","Exact match via skos:altLabel [global index] | 'Lubuskie' -> 'lubuskie' | [normalised: stripped -> 'Lubuskie']","pow. Krośnieński","Q317835","7531030","","","2663855","powiat krośnieński","1.0","Exact match via rdfs:label [global index] | 'Powiat Krośnieński' -> 'powiat krośnieński'","Gmina Gubin"
"96","Polen","Q36","798544","7006366","2054097","49715","Polen","1.0","Exact match via rdfs:label [global index] | 'Polen' -> 'Polen'","Woj. Zachodniopomorskie","Q54188","3337499","","","104401","zachodniopomorskie","1.0","Exact match via skos:altLabel [global index] | 'Zachodniopomorskie' -> 'zachodniopomorskie' | [normalised: stripped -> 'Zachodniopomorskie']","pow. Pyrzycki","Q1411599","7530845","","","2662787","powiat pyrzycki","1.0","Exact match via rdfs:label [global index] | 'Powiat Pyrzycki' -> 'powiat pyrzycki'","Gmina Kozielice"
"97","Polen","Q36","798544","7006366","2054097","49715","Polen","1.0","Exact match via rdfs:label [global index] | 'Polen' -> 'Polen'","Woj. Lubuskie","Q54157","3337494","","","130969","lubuskie","1.0","Exact match via skos:altLabel [global index] | 'Lubuskie' -> 'lubuskie' | [normalised: stripped -> 'Lubuskie']","pow. Żarski","Q318459","7530731","","","2663860","powiat żarski","1.0","Exact match via rdfs:label [global index] | 'Powiat Żarski' -> 'powiat żarski'","Gmina Brody"
"98","Polen","Q36","798544","7006366","2054097","49715","Polen","1.0","Exact match via rdfs:label [global index] | 'Polen' -> 'Polen'","Woj. Lubuskie","Q54157","3337494","","","130969","lubuskie","1.0","Exact match via skos:altLabel [global index] | 'Lubuskie' -> 'lubuskie' | [normalised: stripped -> 'Lubuskie']","pow. Żarski","Q318459","7530731","","","2663860","powiat żarski","1.0","Exact match via rdfs:label [global index] | 'Powiat Żarski' -> 'powiat żarski'","Gmina Brody"
"99","Polen","Q36","798544","7006366","2054097","49715","Polen","1.0","Exact match via rdfs:label [global index] | 'Polen' -> 'Polen'","Woj. Lubuskie","Q54157","3337494","","","130969","lubuskie","1.0","Exact match via skos:altLabel [global index] | 'Lubuskie' -> 'lubuskie' | [normalised: stripped -> 'Lubuskie']","pow. Żarski","Q318459","7530731","","","2663860","powiat żarski","1.0","Exact match via rdfs:label [global index] | 'Powiat Żarski' -> 'powiat żarski'","Gmina Brody"
"100","Polen","Q36","798544","7006366","2054097","49715","Polen","1.0","Exact match via rdfs:label [global index] | 'Polen' -> 'Polen'","Woj. Lubuskie","Q54157","3337494","","","130969","lubuskie","1.0","Exact match via skos:altLabel [global index] | 'Lubuskie' -> 'lubuskie' | [normalised: stripped -> 'Lubuskie']","pow. Krosno Odrzańskie","Q317835","","","","","Powiat Krośnieński","1.0","Direct override | 'pow. Krosno Odrzańskie' -> QID=Q317835 | [override -> QID=Q317835]","Gmina Gubin"
"101","Polen","Q36","798544","7006366","2054097","49715","Polen","1.0","Exact match via rdfs:label [global index] | 'Polen' -> 'Polen'","Woj. Lubuskie","Q54157","3337494","","","130969","lubuskie","1.0","Exact match via skos:altLabel [global index] | 'Lubuskie' -> 'lubuskie' | [normalised: stripped -> 'Lubuskie']","pow. Krośnieński","Q317835","7531030","","","2663855","powiat krośnieński","1.0","Exact match via rdfs:label [global index] | 'Powiat Krośnieński' -> 'powiat krośnieński'","Gmina Gubin"
"103","Polen","Q36","798544","7006366","2054097","49715","Polen","1.0","Exact match via rdfs:label [global index] | 'Polen' -> 'Polen'","Woj. Zachodniopomorskie","Q54188","3337499","","","104401","zachodniopomorskie","1.0","Exact match via skos:altLabel [global index] | 'Zachodniopomorskie' -> 'zachodniopomorskie' | [normalised: stripped -> 'Zachodniopomorskie']","pow. Pyrzycki","Q1411599","7530845","","","2662787","powiat pyrzycki","1.0","Exact match via rdfs:label [global index] | 'Powiat Pyrzycki' -> 'powiat pyrzycki'","Gmina Pyrzyce"
"107","Polen","Q36","798544","7006366","2054097","49715","Polen","1.0","Exact match via rdfs:label [global index] | 'Polen' -> 'Polen'","Woj. Zachodniopomorskie","Q54188","3337499","","","104401","zachodniopomorskie","1.0","Exact match via skos:altLabel [global index] | 'Zachodniopomorskie' -> 'zachodniopomorskie' | [normalised: stripped -> 'Zachodniopomorskie']","pow. Pyrzycki","Q1411599","7530845","","","2662787","powiat pyrzycki","1.0","Exact match via rdfs:label [global index] | 'Powiat Pyrzycki' -> 'powiat pyrzycki'","Gmina Pyrzyce"
"111","Polen","Q36","798544","7006366","2054097","49715","Polen","1.0","Exact match via rdfs:label [global index] | 'Polen' -> 'Polen'","Woj. Zachodniopomorskie","Q54188","3337499","","","104401","zachodniopomorskie","1.0","Exact match via skos:altLabel [global index] | 'Zachodniopomorskie' -> 'zachodniopomorskie' | [normalised: stripped -> 'Zachodniopomorskie']","pow. Stargardzki","Q1340630","7530793","","","2662788","powiat stargardzki","1.0","Exact match via rdfs:label [global index] | 'Powiat Stargardzki' -> 'powiat stargardzki'","Gmina Dolice"
"114","Polen","Q36","798544","7006366","2054097","49715","Polen","1.0","Exact match via rdfs:label [global index] | 'Polen' -> 'Polen'","Woj. Zachodniopomorskie","Q54188","3337499","","","104401","zachodniopomorskie","1.0","Exact match via skos:altLabel [global index] | 'Zachodniopomorskie' -> 'zachodniopomorskie' | [normalised: stripped -> 'Zachodniopomorskie']","pow. Myśliborski","Q558403","7531005","","","2662786","Powiat myśliborski","1.0","Exact match via rdfs:label [global index] | 'Powiat Myśliborski' -> 'Powiat myśliborski'","Gmina Nowogródek Pomorski"
"116","Polen","Q36","798544","7006366","2054097","49715","Polen","1.0","Exact match via rdfs:label [global index] | 'Polen' -> 'Polen'","Woj. Wielkopolskie","Q54187","3337498","7024119","","130971","wielkopolskie","1.0","Exact match via skos:altLabel [global index] | 'Wielkopolskie' -> 'wielkopolskie' | [normalised: stripped -> 'Wielkopolskie']","pow. Gorzów Wielkopolski","Q104731","","","","","Gorzów Wielkopolski","1.0","Direct override | 'pow. Gorzów Wielkopolski' -> QID=Q104731 | [override -> QID=Q104731]","Gmina Kłodawa"
"119","Polen","Q36","798544","7006366","2054097","49715","Polen","1.0","Exact match via rdfs:label [global index] | 'Polen' -> 'Polen'","Woj. Lubuskie","Q54157","3337494","","","130969","lubuskie","1.0","Exact match via skos:altLabel [global index] | 'Lubuskie' -> 'lubuskie' | [normalised: stripped -> 'Lubuskie']","pow. Sulęciński","Q318002","7530987","","","2663875","Powiat Sulęciński","1.0","Exact match via rdfs:label [global index] | 'Powiat Sulęciński' -> 'Powiat Sulęciński'","Gmina Lubniewice"
"120","Polen","Q36","798544","7006366","2054097","49715","Polen","1.0","Exact match via rdfs:label [global index] | 'Polen' -> 'Polen'","Woj. Lubuskie","Q54157","3337494","","","130969","lubuskie","1.0","Exact match via skos:altLabel [global index] | 'Lubuskie' -> 'lubuskie' | [normalised: stripped -> 'Lubuskie']","pow. Zielonogórski","Q318384","7531003","","","2417503","Powiat Zielonogórski","1.0","Exact match via rdfs:label [global index] | 'Powiat Zielonogórski' -> 'Powiat Zielonogórski'","Sulechów"
"121","Polen","Q36","798544","7006366","2054097","49715","Polen","1.0","Exact match via rdfs:label [global index] | 'Polen' -> 'Polen'","Woj. Wielkopolskie","Q54187","3337498","7024119","","130971","wielkopolskie","1.0","Exact match via skos:altLabel [global index] | 'Wielkopolskie' -> 'wielkopolskie' | [normalised: stripped -> 'Wielkopolskie']","pow. Zielonogórski","Q318384","7531003","","","2417503","Powiat Zielonogórski","1.0","Exact match via rdfs:label [global index] | 'Powiat Zielonogórski' -> 'Powiat Zielonogórski'","Gmina Sulechów"
"122","Polen","Q36","798544","7006366","2054097","49715","Polen","1.0","Exact match via rdfs:label [global index] | 'Polen' -> 'Polen'","Woj. Lubuskie","Q54157","3337494","","","130969","lubuskie","1.0","Exact match via skos:altLabel [global index] | 'Lubuskie' -> 'lubuskie' | [normalised: stripped -> 'Lubuskie']","pow. Strzelecko-Drezdenecki","Q317976","7530981","","","2663925","Powiat Strzelecko-Drezdenecki","1.0","Exact match via rdfs:label [global index] | 'Powiat Strzelecko-Drezdenecki' -> 'Powiat Strzelecko-Drezdenecki'","Gmina Zwierzyn"
"123","Polen","Q36","798544","7006366","2054097","49715","Polen","1.0","Exact match via rdfs:label [global index] | 'Polen' -> 'Polen'","Woj. Wielkopolskie","Q54187","3337498","7024119","","130971","wielkopolskie","1.0","Exact match via skos:altLabel [global index] | 'Wielkopolskie' -> 'wielkopolskie' | [normalised: stripped -> 'Wielkopolskie']","pow. Strzelecko-Drezdenecki","Q317976","7530981","","","2663925","Powiat Strzelecko-Drezdenecki","1.0","Exact match via rdfs:label [global index] | 'Powiat Strzelecko-Drezdenecki' -> 'Powiat Strzelecko-Drezdenecki'","Gmina Drezdenko"
"125","Polen","Q36","798544","7006366","2054097","49715","Polen","1.0","Exact match via rdfs:label [global index] | 'Polen' -> 'Polen'","Woj. Lubuskie","Q54157","3337494","","","130969","lubuskie","1.0","Exact match via skos:altLabel [global index] | 'Lubuskie' -> 'lubuskie' | [normalised: stripped -> 'Lubuskie']","pow. Strzelecko-Drezdenecki","Q317976","7530981","","","2663925","Powiat Strzelecko-Drezdenecki","1.0","Exact match via rdfs:label [global index] | 'Powiat Strzelecko-Drezdenecki' -> 'Powiat Strzelecko-Drezdenecki'","Gmina Zwierzyn"
"126","Polen","Q36","798544","7006366","2054097","49715","Polen","1.0","Exact match via rdfs:label [global index] | 'Polen' -> 'Polen'","Woj. Lubuskie","Q54157","3337494","","","130969","lubuskie","1.0","Exact match via skos:altLabel [global index] | 'Lubuskie' -> 'lubuskie' | [normalised: stripped -> 'Lubuskie']","pow. Nowosolski","Q317943","7530855","","","2663868","powiat nowosolski","1.0","Exact match via rdfs:label [global index] | 'Powiat Nowosolski' -> 'powiat nowosolski'","Gmina Bytom Odrzański"
"128","Polen","Q36","798544","7006366","2054097","49715","Polen","1.0","Exact match via rdfs:label [global index] | 'Polen' -> 'Polen'","Woj. Dolnośląskie","Q54150","3337492","","","224457","Dolnośląskie","1.0","Exact match via skos:altLabel [global index] | 'Dolnośląskie' -> 'Dolnośląskie' | [normalised: stripped -> 'Dolnośląskie']","pow. Głogówski","Q631754","7530806","","","451316","Powiat Głogowski","0.9375","Fuzzy match (score=0.94) via rdfs:label [global index] | 'Powiat Głogówski' -> 'Powiat Głogowski'","Gmina Żukowice"
"129","Polen","Q36","798544","7006366","2054097","49715","Polen","1.0","Exact match via rdfs:label [global index] | 'Polen' -> 'Polen'","Woj. Dolnośląskie","Q54150","3337492","","","224457","Dolnośląskie","1.0","Exact match via skos:altLabel [global index] | 'Dolnośląskie' -> 'Dolnośląskie' | [normalised: stripped -> 'Dolnośląskie']","pow. Głogówski","Q631754","7530806","","","451316","Powiat Głogowski","0.9375","Fuzzy match (score=0.94) via rdfs:label [global index] | 'Powiat Głogówski' -> 'Powiat Głogowski'","Gmina Żukowice"
"131","Polen","Q36","798544","7006366","2054097","49715","Polen","1.0","Exact match via rdfs:label [global index] | 'Polen' -> 'Polen'","Woj. Dolnośląskie","Q54150","3337492","","","224457","Dolnośląskie","1.0","Exact match via skos:altLabel [global index] | 'Dolnośląskie' -> 'Dolnośląskie' | [normalised: stripped -> 'Dolnośląskie']","pow. Głogówski","Q631754","7530806","","","451316","Powiat Głogowski","0.9375","Fuzzy match (score=0.94) via rdfs:label [global index] | 'Powiat Głogówski' -> 'Powiat Głogowski'","Gmina Głogów"
"134","Polen","Q36","798544","7006366","2054097","49715","Polen","1.0","Exact match via rdfs:label [global index] | 'Polen' -> 'Polen'","Woj. Dolnośląskie","Q54150","3337492","","","224457","Dolnośląskie","1.0","Exact match via skos:altLabel [global index] | 'Dolnośląskie' -> 'Dolnośląskie' | [normalised: stripped -> 'Dolnośląskie']","pow. Głogówski","Q631754","7530806","","","451316","Powiat Głogowski","0.9375","Fuzzy match (score=0.94) via rdfs:label [global index] | 'Powiat Głogówski' -> 'Powiat Głogowski'","Gmina Głogów"
"136","Polen","Q36","798544","7006366","2054097","49715","Polen","1.0","Exact match via rdfs:label [global index] | 'Polen' -> 'Polen'","Woj. Dolnośląskie","Q54150","3337492","","","224457","Dolnośląskie","1.0","Exact match via skos:altLabel [global index] | 'Dolnośląskie' -> 'Dolnośląskie' | [normalised: stripped -> 'Dolnośląskie']","pow. Głogówski","Q631754","7530806","","","451316","Powiat Głogowski","0.9375","Fuzzy match (score=0.94) via rdfs:label [global index] | 'Powiat Głogówski' -> 'Powiat Głogowski'","Gmina Głogów"
"138","Polen","Q36","798544","7006366","2054097","49715","Polen","1.0","Exact match via rdfs:label [global index] | 'Polen' -> 'Polen'","Woj. Dolnośląskie","Q54150","3337492","","","224457","Dolnośląskie","1.0","Exact match via skos:altLabel [global index] | 'Dolnośląskie' -> 'Dolnośląskie' | [normalised: stripped -> 'Dolnośląskie']","pow. Głogówski","Q631754","7530806","","","451316","Powiat Głogowski","0.9375","Fuzzy match (score=0.94) via rdfs:label [global index] | 'Powiat Głogówski' -> 'Powiat Głogowski'","Gmina Głogów"
"139","Polen","Q36","798544","7006366","2054097","49715","Polen","1.0","Exact match via rdfs:label [global index] | 'Polen' -> 'Polen'","Woj. Dolnośląskie","Q54150","3337492","","","224457","Dolnośląskie","1.0","Exact match via skos:altLabel [global index] | 'Dolnośląskie' -> 'Dolnośląskie' | [normalised: stripped -> 'Dolnośląskie']","pow. Głogówski","Q631754","7530806","","","451316","Powiat Głogowski","0.9375","Fuzzy match (score=0.94) via rdfs:label [global index] | 'Powiat Głogówski' -> 'Powiat Głogowski'","Gmina Głogów"
"140","Polen","Q36","798544","7006366","2054097","49715","Polen","1.0","Exact match via rdfs:label [global index] | 'Polen' -> 'Polen'","Woj. Dolnośląskie","Q54150","3337492","","","224457","Dolnośląskie","1.0","Exact match via skos:altLabel [global index] | 'Dolnośląskie' -> 'Dolnośląskie' | [normalised: stripped -> 'Dolnośląskie']","pow. Jaworski","Q637105","7530815","","","451358","powiat jaworski","1.0","Exact match via rdfs:label [global index] | 'Powiat Jaworski' -> 'powiat jaworski'","Gmina Jawor"
"141","Polen","Q36","798544","7006366","2054097","49715","Polen","1.0","Exact match via rdfs:label [global index] | 'Polen' -> 'Polen'","Woj. Dolnośląskie","Q54150","3337492","","","224457","Dolnośląskie","1.0","Exact match via skos:altLabel [global index] | 'Dolnośląskie' -> 'Dolnośląskie' | [normalised: stripped -> 'Dolnośląskie']","pow. Głogówski","Q631754","7530806","","","451316","Powiat Głogowski","0.9375","Fuzzy match (score=0.94) via rdfs:label [global index] | 'Powiat Głogówski' -> 'Powiat Głogowski'","Gmina Pęcław"
"142","Polen","Q36","798544","7006366","2054097","49715","Polen","1.0","Exact match via rdfs:label [global index] | 'Polen' -> 'Polen'","Woj. Dolnośląskie","Q54150","3337492","","","224457","Dolnośląskie","1.0","Exact match via skos:altLabel [global index] | 'Dolnośląskie' -> 'Dolnośląskie' | [normalised: stripped -> 'Dolnośląskie']","pow. Głogówski","Q631754","7530806","","","451316","Powiat Głogowski","0.9375","Fuzzy match (score=0.94) via rdfs:label [global index] | 'Powiat Głogówski' -> 'Powiat Głogowski'","Gmina Głogów"
"144","Polen","Q36","798544","7006366","2054097","49715","Polen","1.0","Exact match via rdfs:label [global index] | 'Polen' -> 'Polen'","Woj. Lubuskie","Q54157","3337494","","","130969","lubuskie","1.0","Exact match via skos:altLabel [global index] | 'Lubuskie' -> 'lubuskie' | [normalised: stripped -> 'Lubuskie']","pow. Wschowski","Q318376","7530812","","","2663872","powiat wschowski","1.0","Exact match via rdfs:label [global index] | 'Powiat Wschowski' -> 'powiat wschowski'","Gmina Szlichtyngowa"
"145","Polen","Q36","798544","7006366","2054097","49715","Polen","1.0","Exact match via rdfs:label [global index] | 'Polen' -> 'Polen'","Woj. Dolnośląskie","Q54150","3337492","","","224457","Dolnośląskie","1.0","Exact match via skos:altLabel [global index] | 'Dolnośląskie' -> 'Dolnośląskie' | [normalised: stripped -> 'Dolnośląskie']","pow. Jaworski","Q637105","7530815","","","451358","powiat jaworski","1.0","Exact match via rdfs:label [global index] | 'Powiat Jaworski' -> 'powiat jaworski'","Gmina Wądroże Wielkie"
"146","Polen","Q36","798544","7006366","2054097","49715","Polen","1.0","Exact match via rdfs:label [global index] | 'Polen' -> 'Polen'","Woj. Dolnośląskie","Q54150","3337492","","","224457","Dolnośląskie","1.0","Exact match via skos:altLabel [global index] | 'Dolnośląskie' -> 'Dolnośląskie' | [normalised: stripped -> 'Dolnośląskie']","pow. Lubiński","Q687839","7530831","","","451317","powiat lubiński","1.0","Exact match via rdfs:label [global index] | 'Powiat Lubiński' -> 'powiat lubiński'","Gmina Ścinawa"
"147","Polen","Q36","798544","7006366","2054097","49715","Polen","1.0","Exact match via rdfs:label [global index] | 'Polen' -> 'Polen'","Woj. Dolnośląskie","Q54150","3337492","","","224457","Dolnośląskie","1.0","Exact match via skos:altLabel [global index] | 'Dolnośląskie' -> 'Dolnośląskie' | [normalised: stripped -> 'Dolnośląskie']","pow. Lubiński","Q687839","7530831","","","451317","powiat lubiński","1.0","Exact match via rdfs:label [global index] | 'Powiat Lubiński' -> 'powiat lubiński'","Gmina Rudna"
"148","Polen","Q36","798544","7006366","2054097","49715","Polen","1.0","Exact match via rdfs:label [global index] | 'Polen' -> 'Polen'","Woj. Dolnośląskie","Q54150","3337492","","","224457","Dolnośląskie","1.0","Exact match via skos:altLabel [global index] | 'Dolnośląskie' -> 'Dolnośląskie' | [normalised: stripped -> 'Dolnośląskie']","pow. Gorẃski","Q636757","7530807","","","451318","powiat górowski","0.8276","Fuzzy match (score=0.83) via rdfs:label [global index] | 'Powiat Gorẃski' -> 'powiat górowski'","Gmina Góra"
"149","Polen","Q36","798544","7006366","2054097","49715","Polen","1.0","Exact match via rdfs:label [global index] | 'Polen' -> 'Polen'","Woj. Dolnośląskie","Q54150","3337492","","","224457","Dolnośląskie","1.0","Exact match via skos:altLabel [global index] | 'Dolnośląskie' -> 'Dolnośląskie' | [normalised: stripped -> 'Dolnośląskie']","pow. Gorẃski","Q636757","7530807","","","451318","powiat górowski","0.8276","Fuzzy match (score=0.83) via rdfs:label [global index] | 'Powiat Gorẃski' -> 'powiat górowski'","Gmina Góra"
"150","Polen","Q36","798544","7006366","2054097","49715","Polen","1.0","Exact match via rdfs:label [global index] | 'Polen' -> 'Polen'","Woj. Dolnośląskie","Q54150","3337492","","","224457","Dolnośląskie","1.0","Exact match via skos:altLabel [global index] | 'Dolnośląskie' -> 'Dolnośląskie' | [normalised: stripped -> 'Dolnośląskie']","pow. Gorẃski","Q636757","7530807","","","451318","powiat górowski","0.8276","Fuzzy match (score=0.83) via rdfs:label [global index] | 'Powiat Gorẃski' -> 'powiat górowski'","Gmina Góra"
"151","Polen","Q36","798544","7006366","2054097","49715","Polen","1.0","Exact match via rdfs:label [global index] | 'Polen' -> 'Polen'","Woj. Dolnośląskie","Q54150","3337492","","","224457","Dolnośląskie","1.0","Exact match via skos:altLabel [global index] | 'Dolnośląskie' -> 'Dolnośląskie' | [normalised: stripped -> 'Dolnośląskie']","pow. Wołowski","Q715925","7530849","","","451510","powiat wołowski","1.0","Exact match via rdfs:label [global index] | 'Powiat Wołowski' -> 'powiat wołowski'","Gmina Brzeg Dolny"
"152","Polen","Q36","798544","7006366","2054097","49715","Polen","1.0","Exact match via rdfs:label [global index] | 'Polen' -> 'Polen'","Woj. Wielkopolskie","Q54187","3337498","7024119","","130971","wielkopolskie","1.0","Exact match via skos:altLabel [global index] | 'Wielkopolskie' -> 'wielkopolskie' | [normalised: stripped -> 'Wielkopolskie']","pow. Kościan","Q133188","7531076","","","2690735","powiat kościański","0.8387","Fuzzy match (score=0.84) via rdfs:label [global index] | 'Powiat Kościan' -> 'powiat kościański'","Gmina Kościan"
"153","Polen","Q36","798544","7006366","2054097","49715","Polen","1.0","Exact match via rdfs:label [global index] | 'Polen' -> 'Polen'","Woj. Wielkopolskie","Q54187","3337498","7024119","","130971","wielkopolskie","1.0","Exact match via skos:altLabel [global index] | 'Wielkopolskie' -> 'wielkopolskie' | [normalised: stripped -> 'Wielkopolskie']","pow. Kościan","Q133188","7531076","","","2690735","powiat kościański","0.8387","Fuzzy match (score=0.84) via rdfs:label [global index] | 'Powiat Kościan' -> 'powiat kościański'","Gmina Kościan"
"154","Polen","Q36","798544","7006366","2054097","49715","Polen","1.0","Exact match via rdfs:label [global index] | 'Polen' -> 'Polen'","Woj. Dolnośląskie","Q54150","3337492","","","224457","Dolnośląskie","1.0","Exact match via skos:altLabel [global index] | 'Dolnośląskie' -> 'Dolnośląskie' | [normalised: stripped -> 'Dolnośląskie']","pow. Ząbkowicki","Q716143","7530851","","","451513","Powiat Ząbkowicki","1.0","Exact match via rdfs:label [global index] | 'Powiat Ząbkowicki' -> 'Powiat Ząbkowicki'","Gmina Ząbkowice Śląskie"
"155","Polen","Q36","798544","7006366","2054097","49715","Polen","1.0","Exact match via rdfs:label [global index] | 'Polen' -> 'Polen'","Woj. Dolnośląskie","Q54150","3337492","","","224457","Dolnośląskie","1.0","Exact match via skos:altLabel [global index] | 'Dolnośląskie' -> 'Dolnośląskie' | [normalised: stripped -> 'Dolnośląskie']","pow. Wrocławski","Q715974","7530850","","","451517","powiat wrocławski","1.0","Exact match via rdfs:label [global index] | 'Powiat Wrocławski' -> 'powiat wrocławski'","Gmina Sobótka"
"156","Polen","Q36","798544","7006366","2054097","49715","Polen","1.0","Exact match via rdfs:label [global index] | 'Polen' -> 'Polen'","Woj. Dolnośląskie","Q54150","3337492","","","224457","Dolnośląskie","1.0","Exact match via skos:altLabel [global index] | 'Dolnośląskie' -> 'Dolnośląskie' | [normalised: stripped -> 'Dolnośląskie']","pow. Wrocławski","Q715974","7530850","","","451517","powiat wrocławski","1.0","Exact match via rdfs:label [global index] | 'Powiat Wrocławski' -> 'powiat wrocławski'","Gmina Kąty Wrocławskie"
"157","Polen","Q36","798544","7006366","2054097","49715","Polen","1.0","Exact match via rdfs:label [global index] | 'Polen' -> 'Polen'","Woj. Dolnośląskie","Q54150","3337492","","","224457","Dolnośląskie","1.0","Exact match via skos:altLabel [global index] | 'Dolnośląskie' -> 'Dolnośląskie' | [normalised: stripped -> 'Dolnośląskie']","pow. Wrocławski","Q715974","7530850","","","451517","powiat wrocławski","1.0","Exact match via rdfs:label [global index] | 'Powiat Wrocławski' -> 'powiat wrocławski'","Gmina Jordanów Śląski"
"158","Polen","Q36","798544","7006366","2054097","49715","Polen","1.0","Exact match via rdfs:label [global index] | 'Polen' -> 'Polen'","Woj. Dolnośląskie","Q54150","3337492","","","224457","Dolnośląskie","1.0","Exact match via skos:altLabel [global index] | 'Dolnośląskie' -> 'Dolnośląskie' | [normalised: stripped -> 'Dolnośląskie']","pow. Wrocławski","Q715974","7530850","","","451517","powiat wrocławski","1.0","Exact match via rdfs:label [global index] | 'Powiat Wrocławski' -> 'powiat wrocławski'","Gmina Kobierzyce"
"159","Polen","Q36","798544","7006366","2054097","49715","Polen","1.0","Exact match via rdfs:label [global index] | 'Polen' -> 'Polen'","Woj. Dolnośląskie","Q54150","3337492","","","224457","Dolnośląskie","1.0","Exact match via skos:altLabel [global index] | 'Dolnośląskie' -> 'Dolnośląskie' | [normalised: stripped -> 'Dolnośląskie']","pow. Wrocławski","Q715974","7530850","","","451517","powiat wrocławski","1.0","Exact match via rdfs:label [global index] | 'Powiat Wrocławski' -> 'powiat wrocławski'","Gmina Jordanów Śląski"
"160","Polen","Q36","798544","7006366","2054097","49715","Polen","1.0","Exact match via rdfs:label [global index] | 'Polen' -> 'Polen'","Woj. Dolnośląskie","Q54150","3337492","","","224457","Dolnośląskie","1.0","Exact match via skos:altLabel [global index] | 'Dolnośląskie' -> 'Dolnośląskie' | [normalised: stripped -> 'Dolnośląskie']","pow. Wrocławski","Q715974","7530850","","","451517","powiat wrocławski","1.0","Exact match via rdfs:label [global index] | 'Powiat Wrocławski' -> 'powiat wrocławski'","Gmina Jordanów Śląski"
"161","Polen","Q36","798544","7006366","2054097","49715","Polen","1.0","Exact match via rdfs:label [global index] | 'Polen' -> 'Polen'","Woj. Dolnośląskie","Q54150","3337492","","","224457","Dolnośląskie","1.0","Exact match via skos:altLabel [global index] | 'Dolnośląskie' -> 'Dolnośląskie' | [normalised: stripped -> 'Dolnośląskie']","pow. Wrocławski","Q715974","7530850","","","451517","powiat wrocławski","1.0","Exact match via rdfs:label [global index] | 'Powiat Wrocławski' -> 'powiat wrocławski'","Gmina Wrocław"
"162","Polen","Q36","798544","7006366","2054097","49715","Polen","1.0","Exact match via rdfs:label [global index] | 'Polen' -> 'Polen'","Woj. Dolnośląskie","Q54150","3337492","","","224457","Dolnośląskie","1.0","Exact match via skos:altLabel [global index] | 'Dolnośląskie' -> 'Dolnośląskie' | [normalised: stripped -> 'Dolnośląskie']","pow. Wrocławski","Q715974","7530850","","","451517","powiat wrocławski","1.0","Exact match via rdfs:label [global index] | 'Powiat Wrocławski' -> 'powiat wrocławski'","Gmina Wrocław"
"163","Polen","Q36","798544","7006366","2054097","49715","Polen","1.0","Exact match via rdfs:label [global index] | 'Polen' -> 'Polen'","Woj. Dolnośląskie","Q54150","3337492","","","224457","Dolnośląskie","1.0","Exact match via skos:altLabel [global index] | 'Dolnośląskie' -> 'Dolnośląskie' | [normalised: stripped -> 'Dolnośląskie']","pow. Wrocławski","Q715974","7530850","","","451517","powiat wrocławski","1.0","Exact match via rdfs:label [global index] | 'Powiat Wrocławski' -> 'powiat wrocławski'","Gmina Wrocław"
"164","Polen","Q36","798544","7006366","2054097","49715","Polen","1.0","Exact match via rdfs:label [global index] | 'Polen' -> 'Polen'","Woj. Dolnośląskie","Q54150","3337492","","","224457","Dolnośląskie","1.0","Exact match via skos:altLabel [global index] | 'Dolnośląskie' -> 'Dolnośląskie' | [normalised: stripped -> 'Dolnośląskie']","pow. Wrocławski","Q715974","7530850","","","451517","powiat wrocławski","1.0","Exact match via rdfs:label [global index] | 'Powiat Wrocławski' -> 'powiat wrocławski'","Gmina Wrocław"
"165","Polen","Q36","798544","7006366","2054097","49715","Polen","1.0","Exact match via rdfs:label [global index] | 'Polen' -> 'Polen'","Woj. Opolskie","Q54171","3337495","","","224460","opolskie","1.0","Exact match via skos:altLabel [global index] | 'Opolskie' -> 'opolskie' | [normalised: stripped -> 'Opolskie']","pow. Nyski","Q461537","7530734","","","2661908","powiat nyski","1.0","Exact match via rdfs:label [global index] | 'Powiat Nyski' -> 'powiat nyski'","Gmina Paczków"
"166","Polen","Q36","798544","7006366","2054097","49715","Polen","1.0","Exact match via rdfs:label [global index] | 'Polen' -> 'Polen'","Woj. Dolnośląskie","Q54150","3337492","","","224457","Dolnośląskie","1.0","Exact match via skos:altLabel [global index] | 'Dolnośląskie' -> 'Dolnośląskie' | [normalised: stripped -> 'Dolnośląskie']","pow. Oławski","Q715475","7530835","","","451515","powiat oławski","1.0","Exact match via rdfs:label [global index] | 'Powiat Oławski' -> 'powiat oławski'","Gmina Oława"
"167","Polen","Q36","798544","7006366","2054097","49715","Polen","1.0","Exact match via rdfs:label [global index] | 'Polen' -> 'Polen'","Woj. Dolnośląskie","Q54150","3337492","","","224457","Dolnośląskie","1.0","Exact match via skos:altLabel [global index] | 'Dolnośląskie' -> 'Dolnośląskie' | [normalised: stripped -> 'Dolnośląskie']","pow. Oławski","Q715475","7530835","","","451515","powiat oławski","1.0","Exact match via rdfs:label [global index] | 'Powiat Oławski' -> 'powiat oławski'","Gmina Oława"
"168","Polen","Q36","798544","7006366","2054097","49715","Polen","1.0","Exact match via rdfs:label [global index] | 'Polen' -> 'Polen'","Woj. Dolnośląskie","Q54150","3337492","","","224457","Dolnośląskie","1.0","Exact match via skos:altLabel [global index] | 'Dolnośląskie' -> 'Dolnośląskie' | [normalised: stripped -> 'Dolnośląskie']","pow. Strzeliński","Q179986","7530837","","","451514","powiat strzeliński","1.0","Exact match via rdfs:label [global index] | 'Powiat Strzeliński' -> 'powiat strzeliński'","Gmina Wiązów"
"169","Polen","Q36","798544","7006366","2054097","49715","Polen","1.0","Exact match via rdfs:label [global index] | 'Polen' -> 'Polen'","Woj. Wielkopolskie","Q54187","3337498","7024119","","130971","wielkopolskie","1.0","Exact match via skos:altLabel [global index] | 'Wielkopolskie' -> 'wielkopolskie' | [normalised: stripped -> 'Wielkopolskie']","pow. Nakielski","Q583446","7530913","","","1286542","powiat nakielski","1.0","Exact match via rdfs:label [global index] | 'Powiat Nakielski' -> 'powiat nakielski'","Gmina Kcynia"
"170","Polen","Q36","798544","7006366","2054097","49715","Polen","1.0","Exact match via rdfs:label [global index] | 'Polen' -> 'Polen'","Woj. Opolskie","Q54171","3337495","","","224460","opolskie","1.0","Exact match via skos:altLabel [global index] | 'Opolskie' -> 'opolskie' | [normalised: stripped -> 'Opolskie']","pow. Głubczycki","Q461252","7531046","","","2662779","powiat głubczycki","1.0","Exact match via rdfs:label [global index] | 'Powiat Głubczycki' -> 'powiat głubczycki'","Gmina Branice"
"171","Polen","Q36","798544","7006366","2054097","49715","Polen","1.0","Exact match via rdfs:label [global index] | 'Polen' -> 'Polen'","Woj. Opolskie","Q54171","3337495","","","224460","opolskie","1.0","Exact match via skos:altLabel [global index] | 'Opolskie' -> 'opolskie' | [normalised: stripped -> 'Opolskie']","pow. Prudnicki","Q462130","7531047","","","2661910","powiat prudnicki","1.0","Exact match via rdfs:label [global index] | 'Powiat Prudnicki' -> 'powiat prudnicki'","Gmina Głogówek"
"172","Polen","Q36","798544","7006366","2054097","49715","Polen","1.0","Exact match via rdfs:label [global index] | 'Polen' -> 'Polen'","Woj. Małopolskie","Q54159","858786","7024127","","224459","małopolskie","1.0","Exact match via skos:altLabel [global index] | 'Małopolskie' -> 'małopolskie' | [normalised: stripped -> 'Małopolskie']","pow. Słupecki","Q133257","","","","","Powiat Słupecki","1.0","Direct override | 'pow. Słupecki' -> QID=Q133257 | [override -> QID=Q133257]","Gmina Słubca"
"173","Polen","Q36","798544","7006366","2054097","49715","Polen","1.0","Exact match via rdfs:label [global index] | 'Polen' -> 'Polen'","Woj. Śląskie","Q54181","3337497","","","224462","śląskie","1.0","Direct override | 'Woj. Śląskie' -> QID=Q54181 | [stripped -> 'Śląskie'; override -> QID=Q54181]","pow. Raciborski","Q554313","7531054","","","2417246","Powiat Raciborski","1.0","Exact match via rdfs:label [global index] | 'Powiat Raciborski' -> 'Powiat Raciborski'","Gmina Raciborz"
"174","Polen","Q36","798544","7006366","2054097","49715","Polen","1.0","Exact match via rdfs:label [global index] | 'Polen' -> 'Polen'","Woj. Kujawsko-Pomorskie","Q54153","3337500","","","223407","kujawsko-pomorskie","1.0","Exact match via skos:altLabel [global index] | 'Kujawsko-Pomorskie' -> 'kujawsko-pomorskie' | [normalised: stripped -> 'Kujawsko-Pomorskie']","pow. Świecki","Q774944","7530917","","","1277982","Powiat Świecki","1.0","Exact match via rdfs:label [global index] | 'Powiat Świecki' -> 'Powiat Świecki'","Gmina Bukowiec"
"175","Polen","Q36","798544","7006366","2054097","49715","Polen","1.0","Exact match via rdfs:label [global index] | 'Polen' -> 'Polen'","Woj. Kujawsko-Pomorskie","Q54153","3337500","","","223407","kujawsko-pomorskie","1.0","Exact match via skos:altLabel [global index] | 'Kujawsko-Pomorskie' -> 'kujawsko-pomorskie' | [normalised: stripped -> 'Kujawsko-Pomorskie']","pow. Toruński","Q650180","7530918","","","1686775","powiat toruński","1.0","Exact match via rdfs:label [global index] | 'Powiat Toruński' -> 'powiat toruński'","Gmina Chełmża"
"176","Polen","Q36","798544","7006366","2054097","49715","Polen","1.0","Exact match via rdfs:label [global index] | 'Polen' -> 'Polen'","Woj. Pomorskie","Q54180","3337496","7024115","","130975","pomorskie","1.0","Exact match via skos:altLabel [global index] | 'Pomorskie' -> 'pomorskie' | [normalised: stripped -> 'Pomorskie']","pow. Starogardzki","Q1341090","7530934","","","1514927","powiat starogardzki","1.0","Exact match via rdfs:label [global index] | 'Powiat Starogardzki' -> 'powiat starogardzki'","Skórcz"
"177","Polen","Q36","798544","7006366","2054097","49715","Polen","1.0","Exact match via rdfs:label [global index] | 'Polen' -> 'Polen'","Woj. Pomorskie","Q54180","3337496","7024115","","130975","pomorskie","1.0","Exact match via skos:altLabel [global index] | 'Pomorskie' -> 'pomorskie' | [normalised: stripped -> 'Pomorskie']","pow. Tczewski","Q1341069","7530935","","","1551609","powiat tczewski","1.0","Exact match via rdfs:label [global index] | 'Powiat Tczewski' -> 'powiat tczewski'","Pelplin"
"178","Polen","Q36","798544","7006366","2054097","49715","Polen","1.0","Exact match via rdfs:label [global index] | 'Polen' -> 'Polen'","Woj. Pomorskie","Q54180","3337496","7024115","","130975","pomorskie","1.0","Exact match via skos:altLabel [global index] | 'Pomorskie' -> 'pomorskie' | [normalised: stripped -> 'Pomorskie']","pow. Tczewski","Q1341069","7530935","","","1551609","powiat tczewski","1.0","Exact match via rdfs:label [global index] | 'Powiat Tczewski' -> 'powiat tczewski'","Pelplin"
"179","Polen","Q36","798544","7006366","2054097","49715","Polen","1.0","Exact match via rdfs:label [global index] | 'Polen' -> 'Polen'","Woj. Kujawsko-Pomorskie","Q54153","3337500","","","223407","kujawsko-pomorskie","1.0","Exact match via skos:altLabel [global index] | 'Kujawsko-Pomorskie' -> 'kujawsko-pomorskie' | [normalised: stripped -> 'Kujawsko-Pomorskie']","pow. Toruński","Q650180","7530918","","","1686775","powiat toruński","1.0","Exact match via rdfs:label [global index] | 'Powiat Toruński' -> 'powiat toruński'","Gmina Chełmża"
"180","Polen","Q36","798544","7006366","2054097","49715","Polen","1.0","Exact match via rdfs:label [global index] | 'Polen' -> 'Polen'","Woj. Kujawsko-Pomorskie","Q54153","3337500","","","223407","kujawsko-pomorskie","1.0","Exact match via skos:altLabel [global index] | 'Kujawsko-Pomorskie' -> 'kujawsko-pomorskie' | [normalised: stripped -> 'Kujawsko-Pomorskie']","pow. Radziejowski","Q687625","7530914","","","2616210","powiat radziejowski","1.0","Exact match via rdfs:label [global index] | 'Powiat Radziejowski' -> 'powiat radziejowski'","Gmina Osięciny"
"181","Polen","Q36","798544","7006366","2054097","49715","Polen","1.0","Exact match via rdfs:label [global index] | 'Polen' -> 'Polen'","Woj. Kujawsko-Pomorskie","Q54153","3337500","","","223407","kujawsko-pomorskie","1.0","Exact match via skos:altLabel [global index] | 'Kujawsko-Pomorskie' -> 'kujawsko-pomorskie' | [normalised: stripped -> 'Kujawsko-Pomorskie']","pow. Aleksandrowski","Q750491","7530904","","","2615964","powiat aleksandrowski","1.0","Exact match via rdfs:label [global index] | 'Powiat Aleksandrowski' -> 'powiat aleksandrowski'","Gmina Zakrzewo"
"182","Polen","Q36","798544","7006366","2054097","49715","Polen","1.0","Exact match via rdfs:label [global index] | 'Polen' -> 'Polen'","Woj. Kujawsko-Pomorskie","Q54153","3337500","","","223407","kujawsko-pomorskie","1.0","Exact match via skos:altLabel [global index] | 'Kujawsko-Pomorskie' -> 'kujawsko-pomorskie' | [normalised: stripped -> 'Kujawsko-Pomorskie']","pow. Radziejowski","Q687625","7530914","","","2616210","powiat radziejowski","1.0","Exact match via rdfs:label [global index] | 'Powiat Radziejowski' -> 'powiat radziejowski'","Gmina Osięciny"
"183","Polen","Q36","798544","7006366","2054097","49715","Polen","1.0","Exact match via rdfs:label [global index] | 'Polen' -> 'Polen'","Woj. Kujawsko-Pomorskie","Q54153","3337500","","","223407","kujawsko-pomorskie","1.0","Exact match via skos:altLabel [global index] | 'Kujawsko-Pomorskie' -> 'kujawsko-pomorskie' | [normalised: stripped -> 'Kujawsko-Pomorskie']","pow. Radziejowski","Q687625","7530914","","","2616210","powiat radziejowski","1.0","Exact match via rdfs:label [global index] | 'Powiat Radziejowski' -> 'powiat radziejowski'","Gmina Osięciny"
"184","Polen","Q36","798544","7006366","2054097","49715","Polen","1.0","Exact match via rdfs:label [global index] | 'Polen' -> 'Polen'","Woj. Kujawsko-Pomorskie","Q54153","3337500","","","223407","kujawsko-pomorskie","1.0","Exact match via skos:altLabel [global index] | 'Kujawsko-Pomorskie' -> 'kujawsko-pomorskie' | [normalised: stripped -> 'Kujawsko-Pomorskie']","pow. Radziejowski","Q687625","7530914","","","2616210","powiat radziejowski","1.0","Exact match via rdfs:label [global index] | 'Powiat Radziejowski' -> 'powiat radziejowski'","Gmina Osięciny"
"185","Polen","Q36","798544","7006366","2054097","49715","Polen","1.0","Exact match via rdfs:label [global index] | 'Polen' -> 'Polen'","Woj. Kujawsko-Pomorskie","Q54153","3337500","","","223407","kujawsko-pomorskie","1.0","Exact match via skos:altLabel [global index] | 'Kujawsko-Pomorskie' -> 'kujawsko-pomorskie' | [normalised: stripped -> 'Kujawsko-Pomorskie']","pow. Radziejowski","Q687625","7530914","","","2616210","powiat radziejowski","1.0","Exact match via rdfs:label [global index] | 'Powiat Radziejowski' -> 'powiat radziejowski'","Gmina Osięciny"
"186","Polen","Q36","798544","7006366","2054097","49715","Polen","1.0","Exact match via rdfs:label [global index] | 'Polen' -> 'Polen'","Woj. Kujawsko-Pomorskie","Q54153","3337500","","","223407","kujawsko-pomorskie","1.0","Exact match via skos:altLabel [global index] | 'Kujawsko-Pomorskie' -> 'kujawsko-pomorskie' | [normalised: stripped -> 'Kujawsko-Pomorskie']","pow. Włocławski","Q774833","7530921","","","2616205","powiat włocławski","1.0","Exact match via rdfs:label [global index] | 'Powiat Włocławski' -> 'powiat włocławski'","Gmina Brześć Kujawski"
"187","Polen","Q36","798544","7006366","2054097","49715","Polen","1.0","Exact match via rdfs:label [global index] | 'Polen' -> 'Polen'","Woj. Kujawsko-Pomorskie","Q54153","3337500","","","223407","kujawsko-pomorskie","1.0","Exact match via skos:altLabel [global index] | 'Kujawsko-Pomorskie' -> 'kujawsko-pomorskie' | [normalised: stripped -> 'Kujawsko-Pomorskie']","pow. Włocławski","Q774833","7530921","","","2616205","powiat włocławski","1.0","Exact match via rdfs:label [global index] | 'Powiat Włocławski' -> 'powiat włocławski'","Gmina Brześć Kujawski"
"188","Polen","Q36","798544","7006366","2054097","49715","Polen","1.0","Exact match via rdfs:label [global index] | 'Polen' -> 'Polen'","Woj. Kujawsko-Pomorskie","Q54153","3337500","","","223407","kujawsko-pomorskie","1.0","Exact match via skos:altLabel [global index] | 'Kujawsko-Pomorskie' -> 'kujawsko-pomorskie' | [normalised: stripped -> 'Kujawsko-Pomorskie']","pow. Radziejowski","Q687625","7530914","","","2616210","powiat radziejowski","1.0","Exact match via rdfs:label [global index] | 'Powiat Radziejowski' -> 'powiat radziejowski'","Gmina Osięciny"
"189","Polen","Q36","798544","7006366","2054097","49715","Polen","1.0","Exact match via rdfs:label [global index] | 'Polen' -> 'Polen'","Woj. Kujawsko-Pomorskie","Q54153","3337500","","","223407","kujawsko-pomorskie","1.0","Exact match via skos:altLabel [global index] | 'Kujawsko-Pomorskie' -> 'kujawsko-pomorskie' | [normalised: stripped -> 'Kujawsko-Pomorskie']","pow. Radziejowski","Q687625","7530914","","","2616210","powiat radziejowski","1.0","Exact match via rdfs:label [global index] | 'Powiat Radziejowski' -> 'powiat radziejowski'","Gmina Osięciny"
"190","Polen","Q36","798544","7006366","2054097","49715","Polen","1.0","Exact match via rdfs:label [global index] | 'Polen' -> 'Polen'","Woj. Kujawsko-Pomorskie","Q54153","3337500","","","223407","kujawsko-pomorskie","1.0","Exact match via skos:altLabel [global index] | 'Kujawsko-Pomorskie' -> 'kujawsko-pomorskie' | [normalised: stripped -> 'Kujawsko-Pomorskie']","pow. Radziejowski","Q687625","7530914","","","2616210","powiat radziejowski","1.0","Exact match via rdfs:label [global index] | 'Powiat Radziejowski' -> 'powiat radziejowski'","Gmina Osięciny"
"191","Polen","Q36","798544","7006366","2054097","49715","Polen","1.0","Exact match via rdfs:label [global index] | 'Polen' -> 'Polen'","Woj. Kujawsko-Pomorskie","Q54153","3337500","","","223407","kujawsko-pomorskie","1.0","Exact match via skos:altLabel [global index] | 'Kujawsko-Pomorskie' -> 'kujawsko-pomorskie' | [normalised: stripped -> 'Kujawsko-Pomorskie']","pow. Radziejowski","Q687625","7530914","","","2616210","powiat radziejowski","1.0","Exact match via rdfs:label [global index] | 'Powiat Radziejowski' -> 'powiat radziejowski'","Gmina Osięciny"
"192","Polen","Q36","798544","7006366","2054097","49715","Polen","1.0","Exact match via rdfs:label [global index] | 'Polen' -> 'Polen'","Woj. Kujawsko-Pomorskie","Q54153","3337500","","","223407","kujawsko-pomorskie","1.0","Exact match via skos:altLabel [global index] | 'Kujawsko-Pomorskie' -> 'kujawsko-pomorskie' | [normalised: stripped -> 'Kujawsko-Pomorskie']","pow. Radziejowski","Q687625","7530914","","","2616210","powiat radziejowski","1.0","Exact match via rdfs:label [global index] | 'Powiat Radziejowski' -> 'powiat radziejowski'","Gmina Osięciny"
"193","Polen","Q36","798544","7006366","2054097","49715","Polen","1.0","Exact match via rdfs:label [global index] | 'Polen' -> 'Polen'","Woj. Kujawsko-Pomorskie","Q54153","3337500","","","223407","kujawsko-pomorskie","1.0","Exact match via skos:altLabel [global index] | 'Kujawsko-Pomorskie' -> 'kujawsko-pomorskie' | [normalised: stripped -> 'Kujawsko-Pomorskie']","pow. Radziejowski","Q687625","7530914","","","2616210","powiat radziejowski","1.0","Exact match via rdfs:label [global index] | 'Powiat Radziejowski' -> 'powiat radziejowski'","Gmina Osięciny"
"194","Polen","Q36","798544","7006366","2054097","49715","Polen","1.0","Exact match via rdfs:label [global index] | 'Polen' -> 'Polen'","Woj. Kujawsko-Pomorskie","Q54153","3337500","","","223407","kujawsko-pomorskie","1.0","Exact match via skos:altLabel [global index] | 'Kujawsko-Pomorskie' -> 'kujawsko-pomorskie' | [normalised: stripped -> 'Kujawsko-Pomorskie']","pow. Radziejowski","Q687625","7530914","","","2616210","powiat radziejowski","1.0","Exact match via rdfs:label [global index] | 'Powiat Radziejowski' -> 'powiat radziejowski'","Gmina Osięciny"
"195","Polen","Q36","798544","7006366","2054097","49715","Polen","1.0","Exact match via rdfs:label [global index] | 'Polen' -> 'Polen'","Woj. Kujawsko-Pomorskie","Q54153","3337500","","","223407","kujawsko-pomorskie","1.0","Exact match via skos:altLabel [global index] | 'Kujawsko-Pomorskie' -> 'kujawsko-pomorskie' | [normalised: stripped -> 'Kujawsko-Pomorskie']","pow. Radziejowski","Q687625","7530914","","","2616210","powiat radziejowski","1.0","Exact match via rdfs:label [global index] | 'Powiat Radziejowski' -> 'powiat radziejowski'","Gmina Osięciny"
"196","Polen","Q36","798544","7006366","2054097","49715","Polen","1.0","Exact match via rdfs:label [global index] | 'Polen' -> 'Polen'","Woj. Kujawsko-Pomorskie","Q54153","3337500","","","223407","kujawsko-pomorskie","1.0","Exact match via skos:altLabel [global index] | 'Kujawsko-Pomorskie' -> 'kujawsko-pomorskie' | [normalised: stripped -> 'Kujawsko-Pomorskie']","pow. Radziejowski","Q687625","7530914","","","2616210","powiat radziejowski","1.0","Exact match via rdfs:label [global index] | 'Powiat Radziejowski' -> 'powiat radziejowski'","Gmina Osięciny"
"197","Polen","Q36","798544","7006366","2054097","49715","Polen","1.0","Exact match via rdfs:label [global index] | 'Polen' -> 'Polen'","Woj. Kujawsko-Pomorskie","Q54153","3337500","","","223407","kujawsko-pomorskie","1.0","Exact match via skos:altLabel [global index] | 'Kujawsko-Pomorskie' -> 'kujawsko-pomorskie' | [normalised: stripped -> 'Kujawsko-Pomorskie']","pow. Radziejowski","Q687625","7530914","","","2616210","powiat radziejowski","1.0","Exact match via rdfs:label [global index] | 'Powiat Radziejowski' -> 'powiat radziejowski'","Gmina Osięciny"
"198","Polen","Q36","798544","7006366","2054097","49715","Polen","1.0","Exact match via rdfs:label [global index] | 'Polen' -> 'Polen'","Woj. Kujawsko-Pomorskie","Q54153","3337500","","","223407","kujawsko-pomorskie","1.0","Exact match via skos:altLabel [global index] | 'Kujawsko-Pomorskie' -> 'kujawsko-pomorskie' | [normalised: stripped -> 'Kujawsko-Pomorskie']","pow. Radziejowski","Q687625","7530914","","","2616210","powiat radziejowski","1.0","Exact match via rdfs:label [global index] | 'Powiat Radziejowski' -> 'powiat radziejowski'","Gmina Osięciny"
"199","Polen","Q36","798544","7006366","2054097","49715","Polen","1.0","Exact match via rdfs:label [global index] | 'Polen' -> 'Polen'","Woj. Kujawsko-Pomorskie","Q54153","3337500","","","223407","kujawsko-pomorskie","1.0","Exact match via skos:altLabel [global index] | 'Kujawsko-Pomorskie' -> 'kujawsko-pomorskie' | [normalised: stripped -> 'Kujawsko-Pomorskie']","pow. Radziejowski","Q687625","7530914","","","2616210","powiat radziejowski","1.0","Exact match via rdfs:label [global index] | 'Powiat Radziejowski' -> 'powiat radziejowski'","Gmina Osięciny"
"200","Polen","Q36","798544","7006366","2054097","49715","Polen","1.0","Exact match via rdfs:label [global index] | 'Polen' -> 'Polen'","Woj. Kujawsko-Pomorskie","Q54153","3337500","","","223407","kujawsko-pomorskie","1.0","Exact match via skos:altLabel [global index] | 'Kujawsko-Pomorskie' -> 'kujawsko-pomorskie' | [normalised: stripped -> 'Kujawsko-Pomorskie']","pow. Włocławski","Q774833","7530921","","","2616205","powiat włocławski","1.0","Exact match via rdfs:label [global index] | 'Powiat Włocławski' -> 'powiat włocławski'","Gmina Brześć Kujawski"
"201","Polen","Q36","798544","7006366","2054097","49715","Polen","1.0","Exact match via rdfs:label [global index] | 'Polen' -> 'Polen'","Woj. Kujawsko-Pomorskie","Q54153","3337500","","","223407","kujawsko-pomorskie","1.0","Exact match via skos:altLabel [global index] | 'Kujawsko-Pomorskie' -> 'kujawsko-pomorskie' | [normalised: stripped -> 'Kujawsko-Pomorskie']","pow. Włocławski","Q774833","7530921","","","2616205","powiat włocławski","1.0","Exact match via rdfs:label [global index] | 'Powiat Włocławski' -> 'powiat włocławski'","Gmina Brześć Kujawski"
"202","Polen","Q36","798544","7006366","2054097","49715","Polen","1.0","Exact match via rdfs:label [global index] | 'Polen' -> 'Polen'","Woj. Kujawsko-Pomorskie","Q54153","3337500","","","223407","kujawsko-pomorskie","1.0","Exact match via skos:altLabel [global index] | 'Kujawsko-Pomorskie' -> 'kujawsko-pomorskie' | [normalised: stripped -> 'Kujawsko-Pomorskie']","pow. Włocławski","Q774833","7530921","","","2616205","powiat włocławski","1.0","Exact match via rdfs:label [global index] | 'Powiat Włocławski' -> 'powiat włocławski'","Gmina Brześć Kujawski"
"203","Polen","Q36","798544","7006366","2054097","49715","Polen","1.0","Exact match via rdfs:label [global index] | 'Polen' -> 'Polen'","Woj. Kujawsko-Pomorskie","Q54153","3337500","","","223407","kujawsko-pomorskie","1.0","Exact match via skos:altLabel [global index] | 'Kujawsko-Pomorskie' -> 'kujawsko-pomorskie' | [normalised: stripped -> 'Kujawsko-Pomorskie']","pow. Włocławski","Q774833","7530921","","","2616205","powiat włocławski","1.0","Exact match via rdfs:label [global index] | 'Powiat Włocławski' -> 'powiat włocławski'","Gmina Brześć Kujawski"
"204","Polen","Q36","798544","7006366","2054097","49715","Polen","1.0","Exact match via rdfs:label [global index] | 'Polen' -> 'Polen'","Woj. Kujawsko-Pomorskie","Q54153","3337500","","","223407","kujawsko-pomorskie","1.0","Exact match via skos:altLabel [global index] | 'Kujawsko-Pomorskie' -> 'kujawsko-pomorskie' | [normalised: stripped -> 'Kujawsko-Pomorskie']","pow. Włocławski","Q774833","7530921","","","2616205","powiat włocławski","1.0","Exact match via rdfs:label [global index] | 'Powiat Włocławski' -> 'powiat włocławski'","Gmina Brześć Kujawski"
"205","Polen","Q36","798544","7006366","2054097","49715","Polen","1.0","Exact match via rdfs:label [global index] | 'Polen' -> 'Polen'","Woj. Kujawsko-Pomorskie","Q54153","3337500","","","223407","kujawsko-pomorskie","1.0","Exact match via skos:altLabel [global index] | 'Kujawsko-Pomorskie' -> 'kujawsko-pomorskie' | [normalised: stripped -> 'Kujawsko-Pomorskie']","pow. Włocławski","Q774833","7530921","","","2616205","powiat włocławski","1.0","Exact match via rdfs:label [global index] | 'Powiat Włocławski' -> 'powiat włocławski'","Gmina Brześć Kujawski"
"206","Polen","Q36","798544","7006366","2054097","49715","Polen","1.0","Exact match via rdfs:label [global index] | 'Polen' -> 'Polen'","Woj. Kujawsko-Pomorskie","Q54153","3337500","","","223407","kujawsko-pomorskie","1.0","Exact match via skos:altLabel [global index] | 'Kujawsko-Pomorskie' -> 'kujawsko-pomorskie' | [normalised: stripped -> 'Kujawsko-Pomorskie']","pow. Włocławski","Q774833","7530921","","","2616205","powiat włocławski","1.0","Exact match via rdfs:label [global index] | 'Powiat Włocławski' -> 'powiat włocławski'","Gmina Brześć Kujawski"
"207","Polen","Q36","798544","7006366","2054097","49715","Polen","1.0","Exact match via rdfs:label [global index] | 'Polen' -> 'Polen'","Woj. Kujawsko-Pomorskie","Q54153","3337500","","","223407","kujawsko-pomorskie","1.0","Exact match via skos:altLabel [global index] | 'Kujawsko-Pomorskie' -> 'kujawsko-pomorskie' | [normalised: stripped -> 'Kujawsko-Pomorskie']","pow. Włocławski","Q774833","7530921","","","2616205","powiat włocławski","1.0","Exact match via rdfs:label [global index] | 'Powiat Włocławski' -> 'powiat włocławski'","Gmina Brześć Kujawski"
"208","Polen","Q36","798544","7006366","2054097","49715","Polen","1.0","Exact match via rdfs:label [global index] | 'Polen' -> 'Polen'","Woj. Kujawsko-Pomorskie","Q54153","3337500","","","223407","kujawsko-pomorskie","1.0","Exact match via skos:altLabel [global index] | 'Kujawsko-Pomorskie' -> 'kujawsko-pomorskie' | [normalised: stripped -> 'Kujawsko-Pomorskie']","pow. Włocławski","Q774833","7530921","","","2616205","powiat włocławski","1.0","Exact match via rdfs:label [global index] | 'Powiat Włocławski' -> 'powiat włocławski'","Gmina Brześć Kujawski"
"209","Polen","Q36","798544","7006366","2054097","49715","Polen","1.0","Exact match via rdfs:label [global index] | 'Polen' -> 'Polen'","Woj. Kujawsko-Pomorskie","Q54153","3337500","","","223407","kujawsko-pomorskie","1.0","Exact match via skos:altLabel [global index] | 'Kujawsko-Pomorskie' -> 'kujawsko-pomorskie' | [normalised: stripped -> 'Kujawsko-Pomorskie']","pow. Włocławski","Q774833","7530921","","","2616205","powiat włocławski","1.0","Exact match via rdfs:label [global index] | 'Powiat Włocławski' -> 'powiat włocławski'","Gmina Brześć Kujawski"
"210","Polen","Q36","798544","7006366","2054097","49715","Polen","1.0","Exact match via rdfs:label [global index] | 'Polen' -> 'Polen'","Woj. Kujawsko-Pomorskie","Q54153","3337500","","","223407","kujawsko-pomorskie","1.0","Exact match via skos:altLabel [global index] | 'Kujawsko-Pomorskie' -> 'kujawsko-pomorskie' | [normalised: stripped -> 'Kujawsko-Pomorskie']","pow. Włocławski","Q774833","7530921","","","2616205","powiat włocławski","1.0","Exact match via rdfs:label [global index] | 'Powiat Włocławski' -> 'powiat włocławski'","Gmina Brześć Kujawski"
"211","Polen","Q36","798544","7006366","2054097","49715","Polen","1.0","Exact match via rdfs:label [global index] | 'Polen' -> 'Polen'","Woj. Kujawsko-Pomorskie","Q54153","3337500","","","223407","kujawsko-pomorskie","1.0","Exact match via skos:altLabel [global index] | 'Kujawsko-Pomorskie' -> 'kujawsko-pomorskie' | [normalised: stripped -> 'Kujawsko-Pomorskie']","pow. Włocławski","Q774833","7530921","","","2616205","powiat włocławski","1.0","Exact match via rdfs:label [global index] | 'Powiat Włocławski' -> 'powiat włocławski'","Gmina Brześć Kujawski"
"212","Polen","Q36","798544","7006366","2054097","49715","Polen","1.0","Exact match via rdfs:label [global index] | 'Polen' -> 'Polen'","Woj. Kujawsko-Pomorskie","Q54153","3337500","","","223407","kujawsko-pomorskie","1.0","Exact match via skos:altLabel [global index] | 'Kujawsko-Pomorskie' -> 'kujawsko-pomorskie' | [normalised: stripped -> 'Kujawsko-Pomorskie']","pow. Włocławski","Q774833","7530921","","","2616205","powiat włocławski","1.0","Exact match via rdfs:label [global index] | 'Powiat Włocławski' -> 'powiat włocławski'","Gmina Brześć Kujawski"
"213","Polen","Q36","798544","7006366","2054097","49715","Polen","1.0","Exact match via rdfs:label [global index] | 'Polen' -> 'Polen'","Woj. Kujawsko-Pomorskie","Q54153","3337500","","","223407","kujawsko-pomorskie","1.0","Exact match via skos:altLabel [global index] | 'Kujawsko-Pomorskie' -> 'kujawsko-pomorskie' | [normalised: stripped -> 'Kujawsko-Pomorskie']","pow. Włocławski","Q774833","7530921","","","2616205","powiat włocławski","1.0","Exact match via rdfs:label [global index] | 'Powiat Włocławski' -> 'powiat włocławski'","Gmina Brześć Kujawski"
"214","Polen","Q36","798544","7006366","2054097","49715","Polen","1.0","Exact match via rdfs:label [global index] | 'Polen' -> 'Polen'","Woj. Kujawsko-Pomorskie","Q54153","3337500","","","223407","kujawsko-pomorskie","1.0","Exact match via skos:altLabel [global index] | 'Kujawsko-Pomorskie' -> 'kujawsko-pomorskie' | [normalised: stripped -> 'Kujawsko-Pomorskie']","pow. Włocławski","Q774833","7530921","","","2616205","powiat włocławski","1.0","Exact match via rdfs:label [global index] | 'Powiat Włocławski' -> 'powiat włocławski'","Gmina Brześć Kujawski"
"215","Polen","Q36","798544","7006366","2054097","49715","Polen","1.0","Exact match via rdfs:label [global index] | 'Polen' -> 'Polen'","Woj. Kujawsko-Pomorskie","Q54153","3337500","","","223407","kujawsko-pomorskie","1.0","Exact match via skos:altLabel [global index] | 'Kujawsko-Pomorskie' -> 'kujawsko-pomorskie' | [normalised: stripped -> 'Kujawsko-Pomorskie']","pow. Włocławski","Q774833","7530921","","","2616205","powiat włocławski","1.0","Exact match via rdfs:label [global index] | 'Powiat Włocławski' -> 'powiat włocławski'","Gmina Brześć Kujawski"
"216","Polen","Q36","798544","7006366","2054097","49715","Polen","1.0","Exact match via rdfs:label [global index] | 'Polen' -> 'Polen'","Woj. Kujawsko-Pomorskie","Q54153","3337500","","","223407","kujawsko-pomorskie","1.0","Exact match via skos:altLabel [global index] | 'Kujawsko-Pomorskie' -> 'kujawsko-pomorskie' | [normalised: stripped -> 'Kujawsko-Pomorskie']","pow. Włocławski","Q774833","7530921","","","2616205","powiat włocławski","1.0","Exact match via rdfs:label [global index] | 'Powiat Włocławski' -> 'powiat włocławski'","Gmina Brześć Kujawski"
"217","Polen","Q36","798544","7006366","2054097","49715","Polen","1.0","Exact match via rdfs:label [global index] | 'Polen' -> 'Polen'","Woj. Kujawsko-Pomorskie","Q54153","3337500","","","223407","kujawsko-pomorskie","1.0","Exact match via skos:altLabel [global index] | 'Kujawsko-Pomorskie' -> 'kujawsko-pomorskie' | [normalised: stripped -> 'Kujawsko-Pomorskie']","pow. Włocławski","Q774833","7530921","","","2616205","powiat włocławski","1.0","Exact match via rdfs:label [global index] | 'Powiat Włocławski' -> 'powiat włocławski'","Gmina Brześć Kujawski"
"218","Polen","Q36","798544","7006366","2054097","49715","Polen","1.0","Exact match via rdfs:label [global index] | 'Polen' -> 'Polen'","Woj. Kujawsko-Pomorskie","Q54153","3337500","","","223407","kujawsko-pomorskie","1.0","Exact match via skos:altLabel [global index] | 'Kujawsko-Pomorskie' -> 'kujawsko-pomorskie' | [normalised: stripped -> 'Kujawsko-Pomorskie']","pow. Włocławski","Q774833","7530921","","","2616205","powiat włocławski","1.0","Exact match via rdfs:label [global index] | 'Powiat Włocławski' -> 'powiat włocławski'","Gmina Brześć Kujawski"
"219","Polen","Q36","798544","7006366","2054097","49715","Polen","1.0","Exact match via rdfs:label [global index] | 'Polen' -> 'Polen'","Woj. Kujawsko-Pomorskie","Q54153","3337500","","","223407","kujawsko-pomorskie","1.0","Exact match via skos:altLabel [global index] | 'Kujawsko-Pomorskie' -> 'kujawsko-pomorskie' | [normalised: stripped -> 'Kujawsko-Pomorskie']","pow. Włocławski","Q774833","7530921","","","2616205","powiat włocławski","1.0","Exact match via rdfs:label [global index] | 'Powiat Włocławski' -> 'powiat włocławski'","Gmina Brześć Kujawski"
"220","Polen","Q36","798544","7006366","2054097","49715","Polen","1.0","Exact match via rdfs:label [global index] | 'Polen' -> 'Polen'","Woj. Kujawsko-Pomorskie","Q54153","3337500","","","223407","kujawsko-pomorskie","1.0","Exact match via skos:altLabel [global index] | 'Kujawsko-Pomorskie' -> 'kujawsko-pomorskie' | [normalised: stripped -> 'Kujawsko-Pomorskie']","pow. Włocławski","Q774833","7530921","","","2616205","powiat włocławski","1.0","Exact match via rdfs:label [global index] | 'Powiat Włocławski' -> 'powiat włocławski'","Gmina Brześć Kujawski"
"221","Polen","Q36","798544","7006366","2054097","49715","Polen","1.0","Exact match via rdfs:label [global index] | 'Polen' -> 'Polen'","Woj. Kujawsko-Pomorskie","Q54153","3337500","","","223407","kujawsko-pomorskie","1.0","Exact match via skos:altLabel [global index] | 'Kujawsko-Pomorskie' -> 'kujawsko-pomorskie' | [normalised: stripped -> 'Kujawsko-Pomorskie']","pow. Włocławski","Q774833","7530921","","","2616205","powiat włocławski","1.0","Exact match via rdfs:label [global index] | 'Powiat Włocławski' -> 'powiat włocławski'","Gmina Brześć Kujawski"
"222","Polen","Q36","798544","7006366","2054097","49715","Polen","1.0","Exact match via rdfs:label [global index] | 'Polen' -> 'Polen'","Woj. Kujawsko-Pomorskie","Q54153","3337500","","","223407","kujawsko-pomorskie","1.0","Exact match via skos:altLabel [global index] | 'Kujawsko-Pomorskie' -> 'kujawsko-pomorskie' | [normalised: stripped -> 'Kujawsko-Pomorskie']","pow. Włocławski","Q774833","7530921","","","2616205","powiat włocławski","1.0","Exact match via rdfs:label [global index] | 'Powiat Włocławski' -> 'powiat włocławski'","Gmina Brześć Kujawski"
"223","Polen","Q36","798544","7006366","2054097","49715","Polen","1.0","Exact match via rdfs:label [global index] | 'Polen' -> 'Polen'","Woj. Kujawsko-Pomorskie","Q54153","3337500","","","223407","kujawsko-pomorskie","1.0","Exact match via skos:altLabel [global index] | 'Kujawsko-Pomorskie' -> 'kujawsko-pomorskie' | [normalised: stripped -> 'Kujawsko-Pomorskie']","pow. Włocławski","Q774833","7530921","","","2616205","powiat włocławski","1.0","Exact match via rdfs:label [global index] | 'Powiat Włocławski' -> 'powiat włocławski'","Gmina Włocławek"
"224","Polen","Q36","798544","7006366","2054097","49715","Polen","1.0","Exact match via rdfs:label [global index] | 'Polen' -> 'Polen'","Woj. Kujawsko-Pomorskie","Q54153","3337500","","","223407","kujawsko-pomorskie","1.0","Exact match via skos:altLabel [global index] | 'Kujawsko-Pomorskie' -> 'kujawsko-pomorskie' | [normalised: stripped -> 'Kujawsko-Pomorskie']","pow. Włocławski","Q774833","7530921","","","2616205","powiat włocławski","1.0","Exact match via rdfs:label [global index] | 'Powiat Włocławski' -> 'powiat włocławski'","Gmina Włocławek"
"225","Polen","Q36","798544","7006366","2054097","49715","Polen","1.0","Exact match via rdfs:label [global index] | 'Polen' -> 'Polen'","Woj. Kujawsko-Pomorskie","Q54153","3337500","","","223407","kujawsko-pomorskie","1.0","Exact match via skos:altLabel [global index] | 'Kujawsko-Pomorskie' -> 'kujawsko-pomorskie' | [normalised: stripped -> 'Kujawsko-Pomorskie']","pow. Włocławski","Q774833","7530921","","","2616205","powiat włocławski","1.0","Exact match via rdfs:label [global index] | 'Powiat Włocławski' -> 'powiat włocławski'","Gmina Włocławek"
"226","Polen","Q36","798544","7006366","2054097","49715","Polen","1.0","Exact match via rdfs:label [global index] | 'Polen' -> 'Polen'","Woj. Kujawsko-Pomorskie","Q54153","3337500","","","223407","kujawsko-pomorskie","1.0","Exact match via skos:altLabel [global index] | 'Kujawsko-Pomorskie' -> 'kujawsko-pomorskie' | [normalised: stripped -> 'Kujawsko-Pomorskie']","pow. Włocławski","Q774833","7530921","","","2616205","powiat włocławski","1.0","Exact match via rdfs:label [global index] | 'Powiat Włocławski' -> 'powiat włocławski'","Gmina Włocławek"
"227","Polen","Q36","798544","7006366","2054097","49715","Polen","1.0","Exact match via rdfs:label [global index] | 'Polen' -> 'Polen'","Woj. Kujawsko-Pomorskie","Q54153","3337500","","","223407","kujawsko-pomorskie","1.0","Exact match via skos:altLabel [global index] | 'Kujawsko-Pomorskie' -> 'kujawsko-pomorskie' | [normalised: stripped -> 'Kujawsko-Pomorskie']","pow. Włocławski","Q774833","7530921","","","2616205","powiat włocławski","1.0","Exact match via rdfs:label [global index] | 'Powiat Włocławski' -> 'powiat włocławski'","Włocławek"
"228","Polen","Q36","798544","7006366","2054097","49715","Polen","1.0","Exact match via rdfs:label [global index] | 'Polen' -> 'Polen'","Woj. Warmińsko-Mazurskie","Q54184","858791","","","223408","warmińsko-mazurskie","1.0","Exact match via skos:altLabel [global index] | 'Warmińsko-Mazurskie' -> 'warmińsko-mazurskie' | [normalised: stripped -> 'Warmińsko-Mazurskie']","pow. Kętrzyński","Q1135341","7530860","","","2675556","powiat kętrzyński","1.0","Exact match via rdfs:label [global index] | 'Powiat Kętrzyński' -> 'powiat kętrzyński'","Korsze"
"230","Deutschland","Q183","2921044","7000084","2044274","51477","Deutschland","1.0","Exact match via rdfs:label [global index] | 'Deutschland' -> 'Deutschland'","Brandenburg","Q1208","2945356","7000096","2048409","62504","Brandenburg","1.0","Exact match via rdfs:label [global index] | 'Brandenburg' -> 'Brandenburg'","Potsdam-Mittelmark","Q6142","2852456","7120830","","62353","Potsdam-Mittelmark","1.0","Exact match via skos:altLabel [global index] | 'Potsdam-Mittelmark' -> 'Potsdam-Mittelmark'","Groß Kreutz (Havel)"
"231","Polen","Q36","798544","7006366","2054097","49715","Polen","1.0","Exact match via rdfs:label [global index] | 'Polen' -> 'Polen'","Woj. Lubuskie","Q54157","3337494","","","130969","lubuskie","1.0","Exact match via skos:altLabel [global index] | 'Lubuskie' -> 'lubuskie' | [normalised: stripped -> 'Lubuskie']","pow. Gryfiński","Q326895","","","","","Powiat Gryfiński","1.0","Direct override | 'pow. Gryfiński' -> QID=Q326895 | [override -> QID=Q326895]","Moryń"
"232","Deutschland","Q183","2921044","7000084","2044274","51477","Deutschland","1.0","Exact match via rdfs:label [global index] | 'Deutschland' -> 'Deutschland'","Brandenburg","Q1208","2945356","7000096","2048409","62504","Brandenburg","1.0","Exact match via rdfs:label [global index] | 'Brandenburg' -> 'Brandenburg'","Frankfurt (Oder)","Q4024","2925535","7005972","","62523","Frankfurt (Oder)","1.0","Exact match via rdfs:label [global index] | 'Frankfurt (Oder)' -> 'Frankfurt (Oder)'","Frankfurt (Oder)"
"233","Deutschland","Q183","2921044","7000084","2044274","51477","Deutschland","1.0","Exact match via rdfs:label [global index] | 'Deutschland' -> 'Deutschland'","Brandenburg","Q1208","2945356","7000096","2048409","62504","Brandenburg","1.0","Exact match via rdfs:label [global index] | 'Brandenburg' -> 'Brandenburg'","Frankfurt (Oder)","Q4024","2925535","7005972","","62523","Frankfurt (Oder)","1.0","Exact match via rdfs:label [global index] | 'Frankfurt (Oder)' -> 'Frankfurt (Oder)'","Frankfurt (Oder)"
"234","Deutschland","Q183","2921044","7000084","2044274","51477","Deutschland","1.0","Exact match via rdfs:label [global index] | 'Deutschland' -> 'Deutschland'","Brandenburg","Q1208","2945356","7000096","2048409","62504","Brandenburg","1.0","Exact match via rdfs:label [global index] | 'Brandenburg' -> 'Brandenburg'","Frankfurt (Oder)","Q4024","2925535","7005972","","62523","Frankfurt (Oder)","1.0","Exact match via rdfs:label [global index] | 'Frankfurt (Oder)' -> 'Frankfurt (Oder)'","Frankfurt (Oder)"
"235","Polen","Q36","798544","7006366","2054097","49715","Polen","1.0","Exact match via rdfs:label [global index] | 'Polen' -> 'Polen'","Woj. Zachodniopomorskie","Q54188","3337499","","","104401","zachodniopomorskie","1.0","Exact match via skos:altLabel [global index] | 'Zachodniopomorskie' -> 'zachodniopomorskie' | [normalised: stripped -> 'Zachodniopomorskie']","pow. Policki","Q558696","7530844","","","343814","powiat policki","1.0","Exact match via rdfs:label [global index] | 'Powiat Policki' -> 'powiat policki'","Gmina Dobra"
"236","Polen","Q36","798544","7006366","2054097","49715","Polen","1.0","Exact match via rdfs:label [global index] | 'Polen' -> 'Polen'","Woj. Zachodniopomorskie","Q54188","3337499","","","104401","zachodniopomorskie","1.0","Exact match via skos:altLabel [global index] | 'Zachodniopomorskie' -> 'zachodniopomorskie' | [normalised: stripped -> 'Zachodniopomorskie']","pow. Policki","Q558696","7530844","","","343814","powiat policki","1.0","Exact match via rdfs:label [global index] | 'Powiat Policki' -> 'powiat policki'","Gmina Dobra"
"237","Polen","Q36","798544","7006366","2054097","49715","Polen","1.0","Exact match via rdfs:label [global index] | 'Polen' -> 'Polen'","Woj. Zachodniopomorskie","Q54188","3337499","","","104401","zachodniopomorskie","1.0","Exact match via skos:altLabel [global index] | 'Zachodniopomorskie' -> 'zachodniopomorskie' | [normalised: stripped -> 'Zachodniopomorskie']","pow. Policki","Q558696","7530844","","","343814","powiat policki","1.0","Exact match via rdfs:label [global index] | 'Powiat Policki' -> 'powiat policki'","Gmina Dobra"
"238","Polen","Q36","798544","7006366","2054097","49715","Polen","1.0","Exact match via rdfs:label [global index] | 'Polen' -> 'Polen'","Woj. Zachodniopomorskie","Q54188","3337499","","","104401","zachodniopomorskie","1.0","Exact match via skos:altLabel [global index] | 'Zachodniopomorskie' -> 'zachodniopomorskie' | [normalised: stripped -> 'Zachodniopomorskie']","pow. Pyrzycki","Q1411599","7530845","","","2662787","powiat pyrzycki","1.0","Exact match via rdfs:label [global index] | 'Powiat Pyrzycki' -> 'powiat pyrzycki'","Gmina Przelewice"
"239","Polen","Q36","798544","7006366","2054097","49715","Polen","1.0","Exact match via rdfs:label [global index] | 'Polen' -> 'Polen'","Woj. Zachodniopomorskie","Q54188","3337499","","","104401","zachodniopomorskie","1.0","Exact match via skos:altLabel [global index] | 'Zachodniopomorskie' -> 'zachodniopomorskie' | [normalised: stripped -> 'Zachodniopomorskie']","pow. Pyrzycki","Q1411599","7530845","","","2662787","powiat pyrzycki","1.0","Exact match via rdfs:label [global index] | 'Powiat Pyrzycki' -> 'powiat pyrzycki'","Gmina Pyrzyce"
"240","Deutschland","Q183","2921044","7000084","2044274","51477","Deutschland","1.0","Exact match via rdfs:label [global index] | 'Deutschland' -> 'Deutschland'","Brandenburg","Q1208","2945356","7000096","2048409","62504","Brandenburg","1.0","Exact match via rdfs:label [global index] | 'Brandenburg' -> 'Brandenburg'","Havelland","Q6139","3249082","7076942","","62413","Havelland","1.0","Exact match via rdfs:label [global index] | 'Havelland' -> 'Havelland'","Friesack"
"241","Deutschland","Q183","2921044","7000084","2044274","51477","Deutschland","1.0","Exact match via rdfs:label [global index] | 'Deutschland' -> 'Deutschland'","Brandenburg","Q1208","2945356","7000096","2048409","62504","Brandenburg","1.0","Exact match via rdfs:label [global index] | 'Brandenburg' -> 'Brandenburg'","Oder-Spree","Q6178","3249086","7076938","","62628","Oder-Spree","1.0","Exact match via skos:altLabel [global index] | 'Oder-Spree' -> 'Oder-Spree'","Sabrodt"
"242","Polen","Q36","798544","7006366","2054097","49715","Polen","1.0","Exact match via rdfs:label [global index] | 'Polen' -> 'Polen'","Woj. Warmińsko-Mazurskie","Q54184","858791","","","223408","warmińsko-mazurskie","1.0","Exact match via skos:altLabel [global index] | 'Warmińsko-Mazurskie' -> 'warmińsko-mazurskie' | [normalised: stripped -> 'Warmińsko-Mazurskie']","pow. Kętrzyński","Q1135341","7530860","","","2675556","powiat kętrzyński","1.0","Exact match via rdfs:label [global index] | 'Powiat Kętrzyński' -> 'powiat kętrzyński'","Korsze"
"243","Polen","Q36","798544","7006366","2054097","49715","Polen","1.0","Exact match via rdfs:label [global index] | 'Polen' -> 'Polen'","Woj. Lubuskie","Q54157","3337494","","","130969","lubuskie","1.0","Exact match via skos:altLabel [global index] | 'Lubuskie' -> 'lubuskie' | [normalised: stripped -> 'Lubuskie']","pow. Krosno Odrzańskie","Q317835","","","","","Powiat Krośnieński","1.0","Direct override | 'pow. Krosno Odrzańskie' -> QID=Q317835 | [override -> QID=Q317835]","Gmina Gubin"
"244","Deutschland","Q183","2921044","7000084","2044274","51477","Deutschland","1.0","Exact match via rdfs:label [global index] | 'Deutschland' -> 'Deutschland'","MVP","Q1196","2872567","7000094","2049592","28322","Mecklenburg-Vorpommern","1.0","Exact match via rdfs:label [global index] | 'Mecklenburg-Vorpommern' -> 'Mecklenburg-Vorpommern' | [normalised: alias 'MVP' -> 'Mecklenburg-Vorpommern']","Kreis Rügen","Q2909","","","","","Vorpommern-Rügen","1.0","Direct override | 'Kreis Rügen' -> QID=Q2909 | [stripped -> 'Rügen'; override -> QID=Q2909]","Lietzow"
"245","Deutschland","Q183","2921044","7000084","2044274","51477","Deutschland","1.0","Exact match via rdfs:label [global index] | 'Deutschland' -> 'Deutschland'","Brandenburg","Q1208","2945356","7000096","2048409","62504","Brandenburg","1.0","Exact match via rdfs:label [global index] | 'Brandenburg' -> 'Brandenburg'","Spree-Neiße","Q6165","3249089","7076935","","62683","Spree-Neiße","1.0","Exact match via skos:altLabel [global index] | 'Spree-Neiße' -> 'Spree-Neiße'","Drebkau"
"246","Polen","Q36","798544","7006366","2054097","49715","Polen","1.0","Exact match via rdfs:label [global index] | 'Polen' -> 'Polen'","Woj. Lubuskie","Q54157","3337494","","","130969","lubuskie","1.0","Exact match via skos:altLabel [global index] | 'Lubuskie' -> 'lubuskie' | [normalised: stripped -> 'Lubuskie']","pow. Międzyrzecki","Q317917","7530979","","","2663893","powiat międzyrzecki","1.0","Exact match via rdfs:label [global index] | 'Powiat Międzyrzecki' -> 'powiat międzyrzecki'","Gmina Międzyrzecz"
"247","Polen","Q36","798544","7006366","2054097","49715","Polen","1.0","Exact match via rdfs:label [global index] | 'Polen' -> 'Polen'","Woj. Wielkopolskie","Q54187","3337498","7024119","","130971","wielkopolskie","1.0","Exact match via skos:altLabel [global index] | 'Wielkopolskie' -> 'wielkopolskie' | [normalised: stripped -> 'Wielkopolskie']","pow. Poznanski","Q101575","7530994","","","2406440","powiat poznański","0.9375","Fuzzy match (score=0.94) via rdfs:label [global index] | 'Powiat Poznanski' -> 'powiat poznański'","Gmina Poznań"
"248","Polen","Q36","798544","7006366","2054097","49715","Polen","1.0","Exact match via rdfs:label [global index] | 'Polen' -> 'Polen'","Woj. Wielkopolskie","Q54187","3337498","7024119","","130971","wielkopolskie","1.0","Exact match via skos:altLabel [global index] | 'Wielkopolskie' -> 'wielkopolskie' | [normalised: stripped -> 'Wielkopolskie']","pow. Poznanski","Q101575","7530994","","","2406440","powiat poznański","0.9375","Fuzzy match (score=0.94) via rdfs:label [global index] | 'Powiat Poznanski' -> 'powiat poznański'","Gmina Poznań"
"249","Polen","Q36","798544","7006366","2054097","49715","Polen","1.0","Exact match via rdfs:label [global index] | 'Polen' -> 'Polen'","Woj. Kujawsko-Pomorskie","Q54153","3337500","","","223407","kujawsko-pomorskie","1.0","Exact match via skos:altLabel [global index] | 'Kujawsko-Pomorskie' -> 'kujawsko-pomorskie' | [normalised: stripped -> 'Kujawsko-Pomorskie']","pow. Mogileński","Q604053","7530912","","","1385334","Powiat Mogileński","1.0","Exact match via rdfs:label [global index] | 'Powiat Mogileński' -> 'Powiat Mogileński'","Gmina Dąbrowa"
"250","Deutschland","Q183","2921044","7000084","2044274","51477","Deutschland","1.0","Exact match via rdfs:label [global index] | 'Deutschland' -> 'Deutschland'","Brandenburg","Q1208","2945356","7000096","2048409","62504","Brandenburg","1.0","Exact match via rdfs:label [global index] | 'Brandenburg' -> 'Brandenburg'","Ostprignitz-Ruppin","Q6125","3249087","7076937","","62574","Ostprignitz-Ruppin","1.0","Exact match via skos:altLabel [global index] | 'Ostprignitz-Ruppin' -> 'Ostprignitz-Ruppin'","Altfriesack"
"251","Deutschland","Q183","2921044","7000084","2044274","51477","Deutschland","1.0","Exact match via rdfs:label [global index] | 'Deutschland' -> 'Deutschland'","Brandenburg","Q1208","2945356","7000096","2048409","62504","Brandenburg","1.0","Exact match via rdfs:label [global index] | 'Brandenburg' -> 'Brandenburg'","Märkisch-Oderland","Q6181","3249083","7076941","","318248","Märkisch-Oderland","1.0","Exact match via skos:altLabel [global index] | 'Märkisch-Oderland' -> 'Märkisch-Oderland'","Altranft"
"252","Deutschland","Q183","2921044","7000084","2044274","51477","Deutschland","1.0","Exact match via rdfs:label [global index] | 'Deutschland' -> 'Deutschland'","Brandenburg","Q1208","2945356","7000096","2048409","62504","Brandenburg","1.0","Exact match via rdfs:label [global index] | 'Brandenburg' -> 'Brandenburg'","Märkisch-Oderland","Q6181","3249083","7076941","","318248","Märkisch-Oderland","1.0","Exact match via skos:altLabel [global index] | 'Märkisch-Oderland' -> 'Märkisch-Oderland'","Bad Freienwalde"
"253","Deutschland","Q183","2921044","7000084","2044274","51477","Deutschland","1.0","Exact match via rdfs:label [global index] | 'Deutschland' -> 'Deutschland'","Brandenburg","Q1208","2945356","7000096","2048409","62504","Brandenburg","1.0","Exact match via rdfs:label [global index] | 'Brandenburg' -> 'Brandenburg'","Oder-Spree","Q6178","3249086","7076938","","62628","Oder-Spree","1.0","Exact match via skos:altLabel [global index] | 'Oder-Spree' -> 'Oder-Spree'","Beeskow"
"254","Deutschland","Q183","2921044","7000084","2044274","51477","Deutschland","1.0","Exact match via rdfs:label [global index] | 'Deutschland' -> 'Deutschland'","Brandenburg","Q1208","2945356","7000096","2048409","62504","Brandenburg","1.0","Exact match via rdfs:label [global index] | 'Brandenburg' -> 'Brandenburg'","Uckermark","Q338635","2820521","","","","Uckermark","1.0","Exact match via rdfs:label [global index] | 'Uckermark' -> 'Uckermark'","Blankenburg"
"255","Deutschland","Q183","2921044","7000084","2044274","51477","Deutschland","1.0","Exact match via rdfs:label [global index] | 'Deutschland' -> 'Deutschland'","Brandenburg","Q1208","2945356","7000096","2048409","62504","Brandenburg","1.0","Exact match via rdfs:label [global index] | 'Brandenburg' -> 'Brandenburg'","Potsdam","Q1711","7602560","7004463","","62369","Potsdam","1.0","Exact match via rdfs:label [global index] | 'Potsdam' -> 'Potsdam'","Bornim"
"256","Deutschland","Q183","2921044","7000084","2044274","51477","Deutschland","1.0","Exact match via rdfs:label [global index] | 'Deutschland' -> 'Deutschland'","Brandenburg","Q1208","2945356","7000096","2048409","62504","Brandenburg","1.0","Exact match via rdfs:label [global index] | 'Brandenburg' -> 'Brandenburg'","Uckermark","Q338635","2820521","","","","Uckermark","1.0","Exact match via rdfs:label [global index] | 'Uckermark' -> 'Uckermark'","Brüssow"
"257","Deutschland","Q183","2921044","7000084","2044274","51477","Deutschland","1.0","Exact match via rdfs:label [global index] | 'Deutschland' -> 'Deutschland'","Brandenburg","Q1208","2945356","7000096","2048409","62504","Brandenburg","1.0","Exact match via rdfs:label [global index] | 'Brandenburg' -> 'Brandenburg'","Havelland","Q6139","3249082","7076942","","62413","Havelland","1.0","Exact match via rdfs:label [global index] | 'Havelland' -> 'Havelland'","Dyrotz"
"258","Deutschland","Q183","2921044","7000084","2044274","51477","Deutschland","1.0","Exact match via rdfs:label [global index] | 'Deutschland' -> 'Deutschland'","Brandenburg","Q1208","2945356","7000096","2048409","62504","Brandenburg","1.0","Exact match via rdfs:label [global index] | 'Brandenburg' -> 'Brandenburg'","Uckermark","Q338635","2820521","","","","Uckermark","1.0","Exact match via rdfs:label [global index] | 'Uckermark' -> 'Uckermark'","Flemsdorf"
"259","Deutschland","Q183","2921044","7000084","2044274","51477","Deutschland","1.0","Exact match via rdfs:label [global index] | 'Deutschland' -> 'Deutschland'","Brandenburg","Q1208","2945356","7000096","2048409","62504","Brandenburg","1.0","Exact match via rdfs:label [global index] | 'Brandenburg' -> 'Brandenburg'","Frankfurt (Oder)","Q4024","2925535","7005972","","62523","Frankfurt (Oder)","1.0","Exact match via rdfs:label [global index] | 'Frankfurt (Oder)' -> 'Frankfurt (Oder)'","Frankfurt"
"260","Deutschland","Q183","2921044","7000084","2044274","51477","Deutschland","1.0","Exact match via rdfs:label [global index] | 'Deutschland' -> 'Deutschland'","Brandenburg","Q1208","2945356","7000096","2048409","62504","Brandenburg","1.0","Exact match via rdfs:label [global index] | 'Brandenburg' -> 'Brandenburg'","Havelland","Q6139","3249082","7076942","","62413","Havelland","1.0","Exact match via rdfs:label [global index] | 'Havelland' -> 'Havelland'","Friesack"
"261","Deutschland","Q183","2921044","7000084","2044274","51477","Deutschland","1.0","Exact match via rdfs:label [global index] | 'Deutschland' -> 'Deutschland'","Brandenburg","Q1208","2945356","7000096","2048409","62504","Brandenburg","1.0","Exact match via rdfs:label [global index] | 'Brandenburg' -> 'Brandenburg'","Brandenburg (Havel)","Q3931","","","","","Brandenburg an der Havel","1.0","Direct override | 'Brandenburg (Havel)' -> QID=Q3931 | [override -> QID=Q3931]","Kirchmöser"
"262","Deutschland","Q183","2921044","7000084","2044274","51477","Deutschland","1.0","Exact match via rdfs:label [global index] | 'Deutschland' -> 'Deutschland'","Brandenburg","Q1208","2945356","7000096","2048409","62504","Brandenburg","1.0","Exact match via rdfs:label [global index] | 'Brandenburg' -> 'Brandenburg'","Oder-Spree","Q6178","3249086","7076938","","62628","Oder-Spree","1.0","Exact match via skos:altLabel [global index] | 'Oder-Spree' -> 'Oder-Spree'","Kossenblatt"
"263","Deutschland","Q183","2921044","7000084","2044274","51477","Deutschland","1.0","Exact match via rdfs:label [global index] | 'Deutschland' -> 'Deutschland'","Brandenburg","Q1208","2945356","7000096","2048409","62504","Brandenburg","1.0","Exact match via rdfs:label [global index] | 'Brandenburg' -> 'Brandenburg'","Havelland","Q6139","3249082","7076942","","62413","Havelland","1.0","Exact match via rdfs:label [global index] | 'Havelland' -> 'Havelland'","Nauen"
"264","Deutschland","Q183","2921044","7000084","2044274","51477","Deutschland","1.0","Exact match via rdfs:label [global index] | 'Deutschland' -> 'Deutschland'","Brandenburg","Q1208","2945356","7000096","2048409","62504","Brandenburg","1.0","Exact match via rdfs:label [global index] | 'Brandenburg' -> 'Brandenburg'","Uckermark","Q338635","2820521","","","","Uckermark","1.0","Exact match via rdfs:label [global index] | 'Uckermark' -> 'Uckermark'","Niederlandin"
"265","Deutschland","Q183","2921044","7000084","2044274","51477","Deutschland","1.0","Exact match via rdfs:label [global index] | 'Deutschland' -> 'Deutschland'","Brandenburg","Q1208","2945356","7000096","2048409","62504","Brandenburg","1.0","Exact match via rdfs:label [global index] | 'Brandenburg' -> 'Brandenburg'","Potsdam","Q1711","7602560","7004463","","62369","Potsdam","1.0","Exact match via rdfs:label [global index] | 'Potsdam' -> 'Potsdam'","Potsdam"
"266","Deutschland","Q183","2921044","7000084","2044274","51477","Deutschland","1.0","Exact match via rdfs:label [global index] | 'Deutschland' -> 'Deutschland'","Brandenburg","Q1208","2945356","7000096","2048409","62504","Brandenburg","1.0","Exact match via rdfs:label [global index] | 'Brandenburg' -> 'Brandenburg'","Potsdam","Q1711","7602560","7004463","","62369","Potsdam","1.0","Exact match via rdfs:label [global index] | 'Potsdam' -> 'Potsdam'","Potsdam"
"267","Deutschland","Q183","2921044","7000084","2044274","51477","Deutschland","1.0","Exact match via rdfs:label [global index] | 'Deutschland' -> 'Deutschland'","Brandenburg","Q1208","2945356","7000096","2048409","62504","Brandenburg","1.0","Exact match via rdfs:label [global index] | 'Brandenburg' -> 'Brandenburg'","Uckermark","Q338635","2820521","","","","Uckermark","1.0","Exact match via rdfs:label [global index] | 'Uckermark' -> 'Uckermark'","Prenzlau"
"268","Deutschland","Q183","2921044","7000084","2044274","51477","Deutschland","1.0","Exact match via rdfs:label [global index] | 'Deutschland' -> 'Deutschland'","Brandenburg","Q1208","2945356","7000096","2048409","62504","Brandenburg","1.0","Exact match via rdfs:label [global index] | 'Brandenburg' -> 'Brandenburg'","Havelland","Q6139","3249082","7076942","","62413","Havelland","1.0","Exact match via rdfs:label [global index] | 'Havelland' -> 'Havelland'","Ribbeck"
"269","Deutschland","Q183","2921044","7000084","2044274","51477","Deutschland","1.0","Exact match via rdfs:label [global index] | 'Deutschland' -> 'Deutschland'","Brandenburg","Q1208","2945356","7000096","2048409","62504","Brandenburg","1.0","Exact match via rdfs:label [global index] | 'Brandenburg' -> 'Brandenburg'","Havelland","Q6139","3249082","7076942","","62413","Havelland","1.0","Exact match via rdfs:label [global index] | 'Havelland' -> 'Havelland'","Ribbeck"
"270","Deutschland","Q183","2921044","7000084","2044274","51477","Deutschland","1.0","Exact match via rdfs:label [global index] | 'Deutschland' -> 'Deutschland'","Brandenburg","Q1208","2945356","7000096","2048409","62504","Brandenburg","1.0","Exact match via rdfs:label [global index] | 'Brandenburg' -> 'Brandenburg'","Potsdam-Mittelmark","Q6142","2852456","7120830","","62353","Potsdam-Mittelmark","1.0","Exact match via skos:altLabel [global index] | 'Potsdam-Mittelmark' -> 'Potsdam-Mittelmark'","Treuenbrietzen"
"271","Deutschland","Q183","2921044","7000084","2044274","51477","Deutschland","1.0","Exact match via rdfs:label [global index] | 'Deutschland' -> 'Deutschland'","Brandenburg","Q1208","2945356","7000096","2048409","62504","Brandenburg","1.0","Exact match via rdfs:label [global index] | 'Brandenburg' -> 'Brandenburg'","Havelland","Q6139","3249082","7076942","","62413","Havelland","1.0","Exact match via rdfs:label [global index] | 'Havelland' -> 'Havelland'","Wachow"
"272","Deutschland","Q183","2921044","7000084","2044274","51477","Deutschland","1.0","Exact match via rdfs:label [global index] | 'Deutschland' -> 'Deutschland'","Brandenburg","Q1208","2945356","7000096","2048409","62504","Brandenburg","1.0","Exact match via rdfs:label [global index] | 'Brandenburg' -> 'Brandenburg'","Havelland","Q6139","3249082","7076942","","62413","Havelland","1.0","Exact match via rdfs:label [global index] | 'Havelland' -> 'Havelland'","Wachow"
"273","Deutschland","Q183","2921044","7000084","2044274","51477","Deutschland","1.0","Exact match via rdfs:label [global index] | 'Deutschland' -> 'Deutschland'","Brandenburg","Q1208","2945356","7000096","2048409","62504","Brandenburg","1.0","Exact match via rdfs:label [global index] | 'Brandenburg' -> 'Brandenburg'","Havelland","Q6139","3249082","7076942","","62413","Havelland","1.0","Exact match via rdfs:label [global index] | 'Havelland' -> 'Havelland'","Wachow"
"274","Deutschland","Q183","2921044","7000084","2044274","51477","Deutschland","1.0","Exact match via rdfs:label [global index] | 'Deutschland' -> 'Deutschland'","Brandenburg","Q1208","2945356","7000096","2048409","62504","Brandenburg","1.0","Exact match via rdfs:label [global index] | 'Brandenburg' -> 'Brandenburg'","Dahme-Spreewald","Q6173","3249080","7076944","","62376","Dahme-Spreewald","1.0","Exact match via skos:altLabel [global index] | 'Dahme-Spreewald' -> 'Dahme-Spreewald'","Wernsdorf"
"275","Deutschland","Q183","2921044","7000084","2044274","51477","Deutschland","1.0","Exact match via rdfs:label [global index] | 'Deutschland' -> 'Deutschland'","Brandenburg","Q1208","2945356","7000096","2048409","62504","Brandenburg","1.0","Exact match via rdfs:label [global index] | 'Brandenburg' -> 'Brandenburg'","Havelland","Q6139","3249082","7076942","","62413","Havelland","1.0","Exact match via rdfs:label [global index] | 'Havelland' -> 'Havelland'","Wustermark"
"276","Deutschland","Q183","2921044","7000084","2044274","51477","Deutschland","1.0","Exact match via rdfs:label [global index] | 'Deutschland' -> 'Deutschland'","Brandenburg","Q1208","2945356","7000096","2048409","62504","Brandenburg","1.0","Exact match via rdfs:label [global index] | 'Brandenburg' -> 'Brandenburg'","Havelland","Q6139","3249082","7076942","","62413","Havelland","1.0","Exact match via rdfs:label [global index] | 'Havelland' -> 'Havelland'","Zeestow"
"277","Deutschland","Q183","2921044","7000084","2044274","51477","Deutschland","1.0","Exact match via rdfs:label [global index] | 'Deutschland' -> 'Deutschland'","Brandenburg","Q1208","2945356","7000096","2048409","62504","Brandenburg","1.0","Exact match via rdfs:label [global index] | 'Brandenburg' -> 'Brandenburg'","Havelland","Q6139","3249082","7076942","","62413","Havelland","1.0","Exact match via rdfs:label [global index] | 'Havelland' -> 'Havelland'","Zeestow"
"278","Deutschland","Q183","2921044","7000084","2044274","51477","Deutschland","1.0","Exact match via rdfs:label [global index] | 'Deutschland' -> 'Deutschland'","Brandenburg","Q1208","2945356","7000096","2048409","62504","Brandenburg","1.0","Exact match via rdfs:label [global index] | 'Brandenburg' -> 'Brandenburg'","Havelland","Q6139","3249082","7076942","","62413","Havelland","1.0","Exact match via rdfs:label [global index] | 'Havelland' -> 'Havelland'","Zeestow"
"279","Deutschland","Q183","2921044","7000084","2044274","51477","Deutschland","1.0","Exact match via rdfs:label [global index] | 'Deutschland' -> 'Deutschland'","Brandenburg","Q1208","2945356","7000096","2048409","62504","Brandenburg","1.0","Exact match via rdfs:label [global index] | 'Brandenburg' -> 'Brandenburg'","Uckermark","Q338635","2820521","","","","Uckermark","1.0","Exact match via rdfs:label [global index] | 'Uckermark' -> 'Uckermark'","Biesenbrow"
"280","Deutschland","Q183","2921044","7000084","2044274","51477","Deutschland","1.0","Exact match via rdfs:label [global index] | 'Deutschland' -> 'Deutschland'","Brandenburg","Q1208","2945356","7000096","2048409","62504","Brandenburg","1.0","Exact match via rdfs:label [global index] | 'Brandenburg' -> 'Brandenburg'","Uckermark","Q338635","2820521","","","","Uckermark","1.0","Exact match via rdfs:label [global index] | 'Uckermark' -> 'Uckermark'","Blankenburg"
"281","Deutschland","Q183","2921044","7000084","2044274","51477","Deutschland","1.0","Exact match via rdfs:label [global index] | 'Deutschland' -> 'Deutschland'","Brandenburg","Q1208","2945356","7000096","2048409","62504","Brandenburg","1.0","Exact match via rdfs:label [global index] | 'Brandenburg' -> 'Brandenburg'","Havelland","Q6139","3249082","7076942","","62413","Havelland","1.0","Exact match via rdfs:label [global index] | 'Havelland' -> 'Havelland'","Bredow"
"282","Deutschland","Q183","2921044","7000084","2044274","51477","Deutschland","1.0","Exact match via rdfs:label [global index] | 'Deutschland' -> 'Deutschland'","Brandenburg","Q1208","2945356","7000096","2048409","62504","Brandenburg","1.0","Exact match via rdfs:label [global index] | 'Brandenburg' -> 'Brandenburg'","Uckermark","Q338635","2820521","","","","Uckermark","1.0","Exact match via rdfs:label [global index] | 'Uckermark' -> 'Uckermark'","Brüssow"
"283","Deutschland","Q183","2921044","7000084","2044274","51477","Deutschland","1.0","Exact match via rdfs:label [global index] | 'Deutschland' -> 'Deutschland'","Brandenburg","Q1208","2945356","7000096","2048409","62504","Brandenburg","1.0","Exact match via rdfs:label [global index] | 'Brandenburg' -> 'Brandenburg'","Havelland","Q6139","3249082","7076942","","62413","Havelland","1.0","Exact match via rdfs:label [global index] | 'Havelland' -> 'Havelland'","Döberitz bei Premnitz"
"284","Deutschland","Q183","2921044","7000084","2044274","51477","Deutschland","1.0","Exact match via rdfs:label [global index] | 'Deutschland' -> 'Deutschland'","Brandenburg","Q1208","2945356","7000096","2048409","62504","Brandenburg","1.0","Exact match via rdfs:label [global index] | 'Brandenburg' -> 'Brandenburg'","Havelland","Q6139","3249082","7076942","","62413","Havelland","1.0","Exact match via rdfs:label [global index] | 'Havelland' -> 'Havelland'","Dyrotz"
"285","Deutschland","Q183","2921044","7000084","2044274","51477","Deutschland","1.0","Exact match via rdfs:label [global index] | 'Deutschland' -> 'Deutschland'","Brandenburg","Q1208","2945356","7000096","2048409","62504","Brandenburg","1.0","Exact match via rdfs:label [global index] | 'Brandenburg' -> 'Brandenburg'","Elbe-Elster","Q1325077","3249081","7076943","","62505","Elbe-Elster","1.0","Exact match via skos:altLabel [global index] | 'Elbe-Elster' -> 'Elbe-Elster'","Elsterwerda"
"286","Deutschland","Q183","2921044","7000084","2044274","51477","Deutschland","1.0","Exact match via rdfs:label [global index] | 'Deutschland' -> 'Deutschland'","Brandenburg","Q1208","2945356","7000096","2048409","62504","Brandenburg","1.0","Exact match via rdfs:label [global index] | 'Brandenburg' -> 'Brandenburg'","Oberhavel","Q6119","3249084","7076940","","62488","Oberhavel","1.0","Exact match via skos:altLabel [global index] | 'Oberhavel' -> 'Oberhavel'","Flatow"
"287","Deutschland","Q183","2921044","7000084","2044274","51477","Deutschland","1.0","Exact match via rdfs:label [global index] | 'Deutschland' -> 'Deutschland'","Brandenburg","Q1208","2945356","7000096","2048409","62504","Brandenburg","1.0","Exact match via rdfs:label [global index] | 'Brandenburg' -> 'Brandenburg'","Uckermark","Q338635","2820521","","","","Uckermark","1.0","Exact match via rdfs:label [global index] | 'Uckermark' -> 'Uckermark'","Flemsdorf"
"288","Deutschland","Q183","2921044","7000084","2044274","51477","Deutschland","1.0","Exact match via rdfs:label [global index] | 'Deutschland' -> 'Deutschland'","Brandenburg","Q1208","2945356","7000096","2048409","62504","Brandenburg","1.0","Exact match via rdfs:label [global index] | 'Brandenburg' -> 'Brandenburg'","Havelland","Q6139","3249082","7076942","","62413","Havelland","1.0","Exact match via rdfs:label [global index] | 'Havelland' -> 'Havelland'","Gohlitz"
"289","Deutschland","Q183","2921044","7000084","2044274","51477","Deutschland","1.0","Exact match via rdfs:label [global index] | 'Deutschland' -> 'Deutschland'","Brandenburg","Q1208","2945356","7000096","2048409","62504","Brandenburg","1.0","Exact match via rdfs:label [global index] | 'Brandenburg' -> 'Brandenburg'","Potsdam","Q1711","7602560","7004463","","62369","Potsdam","1.0","Exact match via rdfs:label [global index] | 'Potsdam' -> 'Potsdam'","Grube"
"290","Deutschland","Q183","2921044","7000084","2044274","51477","Deutschland","1.0","Exact match via rdfs:label [global index] | 'Deutschland' -> 'Deutschland'","Brandenburg","Q1208","2945356","7000096","2048409","62504","Brandenburg","1.0","Exact match via rdfs:label [global index] | 'Brandenburg' -> 'Brandenburg'","Barnim","Q6115","3249079","7076945","2048550","62553","Barnim","1.0","Exact match via rdfs:label [global index] | 'Barnim' -> 'Barnim'","Hohenfinow"
"291","Deutschland","Q183","2921044","7000084","2044274","51477","Deutschland","1.0","Exact match via rdfs:label [global index] | 'Deutschland' -> 'Deutschland'","Brandenburg","Q1208","2945356","7000096","2048409","62504","Brandenburg","1.0","Exact match via rdfs:label [global index] | 'Brandenburg' -> 'Brandenburg'","Havelland","Q6139","3249082","7076942","","62413","Havelland","1.0","Exact match via rdfs:label [global index] | 'Havelland' -> 'Havelland'","Hoppenrade"
"292","Deutschland","Q183","2921044","7000084","2044274","51477","Deutschland","1.0","Exact match via rdfs:label [global index] | 'Deutschland' -> 'Deutschland'","Brandenburg","Q1208","2945356","7000096","2048409","62504","Brandenburg","1.0","Exact match via rdfs:label [global index] | 'Brandenburg' -> 'Brandenburg'","Teltow-Fläming","Q6146","","","","","Landkreis Teltow-Fläming","1.0","Direct override | 'Teltow-Fläming' -> QID=Q6146 | [override -> QID=Q6146]","Jüterbog"
"293","Deutschland","Q183","2921044","7000084","2044274","51477","Deutschland","1.0","Exact match via rdfs:label [global index] | 'Deutschland' -> 'Deutschland'","Brandenburg","Q1208","2945356","7000096","2048409","62504","Brandenburg","1.0","Exact match via rdfs:label [global index] | 'Brandenburg' -> 'Brandenburg'","Havelland","Q6139","3249082","7076942","","62413","Havelland","1.0","Exact match via rdfs:label [global index] | 'Havelland' -> 'Havelland'","Ketzin"
"294","Deutschland","Q183","2921044","7000084","2044274","51477","Deutschland","1.0","Exact match via rdfs:label [global index] | 'Deutschland' -> 'Deutschland'","Brandenburg","Q1208","2945356","7000096","2048409","62504","Brandenburg","1.0","Exact match via rdfs:label [global index] | 'Brandenburg' -> 'Brandenburg'","Potsdam-Mittelmark","Q6142","2852456","7120830","","62353","Potsdam-Mittelmark","1.0","Exact match via skos:altLabel [global index] | 'Potsdam-Mittelmark' -> 'Potsdam-Mittelmark'","Mötzow"
"295","Deutschland","Q183","2921044","7000084","2044274","51477","Deutschland","1.0","Exact match via rdfs:label [global index] | 'Deutschland' -> 'Deutschland'","Brandenburg","Q1208","2945356","7000096","2048409","62504","Brandenburg","1.0","Exact match via rdfs:label [global index] | 'Brandenburg' -> 'Brandenburg'","Havelland","Q6139","3249082","7076942","","62413","Havelland","1.0","Exact match via rdfs:label [global index] | 'Havelland' -> 'Havelland'","Nauen"
"296","Deutschland","Q183","2921044","7000084","2044274","51477","Deutschland","1.0","Exact match via rdfs:label [global index] | 'Deutschland' -> 'Deutschland'","Brandenburg","Q1208","2945356","7000096","2048409","62504","Brandenburg","1.0","Exact match via rdfs:label [global index] | 'Brandenburg' -> 'Brandenburg'","Brandenburg (Havel)","Q3931","","","","","Brandenburg an der Havel","1.0","Direct override | 'Brandenburg (Havel)' -> QID=Q3931 | [override -> QID=Q3931]","Neuendorf"
"297","Deutschland","Q183","2921044","7000084","2044274","51477","Deutschland","1.0","Exact match via rdfs:label [global index] | 'Deutschland' -> 'Deutschland'","Brandenburg","Q1208","2945356","7000096","2048409","62504","Brandenburg","1.0","Exact match via rdfs:label [global index] | 'Brandenburg' -> 'Brandenburg'","Havelland","Q6139","3249082","7076942","","62413","Havelland","1.0","Exact match via rdfs:label [global index] | 'Havelland' -> 'Havelland'","Niebede"
"298","Deutschland","Q183","2921044","7000084","2044274","51477","Deutschland","1.0","Exact match via rdfs:label [global index] | 'Deutschland' -> 'Deutschland'","Brandenburg","Q1208","2945356","7000096","2048409","62504","Brandenburg","1.0","Exact match via rdfs:label [global index] | 'Brandenburg' -> 'Brandenburg'","Uckermark","Q338635","2820521","","","","Uckermark","1.0","Exact match via rdfs:label [global index] | 'Uckermark' -> 'Uckermark'","Niederlandin"
"299","Deutschland","Q183","2921044","7000084","2044274","51477","Deutschland","1.0","Exact match via rdfs:label [global index] | 'Deutschland' -> 'Deutschland'","Brandenburg","Q1208","2945356","7000096","2048409","62504","Brandenburg","1.0","Exact match via rdfs:label [global index] | 'Brandenburg' -> 'Brandenburg'","Potsdam","Q1711","7602560","7004463","","62369","Potsdam","1.0","Exact match via rdfs:label [global index] | 'Potsdam' -> 'Potsdam'","Potsdam"
"300","Deutschland","Q183","2921044","7000084","2044274","51477","Deutschland","1.0","Exact match via rdfs:label [global index] | 'Deutschland' -> 'Deutschland'","Brandenburg","Q1208","2945356","7000096","2048409","62504","Brandenburg","1.0","Exact match via rdfs:label [global index] | 'Brandenburg' -> 'Brandenburg'","Potsdam","Q1711","7602560","7004463","","62369","Potsdam","1.0","Exact match via rdfs:label [global index] | 'Potsdam' -> 'Potsdam'","Potsdam"
"301","Deutschland","Q183","2921044","7000084","2044274","51477","Deutschland","1.0","Exact match via rdfs:label [global index] | 'Deutschland' -> 'Deutschland'","Brandenburg","Q1208","2945356","7000096","2048409","62504","Brandenburg","1.0","Exact match via rdfs:label [global index] | 'Brandenburg' -> 'Brandenburg'","Teltow-Fläming","Q6146","","","","","Landkreis Teltow-Fläming","1.0","Direct override | 'Teltow-Fläming' -> QID=Q6146 | [override -> QID=Q6146]","Rohrbeck"
"302","Deutschland","Q183","2921044","7000084","2044274","51477","Deutschland","1.0","Exact match via rdfs:label [global index] | 'Deutschland' -> 'Deutschland'","Brandenburg","Q1208","2945356","7000096","2048409","62504","Brandenburg","1.0","Exact match via rdfs:label [global index] | 'Brandenburg' -> 'Brandenburg'","Potsdam-Mittelmark","Q6142","2852456","7120830","","62353","Potsdam-Mittelmark","1.0","Exact match via skos:altLabel [global index] | 'Potsdam-Mittelmark' -> 'Potsdam-Mittelmark'","Satzkorn"
"303","Deutschland","Q183","2921044","7000084","2044274","51477","Deutschland","1.0","Exact match via rdfs:label [global index] | 'Deutschland' -> 'Deutschland'","Brandenburg","Q1208","2945356","7000096","2048409","62504","Brandenburg","1.0","Exact match via rdfs:label [global index] | 'Brandenburg' -> 'Brandenburg'","Uckermark","Q338635","2820521","","","","Uckermark","1.0","Exact match via rdfs:label [global index] | 'Uckermark' -> 'Uckermark'","Schönfeld bei Prenzlau"
"304","Deutschland","Q183","2921044","7000084","2044274","51477","Deutschland","1.0","Exact match via rdfs:label [global index] | 'Deutschland' -> 'Deutschland'","Brandenburg","Q1208","2945356","7000096","2048409","62504","Brandenburg","1.0","Exact match via rdfs:label [global index] | 'Brandenburg' -> 'Brandenburg'","Havelland","Q6139","3249082","7076942","","62413","Havelland","1.0","Exact match via rdfs:label [global index] | 'Havelland' -> 'Havelland'","Wustermark"
"305","Deutschland","Q183","2921044","7000084","2044274","51477","Deutschland","1.0","Exact match via rdfs:label [global index] | 'Deutschland' -> 'Deutschland'","Brandenburg","Q1208","2945356","7000096","2048409","62504","Brandenburg","1.0","Exact match via rdfs:label [global index] | 'Brandenburg' -> 'Brandenburg'","Barnim","Q6115","3249079","7076945","2048550","62553","Barnim","1.0","Exact match via rdfs:label [global index] | 'Barnim' -> 'Barnim'","Eichhorst"
"306","Deutschland","Q183","2921044","7000084","2044274","51477","Deutschland","1.0","Exact match via rdfs:label [global index] | 'Deutschland' -> 'Deutschland'","Brandenburg","Q1208","2945356","7000096","2048409","62504","Brandenburg","1.0","Exact match via rdfs:label [global index] | 'Brandenburg' -> 'Brandenburg'","Brandenburg (Havel)","Q3931","","","","","Brandenburg an der Havel","1.0","Direct override | 'Brandenburg (Havel)' -> QID=Q3931 | [override -> QID=Q3931]","Brandenburg-Altstadt"
"307","Deutschland","Q183","2921044","7000084","2044274","51477","Deutschland","1.0","Exact match via rdfs:label [global index] | 'Deutschland' -> 'Deutschland'","Brandenburg","Q1208","2945356","7000096","2048409","62504","Brandenburg","1.0","Exact match via rdfs:label [global index] | 'Brandenburg' -> 'Brandenburg'","Brandenburg (Havel)","Q3931","","","","","Brandenburg an der Havel","1.0","Direct override | 'Brandenburg (Havel)' -> QID=Q3931 | [override -> QID=Q3931]","Brandenburg-Neustadt"
"308","Deutschland","Q183","2921044","7000084","2044274","51477","Deutschland","1.0","Exact match via rdfs:label [global index] | 'Deutschland' -> 'Deutschland'","Brandenburg","Q1208","2945356","7000096","2048409","62504","Brandenburg","1.0","Exact match via rdfs:label [global index] | 'Brandenburg' -> 'Brandenburg'","Brandenburg (Havel)","Q3931","","","","","Brandenburg an der Havel","1.0","Direct override | 'Brandenburg (Havel)' -> QID=Q3931 | [override -> QID=Q3931]","Brandenburg-Altstadt"
"309","Deutschland","Q183","2921044","7000084","2044274","51477","Deutschland","1.0","Exact match via rdfs:label [global index] | 'Deutschland' -> 'Deutschland'","Brandenburg","Q1208","2945356","7000096","2048409","62504","Brandenburg","1.0","Exact match via rdfs:label [global index] | 'Brandenburg' -> 'Brandenburg'","Brandenburg (Havel)","Q3931","","","","","Brandenburg an der Havel","1.0","Direct override | 'Brandenburg (Havel)' -> QID=Q3931 | [override -> QID=Q3931]","Brandenburg-Neustadt"
"310","Deutschland","Q183","2921044","7000084","2044274","51477","Deutschland","1.0","Exact match via rdfs:label [global index] | 'Deutschland' -> 'Deutschland'","Brandenburg","Q1208","2945356","7000096","2048409","62504","Brandenburg","1.0","Exact match via rdfs:label [global index] | 'Brandenburg' -> 'Brandenburg'","Dahme-Spreewald","Q6173","3249080","7076944","","62376","Dahme-Spreewald","1.0","Exact match via skos:altLabel [global index] | 'Dahme-Spreewald' -> 'Dahme-Spreewald'","Gräbendorf"
"311","Deutschland","Q183","2921044","7000084","2044274","51477","Deutschland","1.0","Exact match via rdfs:label [global index] | 'Deutschland' -> 'Deutschland'","Brandenburg","Q1208","2945356","7000096","2048409","62504","Brandenburg","1.0","Exact match via rdfs:label [global index] | 'Brandenburg' -> 'Brandenburg'","Dahme-Spreewald","Q6173","3249080","7076944","","62376","Dahme-Spreewald","1.0","Exact match via skos:altLabel [global index] | 'Dahme-Spreewald' -> 'Dahme-Spreewald'","Gräbendorf"
"312","Deutschland","Q183","2921044","7000084","2044274","51477","Deutschland","1.0","Exact match via rdfs:label [global index] | 'Deutschland' -> 'Deutschland'","Brandenburg","Q1208","2945356","7000096","2048409","62504","Brandenburg","1.0","Exact match via rdfs:label [global index] | 'Brandenburg' -> 'Brandenburg'","Dahme-Spreewald","Q6173","3249080","7076944","","62376","Dahme-Spreewald","1.0","Exact match via skos:altLabel [global index] | 'Dahme-Spreewald' -> 'Dahme-Spreewald'","Mittenwalde"
"313","Deutschland","Q183","2921044","7000084","2044274","51477","Deutschland","1.0","Exact match via rdfs:label [global index] | 'Deutschland' -> 'Deutschland'","Brandenburg","Q1208","2945356","7000096","2048409","62504","Brandenburg","1.0","Exact match via rdfs:label [global index] | 'Brandenburg' -> 'Brandenburg'","Dahme-Spreewald","Q6173","3249080","7076944","","62376","Dahme-Spreewald","1.0","Exact match via skos:altLabel [global index] | 'Dahme-Spreewald' -> 'Dahme-Spreewald'","Schulzendorf"
"314","Deutschland","Q183","2921044","7000084","2044274","51477","Deutschland","1.0","Exact match via rdfs:label [global index] | 'Deutschland' -> 'Deutschland'","Brandenburg","Q1208","2945356","7000096","2048409","62504","Brandenburg","1.0","Exact match via rdfs:label [global index] | 'Brandenburg' -> 'Brandenburg'","Dahme-Spreewald","Q6173","3249080","7076944","","62376","Dahme-Spreewald","1.0","Exact match via skos:altLabel [global index] | 'Dahme-Spreewald' -> 'Dahme-Spreewald'","Zaue"
"315","Deutschland","Q183","2921044","7000084","2044274","51477","Deutschland","1.0","Exact match via rdfs:label [global index] | 'Deutschland' -> 'Deutschland'","Brandenburg","Q1208","2945356","7000096","2048409","62504","Brandenburg","1.0","Exact match via rdfs:label [global index] | 'Brandenburg' -> 'Brandenburg'","Dahme-Spreewald","Q6173","3249080","7076944","","62376","Dahme-Spreewald","1.0","Exact match via skos:altLabel [global index] | 'Dahme-Spreewald' -> 'Dahme-Spreewald'","Zaue"
"316","Deutschland","Q183","2921044","7000084","2044274","51477","Deutschland","1.0","Exact match via rdfs:label [global index] | 'Deutschland' -> 'Deutschland'","Brandenburg","Q1208","2945356","7000096","2048409","62504","Brandenburg","1.0","Exact match via rdfs:label [global index] | 'Brandenburg' -> 'Brandenburg'","Dahme-Spreewald","Q6173","3249080","7076944","","62376","Dahme-Spreewald","1.0","Exact match via skos:altLabel [global index] | 'Dahme-Spreewald' -> 'Dahme-Spreewald'","Reichwalde"
"317","Deutschland","Q183","2921044","7000084","2044274","51477","Deutschland","1.0","Exact match via rdfs:label [global index] | 'Deutschland' -> 'Deutschland'","Brandenburg","Q1208","2945356","7000096","2048409","62504","Brandenburg","1.0","Exact match via rdfs:label [global index] | 'Brandenburg' -> 'Brandenburg'","Dahme-Spreewald","Q6173","3249080","7076944","","62376","Dahme-Spreewald","1.0","Exact match via skos:altLabel [global index] | 'Dahme-Spreewald' -> 'Dahme-Spreewald'","Mittenwalde"
"318","Deutschland","Q183","2921044","7000084","2044274","51477","Deutschland","1.0","Exact match via rdfs:label [global index] | 'Deutschland' -> 'Deutschland'","Brandenburg","Q1208","2945356","7000096","2048409","62504","Brandenburg","1.0","Exact match via rdfs:label [global index] | 'Brandenburg' -> 'Brandenburg'","Dahme-Spreewald","Q6173","3249080","7076944","","62376","Dahme-Spreewald","1.0","Exact match via skos:altLabel [global index] | 'Dahme-Spreewald' -> 'Dahme-Spreewald'","Waltersdorf bei Kö.Wusterhausen"
"319","Deutschland","Q183","2921044","7000084","2044274","51477","Deutschland","1.0","Exact match via rdfs:label [global index] | 'Deutschland' -> 'Deutschland'","Brandenburg","Q1208","2945356","7000096","2048409","62504","Brandenburg","1.0","Exact match via rdfs:label [global index] | 'Brandenburg' -> 'Brandenburg'","Dahme-Spreewald","Q6173","3249080","7076944","","62376","Dahme-Spreewald","1.0","Exact match via skos:altLabel [global index] | 'Dahme-Spreewald' -> 'Dahme-Spreewald'","Deutsch Wusterhausen"
"321","Deutschland","Q183","2921044","7000084","2044274","51477","Deutschland","1.0","Exact match via rdfs:label [global index] | 'Deutschland' -> 'Deutschland'","Brandenburg","Q1208","2945356","7000096","2048409","62504","Brandenburg","1.0","Exact match via rdfs:label [global index] | 'Brandenburg' -> 'Brandenburg'","Dahme-Spreewald","Q6173","3249080","7076944","","62376","Dahme-Spreewald","1.0","Exact match via skos:altLabel [global index] | 'Dahme-Spreewald' -> 'Dahme-Spreewald'","Mittenwalde"
"322","Deutschland","Q183","2921044","7000084","2044274","51477","Deutschland","1.0","Exact match via rdfs:label [global index] | 'Deutschland' -> 'Deutschland'","Brandenburg","Q1208","2945356","7000096","2048409","62504","Brandenburg","1.0","Exact match via rdfs:label [global index] | 'Brandenburg' -> 'Brandenburg'","Dahme-Spreewald","Q6173","3249080","7076944","","62376","Dahme-Spreewald","1.0","Exact match via skos:altLabel [global index] | 'Dahme-Spreewald' -> 'Dahme-Spreewald'","Hohenbrück"
"323","Deutschland","Q183","2921044","7000084","2044274","51477","Deutschland","1.0","Exact match via rdfs:label [global index] | 'Deutschland' -> 'Deutschland'","Brandenburg","Q1208","2945356","7000096","2048409","62504","Brandenburg","1.0","Exact match via rdfs:label [global index] | 'Brandenburg' -> 'Brandenburg'","Dahme-Spreewald","Q6173","3249080","7076944","","62376","Dahme-Spreewald","1.0","Exact match via skos:altLabel [global index] | 'Dahme-Spreewald' -> 'Dahme-Spreewald'","Krausnick"
"324","Deutschland","Q183","2921044","7000084","2044274","51477","Deutschland","1.0","Exact match via rdfs:label [global index] | 'Deutschland' -> 'Deutschland'","Brandenburg","Q1208","2945356","7000096","2048409","62504","Brandenburg","1.0","Exact match via rdfs:label [global index] | 'Brandenburg' -> 'Brandenburg'","Dahme-Spreewald","Q6173","3249080","7076944","","62376","Dahme-Spreewald","1.0","Exact match via skos:altLabel [global index] | 'Dahme-Spreewald' -> 'Dahme-Spreewald'","Groß Köris"
"325","Deutschland","Q183","2921044","7000084","2044274","51477","Deutschland","1.0","Exact match via rdfs:label [global index] | 'Deutschland' -> 'Deutschland'","Brandenburg","Q1208","2945356","7000096","2048409","62504","Brandenburg","1.0","Exact match via rdfs:label [global index] | 'Brandenburg' -> 'Brandenburg'","Dahme-Spreewald","Q6173","3249080","7076944","","62376","Dahme-Spreewald","1.0","Exact match via skos:altLabel [global index] | 'Dahme-Spreewald' -> 'Dahme-Spreewald'","Töpchin"
"326","Deutschland","Q183","2921044","7000084","2044274","51477","Deutschland","1.0","Exact match via rdfs:label [global index] | 'Deutschland' -> 'Deutschland'","Brandenburg","Q1208","2945356","7000096","2048409","62504","Brandenburg","1.0","Exact match via rdfs:label [global index] | 'Brandenburg' -> 'Brandenburg'","Dahme-Spreewald","Q6173","3249080","7076944","","62376","Dahme-Spreewald","1.0","Exact match via skos:altLabel [global index] | 'Dahme-Spreewald' -> 'Dahme-Spreewald'","Teurow"
"327","Deutschland","Q183","2921044","7000084","2044274","51477","Deutschland","1.0","Exact match via rdfs:label [global index] | 'Deutschland' -> 'Deutschland'","Brandenburg","Q1208","2945356","7000096","2048409","62504","Brandenburg","1.0","Exact match via rdfs:label [global index] | 'Brandenburg' -> 'Brandenburg'","Elbe-Elster","Q1325077","3249081","7076943","","62505","Elbe-Elster","1.0","Exact match via skos:altLabel [global index] | 'Elbe-Elster' -> 'Elbe-Elster'","Schmielsdorf"
"328","Deutschland","Q183","2921044","7000084","2044274","51477","Deutschland","1.0","Exact match via rdfs:label [global index] | 'Deutschland' -> 'Deutschland'","Brandenburg","Q1208","2945356","7000096","2048409","62504","Brandenburg","1.0","Exact match via rdfs:label [global index] | 'Brandenburg' -> 'Brandenburg'","Elbe-Elster","Q1325077","3249081","7076943","","62505","Elbe-Elster","1.0","Exact match via skos:altLabel [global index] | 'Elbe-Elster' -> 'Elbe-Elster'","Elsterwerda"
"329","Deutschland","Q183","2921044","7000084","2044274","51477","Deutschland","1.0","Exact match via rdfs:label [global index] | 'Deutschland' -> 'Deutschland'","Brandenburg","Q1208","2945356","7000096","2048409","62504","Brandenburg","1.0","Exact match via rdfs:label [global index] | 'Brandenburg' -> 'Brandenburg'","Elbe-Elster","Q1325077","3249081","7076943","","62505","Elbe-Elster","1.0","Exact match via skos:altLabel [global index] | 'Elbe-Elster' -> 'Elbe-Elster'","Buchhain"
"332","Deutschland","Q183","2921044","7000084","2044274","51477","Deutschland","1.0","Exact match via rdfs:label [global index] | 'Deutschland' -> 'Deutschland'","Brandenburg","Q1208","2945356","7000096","2048409","62504","Brandenburg","1.0","Exact match via rdfs:label [global index] | 'Brandenburg' -> 'Brandenburg'","Havelland","Q6139","3249082","7076942","","62413","Havelland","1.0","Exact match via rdfs:label [global index] | 'Havelland' -> 'Havelland'","Hertefeld"
"333","Deutschland","Q183","2921044","7000084","2044274","51477","Deutschland","1.0","Exact match via rdfs:label [global index] | 'Deutschland' -> 'Deutschland'","Brandenburg","Q1208","2945356","7000096","2048409","62504","Brandenburg","1.0","Exact match via rdfs:label [global index] | 'Brandenburg' -> 'Brandenburg'","Havelland","Q6139","3249082","7076942","","62413","Havelland","1.0","Exact match via rdfs:label [global index] | 'Havelland' -> 'Havelland'","Vietznitz"
"334","Deutschland","Q183","2921044","7000084","2044274","51477","Deutschland","1.0","Exact match via rdfs:label [global index] | 'Deutschland' -> 'Deutschland'","Brandenburg","Q1208","2945356","7000096","2048409","62504","Brandenburg","1.0","Exact match via rdfs:label [global index] | 'Brandenburg' -> 'Brandenburg'","Havelland","Q6139","3249082","7076942","","62413","Havelland","1.0","Exact match via rdfs:label [global index] | 'Havelland' -> 'Havelland'","Schönwalde"
"336","Deutschland","Q183","2921044","7000084","2044274","51477","Deutschland","1.0","Exact match via rdfs:label [global index] | 'Deutschland' -> 'Deutschland'","Brandenburg","Q1208","2945356","7000096","2048409","62504","Brandenburg","1.0","Exact match via rdfs:label [global index] | 'Brandenburg' -> 'Brandenburg'","Havelland","Q6139","3249082","7076942","","62413","Havelland","1.0","Exact match via rdfs:label [global index] | 'Havelland' -> 'Havelland'","Wagenitz"
"337","Deutschland","Q183","2921044","7000084","2044274","51477","Deutschland","1.0","Exact match via rdfs:label [global index] | 'Deutschland' -> 'Deutschland'","Brandenburg","Q1208","2945356","7000096","2048409","62504","Brandenburg","1.0","Exact match via rdfs:label [global index] | 'Brandenburg' -> 'Brandenburg'","Havelland","Q6139","3249082","7076942","","62413","Havelland","1.0","Exact match via rdfs:label [global index] | 'Havelland' -> 'Havelland'","Friedrichsbruch"
"338","Deutschland","Q183","2921044","7000084","2044274","51477","Deutschland","1.0","Exact match via rdfs:label [global index] | 'Deutschland' -> 'Deutschland'","Brandenburg","Q1208","2945356","7000096","2048409","62504","Brandenburg","1.0","Exact match via rdfs:label [global index] | 'Brandenburg' -> 'Brandenburg'","Havelland","Q6139","3249082","7076942","","62413","Havelland","1.0","Exact match via rdfs:label [global index] | 'Havelland' -> 'Havelland'","Rathenow"
"339","Deutschland","Q183","2921044","7000084","2044274","51477","Deutschland","1.0","Exact match via rdfs:label [global index] | 'Deutschland' -> 'Deutschland'","Brandenburg","Q1208","2945356","7000096","2048409","62504","Brandenburg","1.0","Exact match via rdfs:label [global index] | 'Brandenburg' -> 'Brandenburg'","Havelland","Q6139","3249082","7076942","","62413","Havelland","1.0","Exact match via rdfs:label [global index] | 'Havelland' -> 'Havelland'","Rathenow-Neue Schleuse"
"340","Deutschland","Q183","2921044","7000084","2044274","51477","Deutschland","1.0","Exact match via rdfs:label [global index] | 'Deutschland' -> 'Deutschland'","Brandenburg","Q1208","2945356","7000096","2048409","62504","Brandenburg","1.0","Exact match via rdfs:label [global index] | 'Brandenburg' -> 'Brandenburg'","Havelland","Q6139","3249082","7076942","","62413","Havelland","1.0","Exact match via rdfs:label [global index] | 'Havelland' -> 'Havelland'","Strodehne"
"341","Deutschland","Q183","2921044","7000084","2044274","51477","Deutschland","1.0","Exact match via rdfs:label [global index] | 'Deutschland' -> 'Deutschland'","Brandenburg","Q1208","2945356","7000096","2048409","62504","Brandenburg","1.0","Exact match via rdfs:label [global index] | 'Brandenburg' -> 'Brandenburg'","Havelland","Q6139","3249082","7076942","","62413","Havelland","1.0","Exact match via rdfs:label [global index] | 'Havelland' -> 'Havelland'","Schönwalde"
"342","Deutschland","Q183","2921044","7000084","2044274","51477","Deutschland","1.0","Exact match via rdfs:label [global index] | 'Deutschland' -> 'Deutschland'","Brandenburg","Q1208","2945356","7000096","2048409","62504","Brandenburg","1.0","Exact match via rdfs:label [global index] | 'Brandenburg' -> 'Brandenburg'","Havelland","Q6139","3249082","7076942","","62413","Havelland","1.0","Exact match via rdfs:label [global index] | 'Havelland' -> 'Havelland'","Buckow"
"343","Deutschland","Q183","2921044","7000084","2044274","51477","Deutschland","1.0","Exact match via rdfs:label [global index] | 'Deutschland' -> 'Deutschland'","Brandenburg","Q1208","2945356","7000096","2048409","62504","Brandenburg","1.0","Exact match via rdfs:label [global index] | 'Brandenburg' -> 'Brandenburg'","Havelland","Q6139","3249082","7076942","","62413","Havelland","1.0","Exact match via rdfs:label [global index] | 'Havelland' -> 'Havelland'","Wansdorf"
"344","Deutschland","Q183","2921044","7000084","2044274","51477","Deutschland","1.0","Exact match via rdfs:label [global index] | 'Deutschland' -> 'Deutschland'","Brandenburg","Q1208","2945356","7000096","2048409","62504","Brandenburg","1.0","Exact match via rdfs:label [global index] | 'Brandenburg' -> 'Brandenburg'","Havelland","Q6139","3249082","7076942","","62413","Havelland","1.0","Exact match via rdfs:label [global index] | 'Havelland' -> 'Havelland'","Strodehne"
"345","Deutschland","Q183","2921044","7000084","2044274","51477","Deutschland","1.0","Exact match via rdfs:label [global index] | 'Deutschland' -> 'Deutschland'","Brandenburg","Q1208","2945356","7000096","2048409","62504","Brandenburg","1.0","Exact match via rdfs:label [global index] | 'Brandenburg' -> 'Brandenburg'","Havelland","Q6139","3249082","7076942","","62413","Havelland","1.0","Exact match via rdfs:label [global index] | 'Havelland' -> 'Havelland'","Rübehorst"
"346","Deutschland","Q183","2921044","7000084","2044274","51477","Deutschland","1.0","Exact match via rdfs:label [global index] | 'Deutschland' -> 'Deutschland'","Brandenburg","Q1208","2945356","7000096","2048409","62504","Brandenburg","1.0","Exact match via rdfs:label [global index] | 'Brandenburg' -> 'Brandenburg'","Havelland","Q6139","3249082","7076942","","62413","Havelland","1.0","Exact match via rdfs:label [global index] | 'Havelland' -> 'Havelland'","Vietznitz"
"347","Deutschland","Q183","2921044","7000084","2044274","51477","Deutschland","1.0","Exact match via rdfs:label [global index] | 'Deutschland' -> 'Deutschland'","Brandenburg","Q1208","2945356","7000096","2048409","62504","Brandenburg","1.0","Exact match via rdfs:label [global index] | 'Brandenburg' -> 'Brandenburg'","Havelland","Q6139","3249082","7076942","","62413","Havelland","1.0","Exact match via rdfs:label [global index] | 'Havelland' -> 'Havelland'","Wustermark"
"348","Deutschland","Q183","2921044","7000084","2044274","51477","Deutschland","1.0","Exact match via rdfs:label [global index] | 'Deutschland' -> 'Deutschland'","Brandenburg","Q1208","2945356","7000096","2048409","62504","Brandenburg","1.0","Exact match via rdfs:label [global index] | 'Brandenburg' -> 'Brandenburg'","Havelland","Q6139","3249082","7076942","","62413","Havelland","1.0","Exact match via rdfs:label [global index] | 'Havelland' -> 'Havelland'","Hoppenrade"
"349","Deutschland","Q183","2921044","7000084","2044274","51477","Deutschland","1.0","Exact match via rdfs:label [global index] | 'Deutschland' -> 'Deutschland'","Brandenburg","Q1208","2945356","7000096","2048409","62504","Brandenburg","1.0","Exact match via rdfs:label [global index] | 'Brandenburg' -> 'Brandenburg'","Havelland","Q6139","3249082","7076942","","62413","Havelland","1.0","Exact match via rdfs:label [global index] | 'Havelland' -> 'Havelland'","Rhinow"
"350","Deutschland","Q183","2921044","7000084","2044274","51477","Deutschland","1.0","Exact match via rdfs:label [global index] | 'Deutschland' -> 'Deutschland'","Brandenburg","Q1208","2945356","7000096","2048409","62504","Brandenburg","1.0","Exact match via rdfs:label [global index] | 'Brandenburg' -> 'Brandenburg'","Märkisch-Oderland","Q6181","3249083","7076941","","318248","Märkisch-Oderland","1.0","Exact match via skos:altLabel [global index] | 'Märkisch-Oderland' -> 'Märkisch-Oderland'","Münchehofe"
"351","Deutschland","Q183","2921044","7000084","2044274","51477","Deutschland","1.0","Exact match via rdfs:label [global index] | 'Deutschland' -> 'Deutschland'","Brandenburg","Q1208","2945356","7000096","2048409","62504","Brandenburg","1.0","Exact match via rdfs:label [global index] | 'Brandenburg' -> 'Brandenburg'","Märkisch-Oderland","Q6181","3249083","7076941","","318248","Märkisch-Oderland","1.0","Exact match via skos:altLabel [global index] | 'Märkisch-Oderland' -> 'Märkisch-Oderland'","Friedersdorf"
"352","Deutschland","Q183","2921044","7000084","2044274","51477","Deutschland","1.0","Exact match via rdfs:label [global index] | 'Deutschland' -> 'Deutschland'","Brandenburg","Q1208","2945356","7000096","2048409","62504","Brandenburg","1.0","Exact match via rdfs:label [global index] | 'Brandenburg' -> 'Brandenburg'","Oberhavel","Q6119","3249084","7076940","","62488","Oberhavel","1.0","Exact match via skos:altLabel [global index] | 'Oberhavel' -> 'Oberhavel'","Krewelin"
"353","Deutschland","Q183","2921044","7000084","2044274","51477","Deutschland","1.0","Exact match via rdfs:label [global index] | 'Deutschland' -> 'Deutschland'","Brandenburg","Q1208","2945356","7000096","2048409","62504","Brandenburg","1.0","Exact match via rdfs:label [global index] | 'Brandenburg' -> 'Brandenburg'","Oberhavel","Q6119","3249084","7076940","","62488","Oberhavel","1.0","Exact match via skos:altLabel [global index] | 'Oberhavel' -> 'Oberhavel'","Badingen"
"354","Deutschland","Q183","2921044","7000084","2044274","51477","Deutschland","1.0","Exact match via rdfs:label [global index] | 'Deutschland' -> 'Deutschland'","Brandenburg","Q1208","2945356","7000096","2048409","62504","Brandenburg","1.0","Exact match via rdfs:label [global index] | 'Brandenburg' -> 'Brandenburg'","Oberhavel","Q6119","3249084","7076940","","62488","Oberhavel","1.0","Exact match via skos:altLabel [global index] | 'Oberhavel' -> 'Oberhavel'","Zehdenick"
"355","Deutschland","Q183","2921044","7000084","2044274","51477","Deutschland","1.0","Exact match via rdfs:label [global index] | 'Deutschland' -> 'Deutschland'","Brandenburg","Q1208","2945356","7000096","2048409","62504","Brandenburg","1.0","Exact match via rdfs:label [global index] | 'Brandenburg' -> 'Brandenburg'","Oberhavel","Q6119","3249084","7076940","","62488","Oberhavel","1.0","Exact match via skos:altLabel [global index] | 'Oberhavel' -> 'Oberhavel'","Sommerfeld"
"356","Deutschland","Q183","2921044","7000084","2044274","51477","Deutschland","1.0","Exact match via rdfs:label [global index] | 'Deutschland' -> 'Deutschland'","Brandenburg","Q1208","2945356","7000096","2048409","62504","Brandenburg","1.0","Exact match via rdfs:label [global index] | 'Brandenburg' -> 'Brandenburg'","Oberhavel","Q6119","3249084","7076940","","62488","Oberhavel","1.0","Exact match via skos:altLabel [global index] | 'Oberhavel' -> 'Oberhavel'","Teschendorf"
"357","Deutschland","Q183","2921044","7000084","2044274","51477","Deutschland","1.0","Exact match via rdfs:label [global index] | 'Deutschland' -> 'Deutschland'","Brandenburg","Q1208","2945356","7000096","2048409","62504","Brandenburg","1.0","Exact match via rdfs:label [global index] | 'Brandenburg' -> 'Brandenburg'","Oberhavel","Q6119","3249084","7076940","","62488","Oberhavel","1.0","Exact match via skos:altLabel [global index] | 'Oberhavel' -> 'Oberhavel'","Zehdenick"
"358","Deutschland","Q183","2921044","7000084","2044274","51477","Deutschland","1.0","Exact match via rdfs:label [global index] | 'Deutschland' -> 'Deutschland'","Brandenburg","Q1208","2945356","7000096","2048409","62504","Brandenburg","1.0","Exact match via rdfs:label [global index] | 'Brandenburg' -> 'Brandenburg'","Oberhavel","Q6119","3249084","7076940","","62488","Oberhavel","1.0","Exact match via skos:altLabel [global index] | 'Oberhavel' -> 'Oberhavel'","Birkenwerder"
"359","Deutschland","Q183","2921044","7000084","2044274","51477","Deutschland","1.0","Exact match via rdfs:label [global index] | 'Deutschland' -> 'Deutschland'","Brandenburg","Q1208","2945356","7000096","2048409","62504","Brandenburg","1.0","Exact match via rdfs:label [global index] | 'Brandenburg' -> 'Brandenburg'","Oberhavel","Q6119","3249084","7076940","","62488","Oberhavel","1.0","Exact match via skos:altLabel [global index] | 'Oberhavel' -> 'Oberhavel'","Birkenwerder"
"360","Deutschland","Q183","2921044","7000084","2044274","51477","Deutschland","1.0","Exact match via rdfs:label [global index] | 'Deutschland' -> 'Deutschland'","Brandenburg","Q1208","2945356","7000096","2048409","62504","Brandenburg","1.0","Exact match via rdfs:label [global index] | 'Brandenburg' -> 'Brandenburg'","Oberhavel","Q6119","3249084","7076940","","62488","Oberhavel","1.0","Exact match via skos:altLabel [global index] | 'Oberhavel' -> 'Oberhavel'","Burgwall"
"361","Deutschland","Q183","2921044","7000084","2044274","51477","Deutschland","1.0","Exact match via rdfs:label [global index] | 'Deutschland' -> 'Deutschland'","Brandenburg","Q1208","2945356","7000096","2048409","62504","Brandenburg","1.0","Exact match via rdfs:label [global index] | 'Brandenburg' -> 'Brandenburg'","Oberhavel","Q6119","3249084","7076940","","62488","Oberhavel","1.0","Exact match via skos:altLabel [global index] | 'Oberhavel' -> 'Oberhavel'","Badingen"
"362","Deutschland","Q183","2921044","7000084","2044274","51477","Deutschland","1.0","Exact match via rdfs:label [global index] | 'Deutschland' -> 'Deutschland'","Brandenburg","Q1208","2945356","7000096","2048409","62504","Brandenburg","1.0","Exact match via rdfs:label [global index] | 'Brandenburg' -> 'Brandenburg'","Oberhavel","Q6119","3249084","7076940","","62488","Oberhavel","1.0","Exact match via skos:altLabel [global index] | 'Oberhavel' -> 'Oberhavel'","Germendorf"
"363","Deutschland","Q183","2921044","7000084","2044274","51477","Deutschland","1.0","Exact match via rdfs:label [global index] | 'Deutschland' -> 'Deutschland'","Brandenburg","Q1208","2945356","7000096","2048409","62504","Brandenburg","1.0","Exact match via rdfs:label [global index] | 'Brandenburg' -> 'Brandenburg'","Oberhavel","Q6119","3249084","7076940","","62488","Oberhavel","1.0","Exact match via skos:altLabel [global index] | 'Oberhavel' -> 'Oberhavel'","Kappe"
"364","Deutschland","Q183","2921044","7000084","2044274","51477","Deutschland","1.0","Exact match via rdfs:label [global index] | 'Deutschland' -> 'Deutschland'","Brandenburg","Q1208","2945356","7000096","2048409","62504","Brandenburg","1.0","Exact match via rdfs:label [global index] | 'Brandenburg' -> 'Brandenburg'","Oberhavel","Q6119","3249084","7076940","","62488","Oberhavel","1.0","Exact match via skos:altLabel [global index] | 'Oberhavel' -> 'Oberhavel'","Krewelin"
"365","Deutschland","Q183","2921044","7000084","2044274","51477","Deutschland","1.0","Exact match via rdfs:label [global index] | 'Deutschland' -> 'Deutschland'","Brandenburg","Q1208","2945356","7000096","2048409","62504","Brandenburg","1.0","Exact match via rdfs:label [global index] | 'Brandenburg' -> 'Brandenburg'","Oberhavel","Q6119","3249084","7076940","","62488","Oberhavel","1.0","Exact match via skos:altLabel [global index] | 'Oberhavel' -> 'Oberhavel'","Oranienburg"
"366","Deutschland","Q183","2921044","7000084","2044274","51477","Deutschland","1.0","Exact match via rdfs:label [global index] | 'Deutschland' -> 'Deutschland'","Brandenburg","Q1208","2945356","7000096","2048409","62504","Brandenburg","1.0","Exact match via rdfs:label [global index] | 'Brandenburg' -> 'Brandenburg'","Oberspreewald-Lausitz","Q6156","3249085","7076939","","62571","Oberspreewald-Lausitz","1.0","Exact match via skos:altLabel [global index] | 'Oberspreewald-Lausitz' -> 'Oberspreewald-Lausitz'","Leipe"
"367","Deutschland","Q183","2921044","7000084","2044274","51477","Deutschland","1.0","Exact match via rdfs:label [global index] | 'Deutschland' -> 'Deutschland'","Brandenburg","Q1208","2945356","7000096","2048409","62504","Brandenburg","1.0","Exact match via rdfs:label [global index] | 'Brandenburg' -> 'Brandenburg'","Oberspreewald-Lausitz","Q6156","3249085","7076939","","62571","Oberspreewald-Lausitz","1.0","Exact match via skos:altLabel [global index] | 'Oberspreewald-Lausitz' -> 'Oberspreewald-Lausitz'","Lübbenau"
"368","Deutschland","Q183","2921044","7000084","2044274","51477","Deutschland","1.0","Exact match via rdfs:label [global index] | 'Deutschland' -> 'Deutschland'","Brandenburg","Q1208","2945356","7000096","2048409","62504","Brandenburg","1.0","Exact match via rdfs:label [global index] | 'Brandenburg' -> 'Brandenburg'","Oder-Spree","Q6178","3249086","7076938","","62628","Oder-Spree","1.0","Exact match via skos:altLabel [global index] | 'Oder-Spree' -> 'Oder-Spree'","Rieplos"
"369","Deutschland","Q183","2921044","7000084","2044274","51477","Deutschland","1.0","Exact match via rdfs:label [global index] | 'Deutschland' -> 'Deutschland'","Brandenburg","Q1208","2945356","7000096","2048409","62504","Brandenburg","1.0","Exact match via rdfs:label [global index] | 'Brandenburg' -> 'Brandenburg'","Oder-Spree","Q6178","3249086","7076938","","62628","Oder-Spree","1.0","Exact match via skos:altLabel [global index] | 'Oder-Spree' -> 'Oder-Spree'","Fürstenwalde"
"370","Deutschland","Q183","2921044","7000084","2044274","51477","Deutschland","1.0","Exact match via rdfs:label [global index] | 'Deutschland' -> 'Deutschland'","Brandenburg","Q1208","2945356","7000096","2048409","62504","Brandenburg","1.0","Exact match via rdfs:label [global index] | 'Brandenburg' -> 'Brandenburg'","Oder-Spree","Q6178","3249086","7076938","","62628","Oder-Spree","1.0","Exact match via skos:altLabel [global index] | 'Oder-Spree' -> 'Oder-Spree'","Fürstenwalde-Süd"
"371","Deutschland","Q183","2921044","7000084","2044274","51477","Deutschland","1.0","Exact match via rdfs:label [global index] | 'Deutschland' -> 'Deutschland'","Brandenburg","Q1208","2945356","7000096","2048409","62504","Brandenburg","1.0","Exact match via rdfs:label [global index] | 'Brandenburg' -> 'Brandenburg'","Oder-Spree","Q6178","3249086","7076938","","62628","Oder-Spree","1.0","Exact match via skos:altLabel [global index] | 'Oder-Spree' -> 'Oder-Spree'","Tempelberg"
"372","Deutschland","Q183","2921044","7000084","2044274","51477","Deutschland","1.0","Exact match via rdfs:label [global index] | 'Deutschland' -> 'Deutschland'","Brandenburg","Q1208","2945356","7000096","2048409","62504","Brandenburg","1.0","Exact match via rdfs:label [global index] | 'Brandenburg' -> 'Brandenburg'","Oder-Spree","Q6178","3249086","7076938","","62628","Oder-Spree","1.0","Exact match via skos:altLabel [global index] | 'Oder-Spree' -> 'Oder-Spree'","Schwerin"
"373","Deutschland","Q183","2921044","7000084","2044274","51477","Deutschland","1.0","Exact match via rdfs:label [global index] | 'Deutschland' -> 'Deutschland'","Brandenburg","Q1208","2945356","7000096","2048409","62504","Brandenburg","1.0","Exact match via rdfs:label [global index] | 'Brandenburg' -> 'Brandenburg'","Ostprignitz-Ruppin","Q6125","3249087","7076937","","62574","Ostprignitz-Ruppin","1.0","Exact match via skos:altLabel [global index] | 'Ostprignitz-Ruppin' -> 'Ostprignitz-Ruppin'","Wusterhausen (Dosse)"
"374","Deutschland","Q183","2921044","7000084","2044274","51477","Deutschland","1.0","Exact match via rdfs:label [global index] | 'Deutschland' -> 'Deutschland'","Brandenburg","Q1208","2945356","7000096","2048409","62504","Brandenburg","1.0","Exact match via rdfs:label [global index] | 'Brandenburg' -> 'Brandenburg'","Ostprignitz-Ruppin","Q6125","3249087","7076937","","62574","Ostprignitz-Ruppin","1.0","Exact match via skos:altLabel [global index] | 'Ostprignitz-Ruppin' -> 'Ostprignitz-Ruppin'","Kötzlin"
"375","Deutschland","Q183","2921044","7000084","2044274","51477","Deutschland","1.0","Exact match via rdfs:label [global index] | 'Deutschland' -> 'Deutschland'","Brandenburg","Q1208","2945356","7000096","2048409","62504","Brandenburg","1.0","Exact match via rdfs:label [global index] | 'Brandenburg' -> 'Brandenburg'","Ostprignitz-Ruppin","Q6125","3249087","7076937","","62574","Ostprignitz-Ruppin","1.0","Exact match via skos:altLabel [global index] | 'Ostprignitz-Ruppin' -> 'Ostprignitz-Ruppin'","Dreetz"
"376","Deutschland","Q183","2921044","7000084","2044274","51477","Deutschland","1.0","Exact match via rdfs:label [global index] | 'Deutschland' -> 'Deutschland'","Brandenburg","Q1208","2945356","7000096","2048409","62504","Brandenburg","1.0","Exact match via rdfs:label [global index] | 'Brandenburg' -> 'Brandenburg'","Ostprignitz-Ruppin","Q6125","3249087","7076937","","62574","Ostprignitz-Ruppin","1.0","Exact match via skos:altLabel [global index] | 'Ostprignitz-Ruppin' -> 'Ostprignitz-Ruppin'","Kyritz"
"377","Deutschland","Q183","2921044","7000084","2044274","51477","Deutschland","1.0","Exact match via rdfs:label [global index] | 'Deutschland' -> 'Deutschland'","Brandenburg","Q1208","2945356","7000096","2048409","62504","Brandenburg","1.0","Exact match via rdfs:label [global index] | 'Brandenburg' -> 'Brandenburg'","Ostprignitz-Ruppin","Q6125","3249087","7076937","","62574","Ostprignitz-Ruppin","1.0","Exact match via skos:altLabel [global index] | 'Ostprignitz-Ruppin' -> 'Ostprignitz-Ruppin'","Lohm"
"378","Deutschland","Q183","2921044","7000084","2044274","51477","Deutschland","1.0","Exact match via rdfs:label [global index] | 'Deutschland' -> 'Deutschland'","Brandenburg","Q1208","2945356","7000096","2048409","62504","Brandenburg","1.0","Exact match via rdfs:label [global index] | 'Brandenburg' -> 'Brandenburg'","Ostprignitz-Ruppin","Q6125","3249087","7076937","","62574","Ostprignitz-Ruppin","1.0","Exact match via skos:altLabel [global index] | 'Ostprignitz-Ruppin' -> 'Ostprignitz-Ruppin'","Roddahn"
"379","Deutschland","Q183","2921044","7000084","2044274","51477","Deutschland","1.0","Exact match via rdfs:label [global index] | 'Deutschland' -> 'Deutschland'","Brandenburg","Q1208","2945356","7000096","2048409","62504","Brandenburg","1.0","Exact match via rdfs:label [global index] | 'Brandenburg' -> 'Brandenburg'","Ostprignitz-Ruppin","Q6125","3249087","7076937","","62574","Ostprignitz-Ruppin","1.0","Exact match via skos:altLabel [global index] | 'Ostprignitz-Ruppin' -> 'Ostprignitz-Ruppin'","Wusterhausen (Dosse)"
"380","Deutschland","Q183","2921044","7000084","2044274","51477","Deutschland","1.0","Exact match via rdfs:label [global index] | 'Deutschland' -> 'Deutschland'","Brandenburg","Q1208","2945356","7000096","2048409","62504","Brandenburg","1.0","Exact match via rdfs:label [global index] | 'Brandenburg' -> 'Brandenburg'","Ostprignitz-Ruppin","Q6125","3249087","7076937","","62574","Ostprignitz-Ruppin","1.0","Exact match via skos:altLabel [global index] | 'Ostprignitz-Ruppin' -> 'Ostprignitz-Ruppin'","Wusterhausen (Dosse)"
"381","Deutschland","Q183","2921044","7000084","2044274","51477","Deutschland","1.0","Exact match via rdfs:label [global index] | 'Deutschland' -> 'Deutschland'","Brandenburg","Q1208","2945356","7000096","2048409","62504","Brandenburg","1.0","Exact match via rdfs:label [global index] | 'Brandenburg' -> 'Brandenburg'","Ostprignitz-Ruppin","Q6125","3249087","7076937","","62574","Ostprignitz-Ruppin","1.0","Exact match via skos:altLabel [global index] | 'Ostprignitz-Ruppin' -> 'Ostprignitz-Ruppin'","Alt Ruppin"
"382","Deutschland","Q183","2921044","7000084","2044274","51477","Deutschland","1.0","Exact match via rdfs:label [global index] | 'Deutschland' -> 'Deutschland'","Brandenburg","Q1208","2945356","7000096","2048409","62504","Brandenburg","1.0","Exact match via rdfs:label [global index] | 'Brandenburg' -> 'Brandenburg'","Ostprignitz-Ruppin","Q6125","3249087","7076937","","62574","Ostprignitz-Ruppin","1.0","Exact match via skos:altLabel [global index] | 'Ostprignitz-Ruppin' -> 'Ostprignitz-Ruppin'","Herzberg"
"383","Deutschland","Q183","2921044","7000084","2044274","51477","Deutschland","1.0","Exact match via rdfs:label [global index] | 'Deutschland' -> 'Deutschland'","Brandenburg","Q1208","2945356","7000096","2048409","62504","Brandenburg","1.0","Exact match via rdfs:label [global index] | 'Brandenburg' -> 'Brandenburg'","Ostprignitz-Ruppin","Q6125","3249087","7076937","","62574","Ostprignitz-Ruppin","1.0","Exact match via skos:altLabel [global index] | 'Ostprignitz-Ruppin' -> 'Ostprignitz-Ruppin'","Langen"
"384","Deutschland","Q183","2921044","7000084","2044274","51477","Deutschland","1.0","Exact match via rdfs:label [global index] | 'Deutschland' -> 'Deutschland'","Brandenburg","Q1208","2945356","7000096","2048409","62504","Brandenburg","1.0","Exact match via rdfs:label [global index] | 'Brandenburg' -> 'Brandenburg'","Ostprignitz-Ruppin","Q6125","3249087","7076937","","62574","Ostprignitz-Ruppin","1.0","Exact match via skos:altLabel [global index] | 'Ostprignitz-Ruppin' -> 'Ostprignitz-Ruppin'","Lüchfeld"
"385","Deutschland","Q183","2921044","7000084","2044274","51477","Deutschland","1.0","Exact match via rdfs:label [global index] | 'Deutschland' -> 'Deutschland'","Brandenburg","Q1208","2945356","7000096","2048409","62504","Brandenburg","1.0","Exact match via rdfs:label [global index] | 'Brandenburg' -> 'Brandenburg'","Ostprignitz-Ruppin","Q6125","3249087","7076937","","62574","Ostprignitz-Ruppin","1.0","Exact match via skos:altLabel [global index] | 'Ostprignitz-Ruppin' -> 'Ostprignitz-Ruppin'","Wildberg"
"386","Deutschland","Q183","2921044","7000084","2044274","51477","Deutschland","1.0","Exact match via rdfs:label [global index] | 'Deutschland' -> 'Deutschland'","Brandenburg","Q1208","2945356","7000096","2048409","62504","Brandenburg","1.0","Exact match via rdfs:label [global index] | 'Brandenburg' -> 'Brandenburg'","Ostprignitz-Ruppin","Q6125","3249087","7076937","","62574","Ostprignitz-Ruppin","1.0","Exact match via skos:altLabel [global index] | 'Ostprignitz-Ruppin' -> 'Ostprignitz-Ruppin'","Wildberg"
"387","Deutschland","Q183","2921044","7000084","2044274","51477","Deutschland","1.0","Exact match via rdfs:label [global index] | 'Deutschland' -> 'Deutschland'","Brandenburg","Q1208","2945356","7000096","2048409","62504","Brandenburg","1.0","Exact match via rdfs:label [global index] | 'Brandenburg' -> 'Brandenburg'","Ostprignitz-Ruppin","Q6125","3249087","7076937","","62574","Ostprignitz-Ruppin","1.0","Exact match via skos:altLabel [global index] | 'Ostprignitz-Ruppin' -> 'Ostprignitz-Ruppin'","Zechliner Hütte"
"388","Deutschland","Q183","2921044","7000084","2044274","51477","Deutschland","1.0","Exact match via rdfs:label [global index] | 'Deutschland' -> 'Deutschland'","Brandenburg","Q1208","2945356","7000096","2048409","62504","Brandenburg","1.0","Exact match via rdfs:label [global index] | 'Brandenburg' -> 'Brandenburg'","Ostprignitz-Ruppin","Q6125","3249087","7076937","","62574","Ostprignitz-Ruppin","1.0","Exact match via skos:altLabel [global index] | 'Ostprignitz-Ruppin' -> 'Ostprignitz-Ruppin'","Altfriesack"
"389","Deutschland","Q183","2921044","7000084","2044274","51477","Deutschland","1.0","Exact match via rdfs:label [global index] | 'Deutschland' -> 'Deutschland'","Brandenburg","Q1208","2945356","7000096","2048409","62504","Brandenburg","1.0","Exact match via rdfs:label [global index] | 'Brandenburg' -> 'Brandenburg'","Ostprignitz-Ruppin","Q6125","3249087","7076937","","62574","Ostprignitz-Ruppin","1.0","Exact match via skos:altLabel [global index] | 'Ostprignitz-Ruppin' -> 'Ostprignitz-Ruppin'","Wulkow bei Alt Ruppin"
"390","Deutschland","Q183","2921044","7000084","2044274","51477","Deutschland","1.0","Exact match via rdfs:label [global index] | 'Deutschland' -> 'Deutschland'","Brandenburg","Q1208","2945356","7000096","2048409","62504","Brandenburg","1.0","Exact match via rdfs:label [global index] | 'Brandenburg' -> 'Brandenburg'","Ostprignitz-Ruppin","Q6125","3249087","7076937","","62574","Ostprignitz-Ruppin","1.0","Exact match via skos:altLabel [global index] | 'Ostprignitz-Ruppin' -> 'Ostprignitz-Ruppin'","Alt Ruppin"
"391","Deutschland","Q183","2921044","7000084","2044274","51477","Deutschland","1.0","Exact match via rdfs:label [global index] | 'Deutschland' -> 'Deutschland'","Brandenburg","Q1208","2945356","7000096","2048409","62504","Brandenburg","1.0","Exact match via rdfs:label [global index] | 'Brandenburg' -> 'Brandenburg'","Ostprignitz-Ruppin","Q6125","3249087","7076937","","62574","Ostprignitz-Ruppin","1.0","Exact match via skos:altLabel [global index] | 'Ostprignitz-Ruppin' -> 'Ostprignitz-Ruppin'","Alt Ruppin"
"392","Deutschland","Q183","2921044","7000084","2044274","51477","Deutschland","1.0","Exact match via rdfs:label [global index] | 'Deutschland' -> 'Deutschland'","Brandenburg","Q1208","2945356","7000096","2048409","62504","Brandenburg","1.0","Exact match via rdfs:label [global index] | 'Brandenburg' -> 'Brandenburg'","Ostprignitz-Ruppin","Q6125","3249087","7076937","","62574","Ostprignitz-Ruppin","1.0","Exact match via skos:altLabel [global index] | 'Ostprignitz-Ruppin' -> 'Ostprignitz-Ruppin'","Alt Ruppin"
"393","Deutschland","Q183","2921044","7000084","2044274","51477","Deutschland","1.0","Exact match via rdfs:label [global index] | 'Deutschland' -> 'Deutschland'","Brandenburg","Q1208","2945356","7000096","2048409","62504","Brandenburg","1.0","Exact match via rdfs:label [global index] | 'Brandenburg' -> 'Brandenburg'","Ostprignitz-Ruppin","Q6125","3249087","7076937","","62574","Ostprignitz-Ruppin","1.0","Exact match via skos:altLabel [global index] | 'Ostprignitz-Ruppin' -> 'Ostprignitz-Ruppin'","Königshorst"
"394","Deutschland","Q183","2921044","7000084","2044274","51477","Deutschland","1.0","Exact match via rdfs:label [global index] | 'Deutschland' -> 'Deutschland'","Brandenburg","Q1208","2945356","7000096","2048409","62504","Brandenburg","1.0","Exact match via rdfs:label [global index] | 'Brandenburg' -> 'Brandenburg'","Ostprignitz-Ruppin","Q6125","3249087","7076937","","62574","Ostprignitz-Ruppin","1.0","Exact match via skos:altLabel [global index] | 'Ostprignitz-Ruppin' -> 'Ostprignitz-Ruppin'","Wusterhausen (Dosse)"
"395","Deutschland","Q183","2921044","7000084","2044274","51477","Deutschland","1.0","Exact match via rdfs:label [global index] | 'Deutschland' -> 'Deutschland'","Brandenburg","Q1208","2945356","7000096","2048409","62504","Brandenburg","1.0","Exact match via rdfs:label [global index] | 'Brandenburg' -> 'Brandenburg'","Ostprignitz-Ruppin","Q6125","3249087","7076937","","62574","Ostprignitz-Ruppin","1.0","Exact match via skos:altLabel [global index] | 'Ostprignitz-Ruppin' -> 'Ostprignitz-Ruppin'","Zechliner Hütte"
"396","Deutschland","Q183","2921044","7000084","2044274","51477","Deutschland","1.0","Exact match via rdfs:label [global index] | 'Deutschland' -> 'Deutschland'","Brandenburg","Q1208","2945356","7000096","2048409","62504","Brandenburg","1.0","Exact match via rdfs:label [global index] | 'Brandenburg' -> 'Brandenburg'","Ostprignitz-Ruppin","Q6125","3249087","7076937","","62574","Ostprignitz-Ruppin","1.0","Exact match via skos:altLabel [global index] | 'Ostprignitz-Ruppin' -> 'Ostprignitz-Ruppin'","Lohm"
"397","Deutschland","Q183","2921044","7000084","2044274","51477","Deutschland","1.0","Exact match via rdfs:label [global index] | 'Deutschland' -> 'Deutschland'","Brandenburg","Q1208","2945356","7000096","2048409","62504","Brandenburg","1.0","Exact match via rdfs:label [global index] | 'Brandenburg' -> 'Brandenburg'","Ostprignitz-Ruppin","Q6125","3249087","7076937","","62574","Ostprignitz-Ruppin","1.0","Exact match via skos:altLabel [global index] | 'Ostprignitz-Ruppin' -> 'Ostprignitz-Ruppin'","Königshorst"
"398","Deutschland","Q183","2921044","7000084","2044274","51477","Deutschland","1.0","Exact match via rdfs:label [global index] | 'Deutschland' -> 'Deutschland'","Brandenburg","Q1208","2945356","7000096","2048409","62504","Brandenburg","1.0","Exact match via rdfs:label [global index] | 'Brandenburg' -> 'Brandenburg'","Ostprignitz-Ruppin","Q6125","3249087","7076937","","62574","Ostprignitz-Ruppin","1.0","Exact match via skos:altLabel [global index] | 'Ostprignitz-Ruppin' -> 'Ostprignitz-Ruppin'","Königshorst"
"399","Deutschland","Q183","2921044","7000084","2044274","51477","Deutschland","1.0","Exact match via rdfs:label [global index] | 'Deutschland' -> 'Deutschland'","Brandenburg","Q1208","2945356","7000096","2048409","62504","Brandenburg","1.0","Exact match via rdfs:label [global index] | 'Brandenburg' -> 'Brandenburg'","Potsdam","Q1711","7602560","7004463","","62369","Potsdam","1.0","Exact match via rdfs:label [global index] | 'Potsdam' -> 'Potsdam'","Potsdam"
"400","Deutschland","Q183","2921044","7000084","2044274","51477","Deutschland","1.0","Exact match via rdfs:label [global index] | 'Deutschland' -> 'Deutschland'","Brandenburg","Q1208","2945356","7000096","2048409","62504","Brandenburg","1.0","Exact match via rdfs:label [global index] | 'Brandenburg' -> 'Brandenburg'","Potsdam","Q1711","7602560","7004463","","62369","Potsdam","1.0","Exact match via rdfs:label [global index] | 'Potsdam' -> 'Potsdam'","Potsdam"
"401","Deutschland","Q183","2921044","7000084","2044274","51477","Deutschland","1.0","Exact match via rdfs:label [global index] | 'Deutschland' -> 'Deutschland'","Brandenburg","Q1208","2945356","7000096","2048409","62504","Brandenburg","1.0","Exact match via rdfs:label [global index] | 'Brandenburg' -> 'Brandenburg'","Potsdam","Q1711","7602560","7004463","","62369","Potsdam","1.0","Exact match via rdfs:label [global index] | 'Potsdam' -> 'Potsdam'","Bornim"
"402","Deutschland","Q183","2921044","7000084","2044274","51477","Deutschland","1.0","Exact match via rdfs:label [global index] | 'Deutschland' -> 'Deutschland'","Brandenburg","Q1208","2945356","7000096","2048409","62504","Brandenburg","1.0","Exact match via rdfs:label [global index] | 'Brandenburg' -> 'Brandenburg'","Potsdam","Q1711","7602560","7004463","","62369","Potsdam","1.0","Exact match via rdfs:label [global index] | 'Potsdam' -> 'Potsdam'","Potsdam"
"403","Deutschland","Q183","2921044","7000084","2044274","51477","Deutschland","1.0","Exact match via rdfs:label [global index] | 'Deutschland' -> 'Deutschland'","Brandenburg","Q1208","2945356","7000096","2048409","62504","Brandenburg","1.0","Exact match via rdfs:label [global index] | 'Brandenburg' -> 'Brandenburg'","Potsdam","Q1711","7602560","7004463","","62369","Potsdam","1.0","Exact match via rdfs:label [global index] | 'Potsdam' -> 'Potsdam'","Potsdam"
"404","Deutschland","Q183","2921044","7000084","2044274","51477","Deutschland","1.0","Exact match via rdfs:label [global index] | 'Deutschland' -> 'Deutschland'","Brandenburg","Q1208","2945356","7000096","2048409","62504","Brandenburg","1.0","Exact match via rdfs:label [global index] | 'Brandenburg' -> 'Brandenburg'","Potsdam-Mittelmark","Q6142","2852456","7120830","","62353","Potsdam-Mittelmark","1.0","Exact match via skos:altLabel [global index] | 'Potsdam-Mittelmark' -> 'Potsdam-Mittelmark'","Emstal"
"405","Deutschland","Q183","2921044","7000084","2044274","51477","Deutschland","1.0","Exact match via rdfs:label [global index] | 'Deutschland' -> 'Deutschland'","Brandenburg","Q1208","2945356","7000096","2048409","62504","Brandenburg","1.0","Exact match via rdfs:label [global index] | 'Brandenburg' -> 'Brandenburg'","Potsdam-Mittelmark","Q6142","2852456","7120830","","62353","Potsdam-Mittelmark","1.0","Exact match via skos:altLabel [global index] | 'Potsdam-Mittelmark' -> 'Potsdam-Mittelmark'","Hohenferchesar"
"406","Deutschland","Q183","2921044","7000084","2044274","51477","Deutschland","1.0","Exact match via rdfs:label [global index] | 'Deutschland' -> 'Deutschland'","Brandenburg","Q1208","2945356","7000096","2048409","62504","Brandenburg","1.0","Exact match via rdfs:label [global index] | 'Brandenburg' -> 'Brandenburg'","Potsdam-Mittelmark","Q6142","2852456","7120830","","62353","Potsdam-Mittelmark","1.0","Exact match via skos:altLabel [global index] | 'Potsdam-Mittelmark' -> 'Potsdam-Mittelmark'","Alt Töplitz"
"407","Deutschland","Q183","2921044","7000084","2044274","51477","Deutschland","1.0","Exact match via rdfs:label [global index] | 'Deutschland' -> 'Deutschland'","Brandenburg","Q1208","2945356","7000096","2048409","62504","Brandenburg","1.0","Exact match via rdfs:label [global index] | 'Brandenburg' -> 'Brandenburg'","Potsdam-Mittelmark","Q6142","2852456","7120830","","62353","Potsdam-Mittelmark","1.0","Exact match via skos:altLabel [global index] | 'Potsdam-Mittelmark' -> 'Potsdam-Mittelmark'","Alt Töplitz"
"408","Deutschland","Q183","2921044","7000084","2044274","51477","Deutschland","1.0","Exact match via rdfs:label [global index] | 'Deutschland' -> 'Deutschland'","Brandenburg","Q1208","2945356","7000096","2048409","62504","Brandenburg","1.0","Exact match via rdfs:label [global index] | 'Brandenburg' -> 'Brandenburg'","Potsdam-Mittelmark","Q6142","2852456","7120830","","62353","Potsdam-Mittelmark","1.0","Exact match via skos:altLabel [global index] | 'Potsdam-Mittelmark' -> 'Potsdam-Mittelmark'","Alt Töplitz"
"409","Deutschland","Q183","2921044","7000084","2044274","51477","Deutschland","1.0","Exact match via rdfs:label [global index] | 'Deutschland' -> 'Deutschland'","Brandenburg","Q1208","2945356","7000096","2048409","62504","Brandenburg","1.0","Exact match via rdfs:label [global index] | 'Brandenburg' -> 'Brandenburg'","Potsdam-Mittelmark","Q6142","2852456","7120830","","62353","Potsdam-Mittelmark","1.0","Exact match via skos:altLabel [global index] | 'Potsdam-Mittelmark' -> 'Potsdam-Mittelmark'","Bergholz-Rehbrücke"
"410","Deutschland","Q183","2921044","7000084","2044274","51477","Deutschland","1.0","Exact match via rdfs:label [global index] | 'Deutschland' -> 'Deutschland'","Brandenburg","Q1208","2945356","7000096","2048409","62504","Brandenburg","1.0","Exact match via rdfs:label [global index] | 'Brandenburg' -> 'Brandenburg'","Potsdam-Mittelmark","Q6142","2852456","7120830","","62353","Potsdam-Mittelmark","1.0","Exact match via skos:altLabel [global index] | 'Potsdam-Mittelmark' -> 'Potsdam-Mittelmark'","Bergholz-Rehbrücke"
"411","Deutschland","Q183","2921044","7000084","2044274","51477","Deutschland","1.0","Exact match via rdfs:label [global index] | 'Deutschland' -> 'Deutschland'","Brandenburg","Q1208","2945356","7000096","2048409","62504","Brandenburg","1.0","Exact match via rdfs:label [global index] | 'Brandenburg' -> 'Brandenburg'","Potsdam-Mittelmark","Q6142","2852456","7120830","","62353","Potsdam-Mittelmark","1.0","Exact match via skos:altLabel [global index] | 'Potsdam-Mittelmark' -> 'Potsdam-Mittelmark'","Geltow"
"412","Deutschland","Q183","2921044","7000084","2044274","51477","Deutschland","1.0","Exact match via rdfs:label [global index] | 'Deutschland' -> 'Deutschland'","Brandenburg","Q1208","2945356","7000096","2048409","62504","Brandenburg","1.0","Exact match via rdfs:label [global index] | 'Brandenburg' -> 'Brandenburg'","Potsdam-Mittelmark","Q6142","2852456","7120830","","62353","Potsdam-Mittelmark","1.0","Exact match via skos:altLabel [global index] | 'Potsdam-Mittelmark' -> 'Potsdam-Mittelmark'","Geltow"
"413","Deutschland","Q183","2921044","7000084","2044274","51477","Deutschland","1.0","Exact match via rdfs:label [global index] | 'Deutschland' -> 'Deutschland'","Brandenburg","Q1208","2945356","7000096","2048409","62504","Brandenburg","1.0","Exact match via rdfs:label [global index] | 'Brandenburg' -> 'Brandenburg'","Potsdam-Mittelmark","Q6142","2852456","7120830","","62353","Potsdam-Mittelmark","1.0","Exact match via skos:altLabel [global index] | 'Potsdam-Mittelmark' -> 'Potsdam-Mittelmark'","Krampnitz"
"414","Deutschland","Q183","2921044","7000084","2044274","51477","Deutschland","1.0","Exact match via rdfs:label [global index] | 'Deutschland' -> 'Deutschland'","Brandenburg","Q1208","2945356","7000096","2048409","62504","Brandenburg","1.0","Exact match via rdfs:label [global index] | 'Brandenburg' -> 'Brandenburg'","Potsdam-Mittelmark","Q6142","2852456","7120830","","62353","Potsdam-Mittelmark","1.0","Exact match via skos:altLabel [global index] | 'Potsdam-Mittelmark' -> 'Potsdam-Mittelmark'","Plötzin"
"415","Deutschland","Q183","2921044","7000084","2044274","51477","Deutschland","1.0","Exact match via rdfs:label [global index] | 'Deutschland' -> 'Deutschland'","Brandenburg","Q1208","2945356","7000096","2048409","62504","Brandenburg","1.0","Exact match via rdfs:label [global index] | 'Brandenburg' -> 'Brandenburg'","Potsdam-Mittelmark","Q6142","2852456","7120830","","62353","Potsdam-Mittelmark","1.0","Exact match via skos:altLabel [global index] | 'Potsdam-Mittelmark' -> 'Potsdam-Mittelmark'","Satzkorn"
"416","Deutschland","Q183","2921044","7000084","2044274","51477","Deutschland","1.0","Exact match via rdfs:label [global index] | 'Deutschland' -> 'Deutschland'","Brandenburg","Q1208","2945356","7000096","2048409","62504","Brandenburg","1.0","Exact match via rdfs:label [global index] | 'Brandenburg' -> 'Brandenburg'","Potsdam-Mittelmark","Q6142","2852456","7120830","","62353","Potsdam-Mittelmark","1.0","Exact match via skos:altLabel [global index] | 'Potsdam-Mittelmark' -> 'Potsdam-Mittelmark'","Gollwitz"
"417","Deutschland","Q183","2921044","7000084","2044274","51477","Deutschland","1.0","Exact match via rdfs:label [global index] | 'Deutschland' -> 'Deutschland'","Brandenburg","Q1208","2945356","7000096","2048409","62504","Brandenburg","1.0","Exact match via rdfs:label [global index] | 'Brandenburg' -> 'Brandenburg'","Potsdam-Mittelmark","Q6142","2852456","7120830","","62353","Potsdam-Mittelmark","1.0","Exact match via skos:altLabel [global index] | 'Potsdam-Mittelmark' -> 'Potsdam-Mittelmark'","Philippsthal"
"418","Deutschland","Q183","2921044","7000084","2044274","51477","Deutschland","1.0","Exact match via rdfs:label [global index] | 'Deutschland' -> 'Deutschland'","Brandenburg","Q1208","2945356","7000096","2048409","62504","Brandenburg","1.0","Exact match via rdfs:label [global index] | 'Brandenburg' -> 'Brandenburg'","Potsdam-Mittelmark","Q6142","2852456","7120830","","62353","Potsdam-Mittelmark","1.0","Exact match via skos:altLabel [global index] | 'Potsdam-Mittelmark' -> 'Potsdam-Mittelmark'","Marquardt"
"419","Deutschland","Q183","2921044","7000084","2044274","51477","Deutschland","1.0","Exact match via rdfs:label [global index] | 'Deutschland' -> 'Deutschland'","Brandenburg","Q1208","2945356","7000096","2048409","62504","Brandenburg","1.0","Exact match via rdfs:label [global index] | 'Brandenburg' -> 'Brandenburg'","Potsdam-Mittelmark","Q6142","2852456","7120830","","62353","Potsdam-Mittelmark","1.0","Exact match via skos:altLabel [global index] | 'Potsdam-Mittelmark' -> 'Potsdam-Mittelmark'","Ferch"
"421","Deutschland","Q183","2921044","7000084","2044274","51477","Deutschland","1.0","Exact match via rdfs:label [global index] | 'Deutschland' -> 'Deutschland'","Brandenburg","Q1208","2945356","7000096","2048409","62504","Brandenburg","1.0","Exact match via rdfs:label [global index] | 'Brandenburg' -> 'Brandenburg'","Potsdam-Mittelmark","Q6142","2852456","7120830","","62353","Potsdam-Mittelmark","1.0","Exact match via skos:altLabel [global index] | 'Potsdam-Mittelmark' -> 'Potsdam-Mittelmark'","Treuenbrietzen"
"422","Deutschland","Q183","2921044","7000084","2044274","51477","Deutschland","1.0","Exact match via rdfs:label [global index] | 'Deutschland' -> 'Deutschland'","Brandenburg","Q1208","2945356","7000096","2048409","62504","Brandenburg","1.0","Exact match via rdfs:label [global index] | 'Brandenburg' -> 'Brandenburg'","Potsdam-Mittelmark","Q6142","2852456","7120830","","62353","Potsdam-Mittelmark","1.0","Exact match via skos:altLabel [global index] | 'Potsdam-Mittelmark' -> 'Potsdam-Mittelmark'","Treuenbrietzen"
"423","Deutschland","Q183","2921044","7000084","2044274","51477","Deutschland","1.0","Exact match via rdfs:label [global index] | 'Deutschland' -> 'Deutschland'","Brandenburg","Q1208","2945356","7000096","2048409","62504","Brandenburg","1.0","Exact match via rdfs:label [global index] | 'Brandenburg' -> 'Brandenburg'","Potsdam-Mittelmark","Q6142","2852456","7120830","","62353","Potsdam-Mittelmark","1.0","Exact match via skos:altLabel [global index] | 'Potsdam-Mittelmark' -> 'Potsdam-Mittelmark'","Wildenbruch"
"424","Deutschland","Q183","2921044","7000084","2044274","51477","Deutschland","1.0","Exact match via rdfs:label [global index] | 'Deutschland' -> 'Deutschland'","Brandenburg","Q1208","2945356","7000096","2048409","62504","Brandenburg","1.0","Exact match via rdfs:label [global index] | 'Brandenburg' -> 'Brandenburg'","Potsdam-Mittelmark","Q6142","2852456","7120830","","62353","Potsdam-Mittelmark","1.0","Exact match via skos:altLabel [global index] | 'Potsdam-Mittelmark' -> 'Potsdam-Mittelmark'","Alt Töplitz"
"425","Deutschland","Q183","2921044","7000084","2044274","51477","Deutschland","1.0","Exact match via rdfs:label [global index] | 'Deutschland' -> 'Deutschland'","Brandenburg","Q1208","2945356","7000096","2048409","62504","Brandenburg","1.0","Exact match via rdfs:label [global index] | 'Brandenburg' -> 'Brandenburg'","Potsdam-Mittelmark","Q6142","2852456","7120830","","62353","Potsdam-Mittelmark","1.0","Exact match via skos:altLabel [global index] | 'Potsdam-Mittelmark' -> 'Potsdam-Mittelmark'","Alt Töplitz"
"426","Deutschland","Q183","2921044","7000084","2044274","51477","Deutschland","1.0","Exact match via rdfs:label [global index] | 'Deutschland' -> 'Deutschland'","Brandenburg","Q1208","2945356","7000096","2048409","62504","Brandenburg","1.0","Exact match via rdfs:label [global index] | 'Brandenburg' -> 'Brandenburg'","Potsdam-Mittelmark","Q6142","2852456","7120830","","62353","Potsdam-Mittelmark","1.0","Exact match via skos:altLabel [global index] | 'Potsdam-Mittelmark' -> 'Potsdam-Mittelmark'","Kleinmachnow"
"427","Deutschland","Q183","2921044","7000084","2044274","51477","Deutschland","1.0","Exact match via rdfs:label [global index] | 'Deutschland' -> 'Deutschland'","Brandenburg","Q1208","2945356","7000096","2048409","62504","Brandenburg","1.0","Exact match via rdfs:label [global index] | 'Brandenburg' -> 'Brandenburg'","Potsdam-Mittelmark","Q6142","2852456","7120830","","62353","Potsdam-Mittelmark","1.0","Exact match via skos:altLabel [global index] | 'Potsdam-Mittelmark' -> 'Potsdam-Mittelmark'","Beelitz"
"428","Deutschland","Q183","2921044","7000084","2044274","51477","Deutschland","1.0","Exact match via rdfs:label [global index] | 'Deutschland' -> 'Deutschland'","Brandenburg","Q1208","2945356","7000096","2048409","62504","Brandenburg","1.0","Exact match via rdfs:label [global index] | 'Brandenburg' -> 'Brandenburg'","Prignitz","Q6132","3249088","7076936","","62738","Prignitz","1.0","Exact match via rdfs:label [global index] | 'Prignitz' -> 'Prignitz'","Neuhausen"
"429","Deutschland","Q183","2921044","7000084","2044274","51477","Deutschland","1.0","Exact match via rdfs:label [global index] | 'Deutschland' -> 'Deutschland'","Brandenburg","Q1208","2945356","7000096","2048409","62504","Brandenburg","1.0","Exact match via rdfs:label [global index] | 'Brandenburg' -> 'Brandenburg'","Prignitz","Q6132","3249088","7076936","","62738","Prignitz","1.0","Exact match via rdfs:label [global index] | 'Prignitz' -> 'Prignitz'","Pirow"
"430","Deutschland","Q183","2921044","7000084","2044274","51477","Deutschland","1.0","Exact match via rdfs:label [global index] | 'Deutschland' -> 'Deutschland'","Brandenburg","Q1208","2945356","7000096","2048409","62504","Brandenburg","1.0","Exact match via rdfs:label [global index] | 'Brandenburg' -> 'Brandenburg'","Prignitz","Q6132","3249088","7076936","","62738","Prignitz","1.0","Exact match via rdfs:label [global index] | 'Prignitz' -> 'Prignitz'","Putlitz"
"431","Deutschland","Q183","2921044","7000084","2044274","51477","Deutschland","1.0","Exact match via rdfs:label [global index] | 'Deutschland' -> 'Deutschland'","Brandenburg","Q1208","2945356","7000096","2048409","62504","Brandenburg","1.0","Exact match via rdfs:label [global index] | 'Brandenburg' -> 'Brandenburg'","Prignitz","Q6132","3249088","7076936","","62738","Prignitz","1.0","Exact match via rdfs:label [global index] | 'Prignitz' -> 'Prignitz'","Kleinow"
"432","Deutschland","Q183","2921044","7000084","2044274","51477","Deutschland","1.0","Exact match via rdfs:label [global index] | 'Deutschland' -> 'Deutschland'","Brandenburg","Q1208","2945356","7000096","2048409","62504","Brandenburg","1.0","Exact match via rdfs:label [global index] | 'Brandenburg' -> 'Brandenburg'","Prignitz","Q6132","3249088","7076936","","62738","Prignitz","1.0","Exact match via rdfs:label [global index] | 'Prignitz' -> 'Prignitz'","Sadenbeck"
"433","Deutschland","Q183","2921044","7000084","2044274","51477","Deutschland","1.0","Exact match via rdfs:label [global index] | 'Deutschland' -> 'Deutschland'","Brandenburg","Q1208","2945356","7000096","2048409","62504","Brandenburg","1.0","Exact match via rdfs:label [global index] | 'Brandenburg' -> 'Brandenburg'","Prignitz","Q6132","3249088","7076936","","62738","Prignitz","1.0","Exact match via rdfs:label [global index] | 'Prignitz' -> 'Prignitz'","Babekuhl"
"434","Deutschland","Q183","2921044","7000084","2044274","51477","Deutschland","1.0","Exact match via rdfs:label [global index] | 'Deutschland' -> 'Deutschland'","Brandenburg","Q1208","2945356","7000096","2048409","62504","Brandenburg","1.0","Exact match via rdfs:label [global index] | 'Brandenburg' -> 'Brandenburg'","Prignitz","Q6132","3249088","7076936","","62738","Prignitz","1.0","Exact match via rdfs:label [global index] | 'Prignitz' -> 'Prignitz'","Lenzen"
"435","Deutschland","Q183","2921044","7000084","2044274","51477","Deutschland","1.0","Exact match via rdfs:label [global index] | 'Deutschland' -> 'Deutschland'","Brandenburg","Q1208","2945356","7000096","2048409","62504","Brandenburg","1.0","Exact match via rdfs:label [global index] | 'Brandenburg' -> 'Brandenburg'","Prignitz","Q6132","3249088","7076936","","62738","Prignitz","1.0","Exact match via rdfs:label [global index] | 'Prignitz' -> 'Prignitz'","Semlin"
"436","Deutschland","Q183","2921044","7000084","2044274","51477","Deutschland","1.0","Exact match via rdfs:label [global index] | 'Deutschland' -> 'Deutschland'","Brandenburg","Q1208","2945356","7000096","2048409","62504","Brandenburg","1.0","Exact match via rdfs:label [global index] | 'Brandenburg' -> 'Brandenburg'","Prignitz","Q6132","3249088","7076936","","62738","Prignitz","1.0","Exact match via rdfs:label [global index] | 'Prignitz' -> 'Prignitz'","Perleberg"
"437","Deutschland","Q183","2921044","7000084","2044274","51477","Deutschland","1.0","Exact match via rdfs:label [global index] | 'Deutschland' -> 'Deutschland'","Brandenburg","Q1208","2945356","7000096","2048409","62504","Brandenburg","1.0","Exact match via rdfs:label [global index] | 'Brandenburg' -> 'Brandenburg'","Prignitz","Q6132","3249088","7076936","","62738","Prignitz","1.0","Exact match via rdfs:label [global index] | 'Prignitz' -> 'Prignitz'","Premslin"
"438","Deutschland","Q183","2921044","7000084","2044274","51477","Deutschland","1.0","Exact match via rdfs:label [global index] | 'Deutschland' -> 'Deutschland'","Brandenburg","Q1208","2945356","7000096","2048409","62504","Brandenburg","1.0","Exact match via rdfs:label [global index] | 'Brandenburg' -> 'Brandenburg'","Prignitz","Q6132","3249088","7076936","","62738","Prignitz","1.0","Exact match via rdfs:label [global index] | 'Prignitz' -> 'Prignitz'","Groß Linde"
"439","Deutschland","Q183","2921044","7000084","2044274","51477","Deutschland","1.0","Exact match via rdfs:label [global index] | 'Deutschland' -> 'Deutschland'","Brandenburg","Q1208","2945356","7000096","2048409","62504","Brandenburg","1.0","Exact match via rdfs:label [global index] | 'Brandenburg' -> 'Brandenburg'","Prignitz","Q6132","3249088","7076936","","62738","Prignitz","1.0","Exact match via rdfs:label [global index] | 'Prignitz' -> 'Prignitz'","Tacken"
"440","Deutschland","Q183","2921044","7000084","2044274","51477","Deutschland","1.0","Exact match via rdfs:label [global index] | 'Deutschland' -> 'Deutschland'","Brandenburg","Q1208","2945356","7000096","2048409","62504","Brandenburg","1.0","Exact match via rdfs:label [global index] | 'Brandenburg' -> 'Brandenburg'","Prignitz","Q6132","3249088","7076936","","62738","Prignitz","1.0","Exact match via rdfs:label [global index] | 'Prignitz' -> 'Prignitz'","Hinzdorf"
"441","Deutschland","Q183","2921044","7000084","2044274","51477","Deutschland","1.0","Exact match via rdfs:label [global index] | 'Deutschland' -> 'Deutschland'","Brandenburg","Q1208","2945356","7000096","2048409","62504","Brandenburg","1.0","Exact match via rdfs:label [global index] | 'Brandenburg' -> 'Brandenburg'","Prignitz","Q6132","3249088","7076936","","62738","Prignitz","1.0","Exact match via rdfs:label [global index] | 'Prignitz' -> 'Prignitz'","Kleeste"
"442","Deutschland","Q183","2921044","7000084","2044274","51477","Deutschland","1.0","Exact match via rdfs:label [global index] | 'Deutschland' -> 'Deutschland'","Brandenburg","Q1208","2945356","7000096","2048409","62504","Brandenburg","1.0","Exact match via rdfs:label [global index] | 'Brandenburg' -> 'Brandenburg'","Prignitz","Q6132","3249088","7076936","","62738","Prignitz","1.0","Exact match via rdfs:label [global index] | 'Prignitz' -> 'Prignitz'","Wustrow"
"443","Deutschland","Q183","2921044","7000084","2044274","51477","Deutschland","1.0","Exact match via rdfs:label [global index] | 'Deutschland' -> 'Deutschland'","Brandenburg","Q1208","2945356","7000096","2048409","62504","Brandenburg","1.0","Exact match via rdfs:label [global index] | 'Brandenburg' -> 'Brandenburg'","Spree-Neiße","Q6165","3249089","7076935","","62683","Spree-Neiße","1.0","Exact match via skos:altLabel [global index] | 'Spree-Neiße' -> 'Spree-Neiße'","Raakow"
"444","Deutschland","Q183","2921044","7000084","2044274","51477","Deutschland","1.0","Exact match via rdfs:label [global index] | 'Deutschland' -> 'Deutschland'","Brandenburg","Q1208","2945356","7000096","2048409","62504","Brandenburg","1.0","Exact match via rdfs:label [global index] | 'Brandenburg' -> 'Brandenburg'","Teltow-Fläming","Q6146","","","","","Landkreis Teltow-Fläming","1.0","Direct override | 'Teltow-Fläming' -> QID=Q6146 | [override -> QID=Q6146]","Blankensee"
"445","Deutschland","Q183","2921044","7000084","2044274","51477","Deutschland","1.0","Exact match via rdfs:label [global index] | 'Deutschland' -> 'Deutschland'","Brandenburg","Q1208","2945356","7000096","2048409","62504","Brandenburg","1.0","Exact match via rdfs:label [global index] | 'Brandenburg' -> 'Brandenburg'","Teltow-Fläming","Q6146","","","","","Landkreis Teltow-Fläming","1.0","Direct override | 'Teltow-Fläming' -> QID=Q6146 | [override -> QID=Q6146]","Ahrensdorf bei Ludwigsfelde"
"446","Deutschland","Q183","2921044","7000084","2044274","51477","Deutschland","1.0","Exact match via rdfs:label [global index] | 'Deutschland' -> 'Deutschland'","Brandenburg","Q1208","2945356","7000096","2048409","62504","Brandenburg","1.0","Exact match via rdfs:label [global index] | 'Brandenburg' -> 'Brandenburg'","Teltow-Fläming","Q6146","","","","","Landkreis Teltow-Fläming","1.0","Direct override | 'Teltow-Fläming' -> QID=Q6146 | [override -> QID=Q6146]","Blankenfelde"
"447","Deutschland","Q183","2921044","7000084","2044274","51477","Deutschland","1.0","Exact match via rdfs:label [global index] | 'Deutschland' -> 'Deutschland'","Brandenburg","Q1208","2945356","7000096","2048409","62504","Brandenburg","1.0","Exact match via rdfs:label [global index] | 'Brandenburg' -> 'Brandenburg'","Teltow-Fläming","Q6146","","","","","Landkreis Teltow-Fläming","1.0","Direct override | 'Teltow-Fläming' -> QID=Q6146 | [override -> QID=Q6146]","Gröben"
"448","Deutschland","Q183","2921044","7000084","2044274","51477","Deutschland","1.0","Exact match via rdfs:label [global index] | 'Deutschland' -> 'Deutschland'","Brandenburg","Q1208","2945356","7000096","2048409","62504","Brandenburg","1.0","Exact match via rdfs:label [global index] | 'Brandenburg' -> 'Brandenburg'","Teltow-Fläming","Q6146","","","","","Landkreis Teltow-Fläming","1.0","Direct override | 'Teltow-Fläming' -> QID=Q6146 | [override -> QID=Q6146]","Gröben"
"449","Deutschland","Q183","2921044","7000084","2044274","51477","Deutschland","1.0","Exact match via rdfs:label [global index] | 'Deutschland' -> 'Deutschland'","Brandenburg","Q1208","2945356","7000096","2048409","62504","Brandenburg","1.0","Exact match via rdfs:label [global index] | 'Brandenburg' -> 'Brandenburg'","Teltow-Fläming","Q6146","","","","","Landkreis Teltow-Fläming","1.0","Direct override | 'Teltow-Fläming' -> QID=Q6146 | [override -> QID=Q6146]","Kummersdorf"
"450","Deutschland","Q183","2921044","7000084","2044274","51477","Deutschland","1.0","Exact match via rdfs:label [global index] | 'Deutschland' -> 'Deutschland'","Brandenburg","Q1208","2945356","7000096","2048409","62504","Brandenburg","1.0","Exact match via rdfs:label [global index] | 'Brandenburg' -> 'Brandenburg'","Teltow-Fläming","Q6146","","","","","Landkreis Teltow-Fläming","1.0","Direct override | 'Teltow-Fläming' -> QID=Q6146 | [override -> QID=Q6146]","Mellensee"
"453","Deutschland","Q183","2921044","7000084","2044274","51477","Deutschland","1.0","Exact match via rdfs:label [global index] | 'Deutschland' -> 'Deutschland'","Brandenburg","Q1208","2945356","7000096","2048409","62504","Brandenburg","1.0","Exact match via rdfs:label [global index] | 'Brandenburg' -> 'Brandenburg'","Teltow-Fläming","Q6146","","","","","Landkreis Teltow-Fläming","1.0","Direct override | 'Teltow-Fläming' -> QID=Q6146 | [override -> QID=Q6146]","Sperenberg"
"454","Deutschland","Q183","2921044","7000084","2044274","51477","Deutschland","1.0","Exact match via rdfs:label [global index] | 'Deutschland' -> 'Deutschland'","Brandenburg","Q1208","2945356","7000096","2048409","62504","Brandenburg","1.0","Exact match via rdfs:label [global index] | 'Brandenburg' -> 'Brandenburg'","Teltow-Fläming","Q6146","","","","","Landkreis Teltow-Fläming","1.0","Direct override | 'Teltow-Fläming' -> QID=Q6146 | [override -> QID=Q6146]","Zesch"
"455","Deutschland","Q183","2921044","7000084","2044274","51477","Deutschland","1.0","Exact match via rdfs:label [global index] | 'Deutschland' -> 'Deutschland'","Brandenburg","Q1208","2945356","7000096","2048409","62504","Brandenburg","1.0","Exact match via rdfs:label [global index] | 'Brandenburg' -> 'Brandenburg'","Teltow-Fläming","Q6146","","","","","Landkreis Teltow-Fläming","1.0","Direct override | 'Teltow-Fläming' -> QID=Q6146 | [override -> QID=Q6146]","Zossen"
"456","Deutschland","Q183","2921044","7000084","2044274","51477","Deutschland","1.0","Exact match via rdfs:label [global index] | 'Deutschland' -> 'Deutschland'","Brandenburg","Q1208","2945356","7000096","2048409","62504","Brandenburg","1.0","Exact match via rdfs:label [global index] | 'Brandenburg' -> 'Brandenburg'","Teltow-Fläming","Q6146","","","","","Landkreis Teltow-Fläming","1.0","Direct override | 'Teltow-Fläming' -> QID=Q6146 | [override -> QID=Q6146]","Trebbin"
"459","Deutschland","Q183","2921044","7000084","2044274","51477","Deutschland","1.0","Exact match via rdfs:label [global index] | 'Deutschland' -> 'Deutschland'","Brandenburg","Q1208","2945356","7000096","2048409","62504","Brandenburg","1.0","Exact match via rdfs:label [global index] | 'Brandenburg' -> 'Brandenburg'","Teltow-Fläming","Q6146","","","","","Landkreis Teltow-Fläming","1.0","Direct override | 'Teltow-Fläming' -> QID=Q6146 | [override -> QID=Q6146]","Blankensee"
"460","Deutschland","Q183","2921044","7000084","2044274","51477","Deutschland","1.0","Exact match via rdfs:label [global index] | 'Deutschland' -> 'Deutschland'","Brandenburg","Q1208","2945356","7000096","2048409","62504","Brandenburg","1.0","Exact match via rdfs:label [global index] | 'Brandenburg' -> 'Brandenburg'","Teltow-Fläming","Q6146","","","","","Landkreis Teltow-Fläming","1.0","Direct override | 'Teltow-Fläming' -> QID=Q6146 | [override -> QID=Q6146]","Blankensee"
"461","Deutschland","Q183","2921044","7000084","2044274","51477","Deutschland","1.0","Exact match via rdfs:label [global index] | 'Deutschland' -> 'Deutschland'","Brandenburg","Q1208","2945356","7000096","2048409","62504","Brandenburg","1.0","Exact match via rdfs:label [global index] | 'Brandenburg' -> 'Brandenburg'","Teltow-Fläming","Q6146","","","","","Landkreis Teltow-Fläming","1.0","Direct override | 'Teltow-Fläming' -> QID=Q6146 | [override -> QID=Q6146]","Blankensee"
"462","Deutschland","Q183","2921044","7000084","2044274","51477","Deutschland","1.0","Exact match via rdfs:label [global index] | 'Deutschland' -> 'Deutschland'","Brandenburg","Q1208","2945356","7000096","2048409","62504","Brandenburg","1.0","Exact match via rdfs:label [global index] | 'Brandenburg' -> 'Brandenburg'","Teltow-Fläming","Q6146","","","","","Landkreis Teltow-Fläming","1.0","Direct override | 'Teltow-Fläming' -> QID=Q6146 | [override -> QID=Q6146]","Klein Kienitz"
"463","Deutschland","Q183","2921044","7000084","2044274","51477","Deutschland","1.0","Exact match via rdfs:label [global index] | 'Deutschland' -> 'Deutschland'","Brandenburg","Q1208","2945356","7000096","2048409","62504","Brandenburg","1.0","Exact match via rdfs:label [global index] | 'Brandenburg' -> 'Brandenburg'","Teltow-Fläming","Q6146","","","","","Landkreis Teltow-Fläming","1.0","Direct override | 'Teltow-Fläming' -> QID=Q6146 | [override -> QID=Q6146]","Kliestow"
"464","Deutschland","Q183","2921044","7000084","2044274","51477","Deutschland","1.0","Exact match via rdfs:label [global index] | 'Deutschland' -> 'Deutschland'","Brandenburg","Q1208","2945356","7000096","2048409","62504","Brandenburg","1.0","Exact match via rdfs:label [global index] | 'Brandenburg' -> 'Brandenburg'","Uckermark","Q338635","2820521","","","","Uckermark","1.0","Exact match via rdfs:label [global index] | 'Uckermark' -> 'Uckermark'","Angermünde"
"465","Deutschland","Q183","2921044","7000084","2044274","51477","Deutschland","1.0","Exact match via rdfs:label [global index] | 'Deutschland' -> 'Deutschland'","Brandenburg","Q1208","2945356","7000096","2048409","62504","Brandenburg","1.0","Exact match via rdfs:label [global index] | 'Brandenburg' -> 'Brandenburg'","Uckermark","Q338635","2820521","","","","Uckermark","1.0","Exact match via rdfs:label [global index] | 'Uckermark' -> 'Uckermark'","Dobberzin"
"466","Deutschland","Q183","2921044","7000084","2044274","51477","Deutschland","1.0","Exact match via rdfs:label [global index] | 'Deutschland' -> 'Deutschland'","Brandenburg","Q1208","2945356","7000096","2048409","62504","Brandenburg","1.0","Exact match via rdfs:label [global index] | 'Brandenburg' -> 'Brandenburg'","Uckermark","Q338635","2820521","","","","Uckermark","1.0","Exact match via rdfs:label [global index] | 'Uckermark' -> 'Uckermark'","Felchow"
"467","Deutschland","Q183","2921044","7000084","2044274","51477","Deutschland","1.0","Exact match via rdfs:label [global index] | 'Deutschland' -> 'Deutschland'","Brandenburg","Q1208","2945356","7000096","2048409","62504","Brandenburg","1.0","Exact match via rdfs:label [global index] | 'Brandenburg' -> 'Brandenburg'","Uckermark","Q338635","2820521","","","","Uckermark","1.0","Exact match via rdfs:label [global index] | 'Uckermark' -> 'Uckermark'","Felchow"
"468","Deutschland","Q183","2921044","7000084","2044274","51477","Deutschland","1.0","Exact match via rdfs:label [global index] | 'Deutschland' -> 'Deutschland'","Brandenburg","Q1208","2945356","7000096","2048409","62504","Brandenburg","1.0","Exact match via rdfs:label [global index] | 'Brandenburg' -> 'Brandenburg'","Uckermark","Q338635","2820521","","","","Uckermark","1.0","Exact match via rdfs:label [global index] | 'Uckermark' -> 'Uckermark'","Angermünde"
"469","Deutschland","Q183","2921044","7000084","2044274","51477","Deutschland","1.0","Exact match via rdfs:label [global index] | 'Deutschland' -> 'Deutschland'","Brandenburg","Q1208","2945356","7000096","2048409","62504","Brandenburg","1.0","Exact match via rdfs:label [global index] | 'Brandenburg' -> 'Brandenburg'","Uckermark","Q338635","2820521","","","","Uckermark","1.0","Exact match via rdfs:label [global index] | 'Uckermark' -> 'Uckermark'","Gellmersdorf"
"470","Deutschland","Q183","2921044","7000084","2044274","51477","Deutschland","1.0","Exact match via rdfs:label [global index] | 'Deutschland' -> 'Deutschland'","Brandenburg","Q1208","2945356","7000096","2048409","62504","Brandenburg","1.0","Exact match via rdfs:label [global index] | 'Brandenburg' -> 'Brandenburg'","Uckermark","Q338635","2820521","","","","Uckermark","1.0","Exact match via rdfs:label [global index] | 'Uckermark' -> 'Uckermark'","Berkholz zu Berkholz-Meyenburg"
"471","Deutschland","Q183","2921044","7000084","2044274","51477","Deutschland","1.0","Exact match via rdfs:label [global index] | 'Deutschland' -> 'Deutschland'","Brandenburg","Q1208","2945356","7000096","2048409","62504","Brandenburg","1.0","Exact match via rdfs:label [global index] | 'Brandenburg' -> 'Brandenburg'","Uckermark","Q338635","2820521","","","","Uckermark","1.0","Exact match via rdfs:label [global index] | 'Uckermark' -> 'Uckermark'","Flemsdorf"
"472","Deutschland","Q183","2921044","7000084","2044274","51477","Deutschland","1.0","Exact match via rdfs:label [global index] | 'Deutschland' -> 'Deutschland'","Brandenburg","Q1208","2945356","7000096","2048409","62504","Brandenburg","1.0","Exact match via rdfs:label [global index] | 'Brandenburg' -> 'Brandenburg'","Uckermark","Q338635","2820521","","","","Uckermark","1.0","Exact match via rdfs:label [global index] | 'Uckermark' -> 'Uckermark'","Görlsdorf"
"473","Deutschland","Q183","2921044","7000084","2044274","51477","Deutschland","1.0","Exact match via rdfs:label [global index] | 'Deutschland' -> 'Deutschland'","Brandenburg","Q1208","2945356","7000096","2048409","62504","Brandenburg","1.0","Exact match via rdfs:label [global index] | 'Brandenburg' -> 'Brandenburg'","Uckermark","Q338635","2820521","","","","Uckermark","1.0","Exact match via rdfs:label [global index] | 'Uckermark' -> 'Uckermark'","Günterberg"
"474","Deutschland","Q183","2921044","7000084","2044274","51477","Deutschland","1.0","Exact match via rdfs:label [global index] | 'Deutschland' -> 'Deutschland'","Brandenburg","Q1208","2945356","7000096","2048409","62504","Brandenburg","1.0","Exact match via rdfs:label [global index] | 'Brandenburg' -> 'Brandenburg'","Uckermark","Q338635","2820521","","","","Uckermark","1.0","Exact match via rdfs:label [global index] | 'Uckermark' -> 'Uckermark'","Hohenlandin"
"475","Deutschland","Q183","2921044","7000084","2044274","51477","Deutschland","1.0","Exact match via rdfs:label [global index] | 'Deutschland' -> 'Deutschland'","Brandenburg","Q1208","2945356","7000096","2048409","62504","Brandenburg","1.0","Exact match via rdfs:label [global index] | 'Brandenburg' -> 'Brandenburg'","Uckermark","Q338635","2820521","","","","Uckermark","1.0","Exact match via rdfs:label [global index] | 'Uckermark' -> 'Uckermark'","Niederlandin"
"476","Deutschland","Q183","2921044","7000084","2044274","51477","Deutschland","1.0","Exact match via rdfs:label [global index] | 'Deutschland' -> 'Deutschland'","Brandenburg","Q1208","2945356","7000096","2048409","62504","Brandenburg","1.0","Exact match via rdfs:label [global index] | 'Brandenburg' -> 'Brandenburg'","Uckermark","Q338635","2820521","","","","Uckermark","1.0","Exact match via rdfs:label [global index] | 'Uckermark' -> 'Uckermark'","Schmargendorf"
"477","Deutschland","Q183","2921044","7000084","2044274","51477","Deutschland","1.0","Exact match via rdfs:label [global index] | 'Deutschland' -> 'Deutschland'","Brandenburg","Q1208","2945356","7000096","2048409","62504","Brandenburg","1.0","Exact match via rdfs:label [global index] | 'Brandenburg' -> 'Brandenburg'","Uckermark","Q338635","2820521","","","","Uckermark","1.0","Exact match via rdfs:label [global index] | 'Uckermark' -> 'Uckermark'","Schönermark"
"478","Deutschland","Q183","2921044","7000084","2044274","51477","Deutschland","1.0","Exact match via rdfs:label [global index] | 'Deutschland' -> 'Deutschland'","Brandenburg","Q1208","2945356","7000096","2048409","62504","Brandenburg","1.0","Exact match via rdfs:label [global index] | 'Brandenburg' -> 'Brandenburg'","Uckermark","Q338635","2820521","","","","Uckermark","1.0","Exact match via rdfs:label [global index] | 'Uckermark' -> 'Uckermark'","Staffelde"
"479","Deutschland","Q183","2921044","7000084","2044274","51477","Deutschland","1.0","Exact match via rdfs:label [global index] | 'Deutschland' -> 'Deutschland'","Brandenburg","Q1208","2945356","7000096","2048409","62504","Brandenburg","1.0","Exact match via rdfs:label [global index] | 'Brandenburg' -> 'Brandenburg'","Uckermark","Q338635","2820521","","","","Uckermark","1.0","Exact match via rdfs:label [global index] | 'Uckermark' -> 'Uckermark'","Wartin"
"480","Deutschland","Q183","2921044","7000084","2044274","51477","Deutschland","1.0","Exact match via rdfs:label [global index] | 'Deutschland' -> 'Deutschland'","Brandenburg","Q1208","2945356","7000096","2048409","62504","Brandenburg","1.0","Exact match via rdfs:label [global index] | 'Brandenburg' -> 'Brandenburg'","Uckermark","Q338635","2820521","","","","Uckermark","1.0","Exact match via rdfs:label [global index] | 'Uckermark' -> 'Uckermark'","Fürstenwerder"
"481","Deutschland","Q183","2921044","7000084","2044274","51477","Deutschland","1.0","Exact match via rdfs:label [global index] | 'Deutschland' -> 'Deutschland'","Brandenburg","Q1208","2945356","7000096","2048409","62504","Brandenburg","1.0","Exact match via rdfs:label [global index] | 'Brandenburg' -> 'Brandenburg'","Uckermark","Q338635","2820521","","","","Uckermark","1.0","Exact match via rdfs:label [global index] | 'Uckermark' -> 'Uckermark'","Gollmitz"
"482","Deutschland","Q183","2921044","7000084","2044274","51477","Deutschland","1.0","Exact match via rdfs:label [global index] | 'Deutschland' -> 'Deutschland'","Brandenburg","Q1208","2945356","7000096","2048409","62504","Brandenburg","1.0","Exact match via rdfs:label [global index] | 'Brandenburg' -> 'Brandenburg'","Uckermark","Q338635","2820521","","","","Uckermark","1.0","Exact match via rdfs:label [global index] | 'Uckermark' -> 'Uckermark'","Schenkenberg"
"483","Deutschland","Q183","2921044","7000084","2044274","51477","Deutschland","1.0","Exact match via rdfs:label [global index] | 'Deutschland' -> 'Deutschland'","Brandenburg","Q1208","2945356","7000096","2048409","62504","Brandenburg","1.0","Exact match via rdfs:label [global index] | 'Brandenburg' -> 'Brandenburg'","Uckermark","Q338635","2820521","","","","Uckermark","1.0","Exact match via rdfs:label [global index] | 'Uckermark' -> 'Uckermark'","Fürstenwerder"
"484","Deutschland","Q183","2921044","7000084","2044274","51477","Deutschland","1.0","Exact match via rdfs:label [global index] | 'Deutschland' -> 'Deutschland'","Brandenburg","Q1208","2945356","7000096","2048409","62504","Brandenburg","1.0","Exact match via rdfs:label [global index] | 'Brandenburg' -> 'Brandenburg'","Uckermark","Q338635","2820521","","","","Uckermark","1.0","Exact match via rdfs:label [global index] | 'Uckermark' -> 'Uckermark'","Wollschow"
"485","Deutschland","Q183","2921044","7000084","2044274","51477","Deutschland","1.0","Exact match via rdfs:label [global index] | 'Deutschland' -> 'Deutschland'","Brandenburg","Q1208","2945356","7000096","2048409","62504","Brandenburg","1.0","Exact match via rdfs:label [global index] | 'Brandenburg' -> 'Brandenburg'","Uckermark","Q338635","2820521","","","","Uckermark","1.0","Exact match via rdfs:label [global index] | 'Uckermark' -> 'Uckermark'","Schwedt"
"486","Deutschland","Q183","2921044","7000084","2044274","51477","Deutschland","1.0","Exact match via rdfs:label [global index] | 'Deutschland' -> 'Deutschland'","Brandenburg","Q1208","2945356","7000096","2048409","62504","Brandenburg","1.0","Exact match via rdfs:label [global index] | 'Brandenburg' -> 'Brandenburg'","Uckermark","Q338635","2820521","","","","Uckermark","1.0","Exact match via rdfs:label [global index] | 'Uckermark' -> 'Uckermark'","Knehden"
"487","Deutschland","Q183","2921044","7000084","2044274","51477","Deutschland","1.0","Exact match via rdfs:label [global index] | 'Deutschland' -> 'Deutschland'","Brandenburg","Q1208","2945356","7000096","2048409","62504","Brandenburg","1.0","Exact match via rdfs:label [global index] | 'Brandenburg' -> 'Brandenburg'","Uckermark","Q338635","2820521","","","","Uckermark","1.0","Exact match via rdfs:label [global index] | 'Uckermark' -> 'Uckermark'","Kreuzkrug"
"488","Deutschland","Q183","2921044","7000084","2044274","51477","Deutschland","1.0","Exact match via rdfs:label [global index] | 'Deutschland' -> 'Deutschland'","Brandenburg","Q1208","2945356","7000096","2048409","62504","Brandenburg","1.0","Exact match via rdfs:label [global index] | 'Brandenburg' -> 'Brandenburg'","Uckermark","Q338635","2820521","","","","Uckermark","1.0","Exact match via rdfs:label [global index] | 'Uckermark' -> 'Uckermark'","Petersdorf"
"489","Deutschland","Q183","2921044","7000084","2044274","51477","Deutschland","1.0","Exact match via rdfs:label [global index] | 'Deutschland' -> 'Deutschland'","Brandenburg","Q1208","2945356","7000096","2048409","62504","Brandenburg","1.0","Exact match via rdfs:label [global index] | 'Brandenburg' -> 'Brandenburg'","Uckermark","Q338635","2820521","","","","Uckermark","1.0","Exact match via rdfs:label [global index] | 'Uckermark' -> 'Uckermark'","Templin"
"490","Deutschland","Q183","2921044","7000084","2044274","51477","Deutschland","1.0","Exact match via rdfs:label [global index] | 'Deutschland' -> 'Deutschland'","Brandenburg","Q1208","2945356","7000096","2048409","62504","Brandenburg","1.0","Exact match via rdfs:label [global index] | 'Brandenburg' -> 'Brandenburg'","Uckermark","Q338635","2820521","","","","Uckermark","1.0","Exact match via rdfs:label [global index] | 'Uckermark' -> 'Uckermark'","Schwedt"
"491","Deutschland","Q183","2921044","7000084","2044274","51477","Deutschland","1.0","Exact match via rdfs:label [global index] | 'Deutschland' -> 'Deutschland'","Brandenburg","Q1208","2945356","7000096","2048409","62504","Brandenburg","1.0","Exact match via rdfs:label [global index] | 'Brandenburg' -> 'Brandenburg'","Uckermark","Q338635","2820521","","","","Uckermark","1.0","Exact match via rdfs:label [global index] | 'Uckermark' -> 'Uckermark'","Lychen"
"492","Deutschland","Q183","2921044","7000084","2044274","51477","Deutschland","1.0","Exact match via rdfs:label [global index] | 'Deutschland' -> 'Deutschland'","Brandenburg","Q1208","2945356","7000096","2048409","62504","Brandenburg","1.0","Exact match via rdfs:label [global index] | 'Brandenburg' -> 'Brandenburg'","Uckermark","Q338635","2820521","","","","Uckermark","1.0","Exact match via rdfs:label [global index] | 'Uckermark' -> 'Uckermark'","Dobberzin"
"493","Deutschland","Q183","2921044","7000084","2044274","51477","Deutschland","1.0","Exact match via rdfs:label [global index] | 'Deutschland' -> 'Deutschland'","Brandenburg","Q1208","2945356","7000096","2048409","62504","Brandenburg","1.0","Exact match via rdfs:label [global index] | 'Brandenburg' -> 'Brandenburg'","Uckermark","Q338635","2820521","","","","Uckermark","1.0","Exact match via rdfs:label [global index] | 'Uckermark' -> 'Uckermark'","Berkholz zu Berkholz-Meyenburg"
"494","Deutschland","Q183","2921044","7000084","2044274","51477","Deutschland","1.0","Exact match via rdfs:label [global index] | 'Deutschland' -> 'Deutschland'","Brandenburg","Q1208","2945356","7000096","2048409","62504","Brandenburg","1.0","Exact match via rdfs:label [global index] | 'Brandenburg' -> 'Brandenburg'","Uckermark","Q338635","2820521","","","","Uckermark","1.0","Exact match via rdfs:label [global index] | 'Uckermark' -> 'Uckermark'","Zichow"
"495","Deutschland","Q183","2921044","7000084","2044274","51477","Deutschland","1.0","Exact match via rdfs:label [global index] | 'Deutschland' -> 'Deutschland'","Brandenburg","Q1208","2945356","7000096","2048409","62504","Brandenburg","1.0","Exact match via rdfs:label [global index] | 'Brandenburg' -> 'Brandenburg'","Uckermark","Q338635","2820521","","","","Uckermark","1.0","Exact match via rdfs:label [global index] | 'Uckermark' -> 'Uckermark'","Herzfelde"
"496","Deutschland","Q183","2921044","7000084","2044274","51477","Deutschland","1.0","Exact match via rdfs:label [global index] | 'Deutschland' -> 'Deutschland'","Brandenburg","Q1208","2945356","7000096","2048409","62504","Brandenburg","1.0","Exact match via rdfs:label [global index] | 'Brandenburg' -> 'Brandenburg'","Uckermark","Q338635","2820521","","","","Uckermark","1.0","Exact match via rdfs:label [global index] | 'Uckermark' -> 'Uckermark'","Carmzow"
"497","Deutschland","Q183","2921044","7000084","2044274","51477","Deutschland","1.0","Exact match via rdfs:label [global index] | 'Deutschland' -> 'Deutschland'","Brandenburg","Q1208","2945356","7000096","2048409","62504","Brandenburg","1.0","Exact match via rdfs:label [global index] | 'Brandenburg' -> 'Brandenburg'","Uckermark","Q338635","2820521","","","","Uckermark","1.0","Exact match via rdfs:label [global index] | 'Uckermark' -> 'Uckermark'","Bandelow"
"498","Deutschland","Q183","2921044","7000084","2044274","51477","Deutschland","1.0","Exact match via rdfs:label [global index] | 'Deutschland' -> 'Deutschland'","Brandenburg","Q1208","2945356","7000096","2048409","62504","Brandenburg","1.0","Exact match via rdfs:label [global index] | 'Brandenburg' -> 'Brandenburg'","Uckermark","Q338635","2820521","","","","Uckermark","1.0","Exact match via rdfs:label [global index] | 'Uckermark' -> 'Uckermark'","Grünberg"
"499","Deutschland","Q183","2921044","7000084","2044274","51477","Deutschland","1.0","Exact match via rdfs:label [global index] | 'Deutschland' -> 'Deutschland'","Brandenburg","Q1208","2945356","7000096","2048409","62504","Brandenburg","1.0","Exact match via rdfs:label [global index] | 'Brandenburg' -> 'Brandenburg'","Uckermark","Q338635","2820521","","","","Uckermark","1.0","Exact match via rdfs:label [global index] | 'Uckermark' -> 'Uckermark'","Prenzlau"
"500","Deutschland","Q183","2921044","7000084","2044274","51477","Deutschland","1.0","Exact match via rdfs:label [global index] | 'Deutschland' -> 'Deutschland'","Brandenburg","Q1208","2945356","7000096","2048409","62504","Brandenburg","1.0","Exact match via rdfs:label [global index] | 'Brandenburg' -> 'Brandenburg'","Uckermark","Q338635","2820521","","","","Uckermark","1.0","Exact match via rdfs:label [global index] | 'Uckermark' -> 'Uckermark'","Groß Dölln"
"501","Deutschland","Q183","2921044","7000084","2044274","51477","Deutschland","1.0","Exact match via rdfs:label [global index] | 'Deutschland' -> 'Deutschland'","Brandenburg","Q1208","2945356","7000096","2048409","62504","Brandenburg","1.0","Exact match via rdfs:label [global index] | 'Brandenburg' -> 'Brandenburg'","Uckermark","Q338635","2820521","","","","Uckermark","1.0","Exact match via rdfs:label [global index] | 'Uckermark' -> 'Uckermark'","Crussow"
"502","Deutschland","Q183","2921044","7000084","2044274","51477","Deutschland","1.0","Exact match via rdfs:label [global index] | 'Deutschland' -> 'Deutschland'","Brandenburg","Q1208","2945356","7000096","2048409","62504","Brandenburg","1.0","Exact match via rdfs:label [global index] | 'Brandenburg' -> 'Brandenburg'","Uckermark","Q338635","2820521","","","","Uckermark","1.0","Exact match via rdfs:label [global index] | 'Uckermark' -> 'Uckermark'","Zollchow"
"503","Deutschland","Q183","2921044","7000084","2044274","51477","Deutschland","1.0","Exact match via rdfs:label [global index] | 'Deutschland' -> 'Deutschland'","Brandenburg","Q1208","2945356","7000096","2048409","62504","Brandenburg","1.0","Exact match via rdfs:label [global index] | 'Brandenburg' -> 'Brandenburg'","Uckermark","Q338635","2820521","","","","Uckermark","1.0","Exact match via rdfs:label [global index] | 'Uckermark' -> 'Uckermark'","Grünow bei Prenzlau"
"504","Deutschland","Q183","2921044","7000084","2044274","51477","Deutschland","1.0","Exact match via rdfs:label [global index] | 'Deutschland' -> 'Deutschland'","Brandenburg","Q1208","2945356","7000096","2048409","62504","Brandenburg","1.0","Exact match via rdfs:label [global index] | 'Brandenburg' -> 'Brandenburg'","Havelland","Q6139","3249082","7076942","","62413","Havelland","1.0","Exact match via rdfs:label [global index] | 'Havelland' -> 'Havelland'","Kienberg"
"505","Deutschland","Q183","2921044","7000084","2044274","51477","Deutschland","1.0","Exact match via rdfs:label [global index] | 'Deutschland' -> 'Deutschland'","Brandenburg","Q1208","2945356","7000096","2048409","62504","Brandenburg","1.0","Exact match via rdfs:label [global index] | 'Brandenburg' -> 'Brandenburg'","Potsdam-Mittelmark","Q6142","2852456","7120830","","62353","Potsdam-Mittelmark","1.0","Exact match via skos:altLabel [global index] | 'Potsdam-Mittelmark' -> 'Potsdam-Mittelmark'","Woltersdorf"
"506","Deutschland","Q183","2921044","7000084","2044274","51477","Deutschland","1.0","Exact match via rdfs:label [global index] | 'Deutschland' -> 'Deutschland'","Brandenburg","Q1208","2945356","7000096","2048409","62504","Brandenburg","1.0","Exact match via rdfs:label [global index] | 'Brandenburg' -> 'Brandenburg'","Dahme-Spreewald","Q6173","3249080","7076944","","62376","Dahme-Spreewald","1.0","Exact match via skos:altLabel [global index] | 'Dahme-Spreewald' -> 'Dahme-Spreewald'","Speichrow"
"507","Deutschland","Q183","2921044","7000084","2044274","51477","Deutschland","1.0","Exact match via rdfs:label [global index] | 'Deutschland' -> 'Deutschland'","Brandenburg","Q1208","2945356","7000096","2048409","62504","Brandenburg","1.0","Exact match via rdfs:label [global index] | 'Brandenburg' -> 'Brandenburg'","Dahme-Spreewald","Q6173","3249080","7076944","","62376","Dahme-Spreewald","1.0","Exact match via skos:altLabel [global index] | 'Dahme-Spreewald' -> 'Dahme-Spreewald'","Leibsch"
"508","Deutschland","Q183","2921044","7000084","2044274","51477","Deutschland","1.0","Exact match via rdfs:label [global index] | 'Deutschland' -> 'Deutschland'","Brandenburg","Q1208","2945356","7000096","2048409","62504","Brandenburg","1.0","Exact match via rdfs:label [global index] | 'Brandenburg' -> 'Brandenburg'","Havelland","Q6139","3249082","7076942","","62413","Havelland","1.0","Exact match via rdfs:label [global index] | 'Havelland' -> 'Havelland'","Friesack"
"510","Deutschland","Q183","2921044","7000084","2044274","51477","Deutschland","1.0","Exact match via rdfs:label [global index] | 'Deutschland' -> 'Deutschland'","Brandenburg","Q1208","2945356","7000096","2048409","62504","Brandenburg","1.0","Exact match via rdfs:label [global index] | 'Brandenburg' -> 'Brandenburg'","Havelland","Q6139","3249082","7076942","","62413","Havelland","1.0","Exact match via rdfs:label [global index] | 'Havelland' -> 'Havelland'","Friesack"
"511","Polen","Q36","798544","7006366","2054097","49715","Polen","1.0","Exact match via rdfs:label [global index] | 'Polen' -> 'Polen'","Woj. Kujawsko-Pomorskie","Q54153","3337500","","","223407","kujawsko-pomorskie","1.0","Exact match via skos:altLabel [global index] | 'Kujawsko-Pomorskie' -> 'kujawsko-pomorskie' | [normalised: stripped -> 'Kujawsko-Pomorskie']","pow. Inowrocławski","Q773314","7530910","","","1286782","powiat inowrocławski","1.0","Exact match via rdfs:label [global index] | 'Powiat Inowrocławski' -> 'powiat inowrocławski'","Gmina Inowrocław"
"512","Polen","Q36","798544","7006366","2054097","49715","Polen","1.0","Exact match via rdfs:label [global index] | 'Polen' -> 'Polen'","Woj. Kujawsko-Pomorskie","Q54153","3337500","","","223407","kujawsko-pomorskie","1.0","Exact match via skos:altLabel [global index] | 'Kujawsko-Pomorskie' -> 'kujawsko-pomorskie' | [normalised: stripped -> 'Kujawsko-Pomorskie']","pow. Inowrocławski","Q773314","7530910","","","1286782","powiat inowrocławski","1.0","Exact match via rdfs:label [global index] | 'Powiat Inowrocławski' -> 'powiat inowrocławski'","Gmina Dąbrowa Biskupia"
"525","Polen","Q36","798544","7006366","2054097","49715","Polen","1.0","Exact match via rdfs:label [global index] | 'Polen' -> 'Polen'","Woj. Kujawsko-Pomorskie","Q54153","3337500","","","223407","kujawsko-pomorskie","1.0","Exact match via skos:altLabel [global index] | 'Kujawsko-Pomorskie' -> 'kujawsko-pomorskie' | [normalised: stripped -> 'Kujawsko-Pomorskie']","pow. Inowrocławski","Q773314","7530910","","","1286782","powiat inowrocławski","1.0","Exact match via rdfs:label [global index] | 'Powiat Inowrocławski' -> 'powiat inowrocławski'","Gmina Inwowrocław"
"513","Polen","Q36","798544","7006366","2054097","49715","Polen","1.0","Exact match via rdfs:label [global index] | 'Polen' -> 'Polen'","Woj. Kujawsko-Pomorskie","Q54153","3337500","","","223407","kujawsko-pomorskie","1.0","Exact match via skos:altLabel [global index] | 'Kujawsko-Pomorskie' -> 'kujawsko-pomorskie' | [normalised: stripped -> 'Kujawsko-Pomorskie']","pow. Inowrocławski","Q773314","7530910","","","1286782","powiat inowrocławski","1.0","Exact match via rdfs:label [global index] | 'Powiat Inowrocławski' -> 'powiat inowrocławski'","Gmina Pakość"
"514","Polen","Q36","798544","7006366","2054097","49715","Polen","1.0","Exact match via rdfs:label [global index] | 'Polen' -> 'Polen'","Woj. Kujawsko-Pomorskie","Q54153","3337500","","","223407","kujawsko-pomorskie","1.0","Exact match via skos:altLabel [global index] | 'Kujawsko-Pomorskie' -> 'kujawsko-pomorskie' | [normalised: stripped -> 'Kujawsko-Pomorskie']","pow. Inowrocławski","Q773314","7530910","","","1286782","powiat inowrocławski","1.0","Exact match via rdfs:label [global index] | 'Powiat Inowrocławski' -> 'powiat inowrocławski'","Gmina Kruszwica"
"515","Polen","Q36","798544","7006366","2054097","49715","Polen","1.0","Exact match via rdfs:label [global index] | 'Polen' -> 'Polen'","Woj. Kujawsko-Pomorskie","Q54153","3337500","","","223407","kujawsko-pomorskie","1.0","Exact match via skos:altLabel [global index] | 'Kujawsko-Pomorskie' -> 'kujawsko-pomorskie' | [normalised: stripped -> 'Kujawsko-Pomorskie']","pow. Żniński","Q577199","7530922","","","1286781","powiat żniński","1.0","Exact match via rdfs:label [global index] | 'Powiat Żniński' -> 'powiat żniński'","Gmina Gąsawa"
"516","Polen","Q36","798544","7006366","2054097","49715","Polen","1.0","Exact match via rdfs:label [global index] | 'Polen' -> 'Polen'","Woj. Kujawsko-Pomorskie","Q54153","3337500","","","223407","kujawsko-pomorskie","1.0","Exact match via skos:altLabel [global index] | 'Kujawsko-Pomorskie' -> 'kujawsko-pomorskie' | [normalised: stripped -> 'Kujawsko-Pomorskie']","pow. Mogileński","Q604053","7530912","","","1385334","Powiat Mogileński","1.0","Exact match via rdfs:label [global index] | 'Powiat Mogileński' -> 'Powiat Mogileński'","Gmina Mogilno"
"517","Polen","Q36","798544","7006366","2054097","49715","Polen","1.0","Exact match via rdfs:label [global index] | 'Polen' -> 'Polen'","Woj. Kujawsko-Pomorskie","Q54153","3337500","","","223407","kujawsko-pomorskie","1.0","Exact match via skos:altLabel [global index] | 'Kujawsko-Pomorskie' -> 'kujawsko-pomorskie' | [normalised: stripped -> 'Kujawsko-Pomorskie']","pow. Inowrocławski","Q773314","7530910","","","1286782","powiat inowrocławski","1.0","Exact match via rdfs:label [global index] | 'Powiat Inowrocławski' -> 'powiat inowrocławski'","Gmina Pakość"
"541","Polen","Q36","798544","7006366","2054097","49715","Polen","1.0","Exact match via rdfs:label [global index] | 'Polen' -> 'Polen'","Woj. Kujawsko-Pomorskie","Q54153","3337500","","","223407","kujawsko-pomorskie","1.0","Exact match via skos:altLabel [global index] | 'Kujawsko-Pomorskie' -> 'kujawsko-pomorskie' | [normalised: stripped -> 'Kujawsko-Pomorskie']","pow. Inowrocławski","Q773314","7530910","","","1286782","powiat inowrocławski","1.0","Exact match via rdfs:label [global index] | 'Powiat Inowrocławski' -> 'powiat inowrocławski'","Gmina Pakość"
"518","Polen","Q36","798544","7006366","2054097","49715","Polen","1.0","Exact match via rdfs:label [global index] | 'Polen' -> 'Polen'","Woj. Kujawsko-Pomorskie","Q54153","3337500","","","223407","kujawsko-pomorskie","1.0","Exact match via skos:altLabel [global index] | 'Kujawsko-Pomorskie' -> 'kujawsko-pomorskie' | [normalised: stripped -> 'Kujawsko-Pomorskie']","pow. Inowrocławski","Q773314","7530910","","","1286782","powiat inowrocławski","1.0","Exact match via rdfs:label [global index] | 'Powiat Inowrocławski' -> 'powiat inowrocławski'","Gmina Zlotniki Kuj."
"519","Polen","Q36","798544","7006366","2054097","49715","Polen","1.0","Exact match via rdfs:label [global index] | 'Polen' -> 'Polen'","Woj. Kujawsko-Pomorskie","Q54153","3337500","","","223407","kujawsko-pomorskie","1.0","Exact match via skos:altLabel [global index] | 'Kujawsko-Pomorskie' -> 'kujawsko-pomorskie' | [normalised: stripped -> 'Kujawsko-Pomorskie']","pow. Żniński","Q577199","7530922","","","1286781","powiat żniński","1.0","Exact match via rdfs:label [global index] | 'Powiat Żniński' -> 'powiat żniński'","Gmina Gąsawa"
"520","Polen","Q36","798544","7006366","2054097","49715","Polen","1.0","Exact match via rdfs:label [global index] | 'Polen' -> 'Polen'","Woj. Kujawsko-Pomorskie","Q54153","3337500","","","223407","kujawsko-pomorskie","1.0","Exact match via skos:altLabel [global index] | 'Kujawsko-Pomorskie' -> 'kujawsko-pomorskie' | [normalised: stripped -> 'Kujawsko-Pomorskie']","pow. Żniński","Q577199","7530922","","","1286781","powiat żniński","1.0","Exact match via rdfs:label [global index] | 'Powiat Żniński' -> 'powiat żniński'","Gmina Gąsawa"
"521","Polen","Q36","798544","7006366","2054097","49715","Polen","1.0","Exact match via rdfs:label [global index] | 'Polen' -> 'Polen'","Woj. Kujawsko-Pomorskie","Q54153","3337500","","","223407","kujawsko-pomorskie","1.0","Exact match via skos:altLabel [global index] | 'Kujawsko-Pomorskie' -> 'kujawsko-pomorskie' | [normalised: stripped -> 'Kujawsko-Pomorskie']","pow. Inowrocławski","Q773314","7530910","","","1286782","powiat inowrocławski","1.0","Exact match via rdfs:label [global index] | 'Powiat Inowrocławski' -> 'powiat inowrocławski'","Gmina Złotniki Kuj."
"522","Polen","Q36","798544","7006366","2054097","49715","Polen","1.0","Exact match via rdfs:label [global index] | 'Polen' -> 'Polen'","Woj. Kujawsko-Pomorskie","Q54153","3337500","","","223407","kujawsko-pomorskie","1.0","Exact match via skos:altLabel [global index] | 'Kujawsko-Pomorskie' -> 'kujawsko-pomorskie' | [normalised: stripped -> 'Kujawsko-Pomorskie']","pow. Żniński","Q577199","7530922","","","1286781","powiat żniński","1.0","Exact match via rdfs:label [global index] | 'Powiat Żniński' -> 'powiat żniński'","Gmina Żnin"
"523","Polen","Q36","798544","7006366","2054097","49715","Polen","1.0","Exact match via rdfs:label [global index] | 'Polen' -> 'Polen'","Woj. Kujawsko-Pomorskie","Q54153","3337500","","","223407","kujawsko-pomorskie","1.0","Exact match via skos:altLabel [global index] | 'Kujawsko-Pomorskie' -> 'kujawsko-pomorskie' | [normalised: stripped -> 'Kujawsko-Pomorskie']","pow. Żniński","Q577199","7530922","","","1286781","powiat żniński","1.0","Exact match via rdfs:label [global index] | 'Powiat Żniński' -> 'powiat żniński'","Gmina Gąsawa"
"540","Polen","Q36","798544","7006366","2054097","49715","Polen","1.0","Exact match via rdfs:label [global index] | 'Polen' -> 'Polen'","Woj. Kujawsko-Pomorskie","Q54153","3337500","","","223407","kujawsko-pomorskie","1.0","Exact match via skos:altLabel [global index] | 'Kujawsko-Pomorskie' -> 'kujawsko-pomorskie' | [normalised: stripped -> 'Kujawsko-Pomorskie']","pow. Mogileński","Q604053","7530912","","","1385334","Powiat Mogileński","1.0","Exact match via rdfs:label [global index] | 'Powiat Mogileński' -> 'Powiat Mogileński'","Gmina Mogilno"
"524","Polen","Q36","798544","7006366","2054097","49715","Polen","1.0","Exact match via rdfs:label [global index] | 'Polen' -> 'Polen'","Woj. Kujawsko-Pomorskie","Q54153","3337500","","","223407","kujawsko-pomorskie","1.0","Exact match via skos:altLabel [global index] | 'Kujawsko-Pomorskie' -> 'kujawsko-pomorskie' | [normalised: stripped -> 'Kujawsko-Pomorskie']","pow. Mogileński","Q604053","7530912","","","1385334","Powiat Mogileński","1.0","Exact match via rdfs:label [global index] | 'Powiat Mogileński' -> 'Powiat Mogileński'","Gmina Strzelno"
"529","Polen","Q36","798544","7006366","2054097","49715","Polen","1.0","Exact match via rdfs:label [global index] | 'Polen' -> 'Polen'","Woj. Kujawsko-Pomorskie","Q54153","3337500","","","223407","kujawsko-pomorskie","1.0","Exact match via skos:altLabel [global index] | 'Kujawsko-Pomorskie' -> 'kujawsko-pomorskie' | [normalised: stripped -> 'Kujawsko-Pomorskie']","pow. Inowrocławski","Q773314","7530910","","","1286782","powiat inowrocławski","1.0","Exact match via rdfs:label [global index] | 'Powiat Inowrocławski' -> 'powiat inowrocławski'","Gmina Pakość"
"530","Polen","Q36","798544","7006366","2054097","49715","Polen","1.0","Exact match via rdfs:label [global index] | 'Polen' -> 'Polen'","Woj. Kujawsko-Pomorskie","Q54153","3337500","","","223407","kujawsko-pomorskie","1.0","Exact match via skos:altLabel [global index] | 'Kujawsko-Pomorskie' -> 'kujawsko-pomorskie' | [normalised: stripped -> 'Kujawsko-Pomorskie']","pow. Mogileński","Q604053","7530912","","","1385334","Powiat Mogileński","1.0","Exact match via rdfs:label [global index] | 'Powiat Mogileński' -> 'Powiat Mogileński'","Gmin Strzelno"
"531","Polen","Q36","798544","7006366","2054097","49715","Polen","1.0","Exact match via rdfs:label [global index] | 'Polen' -> 'Polen'","Woj. Kujawsko-Pomorskie","Q54153","3337500","","","223407","kujawsko-pomorskie","1.0","Exact match via skos:altLabel [global index] | 'Kujawsko-Pomorskie' -> 'kujawsko-pomorskie' | [normalised: stripped -> 'Kujawsko-Pomorskie']","pow. Inowrocławski","Q773314","7530910","","","1286782","powiat inowrocławski","1.0","Exact match via rdfs:label [global index] | 'Powiat Inowrocławski' -> 'powiat inowrocławski'","Gmina Inowrocław"
"532","Polen","Q36","798544","7006366","2054097","49715","Polen","1.0","Exact match via rdfs:label [global index] | 'Polen' -> 'Polen'","Woj. Kujawsko-Pomorskie","Q54153","3337500","","","223407","kujawsko-pomorskie","1.0","Exact match via skos:altLabel [global index] | 'Kujawsko-Pomorskie' -> 'kujawsko-pomorskie' | [normalised: stripped -> 'Kujawsko-Pomorskie']","pow. Inowrocławski","Q773314","7530910","","","1286782","powiat inowrocławski","1.0","Exact match via rdfs:label [global index] | 'Powiat Inowrocławski' -> 'powiat inowrocławski'","Gmina Inowrocław"
"533","Polen","Q36","798544","7006366","2054097","49715","Polen","1.0","Exact match via rdfs:label [global index] | 'Polen' -> 'Polen'","Woj. Kujawsko-Pomorskie","Q54153","3337500","","","223407","kujawsko-pomorskie","1.0","Exact match via skos:altLabel [global index] | 'Kujawsko-Pomorskie' -> 'kujawsko-pomorskie' | [normalised: stripped -> 'Kujawsko-Pomorskie']","pow. Inowrocławski","Q773314","7530910","","","1286782","powiat inowrocławski","1.0","Exact match via rdfs:label [global index] | 'Powiat Inowrocławski' -> 'powiat inowrocławski'","Gmina Inowrocław"
"526","Polen","Q36","798544","7006366","2054097","49715","Polen","1.0","Exact match via rdfs:label [global index] | 'Polen' -> 'Polen'","Woj. Kujawsko-Pomorskie","Q54153","3337500","","","223407","kujawsko-pomorskie","1.0","Exact match via skos:altLabel [global index] | 'Kujawsko-Pomorskie' -> 'kujawsko-pomorskie' | [normalised: stripped -> 'Kujawsko-Pomorskie']","pow. Inowrocławski","Q773314","7530910","","","1286782","powiat inowrocławski","1.0","Exact match via rdfs:label [global index] | 'Powiat Inowrocławski' -> 'powiat inowrocławski'","Gmina Inowrocław"
"527","Polen","Q36","798544","7006366","2054097","49715","Polen","1.0","Exact match via rdfs:label [global index] | 'Polen' -> 'Polen'","Woj. Kujawsko-Pomorskie","Q54153","3337500","","","223407","kujawsko-pomorskie","1.0","Exact match via skos:altLabel [global index] | 'Kujawsko-Pomorskie' -> 'kujawsko-pomorskie' | [normalised: stripped -> 'Kujawsko-Pomorskie']","pow. Miński","Q947536","","","","","Powiat Miński","1.0","Direct override | 'pow. Miński' -> QID=Q947536 | [override -> QID=Q947536]","Gmina Dobre"
"528","Polen","Q36","798544","7006366","2054097","49715","Polen","1.0","Exact match via rdfs:label [global index] | 'Polen' -> 'Polen'","Woj. Kujawsko-Pomorskie","Q54153","3337500","","","223407","kujawsko-pomorskie","1.0","Exact match via skos:altLabel [global index] | 'Kujawsko-Pomorskie' -> 'kujawsko-pomorskie' | [normalised: stripped -> 'Kujawsko-Pomorskie']","pow. Miński","Q947536","","","","","Powiat Miński","1.0","Direct override | 'pow. Miński' -> QID=Q947536 | [override -> QID=Q947536]","Gmina Dobre"
"537","Polen","Q36","798544","7006366","2054097","49715","Polen","1.0","Exact match via rdfs:label [global index] | 'Polen' -> 'Polen'","Woj. Kujawsko-Pomorskie","Q54153","3337500","","","223407","kujawsko-pomorskie","1.0","Exact match via skos:altLabel [global index] | 'Kujawsko-Pomorskie' -> 'kujawsko-pomorskie' | [normalised: stripped -> 'Kujawsko-Pomorskie']","pow. Nakielski","Q583446","7530913","","","1286542","powiat nakielski","1.0","Exact match via rdfs:label [global index] | 'Powiat Nakielski' -> 'powiat nakielski'","Gmina Kcynia"
"536","Polen","Q36","798544","7006366","2054097","49715","Polen","1.0","Exact match via rdfs:label [global index] | 'Polen' -> 'Polen'","Woj. Kujawsko-Pomorskie","Q54153","3337500","","","223407","kujawsko-pomorskie","1.0","Exact match via skos:altLabel [global index] | 'Kujawsko-Pomorskie' -> 'kujawsko-pomorskie' | [normalised: stripped -> 'Kujawsko-Pomorskie']","pow. Włocławski","Q774833","7530921","","","2616205","powiat włocławski","1.0","Exact match via rdfs:label [global index] | 'Powiat Włocławski' -> 'powiat włocławski'","Gmina Lubraniec"
"534","Polen","Q36","798544","7006366","2054097","49715","Polen","1.0","Exact match via rdfs:label [global index] | 'Polen' -> 'Polen'","Woj. Kujawsko-Pomorskie","Q54153","3337500","","","223407","kujawsko-pomorskie","1.0","Exact match via skos:altLabel [global index] | 'Kujawsko-Pomorskie' -> 'kujawsko-pomorskie' | [normalised: stripped -> 'Kujawsko-Pomorskie']","pow. Włocławski","Q774833","7530921","","","2616205","powiat włocławski","1.0","Exact match via rdfs:label [global index] | 'Powiat Włocławski' -> 'powiat włocławski'","Gmina Izbica Kuj."
"535","Polen","Q36","798544","7006366","2054097","49715","Polen","1.0","Exact match via rdfs:label [global index] | 'Polen' -> 'Polen'","Woj. Kujawsko-Pomorskie","Q54153","3337500","","","223407","kujawsko-pomorskie","1.0","Exact match via skos:altLabel [global index] | 'Kujawsko-Pomorskie' -> 'kujawsko-pomorskie' | [normalised: stripped -> 'Kujawsko-Pomorskie']","pow. Miński","Q947536","","","","","Powiat Miński","1.0","Direct override | 'pow. Miński' -> QID=Q947536 | [override -> QID=Q947536]","Gmina Dobre"
"538","Polen","Q36","798544","7006366","2054097","49715","Polen","1.0","Exact match via rdfs:label [global index] | 'Polen' -> 'Polen'","Woj. Kujawsko-Pomorskie","Q54153","3337500","","","223407","kujawsko-pomorskie","1.0","Exact match via skos:altLabel [global index] | 'Kujawsko-Pomorskie' -> 'kujawsko-pomorskie' | [normalised: stripped -> 'Kujawsko-Pomorskie']","pow. Aleksandrowski","Q750491","7530904","","","2615964","powiat aleksandrowski","1.0","Exact match via rdfs:label [global index] | 'Powiat Aleksandrowski' -> 'powiat aleksandrowski'","Gmina Ciechocinek"
"539","Polen","Q36","798544","7006366","2054097","49715","Polen","1.0","Exact match via rdfs:label [global index] | 'Polen' -> 'Polen'","Woj. Kujawsko-Pomorskie","Q54153","3337500","","","223407","kujawsko-pomorskie","1.0","Exact match via skos:altLabel [global index] | 'Kujawsko-Pomorskie' -> 'kujawsko-pomorskie' | [normalised: stripped -> 'Kujawsko-Pomorskie']","pow. Inowrocławski","Q773314","7530910","","","1286782","powiat inowrocławski","1.0","Exact match via rdfs:label [global index] | 'Powiat Inowrocławski' -> 'powiat inowrocławski'","Gmina Dąbrowa Biskupia"
"550","Polen","Q36","798544","7006366","2054097","49715","Polen","1.0","Exact match via rdfs:label [global index] | 'Polen' -> 'Polen'","Woj. Kujawsko-Pomorskie","Q54153","3337500","","","223407","kujawsko-pomorskie","1.0","Exact match via skos:altLabel [global index] | 'Kujawsko-Pomorskie' -> 'kujawsko-pomorskie' | [normalised: stripped -> 'Kujawsko-Pomorskie']","pow. Inowrocławski","Q773314","7530910","","","1286782","powiat inowrocławski","1.0","Exact match via rdfs:label [global index] | 'Powiat Inowrocławski' -> 'powiat inowrocławski'","Gmina Kruszwica"
"543","Polen","Q36","798544","7006366","2054097","49715","Polen","1.0","Exact match via rdfs:label [global index] | 'Polen' -> 'Polen'","Woj. Kujawsko-Pomorskie","Q54153","3337500","","","223407","kujawsko-pomorskie","1.0","Exact match via skos:altLabel [global index] | 'Kujawsko-Pomorskie' -> 'kujawsko-pomorskie' | [normalised: stripped -> 'Kujawsko-Pomorskie']","pow. Inowrocławski","Q773314","7530910","","","1286782","powiat inowrocławski","1.0","Exact match via rdfs:label [global index] | 'Powiat Inowrocławski' -> 'powiat inowrocławski'","Gmina Pakość"
"544","Polen","Q36","798544","7006366","2054097","49715","Polen","1.0","Exact match via rdfs:label [global index] | 'Polen' -> 'Polen'","Woj. Kujawsko-Pomorskie","Q54153","3337500","","","223407","kujawsko-pomorskie","1.0","Exact match via skos:altLabel [global index] | 'Kujawsko-Pomorskie' -> 'kujawsko-pomorskie' | [normalised: stripped -> 'Kujawsko-Pomorskie']","pow. Inowrocławski","Q773314","7530910","","","1286782","powiat inowrocławski","1.0","Exact match via rdfs:label [global index] | 'Powiat Inowrocławski' -> 'powiat inowrocławski'","Gmina Janikowo"
"546","Polen","Q36","798544","7006366","2054097","49715","Polen","1.0","Exact match via rdfs:label [global index] | 'Polen' -> 'Polen'","Woj. Kujawsko-Pomorskie","Q54153","3337500","","","223407","kujawsko-pomorskie","1.0","Exact match via skos:altLabel [global index] | 'Kujawsko-Pomorskie' -> 'kujawsko-pomorskie' | [normalised: stripped -> 'Kujawsko-Pomorskie']","pow. Inowrocławski","Q773314","7530910","","","1286782","powiat inowrocławski","1.0","Exact match via rdfs:label [global index] | 'Powiat Inowrocławski' -> 'powiat inowrocławski'","Gmina Pakość"
"547","Polen","Q36","798544","7006366","2054097","49715","Polen","1.0","Exact match via rdfs:label [global index] | 'Polen' -> 'Polen'","Woj. Kujawsko-Pomorskie","Q54153","3337500","","","223407","kujawsko-pomorskie","1.0","Exact match via skos:altLabel [global index] | 'Kujawsko-Pomorskie' -> 'kujawsko-pomorskie' | [normalised: stripped -> 'Kujawsko-Pomorskie']","pow. Inowrocławski","Q773314","7530910","","","1286782","powiat inowrocławski","1.0","Exact match via rdfs:label [global index] | 'Powiat Inowrocławski' -> 'powiat inowrocławski'","Gmina Złotniki Kuj."
"542","Polen","Q36","798544","7006366","2054097","49715","Polen","1.0","Exact match via rdfs:label [global index] | 'Polen' -> 'Polen'","Woj. Kujawsko-Pomorskie","Q54153","3337500","","","223407","kujawsko-pomorskie","1.0","Exact match via skos:altLabel [global index] | 'Kujawsko-Pomorskie' -> 'kujawsko-pomorskie' | [normalised: stripped -> 'Kujawsko-Pomorskie']","pow. Inowrocławski","Q773314","7530910","","","1286782","powiat inowrocławski","1.0","Exact match via rdfs:label [global index] | 'Powiat Inowrocławski' -> 'powiat inowrocławski'","Gmina Kruszwica"
"548","Polen","Q36","798544","7006366","2054097","49715","Polen","1.0","Exact match via rdfs:label [global index] | 'Polen' -> 'Polen'","Woj. Kujawsko-Pomorskie","Q54153","3337500","","","223407","kujawsko-pomorskie","1.0","Exact match via skos:altLabel [global index] | 'Kujawsko-Pomorskie' -> 'kujawsko-pomorskie' | [normalised: stripped -> 'Kujawsko-Pomorskie']","pow. Włocławski","Q774833","7530921","","","2616205","powiat włocławski","1.0","Exact match via rdfs:label [global index] | 'Powiat Włocławski' -> 'powiat włocławski'","Gmina Wocławek"
"549","Polen","Q36","798544","7006366","2054097","49715","Polen","1.0","Exact match via rdfs:label [global index] | 'Polen' -> 'Polen'","Woj. Kujawsko-Pomorskie","Q54153","3337500","","","223407","kujawsko-pomorskie","1.0","Exact match via skos:altLabel [global index] | 'Kujawsko-Pomorskie' -> 'kujawsko-pomorskie' | [normalised: stripped -> 'Kujawsko-Pomorskie']","pow. Włocławski","Q774833","7530921","","","2616205","powiat włocławski","1.0","Exact match via rdfs:label [global index] | 'Powiat Włocławski' -> 'powiat włocławski'","Gmina Wocławek"
"551","Deutschland","Q183","2921044","7000084","2044274","51477","Deutschland","1.0","Exact match via rdfs:label [global index] | 'Deutschland' -> 'Deutschland'","Sachsen","Q1202","2842566","7003685","2315107","62467","Sachsen","1.0","Exact match via rdfs:label [global index] | 'Sachsen' -> 'Sachsen'","Görlitz","Q6317","","","","","Landkreis Görlitz","1.0","Direct override | 'Görlitz' -> QID=Q6317 | [override -> QID=Q6317]","Boxberg/O.L."
"552","Deutschland","Q183","2921044","7000084","2044274","51477","Deutschland","1.0","Exact match via rdfs:label [global index] | 'Deutschland' -> 'Deutschland'","Sachsen","Q1202","2842566","7003685","2315107","62467","Sachsen","1.0","Exact match via rdfs:label [global index] | 'Sachsen' -> 'Sachsen'","Görlitz","Q6317","","","","","Landkreis Görlitz","1.0","Direct override | 'Görlitz' -> QID=Q6317 | [override -> QID=Q6317]","Boxberg/O.L."
"562","Polen","Q36","798544","7006366","2054097","49715","Polen","1.0","Exact match via rdfs:label [global index] | 'Polen' -> 'Polen'","Woj. Zachodniopomorskie","Q54188","3337499","","","104401","zachodniopomorskie","1.0","Exact match via skos:altLabel [global index] | 'Zachodniopomorskie' -> 'zachodniopomorskie' | [normalised: stripped -> 'Zachodniopomorskie']","pow. Policki","Q558696","7530844","","","343814","powiat policki","1.0","Exact match via rdfs:label [global index] | 'Powiat Policki' -> 'powiat policki'","Gmina Dobra"
"561","Polen","Q36","798544","7006366","2054097","49715","Polen","1.0","Exact match via rdfs:label [global index] | 'Polen' -> 'Polen'","Woj. Zachodniopomorskie","Q54188","3337499","","","104401","zachodniopomorskie","1.0","Exact match via skos:altLabel [global index] | 'Zachodniopomorskie' -> 'zachodniopomorskie' | [normalised: stripped -> 'Zachodniopomorskie']","pow. Policki","Q558696","7530844","","","343814","powiat policki","1.0","Exact match via rdfs:label [global index] | 'Powiat Policki' -> 'powiat policki'","Gmina Kołbaskowo"
"560","Polen","Q36","798544","7006366","2054097","49715","Polen","1.0","Exact match via rdfs:label [global index] | 'Polen' -> 'Polen'","Woj. Zachodniopomorskie","Q54188","3337499","","","104401","zachodniopomorskie","1.0","Exact match via skos:altLabel [global index] | 'Zachodniopomorskie' -> 'zachodniopomorskie' | [normalised: stripped -> 'Zachodniopomorskie']","pow. Policki","Q558696","7530844","","","343814","powiat policki","1.0","Exact match via rdfs:label [global index] | 'Powiat Policki' -> 'powiat policki'","Gmina Kołbaskowo"
"559","Polen","Q36","798544","7006366","2054097","49715","Polen","1.0","Exact match via rdfs:label [global index] | 'Polen' -> 'Polen'","Woj. Zachodniopomorskie","Q54188","3337499","","","104401","zachodniopomorskie","1.0","Exact match via skos:altLabel [global index] | 'Zachodniopomorskie' -> 'zachodniopomorskie' | [normalised: stripped -> 'Zachodniopomorskie']","pow. Policki","Q558696","7530844","","","343814","powiat policki","1.0","Exact match via rdfs:label [global index] | 'Powiat Policki' -> 'powiat policki'","Gmina Kołbaskowo"
"558","Polen","Q36","798544","7006366","2054097","49715","Polen","1.0","Exact match via rdfs:label [global index] | 'Polen' -> 'Polen'","Woj. Zachodniopomorskie","Q54188","3337499","","","104401","zachodniopomorskie","1.0","Exact match via skos:altLabel [global index] | 'Zachodniopomorskie' -> 'zachodniopomorskie' | [normalised: stripped -> 'Zachodniopomorskie']","pow. Policki","Q558696","7530844","","","343814","powiat policki","1.0","Exact match via rdfs:label [global index] | 'Powiat Policki' -> 'powiat policki'","Gmina Dobra"
"557","Polen","Q36","798544","7006366","2054097","49715","Polen","1.0","Exact match via rdfs:label [global index] | 'Polen' -> 'Polen'","Woj. Zachodniopomorskie","Q54188","3337499","","","104401","zachodniopomorskie","1.0","Exact match via skos:altLabel [global index] | 'Zachodniopomorskie' -> 'zachodniopomorskie' | [normalised: stripped -> 'Zachodniopomorskie']","pow. Policki","Q558696","7530844","","","343814","powiat policki","1.0","Exact match via rdfs:label [global index] | 'Powiat Policki' -> 'powiat policki'","Gmina Dobra"
"556","Polen","Q36","798544","7006366","2054097","49715","Polen","1.0","Exact match via rdfs:label [global index] | 'Polen' -> 'Polen'","Woj. Zachodniopomorskie","Q54188","3337499","","","104401","zachodniopomorskie","1.0","Exact match via skos:altLabel [global index] | 'Zachodniopomorskie' -> 'zachodniopomorskie' | [normalised: stripped -> 'Zachodniopomorskie']","pow. Policki","Q558696","7530844","","","343814","powiat policki","1.0","Exact match via rdfs:label [global index] | 'Powiat Policki' -> 'powiat policki'","Gmina Kołbaskowo"
"555","Polen","Q36","798544","7006366","2054097","49715","Polen","1.0","Exact match via rdfs:label [global index] | 'Polen' -> 'Polen'","Woj. Zachodniopomorskie","Q54188","3337499","","","104401","zachodniopomorskie","1.0","Exact match via skos:altLabel [global index] | 'Zachodniopomorskie' -> 'zachodniopomorskie' | [normalised: stripped -> 'Zachodniopomorskie']","pow. Policki","Q558696","7530844","","","343814","powiat policki","1.0","Exact match via rdfs:label [global index] | 'Powiat Policki' -> 'powiat policki'","Gmina Kołbaskowo"
"554","Polen","Q36","798544","7006366","2054097","49715","Polen","1.0","Exact match via rdfs:label [global index] | 'Polen' -> 'Polen'","Woj. Zachodniopomorskie","Q54188","3337499","","","104401","zachodniopomorskie","1.0","Exact match via skos:altLabel [global index] | 'Zachodniopomorskie' -> 'zachodniopomorskie' | [normalised: stripped -> 'Zachodniopomorskie']","pow. Policki","Q558696","7530844","","","343814","powiat policki","1.0","Exact match via rdfs:label [global index] | 'Powiat Policki' -> 'powiat policki'","Gmina Kołbaskowo"
"553","Polen","Q36","798544","7006366","2054097","49715","Polen","1.0","Exact match via rdfs:label [global index] | 'Polen' -> 'Polen'","Woj. Zachodniopomorskie","Q54188","3337499","","","104401","zachodniopomorskie","1.0","Exact match via skos:altLabel [global index] | 'Zachodniopomorskie' -> 'zachodniopomorskie' | [normalised: stripped -> 'Zachodniopomorskie']","pow. Policki","Q558696","7530844","","","343814","powiat policki","1.0","Exact match via rdfs:label [global index] | 'Powiat Policki' -> 'powiat policki'","Gmina Dobra"
"563","Deutschland","Q183","2921044","7000084","2044274","51477","Deutschland","1.0","Exact match via rdfs:label [global index] | 'Deutschland' -> 'Deutschland'","Brandenburg","Q1208","2945356","7000096","2048409","62504","Brandenburg","1.0","Exact match via rdfs:label [global index] | 'Brandenburg' -> 'Brandenburg'","Dahme-Spreewald","Q6173","3249080","7076944","","62376","Dahme-Spreewald","1.0","Exact match via skos:altLabel [global index] | 'Dahme-Spreewald' -> 'Dahme-Spreewald'","Neuendorf am See"
"564","Deutschland","Q183","2921044","7000084","2044274","51477","Deutschland","1.0","Exact match via rdfs:label [global index] | 'Deutschland' -> 'Deutschland'","Brandenburg","Q1208","2945356","7000096","2048409","62504","Brandenburg","1.0","Exact match via rdfs:label [global index] | 'Brandenburg' -> 'Brandenburg'","Oder-Spree","Q6178","3249086","7076938","","62628","Oder-Spree","1.0","Exact match via skos:altLabel [global index] | 'Oder-Spree' -> 'Oder-Spree'","Fürstenwalde"
"565","Deutschland","Q183","2921044","7000084","2044274","51477","Deutschland","1.0","Exact match via rdfs:label [global index] | 'Deutschland' -> 'Deutschland'","Brandenburg","Q1208","2945356","7000096","2048409","62504","Brandenburg","1.0","Exact match via rdfs:label [global index] | 'Brandenburg' -> 'Brandenburg'","Havelland","Q6139","3249082","7076942","","62413","Havelland","1.0","Exact match via rdfs:label [global index] | 'Havelland' -> 'Havelland'","Rhinow"
"571","Deutschland","Q183","2921044","7000084","2044274","51477","Deutschland","1.0","Exact match via rdfs:label [global index] | 'Deutschland' -> 'Deutschland'","Brandenburg","Q1208","2945356","7000096","2048409","62504","Brandenburg","1.0","Exact match via rdfs:label [global index] | 'Brandenburg' -> 'Brandenburg'","Dahme-Spreewald","Q6173","3249080","7076944","","62376","Dahme-Spreewald","1.0","Exact match via skos:altLabel [global index] | 'Dahme-Spreewald' -> 'Dahme-Spreewald'","Hohenbrück"
"574","Deutschland","Q183","2921044","7000084","2044274","51477","Deutschland","1.0","Exact match via rdfs:label [global index] | 'Deutschland' -> 'Deutschland'","Brandenburg","Q1208","2945356","7000096","2048409","62504","Brandenburg","1.0","Exact match via rdfs:label [global index] | 'Brandenburg' -> 'Brandenburg'","Dahme-Spreewald","Q6173","3249080","7076944","","62376","Dahme-Spreewald","1.0","Exact match via skos:altLabel [global index] | 'Dahme-Spreewald' -> 'Dahme-Spreewald'","Neuendorf am See"
"575","Deutschland","Q183","2921044","7000084","2044274","51477","Deutschland","1.0","Exact match via rdfs:label [global index] | 'Deutschland' -> 'Deutschland'","Brandenburg","Q1208","2945356","7000096","2048409","62504","Brandenburg","1.0","Exact match via rdfs:label [global index] | 'Brandenburg' -> 'Brandenburg'","Spree-Neiße","Q6165","3249089","7076935","","62683","Spree-Neiße","1.0","Exact match via skos:altLabel [global index] | 'Spree-Neiße' -> 'Spree-Neiße'","Heinersbrück"
"579","Deutschland","Q183","2921044","7000084","2044274","51477","Deutschland","1.0","Exact match via rdfs:label [global index] | 'Deutschland' -> 'Deutschland'","Brandenburg","Q1208","2945356","7000096","2048409","62504","Brandenburg","1.0","Exact match via rdfs:label [global index] | 'Brandenburg' -> 'Brandenburg'","Potsdam","Q1711","7602560","7004463","","62369","Potsdam","1.0","Exact match via rdfs:label [global index] | 'Potsdam' -> 'Potsdam'","Potsdam"
"580","Deutschland","Q183","2921044","7000084","2044274","51477","Deutschland","1.0","Exact match via rdfs:label [global index] | 'Deutschland' -> 'Deutschland'","Brandenburg","Q1208","2945356","7000096","2048409","62504","Brandenburg","1.0","Exact match via rdfs:label [global index] | 'Brandenburg' -> 'Brandenburg'","Potsdam","Q1711","7602560","7004463","","62369","Potsdam","1.0","Exact match via rdfs:label [global index] | 'Potsdam' -> 'Potsdam'","Potsdam"
"581","Deutschland","Q183","2921044","7000084","2044274","51477","Deutschland","1.0","Exact match via rdfs:label [global index] | 'Deutschland' -> 'Deutschland'","Brandenburg","Q1208","2945356","7000096","2048409","62504","Brandenburg","1.0","Exact match via rdfs:label [global index] | 'Brandenburg' -> 'Brandenburg'","Oder-Spree","Q6178","3249086","7076938","","62628","Oder-Spree","1.0","Exact match via skos:altLabel [global index] | 'Oder-Spree' -> 'Oder-Spree'","Trebus"
"582","Deutschland","Q183","2921044","7000084","2044274","51477","Deutschland","1.0","Exact match via rdfs:label [global index] | 'Deutschland' -> 'Deutschland'","Brandenburg","Q1208","2945356","7000096","2048409","62504","Brandenburg","1.0","Exact match via rdfs:label [global index] | 'Brandenburg' -> 'Brandenburg'","Havelland","Q6139","3249082","7076942","","62413","Havelland","1.0","Exact match via rdfs:label [global index] | 'Havelland' -> 'Havelland'","Kietz"
"584","Deutschland","Q183","2921044","7000084","2044274","51477","Deutschland","1.0","Exact match via rdfs:label [global index] | 'Deutschland' -> 'Deutschland'","Brandenburg","Q1208","2945356","7000096","2048409","62504","Brandenburg","1.0","Exact match via rdfs:label [global index] | 'Brandenburg' -> 'Brandenburg'","Teltow-Fläming","Q6146","","","","","Landkreis Teltow-Fläming","1.0","Direct override | 'Teltow-Fläming' -> QID=Q6146 | [override -> QID=Q6146]","Bochow"
"585","Deutschland","Q183","2921044","7000084","2044274","51477","Deutschland","1.0","Exact match via rdfs:label [global index] | 'Deutschland' -> 'Deutschland'","Brandenburg","Q1208","2945356","7000096","2048409","62504","Brandenburg","1.0","Exact match via rdfs:label [global index] | 'Brandenburg' -> 'Brandenburg'","Uckermark","Q338635","2820521","","","","Uckermark","1.0","Exact match via rdfs:label [global index] | 'Uckermark' -> 'Uckermark'","Klinkow"
"586","Deutschland","Q183","2921044","7000084","2044274","51477","Deutschland","1.0","Exact match via rdfs:label [global index] | 'Deutschland' -> 'Deutschland'","Brandenburg","Q1208","2945356","7000096","2048409","62504","Brandenburg","1.0","Exact match via rdfs:label [global index] | 'Brandenburg' -> 'Brandenburg'","Uckermark","Q338635","2820521","","","","Uckermark","1.0","Exact match via rdfs:label [global index] | 'Uckermark' -> 'Uckermark'","Schwaneberg"
"587","Deutschland","Q183","2921044","7000084","2044274","51477","Deutschland","1.0","Exact match via rdfs:label [global index] | 'Deutschland' -> 'Deutschland'","Brandenburg","Q1208","2945356","7000096","2048409","62504","Brandenburg","1.0","Exact match via rdfs:label [global index] | 'Brandenburg' -> 'Brandenburg'","Uckermark","Q338635","2820521","","","","Uckermark","1.0","Exact match via rdfs:label [global index] | 'Uckermark' -> 'Uckermark'","Bietikow"
"588","Deutschland","Q183","2921044","7000084","2044274","51477","Deutschland","1.0","Exact match via rdfs:label [global index] | 'Deutschland' -> 'Deutschland'","Brandenburg","Q1208","2945356","7000096","2048409","62504","Brandenburg","1.0","Exact match via rdfs:label [global index] | 'Brandenburg' -> 'Brandenburg'","Uckermark","Q338635","2820521","","","","Uckermark","1.0","Exact match via rdfs:label [global index] | 'Uckermark' -> 'Uckermark'","Potzlow"
"589","Deutschland","Q183","2921044","7000084","2044274","51477","Deutschland","1.0","Exact match via rdfs:label [global index] | 'Deutschland' -> 'Deutschland'","Brandenburg","Q1208","2945356","7000096","2048409","62504","Brandenburg","1.0","Exact match via rdfs:label [global index] | 'Brandenburg' -> 'Brandenburg'","Havelland","Q6139","3249082","7076942","","62413","Havelland","1.0","Exact match via rdfs:label [global index] | 'Havelland' -> 'Havelland'","Rhinow"
"590","Deutschland","Q183","2921044","7000084","2044274","51477","Deutschland","1.0","Exact match via rdfs:label [global index] | 'Deutschland' -> 'Deutschland'","Brandenburg","Q1208","2945356","7000096","2048409","62504","Brandenburg","1.0","Exact match via rdfs:label [global index] | 'Brandenburg' -> 'Brandenburg'","Havelland","Q6139","3249082","7076942","","62413","Havelland","1.0","Exact match via rdfs:label [global index] | 'Havelland' -> 'Havelland'","Hoppenrade"
