"FID catalogue Schmidt 2026","GEMEINDE","KREIS","BUNDESLAND","LAND","LAND_QID","LAND_GeoNames","LAND_matchLabel","LAND_matchScore","LAND_matchReason","BUNDESLAND_QID","BUNDESLAND_GeoNames","BUNDESLAND_matchLabel","BUNDESLAND_matchScore","BUNDESLAND_matchReason","KREIS_QID","KREIS_GeoNames","KREIS_matchLabel","KREIS_matchScore","KREIS_matchReason"
"1","Behringen","Wartburgkreis","Thüringen","Deutschland","Q183","2921044","Deutschland","1.0","Exact match via rdfs:label [global index] | 'Deutschland' -> 'Deutschland'","Q1205","2822542","Thüringen","1.0","Exact match via rdfs:label [global index] | 'Thüringen' -> 'Thüringen'","Q7866","6547388","Wartburgkreis","1.0","Exact match via rdfs:label [global index] | 'Wartburgkreis' -> 'Wartburgkreis'"
"2","Nessetal","Gotha","Thüringen","Deutschland","Q183","2921044","Deutschland","1.0","Exact match via rdfs:label [global index] | 'Deutschland' -> 'Deutschland'","Q1205","2822542","Thüringen","1.0","Exact match via rdfs:label [global index] | 'Thüringen' -> 'Thüringen'","Q7869","","Landkreis Gotha","1.0","Direct override | 'Gotha' -> QID=Q7869 | [override -> QID=Q7869]"
"3","Nottertal-Heilinger Höhen","Unstrut-Hainich-Kreis","Thüringen","Deutschland","Q183","2921044","Deutschland","1.0","Exact match via rdfs:label [global index] | 'Deutschland' -> 'Deutschland'","Q1205","2822542","Thüringen","1.0","Exact match via rdfs:label [global index] | 'Thüringen' -> 'Thüringen'","Q7864","6547389","Unstrut-Hainich-Kreis","1.0","Exact match via rdfs:label [global index] | 'Unstrut-Hainich-Kreis' -> 'Unstrut-Hainich-Kreis'"
"4","Halberstadt","Landkreis Harz","Sachsen-Anhalt","Deutschland","Q183","2921044","Deutschland","1.0","Exact match via rdfs:label [global index] | 'Deutschland' -> 'Deutschland'","Q1206","2842565","Sachsen-Anhalt","1.0","Exact match via rdfs:label [global index] | 'Sachsen-Anhalt' -> 'Sachsen-Anhalt'","Q6087","","Landkreis Harz","1.0","Direct override | 'Landkreis Harz' -> QID=Q6087 | [stripped -> 'Harz'; override -> QID=Q6087]"
"5","Knidelbrück","Sommerda","Thüringen","Deutschland","Q183","2921044","Deutschland","1.0","Exact match via rdfs:label [global index] | 'Deutschland' -> 'Deutschland'","Q1205","2822542","Thüringen","1.0","Exact match via rdfs:label [global index] | 'Thüringen' -> 'Thüringen'","Q7865","","Landkreis Sömmerda","1.0","Direct override | 'Sommerda' -> QID=Q7865 | [alias 'Sommerda' -> 'Sömmerda'; override -> QID=Q7865]"
"6","Quedlinburg","Landkreis Harz","Sachsen-Anhalt","Deutschland","Q183","2921044","Deutschland","1.0","Exact match via rdfs:label [global index] | 'Deutschland' -> 'Deutschland'","Q1206","2842565","Sachsen-Anhalt","1.0","Exact match via rdfs:label [global index] | 'Sachsen-Anhalt' -> 'Sachsen-Anhalt'","Q6087","","Landkreis Harz","1.0","Direct override | 'Landkreis Harz' -> QID=Q6087 | [stripped -> 'Harz'; override -> QID=Q6087]"
"7","Quedlinburg","Landkreis Harz","Sachsen-Anhalt","Deutschland","Q183","2921044","Deutschland","1.0","Exact match via rdfs:label [global index] | 'Deutschland' -> 'Deutschland'","Q1206","2842565","Sachsen-Anhalt","1.0","Exact match via rdfs:label [global index] | 'Sachsen-Anhalt' -> 'Sachsen-Anhalt'","Q6087","","Landkreis Harz","1.0","Direct override | 'Landkreis Harz' -> QID=Q6087 | [stripped -> 'Harz'; override -> QID=Q6087]"
"8","Quedlinburg","Landkreis Harz","Sachsen-Anhalt","Deutschland","Q183","2921044","Deutschland","1.0","Exact match via rdfs:label [global index] | 'Deutschland' -> 'Deutschland'","Q1206","2842565","Sachsen-Anhalt","1.0","Exact match via rdfs:label [global index] | 'Sachsen-Anhalt' -> 'Sachsen-Anhalt'","Q6087","","Landkreis Harz","1.0","Direct override | 'Landkreis Harz' -> QID=Q6087 | [stripped -> 'Harz'; override -> QID=Q6087]"
"9","Seeland","Salzlandkreis","Sachsen-Anhalt","Deutschland","Q183","2921044","Deutschland","1.0","Exact match via rdfs:label [global index] | 'Deutschland' -> 'Deutschland'","Q1206","2842565","Sachsen-Anhalt","1.0","Exact match via rdfs:label [global index] | 'Sachsen-Anhalt' -> 'Sachsen-Anhalt'","Q6081","2950072","Salzlandkreis","1.0","Exact match via rdfs:label [global index] | 'Salzlandkreis' -> 'Salzlandkreis'"
"10","Mellingen","Weimarer Land","Thüringen","Deutschland","Q183","2921044","Deutschland","1.0","Exact match via rdfs:label [global index] | 'Deutschland' -> 'Deutschland'","Q1205","2822542","Thüringen","1.0","Exact match via rdfs:label [global index] | 'Thüringen' -> 'Thüringen'","Q7879","","Weimarer Land","1.0","Direct override | 'Weimarer Land' -> QID=Q7879 | [override -> QID=Q7879]"
"11","Weimar","Weimarer Land","Thüringen","Deutschland","Q183","2921044","Deutschland","1.0","Exact match via rdfs:label [global index] | 'Deutschland' -> 'Deutschland'","Q1205","2822542","Thüringen","1.0","Exact match via rdfs:label [global index] | 'Thüringen' -> 'Thüringen'","Q7879","","Weimarer Land","1.0","Direct override | 'Weimarer Land' -> QID=Q7879 | [override -> QID=Q7879]"
"12","Kaiserpfalz","Burgenlandkreis","Sachsen-Anhalt","Deutschland","Q183","2921044","Deutschland","1.0","Exact match via rdfs:label [global index] | 'Deutschland' -> 'Deutschland'","Q1206","2842565","Sachsen-Anhalt","1.0","Exact match via rdfs:label [global index] | 'Sachsen-Anhalt' -> 'Sachsen-Anhalt'","Q6102","3302156","Burgenlandkreis","1.0","Exact match via rdfs:label [global index] | 'Burgenlandkreis' -> 'Burgenlandkreis'"
"13","Staßfurt","Salzlandkreis","Sachsen-Anhalt","Deutschland","Q183","2921044","Deutschland","1.0","Exact match via rdfs:label [global index] | 'Deutschland' -> 'Deutschland'","Q1206","2842565","Sachsen-Anhalt","1.0","Exact match via rdfs:label [global index] | 'Sachsen-Anhalt' -> 'Sachsen-Anhalt'","Q6081","2950072","Salzlandkreis","1.0","Exact match via rdfs:label [global index] | 'Salzlandkreis' -> 'Salzlandkreis'"
"14","Lutherstadt Eilsleben","Mansfeld-Südharz","Sachsen-Anhalt","Deutschland","Q183","2921044","Deutschland","1.0","Exact match via rdfs:label [global index] | 'Deutschland' -> 'Deutschland'","Q1206","2842565","Sachsen-Anhalt","1.0","Exact match via rdfs:label [global index] | 'Sachsen-Anhalt' -> 'Sachsen-Anhalt'","Q6092","","Landkreis Mansfeld-Südharz","1.0","Direct override | 'Mansfeld-Südharz' -> QID=Q6092 | [override -> QID=Q6092]"
"15","Niedere Börde","Landkreis Börde","Sachsen-Anhalt","Deutschland","Q183","2921044","Deutschland","1.0","Exact match via rdfs:label [global index] | 'Deutschland' -> 'Deutschland'","Q1206","2842565","Sachsen-Anhalt","1.0","Exact match via rdfs:label [global index] | 'Sachsen-Anhalt' -> 'Sachsen-Anhalt'","Q6064","","Landkreis Börde","1.0","Direct override | 'Landkreis Börde' -> QID=Q6064 | [stripped -> 'Börde'; override -> QID=Q6064]"
"16","Barleben","Landkreis Börde","Sachsen-Anhalt","Deutschland","Q183","2921044","Deutschland","1.0","Exact match via rdfs:label [global index] | 'Deutschland' -> 'Deutschland'","Q1206","2842565","Sachsen-Anhalt","1.0","Exact match via rdfs:label [global index] | 'Sachsen-Anhalt' -> 'Sachsen-Anhalt'","Q6064","","Landkreis Börde","1.0","Direct override | 'Landkreis Börde' -> QID=Q6064 | [stripped -> 'Börde'; override -> QID=Q6064]"
"17","Magdeburg","Magdeburg","Sachsen-Anhalt","Deutschland","Q183","2921044","Deutschland","1.0","Exact match via rdfs:label [global index] | 'Deutschland' -> 'Deutschland'","Q1206","2842565","Sachsen-Anhalt","1.0","Exact match via rdfs:label [global index] | 'Sachsen-Anhalt' -> 'Sachsen-Anhalt'","Q1733","2874544","Magdeburg","1.0","Exact match via rdfs:label [global index] | 'Magdeburg' -> 'Magdeburg'"
"18","Bernburg","Salzlandkreis","Sachsen-Anhalt","Deutschland","Q183","2921044","Deutschland","1.0","Exact match via rdfs:label [global index] | 'Deutschland' -> 'Deutschland'","Q1206","2842565","Sachsen-Anhalt","1.0","Exact match via rdfs:label [global index] | 'Sachsen-Anhalt' -> 'Sachsen-Anhalt'","Q6081","2950072","Salzlandkreis","1.0","Exact match via rdfs:label [global index] | 'Salzlandkreis' -> 'Salzlandkreis'"
"19","Lanitz-Hasseltal","Burgenlandkreis","Sachsen-Anhalt","Deutschland","Q183","2921044","Deutschland","1.0","Exact match via rdfs:label [global index] | 'Deutschland' -> 'Deutschland'","Q1206","2842565","Sachsen-Anhalt","1.0","Exact match via rdfs:label [global index] | 'Sachsen-Anhalt' -> 'Sachsen-Anhalt'","Q6102","3302156","Burgenlandkreis","1.0","Exact match via rdfs:label [global index] | 'Burgenlandkreis' -> 'Burgenlandkreis'"
"20","Calbe","Salzlandkreis","Sachsen-Anhalt","Deutschland","Q183","2921044","Deutschland","1.0","Exact match via rdfs:label [global index] | 'Deutschland' -> 'Deutschland'","Q1206","2842565","Sachsen-Anhalt","1.0","Exact match via rdfs:label [global index] | 'Sachsen-Anhalt' -> 'Sachsen-Anhalt'","Q6081","2950072","Salzlandkreis","1.0","Exact match via rdfs:label [global index] | 'Salzlandkreis' -> 'Salzlandkreis'"
"21","Gommern","Jerichower Land","Sachsen-Anhalt","Deutschland","Q183","2921044","Deutschland","1.0","Exact match via rdfs:label [global index] | 'Deutschland' -> 'Deutschland'","Q1206","2842565","Sachsen-Anhalt","1.0","Exact match via rdfs:label [global index] | 'Sachsen-Anhalt' -> 'Sachsen-Anhalt'","Q6068","3302158","Jerichower Land","1.0","Exact match via skos:altLabel [global index] | 'Jerichower Land' -> 'Jerichower Land'"
"22","Teuchern","Burgenlandkreis","Sachsen-Anhalt","Deutschland","Q183","2921044","Deutschland","1.0","Exact match via rdfs:label [global index] | 'Deutschland' -> 'Deutschland'","Q1206","2842565","Sachsen-Anhalt","1.0","Exact match via rdfs:label [global index] | 'Sachsen-Anhalt' -> 'Sachsen-Anhalt'","Q6102","3302156","Burgenlandkreis","1.0","Exact match via rdfs:label [global index] | 'Burgenlandkreis' -> 'Burgenlandkreis'"
"23","Petersburg","Saalekreis","Sachsen-Anhalt","Deutschland","Q183","2921044","Deutschland","1.0","Exact match via rdfs:label [global index] | 'Deutschland' -> 'Deutschland'","Q1206","2842565","Sachsen-Anhalt","1.0","Exact match via rdfs:label [global index] | 'Sachsen-Anhalt' -> 'Sachsen-Anhalt'","Q6098","2842671","Saalekreis","1.0","Exact match via rdfs:label [global index] | 'Saalekreis' -> 'Saalekreis'"
"24","Schkopau","Saalekreis","Sachsen-Anhalt","Deutschland","Q183","2921044","Deutschland","1.0","Exact match via rdfs:label [global index] | 'Deutschland' -> 'Deutschland'","Q1206","2842565","Sachsen-Anhalt","1.0","Exact match via rdfs:label [global index] | 'Sachsen-Anhalt' -> 'Sachsen-Anhalt'","Q6098","2842671","Saalekreis","1.0","Exact match via rdfs:label [global index] | 'Saalekreis' -> 'Saalekreis'"
"25","Teuchern","Burgenlandkreis","Sachsen-Anhalt","Deutschland","Q183","2921044","Deutschland","1.0","Exact match via rdfs:label [global index] | 'Deutschland' -> 'Deutschland'","Q1206","2842565","Sachsen-Anhalt","1.0","Exact match via rdfs:label [global index] | 'Sachsen-Anhalt' -> 'Sachsen-Anhalt'","Q6102","3302156","Burgenlandkreis","1.0","Exact match via rdfs:label [global index] | 'Burgenlandkreis' -> 'Burgenlandkreis'"
"26","Köthen","Anhalt-Bitterfeld","Sachsen-Anhalt","Deutschland","Q183","2921044","Deutschland","1.0","Exact match via rdfs:label [global index] | 'Deutschland' -> 'Deutschland'","Q1206","2842565","Sachsen-Anhalt","1.0","Exact match via rdfs:label [global index] | 'Sachsen-Anhalt' -> 'Sachsen-Anhalt'","Q6071","","Landkreis Anhalt-Bitterfeld","1.0","Direct override | 'Anhalt-Bitterfeld' -> QID=Q6071 | [override -> QID=Q6071]"
"27","Schkopau","Saalekreis","Sachsen-Anhalt","Deutschland","Q183","2921044","Deutschland","1.0","Exact match via rdfs:label [global index] | 'Deutschland' -> 'Deutschland'","Q1206","2842565","Sachsen-Anhalt","1.0","Exact match via rdfs:label [global index] | 'Sachsen-Anhalt' -> 'Sachsen-Anhalt'","Q6098","2842671","Saalekreis","1.0","Exact match via rdfs:label [global index] | 'Saalekreis' -> 'Saalekreis'"
"28","Kretzschau","Burgenlandkreis","Sachsen-Anhalt","Deutschland","Q183","2921044","Deutschland","1.0","Exact match via rdfs:label [global index] | 'Deutschland' -> 'Deutschland'","Q1206","2842565","Sachsen-Anhalt","1.0","Exact match via rdfs:label [global index] | 'Sachsen-Anhalt' -> 'Sachsen-Anhalt'","Q6102","3302156","Burgenlandkreis","1.0","Exact match via rdfs:label [global index] | 'Burgenlandkreis' -> 'Burgenlandkreis'"
"29","Zörbig","Anhalt-Bitterfeld","Sachsen-Anhalt","Deutschland","Q183","2921044","Deutschland","1.0","Exact match via rdfs:label [global index] | 'Deutschland' -> 'Deutschland'","Q1206","2842565","Sachsen-Anhalt","1.0","Exact match via rdfs:label [global index] | 'Sachsen-Anhalt' -> 'Sachsen-Anhalt'","Q6071","","Landkreis Anhalt-Bitterfeld","1.0","Direct override | 'Anhalt-Bitterfeld' -> QID=Q6071 | [override -> QID=Q6071]"
"30","Gera","Gera","Thüringen","Deutschland","Q183","2921044","Deutschland","1.0","Exact match via rdfs:label [global index] | 'Deutschland' -> 'Deutschland'","Q1205","2822542","Thüringen","1.0","Exact match via rdfs:label [global index] | 'Thüringen' -> 'Thüringen'","Q706112","2921231","Gera","1.0","Exact match via rdfs:label [global index] | 'Gera' -> 'Gera'"
"31","Zwenkau","Leipzig-Land","Sachsen","Deutschland","Q183","2921044","Deutschland","1.0","Exact match via rdfs:label [global index] | 'Deutschland' -> 'Deutschland'","Q1202","2842566","Sachsen","1.0","Exact match via rdfs:label [global index] | 'Sachsen' -> 'Sachsen'","Q1323208","","Landkreis Leipzig-Land","1.0","Direct override | 'Leipzig-Land' -> QID=Q1323208 | [override -> QID=Q1323208]"
"32","Stadt Rathenow","Havelland","Brandenburg","Deutschland","Q183","2921044","Deutschland","1.0","Exact match via rdfs:label [global index] | 'Deutschland' -> 'Deutschland'","Q1208","2945356","Brandenburg","1.0","Exact match via rdfs:label [global index] | 'Brandenburg' -> 'Brandenburg'","Q897270","2908638","Havelland","1.0","Exact match via rdfs:label [global index] | 'Havelland' -> 'Havelland'"
"33","Friesack","Havelland","Brandenburg","Deutschland","Q183","2921044","Deutschland","1.0","Exact match via rdfs:label [global index] | 'Deutschland' -> 'Deutschland'","Q1208","2945356","Brandenburg","1.0","Exact match via rdfs:label [global index] | 'Brandenburg' -> 'Brandenburg'","Q897270","2908638","Havelland","1.0","Exact match via rdfs:label [global index] | 'Havelland' -> 'Havelland'"
"34","Friesack","Havelland","Brandenburg","Deutschland","Q183","2921044","Deutschland","1.0","Exact match via rdfs:label [global index] | 'Deutschland' -> 'Deutschland'","Q1208","2945356","Brandenburg","1.0","Exact match via rdfs:label [global index] | 'Brandenburg' -> 'Brandenburg'","Q897270","2908638","Havelland","1.0","Exact match via rdfs:label [global index] | 'Havelland' -> 'Havelland'"
"35","Prettin","Jessen","Sachsen-Anhalt","Deutschland","Q183","2921044","Deutschland","1.0","Exact match via rdfs:label [global index] | 'Deutschland' -> 'Deutschland'","Q1206","2842565","Sachsen-Anhalt","1.0","Exact match via rdfs:label [global index] | 'Sachsen-Anhalt' -> 'Sachsen-Anhalt'","Q6075","","Landkreis Jessen","1.0","Direct override | 'Jessen' -> QID=Q6075 | [override -> QID=Q6075]"
"36","Rohrbeck","Teltow-Fläming","Brandenburg","Deutschland","Q183","2921044","Deutschland","1.0","Exact match via rdfs:label [global index] | 'Deutschland' -> 'Deutschland'","Q1208","2945356","Brandenburg","1.0","Exact match via rdfs:label [global index] | 'Brandenburg' -> 'Brandenburg'","Q6146","","Landkreis Teltow-Fläming","1.0","Direct override | 'Teltow-Fläming' -> QID=Q6146 | [override -> QID=Q6146]"
"37","Jüterbog","Teltow-Fläming","Brandenburg","Deutschland","Q183","2921044","Deutschland","1.0","Exact match via rdfs:label [global index] | 'Deutschland' -> 'Deutschland'","Q1208","2945356","Brandenburg","1.0","Exact match via rdfs:label [global index] | 'Brandenburg' -> 'Brandenburg'","Q6146","","Landkreis Teltow-Fläming","1.0","Direct override | 'Teltow-Fläming' -> QID=Q6146 | [override -> QID=Q6146]"
"38","Bochow","Teltow-Fläming","Brandenburg","Deutschland","Q183","2921044","Deutschland","1.0","Exact match via rdfs:label [global index] | 'Deutschland' -> 'Deutschland'","Q1208","2945356","Brandenburg","1.0","Exact match via rdfs:label [global index] | 'Brandenburg' -> 'Brandenburg'","Q6146","","Landkreis Teltow-Fläming","1.0","Direct override | 'Teltow-Fläming' -> QID=Q6146 | [override -> QID=Q6146]"
"39","Bochow","Teltow-Fläming","Brandenburg","Deutschland","Q183","2921044","Deutschland","1.0","Exact match via rdfs:label [global index] | 'Deutschland' -> 'Deutschland'","Q1208","2945356","Brandenburg","1.0","Exact match via rdfs:label [global index] | 'Brandenburg' -> 'Brandenburg'","Q6146","","Landkreis Teltow-Fläming","1.0","Direct override | 'Teltow-Fläming' -> QID=Q6146 | [override -> QID=Q6146]"
"40","Bochow","Teltow-Fläming","Brandenburg","Deutschland","Q183","2921044","Deutschland","1.0","Exact match via rdfs:label [global index] | 'Deutschland' -> 'Deutschland'","Q1208","2945356","Brandenburg","1.0","Exact match via rdfs:label [global index] | 'Brandenburg' -> 'Brandenburg'","Q6146","","Landkreis Teltow-Fläming","1.0","Direct override | 'Teltow-Fläming' -> QID=Q6146 | [override -> QID=Q6146]"
"41","Bochow","Teltow-Fläming","Brandenburg","Deutschland","Q183","2921044","Deutschland","1.0","Exact match via rdfs:label [global index] | 'Deutschland' -> 'Deutschland'","Q1208","2945356","Brandenburg","1.0","Exact match via rdfs:label [global index] | 'Brandenburg' -> 'Brandenburg'","Q6146","","Landkreis Teltow-Fläming","1.0","Direct override | 'Teltow-Fläming' -> QID=Q6146 | [override -> QID=Q6146]"
"43","Bochow","Teltow-Fläming","Brandenburg","Deutschland","Q183","2921044","Deutschland","1.0","Exact match via rdfs:label [global index] | 'Deutschland' -> 'Deutschland'","Q1208","2945356","Brandenburg","1.0","Exact match via rdfs:label [global index] | 'Brandenburg' -> 'Brandenburg'","Q6146","","Landkreis Teltow-Fläming","1.0","Direct override | 'Teltow-Fläming' -> QID=Q6146 | [override -> QID=Q6146]"
"44","Bochow","Teltow-Fläming","Brandenburg","Deutschland","Q183","2921044","Deutschland","1.0","Exact match via rdfs:label [global index] | 'Deutschland' -> 'Deutschland'","Q1208","2945356","Brandenburg","1.0","Exact match via rdfs:label [global index] | 'Brandenburg' -> 'Brandenburg'","Q6146","","Landkreis Teltow-Fläming","1.0","Direct override | 'Teltow-Fläming' -> QID=Q6146 | [override -> QID=Q6146]"
"45","Bochow","Teltow-Fläming","Brandenburg","Deutschland","Q183","2921044","Deutschland","1.0","Exact match via rdfs:label [global index] | 'Deutschland' -> 'Deutschland'","Q1208","2945356","Brandenburg","1.0","Exact match via rdfs:label [global index] | 'Brandenburg' -> 'Brandenburg'","Q6146","","Landkreis Teltow-Fläming","1.0","Direct override | 'Teltow-Fläming' -> QID=Q6146 | [override -> QID=Q6146]"
"46","Bochow","Teltow-Fläming","Brandenburg","Deutschland","Q183","2921044","Deutschland","1.0","Exact match via rdfs:label [global index] | 'Deutschland' -> 'Deutschland'","Q1208","2945356","Brandenburg","1.0","Exact match via rdfs:label [global index] | 'Brandenburg' -> 'Brandenburg'","Q6146","","Landkreis Teltow-Fläming","1.0","Direct override | 'Teltow-Fläming' -> QID=Q6146 | [override -> QID=Q6146]"
"47","Schiaß","Teltow-Fläming","Brandenburg","Deutschland","Q183","2921044","Deutschland","1.0","Exact match via rdfs:label [global index] | 'Deutschland' -> 'Deutschland'","Q1208","2945356","Brandenburg","1.0","Exact match via rdfs:label [global index] | 'Brandenburg' -> 'Brandenburg'","Q6146","","Landkreis Teltow-Fläming","1.0","Direct override | 'Teltow-Fläming' -> QID=Q6146 | [override -> QID=Q6146]"
"48","Groß Kienitz","Teltow-Fläming","Brandenburg","Deutschland","Q183","2921044","Deutschland","1.0","Exact match via rdfs:label [global index] | 'Deutschland' -> 'Deutschland'","Q1208","2945356","Brandenburg","1.0","Exact match via rdfs:label [global index] | 'Brandenburg' -> 'Brandenburg'","Q6146","","Landkreis Teltow-Fläming","1.0","Direct override | 'Teltow-Fläming' -> QID=Q6146 | [override -> QID=Q6146]"
"49","Selchow","Dahme-Spreewald","Brandenburg","Deutschland","Q183","2921044","Deutschland","1.0","Exact match via rdfs:label [global index] | 'Deutschland' -> 'Deutschland'","Q1208","2945356","Brandenburg","1.0","Exact match via rdfs:label [global index] | 'Brandenburg' -> 'Brandenburg'","Q6173","3249080","Dahme-Spreewald","1.0","Exact match via skos:altLabel [global index] | 'Dahme-Spreewald' -> 'Dahme-Spreewald'"
"50","Gallun","Dahme-Spreewald","Brandenburg","Deutschland","Q183","2921044","Deutschland","1.0","Exact match via rdfs:label [global index] | 'Deutschland' -> 'Deutschland'","Q1208","2945356","Brandenburg","1.0","Exact match via rdfs:label [global index] | 'Brandenburg' -> 'Brandenburg'","Q6173","3249080","Dahme-Spreewald","1.0","Exact match via skos:altLabel [global index] | 'Dahme-Spreewald' -> 'Dahme-Spreewald'"
"53","Zöllmersdorf","Dahme-Spreewald","Brandenburg","Deutschland","Q183","2921044","Deutschland","1.0","Exact match via rdfs:label [global index] | 'Deutschland' -> 'Deutschland'","Q1208","2945356","Brandenburg","1.0","Exact match via rdfs:label [global index] | 'Brandenburg' -> 'Brandenburg'","Q6173","3249080","Dahme-Spreewald","1.0","Exact match via skos:altLabel [global index] | 'Dahme-Spreewald' -> 'Dahme-Spreewald'"
"54","Kaden","Dahme-Spreewald","Brandenburg","Deutschland","Q183","2921044","Deutschland","1.0","Exact match via rdfs:label [global index] | 'Deutschland' -> 'Deutschland'","Q1208","2945356","Brandenburg","1.0","Exact match via rdfs:label [global index] | 'Brandenburg' -> 'Brandenburg'","Q6173","3249080","Dahme-Spreewald","1.0","Exact match via skos:altLabel [global index] | 'Dahme-Spreewald' -> 'Dahme-Spreewald'"
"55","Neuendorf am See","Dahme-Spreewald","Brandenburg","Deutschland","Q183","2921044","Deutschland","1.0","Exact match via rdfs:label [global index] | 'Deutschland' -> 'Deutschland'","Q1208","2945356","Brandenburg","1.0","Exact match via rdfs:label [global index] | 'Brandenburg' -> 'Brandenburg'","Q6173","3249080","Dahme-Spreewald","1.0","Exact match via skos:altLabel [global index] | 'Dahme-Spreewald' -> 'Dahme-Spreewald'"
"56","Neuendorf am See","Dahme-Spreewald","Brandenburg","Deutschland","Q183","2921044","Deutschland","1.0","Exact match via rdfs:label [global index] | 'Deutschland' -> 'Deutschland'","Q1208","2945356","Brandenburg","1.0","Exact match via rdfs:label [global index] | 'Brandenburg' -> 'Brandenburg'","Q6173","3249080","Dahme-Spreewald","1.0","Exact match via skos:altLabel [global index] | 'Dahme-Spreewald' -> 'Dahme-Spreewald'"
"57","Neuendorf am See","Dahme-Spreewald","Brandenburg","Deutschland","Q183","2921044","Deutschland","1.0","Exact match via rdfs:label [global index] | 'Deutschland' -> 'Deutschland'","Q1208","2945356","Brandenburg","1.0","Exact match via rdfs:label [global index] | 'Brandenburg' -> 'Brandenburg'","Q6173","3249080","Dahme-Spreewald","1.0","Exact match via skos:altLabel [global index] | 'Dahme-Spreewald' -> 'Dahme-Spreewald'"
"58","Hohenbrück","Dahme-Spreewald","Brandenburg","Deutschland","Q183","2921044","Deutschland","1.0","Exact match via rdfs:label [global index] | 'Deutschland' -> 'Deutschland'","Q1208","2945356","Brandenburg","1.0","Exact match via rdfs:label [global index] | 'Brandenburg' -> 'Brandenburg'","Q6173","3249080","Dahme-Spreewald","1.0","Exact match via skos:altLabel [global index] | 'Dahme-Spreewald' -> 'Dahme-Spreewald'"
"59","Hohenbrück","Dahme-Spreewald","Brandenburg","Deutschland","Q183","2921044","Deutschland","1.0","Exact match via rdfs:label [global index] | 'Deutschland' -> 'Deutschland'","Q1208","2945356","Brandenburg","1.0","Exact match via rdfs:label [global index] | 'Brandenburg' -> 'Brandenburg'","Q6173","3249080","Dahme-Spreewald","1.0","Exact match via skos:altLabel [global index] | 'Dahme-Spreewald' -> 'Dahme-Spreewald'"
"60","Steinkirchen","Dahme-Spreewald","Brandenburg","Deutschland","Q183","2921044","Deutschland","1.0","Exact match via rdfs:label [global index] | 'Deutschland' -> 'Deutschland'","Q1208","2945356","Brandenburg","1.0","Exact match via rdfs:label [global index] | 'Brandenburg' -> 'Brandenburg'","Q6173","3249080","Dahme-Spreewald","1.0","Exact match via skos:altLabel [global index] | 'Dahme-Spreewald' -> 'Dahme-Spreewald'"
"61","Lübben","Dahme-Spreewald","Brandenburg","Deutschland","Q183","2921044","Deutschland","1.0","Exact match via rdfs:label [global index] | 'Deutschland' -> 'Deutschland'","Q1208","2945356","Brandenburg","1.0","Exact match via rdfs:label [global index] | 'Brandenburg' -> 'Brandenburg'","Q6173","3249080","Dahme-Spreewald","1.0","Exact match via skos:altLabel [global index] | 'Dahme-Spreewald' -> 'Dahme-Spreewald'"
"64","Meichow","Uckermark","Brandenburg","Deutschland","Q183","2921044","Deutschland","1.0","Exact match via rdfs:label [global index] | 'Deutschland' -> 'Deutschland'","Q1208","2945356","Brandenburg","1.0","Exact match via rdfs:label [global index] | 'Brandenburg' -> 'Brandenburg'","Q338635","2820521","Uckermark","1.0","Exact match via rdfs:label [global index] | 'Uckermark' -> 'Uckermark'"
"65","Meichow","Uckermark","Brandenburg","Deutschland","Q183","2921044","Deutschland","1.0","Exact match via rdfs:label [global index] | 'Deutschland' -> 'Deutschland'","Q1208","2945356","Brandenburg","1.0","Exact match via rdfs:label [global index] | 'Brandenburg' -> 'Brandenburg'","Q338635","2820521","Uckermark","1.0","Exact match via rdfs:label [global index] | 'Uckermark' -> 'Uckermark'"
"66","Kerkow","Uckermark","Brandenburg","Deutschland","Q183","2921044","Deutschland","1.0","Exact match via rdfs:label [global index] | 'Deutschland' -> 'Deutschland'","Q1208","2945356","Brandenburg","1.0","Exact match via rdfs:label [global index] | 'Brandenburg' -> 'Brandenburg'","Q338635","2820521","Uckermark","1.0","Exact match via rdfs:label [global index] | 'Uckermark' -> 'Uckermark'"
"67","Angermünde","Uckermark","Brandenburg","Deutschland","Q183","2921044","Deutschland","1.0","Exact match via rdfs:label [global index] | 'Deutschland' -> 'Deutschland'","Q1208","2945356","Brandenburg","1.0","Exact match via rdfs:label [global index] | 'Brandenburg' -> 'Brandenburg'","Q338635","2820521","Uckermark","1.0","Exact match via rdfs:label [global index] | 'Uckermark' -> 'Uckermark'"
"68","Herzsprung","Uckermark","Brandenburg","Deutschland","Q183","2921044","Deutschland","1.0","Exact match via rdfs:label [global index] | 'Deutschland' -> 'Deutschland'","Q1208","2945356","Brandenburg","1.0","Exact match via rdfs:label [global index] | 'Brandenburg' -> 'Brandenburg'","Q338635","2820521","Uckermark","1.0","Exact match via rdfs:label [global index] | 'Uckermark' -> 'Uckermark'"
"69","Gramzow","Uckermark","Brandenburg","Deutschland","Q183","2921044","Deutschland","1.0","Exact match via rdfs:label [global index] | 'Deutschland' -> 'Deutschland'","Q1208","2945356","Brandenburg","1.0","Exact match via rdfs:label [global index] | 'Brandenburg' -> 'Brandenburg'","Q338635","2820521","Uckermark","1.0","Exact match via rdfs:label [global index] | 'Uckermark' -> 'Uckermark'"
"70","Grünow bei Schönermark","Uckermark","Brandenburg","Deutschland","Q183","2921044","Deutschland","1.0","Exact match via rdfs:label [global index] | 'Deutschland' -> 'Deutschland'","Q1208","2945356","Brandenburg","1.0","Exact match via rdfs:label [global index] | 'Brandenburg' -> 'Brandenburg'","Q338635","2820521","Uckermark","1.0","Exact match via rdfs:label [global index] | 'Uckermark' -> 'Uckermark'"
"72","Flemsdorf","Uckermark","Brandenburg","Deutschland","Q183","2921044","Deutschland","1.0","Exact match via rdfs:label [global index] | 'Deutschland' -> 'Deutschland'","Q1208","2945356","Brandenburg","1.0","Exact match via rdfs:label [global index] | 'Brandenburg' -> 'Brandenburg'","Q338635","2820521","Uckermark","1.0","Exact match via rdfs:label [global index] | 'Uckermark' -> 'Uckermark'"
"73","Flemsdorf","Uckermark","Brandenburg","Deutschland","Q183","2921044","Deutschland","1.0","Exact match via rdfs:label [global index] | 'Deutschland' -> 'Deutschland'","Q1208","2945356","Brandenburg","1.0","Exact match via rdfs:label [global index] | 'Brandenburg' -> 'Brandenburg'","Q338635","2820521","Uckermark","1.0","Exact match via rdfs:label [global index] | 'Uckermark' -> 'Uckermark'"
"74","Berkholz zu Berkholz-Meyenburg","Uckermark","Brandenburg","Deutschland","Q183","2921044","Deutschland","1.0","Exact match via rdfs:label [global index] | 'Deutschland' -> 'Deutschland'","Q1208","2945356","Brandenburg","1.0","Exact match via rdfs:label [global index] | 'Brandenburg' -> 'Brandenburg'","Q338635","2820521","Uckermark","1.0","Exact match via rdfs:label [global index] | 'Uckermark' -> 'Uckermark'"
"75","Berkholz zu Berkholz-Meyenburg","Uckermark","Brandenburg","Deutschland","Q183","2921044","Deutschland","1.0","Exact match via rdfs:label [global index] | 'Deutschland' -> 'Deutschland'","Q1208","2945356","Brandenburg","1.0","Exact match via rdfs:label [global index] | 'Brandenburg' -> 'Brandenburg'","Q338635","2820521","Uckermark","1.0","Exact match via rdfs:label [global index] | 'Uckermark' -> 'Uckermark'"
"76","Rietz-Neuendorf","Oder-Spree","Brandenburg","Deutschland","Q183","2921044","Deutschland","1.0","Exact match via rdfs:label [global index] | 'Deutschland' -> 'Deutschland'","Q1208","2945356","Brandenburg","1.0","Exact match via rdfs:label [global index] | 'Brandenburg' -> 'Brandenburg'","Q6178","3249086","Oder-Spree","1.0","Exact match via skos:altLabel [global index] | 'Oder-Spree' -> 'Oder-Spree'"
"77","Sabrodt","Oder-Spree","Brandenburg","Deutschland","Q183","2921044","Deutschland","1.0","Exact match via rdfs:label [global index] | 'Deutschland' -> 'Deutschland'","Q1208","2945356","Brandenburg","1.0","Exact match via rdfs:label [global index] | 'Brandenburg' -> 'Brandenburg'","Q6178","3249086","Oder-Spree","1.0","Exact match via skos:altLabel [global index] | 'Oder-Spree' -> 'Oder-Spree'"
"78","Moryń","pow. Gryfiński","Woj. Lubuskie","Polen","Q36","798544","Polen","1.0","Exact match via rdfs:label [global index] | 'Polen' -> 'Polen'","Q54157","3337494","lubuskie","1.0","Exact match via skos:altLabel [global index] | 'Lubuskie' -> 'lubuskie' | [normalised: stripped -> 'Lubuskie']","Q326895","","Powiat Gryfiński","1.0","Direct override | 'pow. Gryfiński' -> QID=Q326895 | [override -> QID=Q326895]"
"79","Gusow-Platkow","Märkisch-Oderland","Brandenburg","Deutschland","Q183","2921044","Deutschland","1.0","Exact match via rdfs:label [global index] | 'Deutschland' -> 'Deutschland'","Q1208","2945356","Brandenburg","1.0","Exact match via rdfs:label [global index] | 'Brandenburg' -> 'Brandenburg'","Q6181","3249083","Märkisch-Oderland","1.0","Exact match via skos:altLabel [global index] | 'Märkisch-Oderland' -> 'Märkisch-Oderland'"
"80","Seelow","Märkisch-Oderland","Brandenburg","Deutschland","Q183","2921044","Deutschland","1.0","Exact match via rdfs:label [global index] | 'Deutschland' -> 'Deutschland'","Q1208","2945356","Brandenburg","1.0","Exact match via rdfs:label [global index] | 'Brandenburg' -> 'Brandenburg'","Q6181","3249083","Märkisch-Oderland","1.0","Exact match via skos:altLabel [global index] | 'Märkisch-Oderland' -> 'Märkisch-Oderland'"
"81","Gartz","Uckermark","Brandenburg","Deutschland","Q183","2921044","Deutschland","1.0","Exact match via rdfs:label [global index] | 'Deutschland' -> 'Deutschland'","Q1208","2945356","Brandenburg","1.0","Exact match via rdfs:label [global index] | 'Brandenburg' -> 'Brandenburg'","Q338635","2820521","Uckermark","1.0","Exact match via rdfs:label [global index] | 'Uckermark' -> 'Uckermark'"
"82","Neuendorf","Spree-Neiße","Brandenburg","Deutschland","Q183","2921044","Deutschland","1.0","Exact match via rdfs:label [global index] | 'Deutschland' -> 'Deutschland'","Q1208","2945356","Brandenburg","1.0","Exact match via rdfs:label [global index] | 'Brandenburg' -> 'Brandenburg'","Q6165","3249089","Spree-Neiße","1.0","Exact match via skos:altLabel [global index] | 'Spree-Neiße' -> 'Spree-Neiße'"
"83","Niederjesar","Märkisch-Oderland","Brandenburg","Deutschland","Q183","2921044","Deutschland","1.0","Exact match via rdfs:label [global index] | 'Deutschland' -> 'Deutschland'","Q1208","2945356","Brandenburg","1.0","Exact match via rdfs:label [global index] | 'Brandenburg' -> 'Brandenburg'","Q6181","3249083","Märkisch-Oderland","1.0","Exact match via skos:altLabel [global index] | 'Märkisch-Oderland' -> 'Märkisch-Oderland'"
"84","Booßen","Frankfurt (Oder)","Brandenburg","Deutschland","Q183","2921044","Deutschland","1.0","Exact match via rdfs:label [global index] | 'Deutschland' -> 'Deutschland'","Q1208","2945356","Brandenburg","1.0","Exact match via rdfs:label [global index] | 'Brandenburg' -> 'Brandenburg'","Q4024","2925535","Frankfurt (Oder)","1.0","Exact match via rdfs:label [global index] | 'Frankfurt (Oder)' -> 'Frankfurt (Oder)'"
"85","Szczecin","pow. Szczecińska","Woj. Zachodniopomorskie","Polen","Q36","798544","Polen","1.0","Exact match via rdfs:label [global index] | 'Polen' -> 'Polen'","Q54188","3337499","zachodniopomorskie","1.0","Exact match via skos:altLabel [global index] | 'Zachodniopomorskie' -> 'zachodniopomorskie' | [normalised: stripped -> 'Zachodniopomorskie']","Q558408","","Powiat Szczecinecki","1.0","Direct override | 'pow. Szczecińska' -> QID=Q558408 | [override -> QID=Q558408]"
"86","Grötsch","Spree-Neiße","Brandenburg","Deutschland","Q183","2921044","Deutschland","1.0","Exact match via rdfs:label [global index] | 'Deutschland' -> 'Deutschland'","Q1208","2945356","Brandenburg","1.0","Exact match via rdfs:label [global index] | 'Brandenburg' -> 'Brandenburg'","Q6165","3249089","Spree-Neiße","1.0","Exact match via skos:altLabel [global index] | 'Spree-Neiße' -> 'Spree-Neiße'"
"87","Merzdorf","Hoyerswerda","Sachsen","Deutschland","Q183","2921044","Deutschland","1.0","Exact match via rdfs:label [global index] | 'Deutschland' -> 'Deutschland'","Q1202","2842566","Sachsen","1.0","Exact match via rdfs:label [global index] | 'Sachsen' -> 'Sachsen'","Q571947","","Landkreis Hoyerswerda","1.0","Direct override | 'Hoyerswerda' -> QID=Q571947 | [override -> QID=Q571947]"
"88","Boxberg/O.L.","Görlitz","Sachsen","Deutschland","Q183","2921044","Deutschland","1.0","Exact match via rdfs:label [global index] | 'Deutschland' -> 'Deutschland'","Q1202","2842566","Sachsen","1.0","Exact match via rdfs:label [global index] | 'Sachsen' -> 'Sachsen'","Q6317","","Landkreis Görlitz","1.0","Direct override | 'Görlitz' -> QID=Q6317 | [override -> QID=Q6317]"
"89","Boxberg/O.L.","Görlitz","Sachsen","Deutschland","Q183","2921044","Deutschland","1.0","Exact match via rdfs:label [global index] | 'Deutschland' -> 'Deutschland'","Q1202","2842566","Sachsen","1.0","Exact match via rdfs:label [global index] | 'Sachsen' -> 'Sachsen'","Q6317","","Landkreis Görlitz","1.0","Direct override | 'Görlitz' -> QID=Q6317 | [override -> QID=Q6317]"
"90","Heinersbrück","Spree-Neiße","Brandenburg","Deutschland","Q183","2921044","Deutschland","1.0","Exact match via rdfs:label [global index] | 'Deutschland' -> 'Deutschland'","Q1208","2945356","Brandenburg","1.0","Exact match via rdfs:label [global index] | 'Brandenburg' -> 'Brandenburg'","Q6165","3249089","Spree-Neiße","1.0","Exact match via skos:altLabel [global index] | 'Spree-Neiße' -> 'Spree-Neiße'"
"91","Heinersbrück","Spree-Neiße","Brandenburg","Deutschland","Q183","2921044","Deutschland","1.0","Exact match via rdfs:label [global index] | 'Deutschland' -> 'Deutschland'","Q1208","2945356","Brandenburg","1.0","Exact match via rdfs:label [global index] | 'Brandenburg' -> 'Brandenburg'","Q6165","3249089","Spree-Neiße","1.0","Exact match via skos:altLabel [global index] | 'Spree-Neiße' -> 'Spree-Neiße'"
"92","Heinersbrück","Spree-Neiße","Brandenburg","Deutschland","Q183","2921044","Deutschland","1.0","Exact match via rdfs:label [global index] | 'Deutschland' -> 'Deutschland'","Q1208","2945356","Brandenburg","1.0","Exact match via rdfs:label [global index] | 'Brandenburg' -> 'Brandenburg'","Q6165","3249089","Spree-Neiße","1.0","Exact match via skos:altLabel [global index] | 'Spree-Neiße' -> 'Spree-Neiße'"
"93","Gmina Gubin","pow. Krośnieński","Woj. Lubuskie","Polen","Q36","798544","Polen","1.0","Exact match via rdfs:label [global index] | 'Polen' -> 'Polen'","Q54157","3337494","lubuskie","1.0","Exact match via skos:altLabel [global index] | 'Lubuskie' -> 'lubuskie' | [normalised: stripped -> 'Lubuskie']","Q317835","7531030","Powiat Krośnieński","1.0","Exact match via rdfs:label [global index] | 'Powiat Krośnieński' -> 'Powiat Krośnieński'"
"94","Gmina Gubin","pow. Krośnieński","Woj. Lubuskie","Polen","Q36","798544","Polen","1.0","Exact match via rdfs:label [global index] | 'Polen' -> 'Polen'","Q54157","3337494","lubuskie","1.0","Exact match via skos:altLabel [global index] | 'Lubuskie' -> 'lubuskie' | [normalised: stripped -> 'Lubuskie']","Q317835","7531030","Powiat Krośnieński","1.0","Exact match via rdfs:label [global index] | 'Powiat Krośnieński' -> 'Powiat Krośnieński'"
"96","Gmina Kozielice","pow. Pyrzycki","Woj. Zachodniopomorskie","Polen","Q36","798544","Polen","1.0","Exact match via rdfs:label [global index] | 'Polen' -> 'Polen'","Q54188","3337499","zachodniopomorskie","1.0","Exact match via skos:altLabel [global index] | 'Zachodniopomorskie' -> 'zachodniopomorskie' | [normalised: stripped -> 'Zachodniopomorskie']","Q1411599","7530845","Powiat Pyrzycki","1.0","Exact match via rdfs:label [global index] | 'Powiat Pyrzycki' -> 'Powiat Pyrzycki'"
"97","Gmina Brody","pow. Żarski","Woj. Lubuskie","Polen","Q36","798544","Polen","1.0","Exact match via rdfs:label [global index] | 'Polen' -> 'Polen'","Q54157","3337494","lubuskie","1.0","Exact match via skos:altLabel [global index] | 'Lubuskie' -> 'lubuskie' | [normalised: stripped -> 'Lubuskie']","Q318459","7530731","Powiat Żarski","1.0","Exact match via rdfs:label [global index] | 'Powiat Żarski' -> 'Powiat Żarski'"
"98","Gmina Brody","pow. Żarski","Woj. Lubuskie","Polen","Q36","798544","Polen","1.0","Exact match via rdfs:label [global index] | 'Polen' -> 'Polen'","Q54157","3337494","lubuskie","1.0","Exact match via skos:altLabel [global index] | 'Lubuskie' -> 'lubuskie' | [normalised: stripped -> 'Lubuskie']","Q318459","7530731","Powiat Żarski","1.0","Exact match via rdfs:label [global index] | 'Powiat Żarski' -> 'Powiat Żarski'"
"99","Gmina Brody","pow. Żarski","Woj. Lubuskie","Polen","Q36","798544","Polen","1.0","Exact match via rdfs:label [global index] | 'Polen' -> 'Polen'","Q54157","3337494","lubuskie","1.0","Exact match via skos:altLabel [global index] | 'Lubuskie' -> 'lubuskie' | [normalised: stripped -> 'Lubuskie']","Q318459","7530731","Powiat Żarski","1.0","Exact match via rdfs:label [global index] | 'Powiat Żarski' -> 'Powiat Żarski'"
"100","Gmina Gubin","pow. Krosno Odrzańskie","Woj. Lubuskie","Polen","Q36","798544","Polen","1.0","Exact match via rdfs:label [global index] | 'Polen' -> 'Polen'","Q54157","3337494","lubuskie","1.0","Exact match via skos:altLabel [global index] | 'Lubuskie' -> 'lubuskie' | [normalised: stripped -> 'Lubuskie']","Q317835","","Powiat Krośnieński","1.0","Direct override | 'pow. Krosno Odrzańskie' -> QID=Q317835 | [override -> QID=Q317835]"
"101","Gmina Gubin","pow. Krośnieński","Woj. Lubuskie","Polen","Q36","798544","Polen","1.0","Exact match via rdfs:label [global index] | 'Polen' -> 'Polen'","Q54157","3337494","lubuskie","1.0","Exact match via skos:altLabel [global index] | 'Lubuskie' -> 'lubuskie' | [normalised: stripped -> 'Lubuskie']","Q317835","7531030","Powiat Krośnieński","1.0","Exact match via rdfs:label [global index] | 'Powiat Krośnieński' -> 'Powiat Krośnieński'"
"103","Gmina Pyrzyce","pow. Pyrzycki","Woj. Zachodniopomorskie","Polen","Q36","798544","Polen","1.0","Exact match via rdfs:label [global index] | 'Polen' -> 'Polen'","Q54188","3337499","zachodniopomorskie","1.0","Exact match via skos:altLabel [global index] | 'Zachodniopomorskie' -> 'zachodniopomorskie' | [normalised: stripped -> 'Zachodniopomorskie']","Q1411599","7530845","Powiat Pyrzycki","1.0","Exact match via rdfs:label [global index] | 'Powiat Pyrzycki' -> 'Powiat Pyrzycki'"
"107","Gmina Pyrzyce","pow. Pyrzycki","Woj. Zachodniopomorskie","Polen","Q36","798544","Polen","1.0","Exact match via rdfs:label [global index] | 'Polen' -> 'Polen'","Q54188","3337499","zachodniopomorskie","1.0","Exact match via skos:altLabel [global index] | 'Zachodniopomorskie' -> 'zachodniopomorskie' | [normalised: stripped -> 'Zachodniopomorskie']","Q1411599","7530845","Powiat Pyrzycki","1.0","Exact match via rdfs:label [global index] | 'Powiat Pyrzycki' -> 'Powiat Pyrzycki'"
"111","Gmina Dolice","pow. Stargardzki","Woj. Zachodniopomorskie","Polen","Q36","798544","Polen","1.0","Exact match via rdfs:label [global index] | 'Polen' -> 'Polen'","Q54188","3337499","zachodniopomorskie","1.0","Exact match via skos:altLabel [global index] | 'Zachodniopomorskie' -> 'zachodniopomorskie' | [normalised: stripped -> 'Zachodniopomorskie']","Q1340630","7530793","powiat stargardzki","1.0","Exact match via rdfs:label [global index] | 'Powiat Stargardzki' -> 'powiat stargardzki'"
"114","Gmina Nowogródek Pomorski","pow. Myśliborski","Woj. Zachodniopomorskie","Polen","Q36","798544","Polen","1.0","Exact match via rdfs:label [global index] | 'Polen' -> 'Polen'","Q54188","3337499","zachodniopomorskie","1.0","Exact match via skos:altLabel [global index] | 'Zachodniopomorskie' -> 'zachodniopomorskie' | [normalised: stripped -> 'Zachodniopomorskie']","Q558403","7531005","Powiat myśliborski","1.0","Exact match via rdfs:label [global index] | 'Powiat Myśliborski' -> 'Powiat myśliborski'"
"116","Gmina Kłodawa","pow. Gorzów Wielkopolski","Woj. Wielkopolskie","Polen","Q36","798544","Polen","1.0","Exact match via rdfs:label [global index] | 'Polen' -> 'Polen'","Q54187","3337498","wielkopolskie","1.0","Exact match via skos:altLabel [global index] | 'Wielkopolskie' -> 'wielkopolskie' | [normalised: stripped -> 'Wielkopolskie']","Q104731","","Gorzów Wielkopolski","1.0","Direct override | 'pow. Gorzów Wielkopolski' -> QID=Q104731 | [override -> QID=Q104731]"
"119","Gmina Lubniewice","pow. Sulęciński","Woj. Lubuskie","Polen","Q36","798544","Polen","1.0","Exact match via rdfs:label [global index] | 'Polen' -> 'Polen'","Q54157","3337494","lubuskie","1.0","Exact match via skos:altLabel [global index] | 'Lubuskie' -> 'lubuskie' | [normalised: stripped -> 'Lubuskie']","Q318002","7530987","Powiat Sulęciński","1.0","Exact match via rdfs:label [global index] | 'Powiat Sulęciński' -> 'Powiat Sulęciński'"
"120","Sulechów","pow. Zielonogórski","Woj. Lubuskie","Polen","Q36","798544","Polen","1.0","Exact match via rdfs:label [global index] | 'Polen' -> 'Polen'","Q54157","3337494","lubuskie","1.0","Exact match via skos:altLabel [global index] | 'Lubuskie' -> 'lubuskie' | [normalised: stripped -> 'Lubuskie']","Q318384","7531003","Powiat Zielonogórski","1.0","Exact match via rdfs:label [global index] | 'Powiat Zielonogórski' -> 'Powiat Zielonogórski'"
"121","Gmina Sulechów","pow. Zielonogórski","Woj. Wielkopolskie","Polen","Q36","798544","Polen","1.0","Exact match via rdfs:label [global index] | 'Polen' -> 'Polen'","Q54187","3337498","wielkopolskie","1.0","Exact match via skos:altLabel [global index] | 'Wielkopolskie' -> 'wielkopolskie' | [normalised: stripped -> 'Wielkopolskie']","Q318384","7531003","Powiat Zielonogórski","1.0","Exact match via rdfs:label [global index] | 'Powiat Zielonogórski' -> 'Powiat Zielonogórski'"
"122","Gmina Zwierzyn","pow. Strzelecko-Drezdenecki","Woj. Lubuskie","Polen","Q36","798544","Polen","1.0","Exact match via rdfs:label [global index] | 'Polen' -> 'Polen'","Q54157","3337494","lubuskie","1.0","Exact match via skos:altLabel [global index] | 'Lubuskie' -> 'lubuskie' | [normalised: stripped -> 'Lubuskie']","Q317976","7530981","Powiat Strzelecko-Drezdenecki","1.0","Exact match via rdfs:label [global index] | 'Powiat Strzelecko-Drezdenecki' -> 'Powiat Strzelecko-Drezdenecki'"
"123","Gmina Drezdenko","pow. Strzelecko-Drezdenecki","Woj. Wielkopolskie","Polen","Q36","798544","Polen","1.0","Exact match via rdfs:label [global index] | 'Polen' -> 'Polen'","Q54187","3337498","wielkopolskie","1.0","Exact match via skos:altLabel [global index] | 'Wielkopolskie' -> 'wielkopolskie' | [normalised: stripped -> 'Wielkopolskie']","Q317976","7530981","Powiat Strzelecko-Drezdenecki","1.0","Exact match via rdfs:label [global index] | 'Powiat Strzelecko-Drezdenecki' -> 'Powiat Strzelecko-Drezdenecki'"
"125","Gmina Zwierzyn","pow. Strzelecko-Drezdenecki","Woj. Lubuskie","Polen","Q36","798544","Polen","1.0","Exact match via rdfs:label [global index] | 'Polen' -> 'Polen'","Q54157","3337494","lubuskie","1.0","Exact match via skos:altLabel [global index] | 'Lubuskie' -> 'lubuskie' | [normalised: stripped -> 'Lubuskie']","Q317976","7530981","Powiat Strzelecko-Drezdenecki","1.0","Exact match via rdfs:label [global index] | 'Powiat Strzelecko-Drezdenecki' -> 'Powiat Strzelecko-Drezdenecki'"
"126","Gmina Bytom Odrzański","pow. Nowosolski","Woj. Lubuskie","Polen","Q36","798544","Polen","1.0","Exact match via rdfs:label [global index] | 'Polen' -> 'Polen'","Q54157","3337494","lubuskie","1.0","Exact match via skos:altLabel [global index] | 'Lubuskie' -> 'lubuskie' | [normalised: stripped -> 'Lubuskie']","Q317943","7530855","Powiat Nowosolski","1.0","Exact match via rdfs:label [global index] | 'Powiat Nowosolski' -> 'Powiat Nowosolski'"
"128","Gmina Żukowice","pow. Głogówski","Woj. Dolnośląskie","Polen","Q36","798544","Polen","1.0","Exact match via rdfs:label [global index] | 'Polen' -> 'Polen'","Q54150","3337492","dolnośląskie","1.0","Exact match via skos:altLabel [global index] | 'Dolnośląskie' -> 'dolnośląskie' | [normalised: stripped -> 'Dolnośląskie']","Q631754","7530806","Powiat Głogowski","0.9375","Fuzzy match (score=0.94) via rdfs:label [global index] | 'Powiat Głogówski' -> 'Powiat Głogowski'"
"129","Gmina Żukowice","pow. Głogówski","Woj. Dolnośląskie","Polen","Q36","798544","Polen","1.0","Exact match via rdfs:label [global index] | 'Polen' -> 'Polen'","Q54150","3337492","dolnośląskie","1.0","Exact match via skos:altLabel [global index] | 'Dolnośląskie' -> 'dolnośląskie' | [normalised: stripped -> 'Dolnośląskie']","Q631754","7530806","Powiat Głogowski","0.9375","Fuzzy match (score=0.94) via rdfs:label [global index] | 'Powiat Głogówski' -> 'Powiat Głogowski'"
"131","Gmina Głogów","pow. Głogówski","Woj. Dolnośląskie","Polen","Q36","798544","Polen","1.0","Exact match via rdfs:label [global index] | 'Polen' -> 'Polen'","Q54150","3337492","dolnośląskie","1.0","Exact match via skos:altLabel [global index] | 'Dolnośląskie' -> 'dolnośląskie' | [normalised: stripped -> 'Dolnośląskie']","Q631754","7530806","Powiat Głogowski","0.9375","Fuzzy match (score=0.94) via rdfs:label [global index] | 'Powiat Głogówski' -> 'Powiat Głogowski'"
"134","Gmina Głogów","pow. Głogówski","Woj. Dolnośląskie","Polen","Q36","798544","Polen","1.0","Exact match via rdfs:label [global index] | 'Polen' -> 'Polen'","Q54150","3337492","dolnośląskie","1.0","Exact match via skos:altLabel [global index] | 'Dolnośląskie' -> 'dolnośląskie' | [normalised: stripped -> 'Dolnośląskie']","Q631754","7530806","Powiat Głogowski","0.9375","Fuzzy match (score=0.94) via rdfs:label [global index] | 'Powiat Głogówski' -> 'Powiat Głogowski'"
"136","Gmina Głogów","pow. Głogówski","Woj. Dolnośląskie","Polen","Q36","798544","Polen","1.0","Exact match via rdfs:label [global index] | 'Polen' -> 'Polen'","Q54150","3337492","dolnośląskie","1.0","Exact match via skos:altLabel [global index] | 'Dolnośląskie' -> 'dolnośląskie' | [normalised: stripped -> 'Dolnośląskie']","Q631754","7530806","Powiat Głogowski","0.9375","Fuzzy match (score=0.94) via rdfs:label [global index] | 'Powiat Głogówski' -> 'Powiat Głogowski'"
"138","Gmina Głogów","pow. Głogówski","Woj. Dolnośląskie","Polen","Q36","798544","Polen","1.0","Exact match via rdfs:label [global index] | 'Polen' -> 'Polen'","Q54150","3337492","dolnośląskie","1.0","Exact match via skos:altLabel [global index] | 'Dolnośląskie' -> 'dolnośląskie' | [normalised: stripped -> 'Dolnośląskie']","Q631754","7530806","Powiat Głogowski","0.9375","Fuzzy match (score=0.94) via rdfs:label [global index] | 'Powiat Głogówski' -> 'Powiat Głogowski'"
"139","Gmina Głogów","pow. Głogówski","Woj. Dolnośląskie","Polen","Q36","798544","Polen","1.0","Exact match via rdfs:label [global index] | 'Polen' -> 'Polen'","Q54150","3337492","dolnośląskie","1.0","Exact match via skos:altLabel [global index] | 'Dolnośląskie' -> 'dolnośląskie' | [normalised: stripped -> 'Dolnośląskie']","Q631754","7530806","Powiat Głogowski","0.9375","Fuzzy match (score=0.94) via rdfs:label [global index] | 'Powiat Głogówski' -> 'Powiat Głogowski'"
"140","Gmina Jawor","pow. Jaworski","Woj. Dolnośląskie","Polen","Q36","798544","Polen","1.0","Exact match via rdfs:label [global index] | 'Polen' -> 'Polen'","Q54150","3337492","dolnośląskie","1.0","Exact match via skos:altLabel [global index] | 'Dolnośląskie' -> 'dolnośląskie' | [normalised: stripped -> 'Dolnośląskie']","Q637105","7530815","Powiat Jaworski","1.0","Exact match via rdfs:label [global index] | 'Powiat Jaworski' -> 'Powiat Jaworski'"
"141","Gmina Pęcław","pow. Głogówski","Woj. Dolnośląskie","Polen","Q36","798544","Polen","1.0","Exact match via rdfs:label [global index] | 'Polen' -> 'Polen'","Q54150","3337492","dolnośląskie","1.0","Exact match via skos:altLabel [global index] | 'Dolnośląskie' -> 'dolnośląskie' | [normalised: stripped -> 'Dolnośląskie']","Q631754","7530806","Powiat Głogowski","0.9375","Fuzzy match (score=0.94) via rdfs:label [global index] | 'Powiat Głogówski' -> 'Powiat Głogowski'"
"142","Gmina Głogów","pow. Głogówski","Woj. Dolnośląskie","Polen","Q36","798544","Polen","1.0","Exact match via rdfs:label [global index] | 'Polen' -> 'Polen'","Q54150","3337492","dolnośląskie","1.0","Exact match via skos:altLabel [global index] | 'Dolnośląskie' -> 'dolnośląskie' | [normalised: stripped -> 'Dolnośląskie']","Q631754","7530806","Powiat Głogowski","0.9375","Fuzzy match (score=0.94) via rdfs:label [global index] | 'Powiat Głogówski' -> 'Powiat Głogowski'"
"144","Gmina Szlichtyngowa","pow. Wschowski","Woj. Lubuskie","Polen","Q36","798544","Polen","1.0","Exact match via rdfs:label [global index] | 'Polen' -> 'Polen'","Q54157","3337494","lubuskie","1.0","Exact match via skos:altLabel [global index] | 'Lubuskie' -> 'lubuskie' | [normalised: stripped -> 'Lubuskie']","Q318376","7530812","Powiat Wschowski","1.0","Exact match via rdfs:label [global index] | 'Powiat Wschowski' -> 'Powiat Wschowski'"
"145","Gmina Wądroże Wielkie","pow. Jaworski","Woj. Dolnośląskie","Polen","Q36","798544","Polen","1.0","Exact match via rdfs:label [global index] | 'Polen' -> 'Polen'","Q54150","3337492","dolnośląskie","1.0","Exact match via skos:altLabel [global index] | 'Dolnośląskie' -> 'dolnośląskie' | [normalised: stripped -> 'Dolnośląskie']","Q637105","7530815","Powiat Jaworski","1.0","Exact match via rdfs:label [global index] | 'Powiat Jaworski' -> 'Powiat Jaworski'"
"146","Gmina Ścinawa","pow. Lubiński","Woj. Dolnośląskie","Polen","Q36","798544","Polen","1.0","Exact match via rdfs:label [global index] | 'Polen' -> 'Polen'","Q54150","3337492","dolnośląskie","1.0","Exact match via skos:altLabel [global index] | 'Dolnośląskie' -> 'dolnośląskie' | [normalised: stripped -> 'Dolnośląskie']","Q687839","7530831","Powiat Lubiński","1.0","Exact match via rdfs:label [global index] | 'Powiat Lubiński' -> 'Powiat Lubiński'"
"147","Gmina Rudna","pow. Lubiński","Woj. Dolnośląskie","Polen","Q36","798544","Polen","1.0","Exact match via rdfs:label [global index] | 'Polen' -> 'Polen'","Q54150","3337492","dolnośląskie","1.0","Exact match via skos:altLabel [global index] | 'Dolnośląskie' -> 'dolnośląskie' | [normalised: stripped -> 'Dolnośląskie']","Q687839","7530831","Powiat Lubiński","1.0","Exact match via rdfs:label [global index] | 'Powiat Lubiński' -> 'Powiat Lubiński'"
"148","Gmina Góra","pow. Gorẃski","Woj. Dolnośląskie","Polen","Q36","798544","Polen","1.0","Exact match via rdfs:label [global index] | 'Polen' -> 'Polen'","Q54150","3337492","dolnośląskie","1.0","Exact match via skos:altLabel [global index] | 'Dolnośląskie' -> 'dolnośląskie' | [normalised: stripped -> 'Dolnośląskie']","Q636757","7530807","Powiat Górowski","0.8276","Fuzzy match (score=0.83) via rdfs:label [global index] | 'Powiat Gorẃski' -> 'Powiat Górowski'"
"149","Gmina Góra","pow. Gorẃski","Woj. Dolnośląskie","Polen","Q36","798544","Polen","1.0","Exact match via rdfs:label [global index] | 'Polen' -> 'Polen'","Q54150","3337492","dolnośląskie","1.0","Exact match via skos:altLabel [global index] | 'Dolnośląskie' -> 'dolnośląskie' | [normalised: stripped -> 'Dolnośląskie']","Q636757","7530807","Powiat Górowski","0.8276","Fuzzy match (score=0.83) via rdfs:label [global index] | 'Powiat Gorẃski' -> 'Powiat Górowski'"
"150","Gmina Góra","pow. Gorẃski","Woj. Dolnośląskie","Polen","Q36","798544","Polen","1.0","Exact match via rdfs:label [global index] | 'Polen' -> 'Polen'","Q54150","3337492","dolnośląskie","1.0","Exact match via skos:altLabel [global index] | 'Dolnośląskie' -> 'dolnośląskie' | [normalised: stripped -> 'Dolnośląskie']","Q636757","7530807","Powiat Górowski","0.8276","Fuzzy match (score=0.83) via rdfs:label [global index] | 'Powiat Gorẃski' -> 'Powiat Górowski'"
"151","Gmina Brzeg Dolny","pow. Wołowski","Woj. Dolnośląskie","Polen","Q36","798544","Polen","1.0","Exact match via rdfs:label [global index] | 'Polen' -> 'Polen'","Q54150","3337492","dolnośląskie","1.0","Exact match via skos:altLabel [global index] | 'Dolnośląskie' -> 'dolnośląskie' | [normalised: stripped -> 'Dolnośląskie']","Q715925","7530849","Powiat Wołowski","1.0","Exact match via rdfs:label [global index] | 'Powiat Wołowski' -> 'Powiat Wołowski'"
"152","Gmina Kościan","pow. Kościan","Woj. Wielkopolskie","Polen","Q36","798544","Polen","1.0","Exact match via rdfs:label [global index] | 'Polen' -> 'Polen'","Q54187","3337498","wielkopolskie","1.0","Exact match via skos:altLabel [global index] | 'Wielkopolskie' -> 'wielkopolskie' | [normalised: stripped -> 'Wielkopolskie']","Q133188","7531076","Powiat Kościański","0.8387","Fuzzy match (score=0.84) via rdfs:label [global index] | 'Powiat Kościan' -> 'Powiat Kościański'"
"153","Gmina Kościan","pow. Kościan","Woj. Wielkopolskie","Polen","Q36","798544","Polen","1.0","Exact match via rdfs:label [global index] | 'Polen' -> 'Polen'","Q54187","3337498","wielkopolskie","1.0","Exact match via skos:altLabel [global index] | 'Wielkopolskie' -> 'wielkopolskie' | [normalised: stripped -> 'Wielkopolskie']","Q133188","7531076","Powiat Kościański","0.8387","Fuzzy match (score=0.84) via rdfs:label [global index] | 'Powiat Kościan' -> 'Powiat Kościański'"
"154","Gmina Ząbkowice Śląskie","pow. Ząbkowicki","Woj. Dolnośląskie","Polen","Q36","798544","Polen","1.0","Exact match via rdfs:label [global index] | 'Polen' -> 'Polen'","Q54150","3337492","dolnośląskie","1.0","Exact match via skos:altLabel [global index] | 'Dolnośląskie' -> 'dolnośląskie' | [normalised: stripped -> 'Dolnośląskie']","Q716143","7530851","Powiat Ząbkowicki","1.0","Exact match via rdfs:label [global index] | 'Powiat Ząbkowicki' -> 'Powiat Ząbkowicki'"
"155","Gmina Sobótka","pow. Wrocławski","Woj. Dolnośląskie","Polen","Q36","798544","Polen","1.0","Exact match via rdfs:label [global index] | 'Polen' -> 'Polen'","Q54150","3337492","dolnośląskie","1.0","Exact match via skos:altLabel [global index] | 'Dolnośląskie' -> 'dolnośląskie' | [normalised: stripped -> 'Dolnośląskie']","Q715974","7530850","Powiat Wrocławski","1.0","Exact match via rdfs:label [global index] | 'Powiat Wrocławski' -> 'Powiat Wrocławski'"
"156","Gmina Kąty Wrocławskie","pow. Wrocławski","Woj. Dolnośląskie","Polen","Q36","798544","Polen","1.0","Exact match via rdfs:label [global index] | 'Polen' -> 'Polen'","Q54150","3337492","dolnośląskie","1.0","Exact match via skos:altLabel [global index] | 'Dolnośląskie' -> 'dolnośląskie' | [normalised: stripped -> 'Dolnośląskie']","Q715974","7530850","Powiat Wrocławski","1.0","Exact match via rdfs:label [global index] | 'Powiat Wrocławski' -> 'Powiat Wrocławski'"
"157","Gmina Jordanów Śląski","pow. Wrocławski","Woj. Dolnośląskie","Polen","Q36","798544","Polen","1.0","Exact match via rdfs:label [global index] | 'Polen' -> 'Polen'","Q54150","3337492","dolnośląskie","1.0","Exact match via skos:altLabel [global index] | 'Dolnośląskie' -> 'dolnośląskie' | [normalised: stripped -> 'Dolnośląskie']","Q715974","7530850","Powiat Wrocławski","1.0","Exact match via rdfs:label [global index] | 'Powiat Wrocławski' -> 'Powiat Wrocławski'"
"158","Gmina Kobierzyce","pow. Wrocławski","Woj. Dolnośląskie","Polen","Q36","798544","Polen","1.0","Exact match via rdfs:label [global index] | 'Polen' -> 'Polen'","Q54150","3337492","dolnośląskie","1.0","Exact match via skos:altLabel [global index] | 'Dolnośląskie' -> 'dolnośląskie' | [normalised: stripped -> 'Dolnośląskie']","Q715974","7530850","Powiat Wrocławski","1.0","Exact match via rdfs:label [global index] | 'Powiat Wrocławski' -> 'Powiat Wrocławski'"
"159","Gmina Jordanów Śląski","pow. Wrocławski","Woj. Dolnośląskie","Polen","Q36","798544","Polen","1.0","Exact match via rdfs:label [global index] | 'Polen' -> 'Polen'","Q54150","3337492","dolnośląskie","1.0","Exact match via skos:altLabel [global index] | 'Dolnośląskie' -> 'dolnośląskie' | [normalised: stripped -> 'Dolnośląskie']","Q715974","7530850","Powiat Wrocławski","1.0","Exact match via rdfs:label [global index] | 'Powiat Wrocławski' -> 'Powiat Wrocławski'"
"160","Gmina Jordanów Śląski","pow. Wrocławski","Woj. Dolnośląskie","Polen","Q36","798544","Polen","1.0","Exact match via rdfs:label [global index] | 'Polen' -> 'Polen'","Q54150","3337492","dolnośląskie","1.0","Exact match via skos:altLabel [global index] | 'Dolnośląskie' -> 'dolnośląskie' | [normalised: stripped -> 'Dolnośląskie']","Q715974","7530850","Powiat Wrocławski","1.0","Exact match via rdfs:label [global index] | 'Powiat Wrocławski' -> 'Powiat Wrocławski'"
"161","Gmina Wrocław","pow. Wrocławski","Woj. Dolnośląskie","Polen","Q36","798544","Polen","1.0","Exact match via rdfs:label [global index] | 'Polen' -> 'Polen'","Q54150","3337492","dolnośląskie","1.0","Exact match via skos:altLabel [global index] | 'Dolnośląskie' -> 'dolnośląskie' | [normalised: stripped -> 'Dolnośląskie']","Q715974","7530850","Powiat Wrocławski","1.0","Exact match via rdfs:label [global index] | 'Powiat Wrocławski' -> 'Powiat Wrocławski'"
"162","Gmina Wrocław","pow. Wrocławski","Woj. Dolnośląskie","Polen","Q36","798544","Polen","1.0","Exact match via rdfs:label [global index] | 'Polen' -> 'Polen'","Q54150","3337492","dolnośląskie","1.0","Exact match via skos:altLabel [global index] | 'Dolnośląskie' -> 'dolnośląskie' | [normalised: stripped -> 'Dolnośląskie']","Q715974","7530850","Powiat Wrocławski","1.0","Exact match via rdfs:label [global index] | 'Powiat Wrocławski' -> 'Powiat Wrocławski'"
"163","Gmina Wrocław","pow. Wrocławski","Woj. Dolnośląskie","Polen","Q36","798544","Polen","1.0","Exact match via rdfs:label [global index] | 'Polen' -> 'Polen'","Q54150","3337492","dolnośląskie","1.0","Exact match via skos:altLabel [global index] | 'Dolnośląskie' -> 'dolnośląskie' | [normalised: stripped -> 'Dolnośląskie']","Q715974","7530850","Powiat Wrocławski","1.0","Exact match via rdfs:label [global index] | 'Powiat Wrocławski' -> 'Powiat Wrocławski'"
"164","Gmina Wrocław","pow. Wrocławski","Woj. Dolnośląskie","Polen","Q36","798544","Polen","1.0","Exact match via rdfs:label [global index] | 'Polen' -> 'Polen'","Q54150","3337492","dolnośląskie","1.0","Exact match via skos:altLabel [global index] | 'Dolnośląskie' -> 'dolnośląskie' | [normalised: stripped -> 'Dolnośląskie']","Q715974","7530850","Powiat Wrocławski","1.0","Exact match via rdfs:label [global index] | 'Powiat Wrocławski' -> 'Powiat Wrocławski'"
"165","Gmina Paczków","pow. Nyski","Woj. Opolskie","Polen","Q36","798544","Polen","1.0","Exact match via rdfs:label [global index] | 'Polen' -> 'Polen'","Q54171","3337495","opolskie","1.0","Exact match via skos:altLabel [global index] | 'Opolskie' -> 'opolskie' | [normalised: stripped -> 'Opolskie']","Q461537","7530734","Powiat Nyski","1.0","Exact match via rdfs:label [global index] | 'Powiat Nyski' -> 'Powiat Nyski'"
"166","Gmina Oława","pow. Oławski","Woj. Dolnośląskie","Polen","Q36","798544","Polen","1.0","Exact match via rdfs:label [global index] | 'Polen' -> 'Polen'","Q54150","3337492","dolnośląskie","1.0","Exact match via skos:altLabel [global index] | 'Dolnośląskie' -> 'dolnośląskie' | [normalised: stripped -> 'Dolnośląskie']","Q715475","7530835","Powiat Oławski","1.0","Exact match via rdfs:label [global index] | 'Powiat Oławski' -> 'Powiat Oławski'"
"167","Gmina Oława","pow. Oławski","Woj. Dolnośląskie","Polen","Q36","798544","Polen","1.0","Exact match via rdfs:label [global index] | 'Polen' -> 'Polen'","Q54150","3337492","dolnośląskie","1.0","Exact match via skos:altLabel [global index] | 'Dolnośląskie' -> 'dolnośląskie' | [normalised: stripped -> 'Dolnośląskie']","Q715475","7530835","Powiat Oławski","1.0","Exact match via rdfs:label [global index] | 'Powiat Oławski' -> 'Powiat Oławski'"
"168","Gmina Wiązów","pow. Strzeliński","Woj. Dolnośląskie","Polen","Q36","798544","Polen","1.0","Exact match via rdfs:label [global index] | 'Polen' -> 'Polen'","Q54150","3337492","dolnośląskie","1.0","Exact match via skos:altLabel [global index] | 'Dolnośląskie' -> 'dolnośląskie' | [normalised: stripped -> 'Dolnośląskie']","Q179986","7530837","Powiat Strzeliński","1.0","Exact match via rdfs:label [global index] | 'Powiat Strzeliński' -> 'Powiat Strzeliński'"
"169","Gmina Kcynia","pow. Nakielski","Woj. Wielkopolskie","Polen","Q36","798544","Polen","1.0","Exact match via rdfs:label [global index] | 'Polen' -> 'Polen'","Q54187","3337498","wielkopolskie","1.0","Exact match via skos:altLabel [global index] | 'Wielkopolskie' -> 'wielkopolskie' | [normalised: stripped -> 'Wielkopolskie']","Q583446","7530913","Powiat Nakielski","1.0","Exact match via rdfs:label [global index] | 'Powiat Nakielski' -> 'Powiat Nakielski'"
"170","Gmina Branice","pow. Głubczycki","Woj. Opolskie","Polen","Q36","798544","Polen","1.0","Exact match via rdfs:label [global index] | 'Polen' -> 'Polen'","Q54171","3337495","opolskie","1.0","Exact match via skos:altLabel [global index] | 'Opolskie' -> 'opolskie' | [normalised: stripped -> 'Opolskie']","Q461252","7531046","Powiat Głubczycki","1.0","Exact match via rdfs:label [global index] | 'Powiat Głubczycki' -> 'Powiat Głubczycki'"
"171","Gmina Głogówek","pow. Prudnicki","Woj. Opolskie","Polen","Q36","798544","Polen","1.0","Exact match via rdfs:label [global index] | 'Polen' -> 'Polen'","Q54171","3337495","opolskie","1.0","Exact match via skos:altLabel [global index] | 'Opolskie' -> 'opolskie' | [normalised: stripped -> 'Opolskie']","Q462130","7531047","powiat prudnicki","1.0","Exact match via rdfs:label [global index] | 'Powiat Prudnicki' -> 'powiat prudnicki'"
"172","Gmina Słubca","pow. Słupecki","Woj. Małopolskie","Polen","Q36","798544","Polen","1.0","Exact match via rdfs:label [global index] | 'Polen' -> 'Polen'","Q54159","858786","małopolskie","1.0","Exact match via skos:altLabel [global index] | 'Małopolskie' -> 'małopolskie' | [normalised: stripped -> 'Małopolskie']","Q133257","","Powiat Słupecki","1.0","Direct override | 'pow. Słupecki' -> QID=Q133257 | [override -> QID=Q133257]"
"173","Gmina Raciborz","pow. Raciborski","Woj. Śląskie","Polen","Q36","798544","Polen","1.0","Exact match via rdfs:label [global index] | 'Polen' -> 'Polen'","Q54181","3337497","śląskie","1.0","Direct override | 'Woj. Śląskie' -> QID=Q54181 | [stripped -> 'Śląskie'; override -> QID=Q54181]","Q554313","7531054","Powiat Raciborski","1.0","Exact match via rdfs:label [global index] | 'Powiat Raciborski' -> 'Powiat Raciborski'"
"174","Gmina Bukowiec","pow. Świecki","Woj. Kujawsko-Pomorskie","Polen","Q36","798544","Polen","1.0","Exact match via rdfs:label [global index] | 'Polen' -> 'Polen'","Q54153","3337500","kujawsko-pomorskie","1.0","Exact match via skos:altLabel [global index] | 'Kujawsko-Pomorskie' -> 'kujawsko-pomorskie' | [normalised: stripped -> 'Kujawsko-Pomorskie']","Q774944","7530917","Powiat Świecki","1.0","Exact match via rdfs:label [global index] | 'Powiat Świecki' -> 'Powiat Świecki'"
"175","Gmina Chełmża","pow. Toruński","Woj. Kujawsko-Pomorskie","Polen","Q36","798544","Polen","1.0","Exact match via rdfs:label [global index] | 'Polen' -> 'Polen'","Q54153","3337500","kujawsko-pomorskie","1.0","Exact match via skos:altLabel [global index] | 'Kujawsko-Pomorskie' -> 'kujawsko-pomorskie' | [normalised: stripped -> 'Kujawsko-Pomorskie']","Q650180","7530918","powiat toruński","1.0","Exact match via rdfs:label [global index] | 'Powiat Toruński' -> 'powiat toruński'"
"176","Skórcz","pow. Starogardzki","Woj. Pomorskie","Polen","Q36","798544","Polen","1.0","Exact match via rdfs:label [global index] | 'Polen' -> 'Polen'","Q54180","3337496","pomorskie","1.0","Exact match via skos:altLabel [global index] | 'Pomorskie' -> 'pomorskie' | [normalised: stripped -> 'Pomorskie']","Q1341090","7530934","Powiat Starogardzki","1.0","Exact match via rdfs:label [global index] | 'Powiat Starogardzki' -> 'Powiat Starogardzki'"
"177","Pelplin","pow. Tczewski","Woj. Pomorskie","Polen","Q36","798544","Polen","1.0","Exact match via rdfs:label [global index] | 'Polen' -> 'Polen'","Q54180","3337496","pomorskie","1.0","Exact match via skos:altLabel [global index] | 'Pomorskie' -> 'pomorskie' | [normalised: stripped -> 'Pomorskie']","Q1341069","7530935","Powiat Tczewski","1.0","Exact match via rdfs:label [global index] | 'Powiat Tczewski' -> 'Powiat Tczewski'"
"178","Pelplin","pow. Tczewski","Woj. Pomorskie","Polen","Q36","798544","Polen","1.0","Exact match via rdfs:label [global index] | 'Polen' -> 'Polen'","Q54180","3337496","pomorskie","1.0","Exact match via skos:altLabel [global index] | 'Pomorskie' -> 'pomorskie' | [normalised: stripped -> 'Pomorskie']","Q1341069","7530935","Powiat Tczewski","1.0","Exact match via rdfs:label [global index] | 'Powiat Tczewski' -> 'Powiat Tczewski'"
"179","Gmina Chełmża","pow. Toruński","Woj. Kujawsko-Pomorskie","Polen","Q36","798544","Polen","1.0","Exact match via rdfs:label [global index] | 'Polen' -> 'Polen'","Q54153","3337500","kujawsko-pomorskie","1.0","Exact match via skos:altLabel [global index] | 'Kujawsko-Pomorskie' -> 'kujawsko-pomorskie' | [normalised: stripped -> 'Kujawsko-Pomorskie']","Q650180","7530918","powiat toruński","1.0","Exact match via rdfs:label [global index] | 'Powiat Toruński' -> 'powiat toruński'"
"180","Gmina Osięciny","pow. Radziejowski","Woj. Kujawsko-Pomorskie","Polen","Q36","798544","Polen","1.0","Exact match via rdfs:label [global index] | 'Polen' -> 'Polen'","Q54153","3337500","kujawsko-pomorskie","1.0","Exact match via skos:altLabel [global index] | 'Kujawsko-Pomorskie' -> 'kujawsko-pomorskie' | [normalised: stripped -> 'Kujawsko-Pomorskie']","Q687625","7530914","powiat radziejowski","1.0","Exact match via rdfs:label [global index] | 'Powiat Radziejowski' -> 'powiat radziejowski'"
"181","Gmina Zakrzewo","pow. Aleksandrowski","Woj. Kujawsko-Pomorskie","Polen","Q36","798544","Polen","1.0","Exact match via rdfs:label [global index] | 'Polen' -> 'Polen'","Q54153","3337500","kujawsko-pomorskie","1.0","Exact match via skos:altLabel [global index] | 'Kujawsko-Pomorskie' -> 'kujawsko-pomorskie' | [normalised: stripped -> 'Kujawsko-Pomorskie']","Q750491","7530904","Powiat Aleksandrowski","1.0","Exact match via rdfs:label [global index] | 'Powiat Aleksandrowski' -> 'Powiat Aleksandrowski'"
"182","Gmina Osięciny","pow. Radziejowski","Woj. Kujawsko-Pomorskie","Polen","Q36","798544","Polen","1.0","Exact match via rdfs:label [global index] | 'Polen' -> 'Polen'","Q54153","3337500","kujawsko-pomorskie","1.0","Exact match via skos:altLabel [global index] | 'Kujawsko-Pomorskie' -> 'kujawsko-pomorskie' | [normalised: stripped -> 'Kujawsko-Pomorskie']","Q687625","7530914","powiat radziejowski","1.0","Exact match via rdfs:label [global index] | 'Powiat Radziejowski' -> 'powiat radziejowski'"
"183","Gmina Osięciny","pow. Radziejowski","Woj. Kujawsko-Pomorskie","Polen","Q36","798544","Polen","1.0","Exact match via rdfs:label [global index] | 'Polen' -> 'Polen'","Q54153","3337500","kujawsko-pomorskie","1.0","Exact match via skos:altLabel [global index] | 'Kujawsko-Pomorskie' -> 'kujawsko-pomorskie' | [normalised: stripped -> 'Kujawsko-Pomorskie']","Q687625","7530914","powiat radziejowski","1.0","Exact match via rdfs:label [global index] | 'Powiat Radziejowski' -> 'powiat radziejowski'"
"184","Gmina Osięciny","pow. Radziejowski","Woj. Kujawsko-Pomorskie","Polen","Q36","798544","Polen","1.0","Exact match via rdfs:label [global index] | 'Polen' -> 'Polen'","Q54153","3337500","kujawsko-pomorskie","1.0","Exact match via skos:altLabel [global index] | 'Kujawsko-Pomorskie' -> 'kujawsko-pomorskie' | [normalised: stripped -> 'Kujawsko-Pomorskie']","Q687625","7530914","powiat radziejowski","1.0","Exact match via rdfs:label [global index] | 'Powiat Radziejowski' -> 'powiat radziejowski'"
"185","Gmina Osięciny","pow. Radziejowski","Woj. Kujawsko-Pomorskie","Polen","Q36","798544","Polen","1.0","Exact match via rdfs:label [global index] | 'Polen' -> 'Polen'","Q54153","3337500","kujawsko-pomorskie","1.0","Exact match via skos:altLabel [global index] | 'Kujawsko-Pomorskie' -> 'kujawsko-pomorskie' | [normalised: stripped -> 'Kujawsko-Pomorskie']","Q687625","7530914","powiat radziejowski","1.0","Exact match via rdfs:label [global index] | 'Powiat Radziejowski' -> 'powiat radziejowski'"
"186","Gmina Brześć Kujawski","pow. Włocławski","Woj. Kujawsko-Pomorskie","Polen","Q36","798544","Polen","1.0","Exact match via rdfs:label [global index] | 'Polen' -> 'Polen'","Q54153","3337500","kujawsko-pomorskie","1.0","Exact match via skos:altLabel [global index] | 'Kujawsko-Pomorskie' -> 'kujawsko-pomorskie' | [normalised: stripped -> 'Kujawsko-Pomorskie']","Q774833","7530921","Powiat Włocławski","1.0","Exact match via rdfs:label [global index] | 'Powiat Włocławski' -> 'Powiat Włocławski'"
"187","Gmina Brześć Kujawski","pow. Włocławski","Woj. Kujawsko-Pomorskie","Polen","Q36","798544","Polen","1.0","Exact match via rdfs:label [global index] | 'Polen' -> 'Polen'","Q54153","3337500","kujawsko-pomorskie","1.0","Exact match via skos:altLabel [global index] | 'Kujawsko-Pomorskie' -> 'kujawsko-pomorskie' | [normalised: stripped -> 'Kujawsko-Pomorskie']","Q774833","7530921","Powiat Włocławski","1.0","Exact match via rdfs:label [global index] | 'Powiat Włocławski' -> 'Powiat Włocławski'"
"188","Gmina Osięciny","pow. Radziejowski","Woj. Kujawsko-Pomorskie","Polen","Q36","798544","Polen","1.0","Exact match via rdfs:label [global index] | 'Polen' -> 'Polen'","Q54153","3337500","kujawsko-pomorskie","1.0","Exact match via skos:altLabel [global index] | 'Kujawsko-Pomorskie' -> 'kujawsko-pomorskie' | [normalised: stripped -> 'Kujawsko-Pomorskie']","Q687625","7530914","powiat radziejowski","1.0","Exact match via rdfs:label [global index] | 'Powiat Radziejowski' -> 'powiat radziejowski'"
"189","Gmina Osięciny","pow. Radziejowski","Woj. Kujawsko-Pomorskie","Polen","Q36","798544","Polen","1.0","Exact match via rdfs:label [global index] | 'Polen' -> 'Polen'","Q54153","3337500","kujawsko-pomorskie","1.0","Exact match via skos:altLabel [global index] | 'Kujawsko-Pomorskie' -> 'kujawsko-pomorskie' | [normalised: stripped -> 'Kujawsko-Pomorskie']","Q687625","7530914","powiat radziejowski","1.0","Exact match via rdfs:label [global index] | 'Powiat Radziejowski' -> 'powiat radziejowski'"
"190","Gmina Osięciny","pow. Radziejowski","Woj. Kujawsko-Pomorskie","Polen","Q36","798544","Polen","1.0","Exact match via rdfs:label [global index] | 'Polen' -> 'Polen'","Q54153","3337500","kujawsko-pomorskie","1.0","Exact match via skos:altLabel [global index] | 'Kujawsko-Pomorskie' -> 'kujawsko-pomorskie' | [normalised: stripped -> 'Kujawsko-Pomorskie']","Q687625","7530914","powiat radziejowski","1.0","Exact match via rdfs:label [global index] | 'Powiat Radziejowski' -> 'powiat radziejowski'"
"191","Gmina Osięciny","pow. Radziejowski","Woj. Kujawsko-Pomorskie","Polen","Q36","798544","Polen","1.0","Exact match via rdfs:label [global index] | 'Polen' -> 'Polen'","Q54153","3337500","kujawsko-pomorskie","1.0","Exact match via skos:altLabel [global index] | 'Kujawsko-Pomorskie' -> 'kujawsko-pomorskie' | [normalised: stripped -> 'Kujawsko-Pomorskie']","Q687625","7530914","powiat radziejowski","1.0","Exact match via rdfs:label [global index] | 'Powiat Radziejowski' -> 'powiat radziejowski'"
"192","Gmina Osięciny","pow. Radziejowski","Woj. Kujawsko-Pomorskie","Polen","Q36","798544","Polen","1.0","Exact match via rdfs:label [global index] | 'Polen' -> 'Polen'","Q54153","3337500","kujawsko-pomorskie","1.0","Exact match via skos:altLabel [global index] | 'Kujawsko-Pomorskie' -> 'kujawsko-pomorskie' | [normalised: stripped -> 'Kujawsko-Pomorskie']","Q687625","7530914","powiat radziejowski","1.0","Exact match via rdfs:label [global index] | 'Powiat Radziejowski' -> 'powiat radziejowski'"
"193","Gmina Osięciny","pow. Radziejowski","Woj. Kujawsko-Pomorskie","Polen","Q36","798544","Polen","1.0","Exact match via rdfs:label [global index] | 'Polen' -> 'Polen'","Q54153","3337500","kujawsko-pomorskie","1.0","Exact match via skos:altLabel [global index] | 'Kujawsko-Pomorskie' -> 'kujawsko-pomorskie' | [normalised: stripped -> 'Kujawsko-Pomorskie']","Q687625","7530914","powiat radziejowski","1.0","Exact match via rdfs:label [global index] | 'Powiat Radziejowski' -> 'powiat radziejowski'"
"194","Gmina Osięciny","pow. Radziejowski","Woj. Kujawsko-Pomorskie","Polen","Q36","798544","Polen","1.0","Exact match via rdfs:label [global index] | 'Polen' -> 'Polen'","Q54153","3337500","kujawsko-pomorskie","1.0","Exact match via skos:altLabel [global index] | 'Kujawsko-Pomorskie' -> 'kujawsko-pomorskie' | [normalised: stripped -> 'Kujawsko-Pomorskie']","Q687625","7530914","powiat radziejowski","1.0","Exact match via rdfs:label [global index] | 'Powiat Radziejowski' -> 'powiat radziejowski'"
"195","Gmina Osięciny","pow. Radziejowski","Woj. Kujawsko-Pomorskie","Polen","Q36","798544","Polen","1.0","Exact match via rdfs:label [global index] | 'Polen' -> 'Polen'","Q54153","3337500","kujawsko-pomorskie","1.0","Exact match via skos:altLabel [global index] | 'Kujawsko-Pomorskie' -> 'kujawsko-pomorskie' | [normalised: stripped -> 'Kujawsko-Pomorskie']","Q687625","7530914","powiat radziejowski","1.0","Exact match via rdfs:label [global index] | 'Powiat Radziejowski' -> 'powiat radziejowski'"
"196","Gmina Osięciny","pow. Radziejowski","Woj. Kujawsko-Pomorskie","Polen","Q36","798544","Polen","1.0","Exact match via rdfs:label [global index] | 'Polen' -> 'Polen'","Q54153","3337500","kujawsko-pomorskie","1.0","Exact match via skos:altLabel [global index] | 'Kujawsko-Pomorskie' -> 'kujawsko-pomorskie' | [normalised: stripped -> 'Kujawsko-Pomorskie']","Q687625","7530914","powiat radziejowski","1.0","Exact match via rdfs:label [global index] | 'Powiat Radziejowski' -> 'powiat radziejowski'"
"197","Gmina Osięciny","pow. Radziejowski","Woj. Kujawsko-Pomorskie","Polen","Q36","798544","Polen","1.0","Exact match via rdfs:label [global index] | 'Polen' -> 'Polen'","Q54153","3337500","kujawsko-pomorskie","1.0","Exact match via skos:altLabel [global index] | 'Kujawsko-Pomorskie' -> 'kujawsko-pomorskie' | [normalised: stripped -> 'Kujawsko-Pomorskie']","Q687625","7530914","powiat radziejowski","1.0","Exact match via rdfs:label [global index] | 'Powiat Radziejowski' -> 'powiat radziejowski'"
"198","Gmina Osięciny","pow. Radziejowski","Woj. Kujawsko-Pomorskie","Polen","Q36","798544","Polen","1.0","Exact match via rdfs:label [global index] | 'Polen' -> 'Polen'","Q54153","3337500","kujawsko-pomorskie","1.0","Exact match via skos:altLabel [global index] | 'Kujawsko-Pomorskie' -> 'kujawsko-pomorskie' | [normalised: stripped -> 'Kujawsko-Pomorskie']","Q687625","7530914","powiat radziejowski","1.0","Exact match via rdfs:label [global index] | 'Powiat Radziejowski' -> 'powiat radziejowski'"
"199","Gmina Osięciny","pow. Radziejowski","Woj. Kujawsko-Pomorskie","Polen","Q36","798544","Polen","1.0","Exact match via rdfs:label [global index] | 'Polen' -> 'Polen'","Q54153","3337500","kujawsko-pomorskie","1.0","Exact match via skos:altLabel [global index] | 'Kujawsko-Pomorskie' -> 'kujawsko-pomorskie' | [normalised: stripped -> 'Kujawsko-Pomorskie']","Q687625","7530914","powiat radziejowski","1.0","Exact match via rdfs:label [global index] | 'Powiat Radziejowski' -> 'powiat radziejowski'"
"200","Gmina Brześć Kujawski","pow. Włocławski","Woj. Kujawsko-Pomorskie","Polen","Q36","798544","Polen","1.0","Exact match via rdfs:label [global index] | 'Polen' -> 'Polen'","Q54153","3337500","kujawsko-pomorskie","1.0","Exact match via skos:altLabel [global index] | 'Kujawsko-Pomorskie' -> 'kujawsko-pomorskie' | [normalised: stripped -> 'Kujawsko-Pomorskie']","Q774833","7530921","Powiat Włocławski","1.0","Exact match via rdfs:label [global index] | 'Powiat Włocławski' -> 'Powiat Włocławski'"
"201","Gmina Brześć Kujawski","pow. Włocławski","Woj. Kujawsko-Pomorskie","Polen","Q36","798544","Polen","1.0","Exact match via rdfs:label [global index] | 'Polen' -> 'Polen'","Q54153","3337500","kujawsko-pomorskie","1.0","Exact match via skos:altLabel [global index] | 'Kujawsko-Pomorskie' -> 'kujawsko-pomorskie' | [normalised: stripped -> 'Kujawsko-Pomorskie']","Q774833","7530921","Powiat Włocławski","1.0","Exact match via rdfs:label [global index] | 'Powiat Włocławski' -> 'Powiat Włocławski'"
"202","Gmina Brześć Kujawski","pow. Włocławski","Woj. Kujawsko-Pomorskie","Polen","Q36","798544","Polen","1.0","Exact match via rdfs:label [global index] | 'Polen' -> 'Polen'","Q54153","3337500","kujawsko-pomorskie","1.0","Exact match via skos:altLabel [global index] | 'Kujawsko-Pomorskie' -> 'kujawsko-pomorskie' | [normalised: stripped -> 'Kujawsko-Pomorskie']","Q774833","7530921","Powiat Włocławski","1.0","Exact match via rdfs:label [global index] | 'Powiat Włocławski' -> 'Powiat Włocławski'"
"203","Gmina Brześć Kujawski","pow. Włocławski","Woj. Kujawsko-Pomorskie","Polen","Q36","798544","Polen","1.0","Exact match via rdfs:label [global index] | 'Polen' -> 'Polen'","Q54153","3337500","kujawsko-pomorskie","1.0","Exact match via skos:altLabel [global index] | 'Kujawsko-Pomorskie' -> 'kujawsko-pomorskie' | [normalised: stripped -> 'Kujawsko-Pomorskie']","Q774833","7530921","Powiat Włocławski","1.0","Exact match via rdfs:label [global index] | 'Powiat Włocławski' -> 'Powiat Włocławski'"
"204","Gmina Brześć Kujawski","pow. Włocławski","Woj. Kujawsko-Pomorskie","Polen","Q36","798544","Polen","1.0","Exact match via rdfs:label [global index] | 'Polen' -> 'Polen'","Q54153","3337500","kujawsko-pomorskie","1.0","Exact match via skos:altLabel [global index] | 'Kujawsko-Pomorskie' -> 'kujawsko-pomorskie' | [normalised: stripped -> 'Kujawsko-Pomorskie']","Q774833","7530921","Powiat Włocławski","1.0","Exact match via rdfs:label [global index] | 'Powiat Włocławski' -> 'Powiat Włocławski'"
"205","Gmina Brześć Kujawski","pow. Włocławski","Woj. Kujawsko-Pomorskie","Polen","Q36","798544","Polen","1.0","Exact match via rdfs:label [global index] | 'Polen' -> 'Polen'","Q54153","3337500","kujawsko-pomorskie","1.0","Exact match via skos:altLabel [global index] | 'Kujawsko-Pomorskie' -> 'kujawsko-pomorskie' | [normalised: stripped -> 'Kujawsko-Pomorskie']","Q774833","7530921","Powiat Włocławski","1.0","Exact match via rdfs:label [global index] | 'Powiat Włocławski' -> 'Powiat Włocławski'"
"206","Gmina Brześć Kujawski","pow. Włocławski","Woj. Kujawsko-Pomorskie","Polen","Q36","798544","Polen","1.0","Exact match via rdfs:label [global index] | 'Polen' -> 'Polen'","Q54153","3337500","kujawsko-pomorskie","1.0","Exact match via skos:altLabel [global index] | 'Kujawsko-Pomorskie' -> 'kujawsko-pomorskie' | [normalised: stripped -> 'Kujawsko-Pomorskie']","Q774833","7530921","Powiat Włocławski","1.0","Exact match via rdfs:label [global index] | 'Powiat Włocławski' -> 'Powiat Włocławski'"
"207","Gmina Brześć Kujawski","pow. Włocławski","Woj. Kujawsko-Pomorskie","Polen","Q36","798544","Polen","1.0","Exact match via rdfs:label [global index] | 'Polen' -> 'Polen'","Q54153","3337500","kujawsko-pomorskie","1.0","Exact match via skos:altLabel [global index] | 'Kujawsko-Pomorskie' -> 'kujawsko-pomorskie' | [normalised: stripped -> 'Kujawsko-Pomorskie']","Q774833","7530921","Powiat Włocławski","1.0","Exact match via rdfs:label [global index] | 'Powiat Włocławski' -> 'Powiat Włocławski'"
"208","Gmina Brześć Kujawski","pow. Włocławski","Woj. Kujawsko-Pomorskie","Polen","Q36","798544","Polen","1.0","Exact match via rdfs:label [global index] | 'Polen' -> 'Polen'","Q54153","3337500","kujawsko-pomorskie","1.0","Exact match via skos:altLabel [global index] | 'Kujawsko-Pomorskie' -> 'kujawsko-pomorskie' | [normalised: stripped -> 'Kujawsko-Pomorskie']","Q774833","7530921","Powiat Włocławski","1.0","Exact match via rdfs:label [global index] | 'Powiat Włocławski' -> 'Powiat Włocławski'"
"209","Gmina Brześć Kujawski","pow. Włocławski","Woj. Kujawsko-Pomorskie","Polen","Q36","798544","Polen","1.0","Exact match via rdfs:label [global index] | 'Polen' -> 'Polen'","Q54153","3337500","kujawsko-pomorskie","1.0","Exact match via skos:altLabel [global index] | 'Kujawsko-Pomorskie' -> 'kujawsko-pomorskie' | [normalised: stripped -> 'Kujawsko-Pomorskie']","Q774833","7530921","Powiat Włocławski","1.0","Exact match via rdfs:label [global index] | 'Powiat Włocławski' -> 'Powiat Włocławski'"
"210","Gmina Brześć Kujawski","pow. Włocławski","Woj. Kujawsko-Pomorskie","Polen","Q36","798544","Polen","1.0","Exact match via rdfs:label [global index] | 'Polen' -> 'Polen'","Q54153","3337500","kujawsko-pomorskie","1.0","Exact match via skos:altLabel [global index] | 'Kujawsko-Pomorskie' -> 'kujawsko-pomorskie' | [normalised: stripped -> 'Kujawsko-Pomorskie']","Q774833","7530921","Powiat Włocławski","1.0","Exact match via rdfs:label [global index] | 'Powiat Włocławski' -> 'Powiat Włocławski'"
"211","Gmina Brześć Kujawski","pow. Włocławski","Woj. Kujawsko-Pomorskie","Polen","Q36","798544","Polen","1.0","Exact match via rdfs:label [global index] | 'Polen' -> 'Polen'","Q54153","3337500","kujawsko-pomorskie","1.0","Exact match via skos:altLabel [global index] | 'Kujawsko-Pomorskie' -> 'kujawsko-pomorskie' | [normalised: stripped -> 'Kujawsko-Pomorskie']","Q774833","7530921","Powiat Włocławski","1.0","Exact match via rdfs:label [global index] | 'Powiat Włocławski' -> 'Powiat Włocławski'"
"212","Gmina Brześć Kujawski","pow. Włocławski","Woj. Kujawsko-Pomorskie","Polen","Q36","798544","Polen","1.0","Exact match via rdfs:label [global index] | 'Polen' -> 'Polen'","Q54153","3337500","kujawsko-pomorskie","1.0","Exact match via skos:altLabel [global index] | 'Kujawsko-Pomorskie' -> 'kujawsko-pomorskie' | [normalised: stripped -> 'Kujawsko-Pomorskie']","Q774833","7530921","Powiat Włocławski","1.0","Exact match via rdfs:label [global index] | 'Powiat Włocławski' -> 'Powiat Włocławski'"
"213","Gmina Brześć Kujawski","pow. Włocławski","Woj. Kujawsko-Pomorskie","Polen","Q36","798544","Polen","1.0","Exact match via rdfs:label [global index] | 'Polen' -> 'Polen'","Q54153","3337500","kujawsko-pomorskie","1.0","Exact match via skos:altLabel [global index] | 'Kujawsko-Pomorskie' -> 'kujawsko-pomorskie' | [normalised: stripped -> 'Kujawsko-Pomorskie']","Q774833","7530921","Powiat Włocławski","1.0","Exact match via rdfs:label [global index] | 'Powiat Włocławski' -> 'Powiat Włocławski'"
"214","Gmina Brześć Kujawski","pow. Włocławski","Woj. Kujawsko-Pomorskie","Polen","Q36","798544","Polen","1.0","Exact match via rdfs:label [global index] | 'Polen' -> 'Polen'","Q54153","3337500","kujawsko-pomorskie","1.0","Exact match via skos:altLabel [global index] | 'Kujawsko-Pomorskie' -> 'kujawsko-pomorskie' | [normalised: stripped -> 'Kujawsko-Pomorskie']","Q774833","7530921","Powiat Włocławski","1.0","Exact match via rdfs:label [global index] | 'Powiat Włocławski' -> 'Powiat Włocławski'"
"215","Gmina Brześć Kujawski","pow. Włocławski","Woj. Kujawsko-Pomorskie","Polen","Q36","798544","Polen","1.0","Exact match via rdfs:label [global index] | 'Polen' -> 'Polen'","Q54153","3337500","kujawsko-pomorskie","1.0","Exact match via skos:altLabel [global index] | 'Kujawsko-Pomorskie' -> 'kujawsko-pomorskie' | [normalised: stripped -> 'Kujawsko-Pomorskie']","Q774833","7530921","Powiat Włocławski","1.0","Exact match via rdfs:label [global index] | 'Powiat Włocławski' -> 'Powiat Włocławski'"
"216","Gmina Brześć Kujawski","pow. Włocławski","Woj. Kujawsko-Pomorskie","Polen","Q36","798544","Polen","1.0","Exact match via rdfs:label [global index] | 'Polen' -> 'Polen'","Q54153","3337500","kujawsko-pomorskie","1.0","Exact match via skos:altLabel [global index] | 'Kujawsko-Pomorskie' -> 'kujawsko-pomorskie' | [normalised: stripped -> 'Kujawsko-Pomorskie']","Q774833","7530921","Powiat Włocławski","1.0","Exact match via rdfs:label [global index] | 'Powiat Włocławski' -> 'Powiat Włocławski'"
"217","Gmina Brześć Kujawski","pow. Włocławski","Woj. Kujawsko-Pomorskie","Polen","Q36","798544","Polen","1.0","Exact match via rdfs:label [global index] | 'Polen' -> 'Polen'","Q54153","3337500","kujawsko-pomorskie","1.0","Exact match via skos:altLabel [global index] | 'Kujawsko-Pomorskie' -> 'kujawsko-pomorskie' | [normalised: stripped -> 'Kujawsko-Pomorskie']","Q774833","7530921","Powiat Włocławski","1.0","Exact match via rdfs:label [global index] | 'Powiat Włocławski' -> 'Powiat Włocławski'"
"218","Gmina Brześć Kujawski","pow. Włocławski","Woj. Kujawsko-Pomorskie","Polen","Q36","798544","Polen","1.0","Exact match via rdfs:label [global index] | 'Polen' -> 'Polen'","Q54153","3337500","kujawsko-pomorskie","1.0","Exact match via skos:altLabel [global index] | 'Kujawsko-Pomorskie' -> 'kujawsko-pomorskie' | [normalised: stripped -> 'Kujawsko-Pomorskie']","Q774833","7530921","Powiat Włocławski","1.0","Exact match via rdfs:label [global index] | 'Powiat Włocławski' -> 'Powiat Włocławski'"
"219","Gmina Brześć Kujawski","pow. Włocławski","Woj. Kujawsko-Pomorskie","Polen","Q36","798544","Polen","1.0","Exact match via rdfs:label [global index] | 'Polen' -> 'Polen'","Q54153","3337500","kujawsko-pomorskie","1.0","Exact match via skos:altLabel [global index] | 'Kujawsko-Pomorskie' -> 'kujawsko-pomorskie' | [normalised: stripped -> 'Kujawsko-Pomorskie']","Q774833","7530921","Powiat Włocławski","1.0","Exact match via rdfs:label [global index] | 'Powiat Włocławski' -> 'Powiat Włocławski'"
"220","Gmina Brześć Kujawski","pow. Włocławski","Woj. Kujawsko-Pomorskie","Polen","Q36","798544","Polen","1.0","Exact match via rdfs:label [global index] | 'Polen' -> 'Polen'","Q54153","3337500","kujawsko-pomorskie","1.0","Exact match via skos:altLabel [global index] | 'Kujawsko-Pomorskie' -> 'kujawsko-pomorskie' | [normalised: stripped -> 'Kujawsko-Pomorskie']","Q774833","7530921","Powiat Włocławski","1.0","Exact match via rdfs:label [global index] | 'Powiat Włocławski' -> 'Powiat Włocławski'"
"221","Gmina Brześć Kujawski","pow. Włocławski","Woj. Kujawsko-Pomorskie","Polen","Q36","798544","Polen","1.0","Exact match via rdfs:label [global index] | 'Polen' -> 'Polen'","Q54153","3337500","kujawsko-pomorskie","1.0","Exact match via skos:altLabel [global index] | 'Kujawsko-Pomorskie' -> 'kujawsko-pomorskie' | [normalised: stripped -> 'Kujawsko-Pomorskie']","Q774833","7530921","Powiat Włocławski","1.0","Exact match via rdfs:label [global index] | 'Powiat Włocławski' -> 'Powiat Włocławski'"
"222","Gmina Brześć Kujawski","pow. Włocławski","Woj. Kujawsko-Pomorskie","Polen","Q36","798544","Polen","1.0","Exact match via rdfs:label [global index] | 'Polen' -> 'Polen'","Q54153","3337500","kujawsko-pomorskie","1.0","Exact match via skos:altLabel [global index] | 'Kujawsko-Pomorskie' -> 'kujawsko-pomorskie' | [normalised: stripped -> 'Kujawsko-Pomorskie']","Q774833","7530921","Powiat Włocławski","1.0","Exact match via rdfs:label [global index] | 'Powiat Włocławski' -> 'Powiat Włocławski'"
"223","Gmina Włocławek","pow. Włocławski","Woj. Kujawsko-Pomorskie","Polen","Q36","798544","Polen","1.0","Exact match via rdfs:label [global index] | 'Polen' -> 'Polen'","Q54153","3337500","kujawsko-pomorskie","1.0","Exact match via skos:altLabel [global index] | 'Kujawsko-Pomorskie' -> 'kujawsko-pomorskie' | [normalised: stripped -> 'Kujawsko-Pomorskie']","Q774833","7530921","Powiat Włocławski","1.0","Exact match via rdfs:label [global index] | 'Powiat Włocławski' -> 'Powiat Włocławski'"
"224","Gmina Włocławek","pow. Włocławski","Woj. Kujawsko-Pomorskie","Polen","Q36","798544","Polen","1.0","Exact match via rdfs:label [global index] | 'Polen' -> 'Polen'","Q54153","3337500","kujawsko-pomorskie","1.0","Exact match via skos:altLabel [global index] | 'Kujawsko-Pomorskie' -> 'kujawsko-pomorskie' | [normalised: stripped -> 'Kujawsko-Pomorskie']","Q774833","7530921","Powiat Włocławski","1.0","Exact match via rdfs:label [global index] | 'Powiat Włocławski' -> 'Powiat Włocławski'"
"225","Gmina Włocławek","pow. Włocławski","Woj. Kujawsko-Pomorskie","Polen","Q36","798544","Polen","1.0","Exact match via rdfs:label [global index] | 'Polen' -> 'Polen'","Q54153","3337500","kujawsko-pomorskie","1.0","Exact match via skos:altLabel [global index] | 'Kujawsko-Pomorskie' -> 'kujawsko-pomorskie' | [normalised: stripped -> 'Kujawsko-Pomorskie']","Q774833","7530921","Powiat Włocławski","1.0","Exact match via rdfs:label [global index] | 'Powiat Włocławski' -> 'Powiat Włocławski'"
"226","Gmina Włocławek","pow. Włocławski","Woj. Kujawsko-Pomorskie","Polen","Q36","798544","Polen","1.0","Exact match via rdfs:label [global index] | 'Polen' -> 'Polen'","Q54153","3337500","kujawsko-pomorskie","1.0","Exact match via skos:altLabel [global index] | 'Kujawsko-Pomorskie' -> 'kujawsko-pomorskie' | [normalised: stripped -> 'Kujawsko-Pomorskie']","Q774833","7530921","Powiat Włocławski","1.0","Exact match via rdfs:label [global index] | 'Powiat Włocławski' -> 'Powiat Włocławski'"
"227","Włocławek","pow. Włocławski","Woj. Kujawsko-Pomorskie","Polen","Q36","798544","Polen","1.0","Exact match via rdfs:label [global index] | 'Polen' -> 'Polen'","Q54153","3337500","kujawsko-pomorskie","1.0","Exact match via skos:altLabel [global index] | 'Kujawsko-Pomorskie' -> 'kujawsko-pomorskie' | [normalised: stripped -> 'Kujawsko-Pomorskie']","Q774833","7530921","Powiat Włocławski","1.0","Exact match via rdfs:label [global index] | 'Powiat Włocławski' -> 'Powiat Włocławski'"
"228","Korsze","pow. Kętrzyński","Woj. Warmińsko-Mazurskie","Polen","Q36","798544","Polen","1.0","Exact match via rdfs:label [global index] | 'Polen' -> 'Polen'","Q54184","858791","warmińsko-mazurskie","1.0","Exact match via skos:altLabel [global index] | 'Warmińsko-Mazurskie' -> 'warmińsko-mazurskie' | [normalised: stripped -> 'Warmińsko-Mazurskie']","Q1135341","7530860","Powiat kętrzyński","1.0","Exact match via rdfs:label [global index] | 'Powiat Kętrzyński' -> 'Powiat kętrzyński'"
"230","Groß Kreutz (Havel)","Potsdam-Mittelmark","Brandenburg","Deutschland","Q183","2921044","Deutschland","1.0","Exact match via rdfs:label [global index] | 'Deutschland' -> 'Deutschland'","Q1208","2945356","Brandenburg","1.0","Exact match via rdfs:label [global index] | 'Brandenburg' -> 'Brandenburg'","Q6142","2852456","Potsdam-Mittelmark","1.0","Exact match via skos:altLabel [global index] | 'Potsdam-Mittelmark' -> 'Potsdam-Mittelmark'"
"231","Moryń","pow. Gryfiński","Woj. Lubuskie","Polen","Q36","798544","Polen","1.0","Exact match via rdfs:label [global index] | 'Polen' -> 'Polen'","Q54157","3337494","lubuskie","1.0","Exact match via skos:altLabel [global index] | 'Lubuskie' -> 'lubuskie' | [normalised: stripped -> 'Lubuskie']","Q326895","","Powiat Gryfiński","1.0","Direct override | 'pow. Gryfiński' -> QID=Q326895 | [override -> QID=Q326895]"
"232","Frankfurt (Oder)","Frankfurt (Oder)","Brandenburg","Deutschland","Q183","2921044","Deutschland","1.0","Exact match via rdfs:label [global index] | 'Deutschland' -> 'Deutschland'","Q1208","2945356","Brandenburg","1.0","Exact match via rdfs:label [global index] | 'Brandenburg' -> 'Brandenburg'","Q4024","2925535","Frankfurt (Oder)","1.0","Exact match via rdfs:label [global index] | 'Frankfurt (Oder)' -> 'Frankfurt (Oder)'"
"233","Frankfurt (Oder)","Frankfurt (Oder)","Brandenburg","Deutschland","Q183","2921044","Deutschland","1.0","Exact match via rdfs:label [global index] | 'Deutschland' -> 'Deutschland'","Q1208","2945356","Brandenburg","1.0","Exact match via rdfs:label [global index] | 'Brandenburg' -> 'Brandenburg'","Q4024","2925535","Frankfurt (Oder)","1.0","Exact match via rdfs:label [global index] | 'Frankfurt (Oder)' -> 'Frankfurt (Oder)'"
"234","Frankfurt (Oder)","Frankfurt (Oder)","Brandenburg","Deutschland","Q183","2921044","Deutschland","1.0","Exact match via rdfs:label [global index] | 'Deutschland' -> 'Deutschland'","Q1208","2945356","Brandenburg","1.0","Exact match via rdfs:label [global index] | 'Brandenburg' -> 'Brandenburg'","Q4024","2925535","Frankfurt (Oder)","1.0","Exact match via rdfs:label [global index] | 'Frankfurt (Oder)' -> 'Frankfurt (Oder)'"
"235","Gmina Dobra","pow. Policki","Woj. Zachodniopomorskie","Polen","Q36","798544","Polen","1.0","Exact match via rdfs:label [global index] | 'Polen' -> 'Polen'","Q54188","3337499","zachodniopomorskie","1.0","Exact match via skos:altLabel [global index] | 'Zachodniopomorskie' -> 'zachodniopomorskie' | [normalised: stripped -> 'Zachodniopomorskie']","Q558696","7530844","Powiat Policki","1.0","Exact match via rdfs:label [global index] | 'Powiat Policki' -> 'Powiat Policki'"
"236","Gmina Dobra","pow. Policki","Woj. Zachodniopomorskie","Polen","Q36","798544","Polen","1.0","Exact match via rdfs:label [global index] | 'Polen' -> 'Polen'","Q54188","3337499","zachodniopomorskie","1.0","Exact match via skos:altLabel [global index] | 'Zachodniopomorskie' -> 'zachodniopomorskie' | [normalised: stripped -> 'Zachodniopomorskie']","Q558696","7530844","Powiat Policki","1.0","Exact match via rdfs:label [global index] | 'Powiat Policki' -> 'Powiat Policki'"
"237","Gmina Dobra","pow. Policki","Woj. Zachodniopomorskie","Polen","Q36","798544","Polen","1.0","Exact match via rdfs:label [global index] | 'Polen' -> 'Polen'","Q54188","3337499","zachodniopomorskie","1.0","Exact match via skos:altLabel [global index] | 'Zachodniopomorskie' -> 'zachodniopomorskie' | [normalised: stripped -> 'Zachodniopomorskie']","Q558696","7530844","Powiat Policki","1.0","Exact match via rdfs:label [global index] | 'Powiat Policki' -> 'Powiat Policki'"
"238","Gmina Przelewice","pow. Pyrzycki","Woj. Zachodniopomorskie","Polen","Q36","798544","Polen","1.0","Exact match via rdfs:label [global index] | 'Polen' -> 'Polen'","Q54188","3337499","zachodniopomorskie","1.0","Exact match via skos:altLabel [global index] | 'Zachodniopomorskie' -> 'zachodniopomorskie' | [normalised: stripped -> 'Zachodniopomorskie']","Q1411599","7530845","Powiat Pyrzycki","1.0","Exact match via rdfs:label [global index] | 'Powiat Pyrzycki' -> 'Powiat Pyrzycki'"
"239","Gmina Pyrzyce","pow. Pyrzycki","Woj. Zachodniopomorskie","Polen","Q36","798544","Polen","1.0","Exact match via rdfs:label [global index] | 'Polen' -> 'Polen'","Q54188","3337499","zachodniopomorskie","1.0","Exact match via skos:altLabel [global index] | 'Zachodniopomorskie' -> 'zachodniopomorskie' | [normalised: stripped -> 'Zachodniopomorskie']","Q1411599","7530845","Powiat Pyrzycki","1.0","Exact match via rdfs:label [global index] | 'Powiat Pyrzycki' -> 'Powiat Pyrzycki'"
"240","Friesack","Havelland","Brandenburg","Deutschland","Q183","2921044","Deutschland","1.0","Exact match via rdfs:label [global index] | 'Deutschland' -> 'Deutschland'","Q1208","2945356","Brandenburg","1.0","Exact match via rdfs:label [global index] | 'Brandenburg' -> 'Brandenburg'","Q897270","2908638","Havelland","1.0","Exact match via rdfs:label [global index] | 'Havelland' -> 'Havelland'"
"241","Sabrodt","Oder-Spree","Brandenburg","Deutschland","Q183","2921044","Deutschland","1.0","Exact match via rdfs:label [global index] | 'Deutschland' -> 'Deutschland'","Q1208","2945356","Brandenburg","1.0","Exact match via rdfs:label [global index] | 'Brandenburg' -> 'Brandenburg'","Q6178","3249086","Oder-Spree","1.0","Exact match via skos:altLabel [global index] | 'Oder-Spree' -> 'Oder-Spree'"
"242","Korsze","pow. Kętrzyński","Woj. Warmińsko-Mazurskie","Polen","Q36","798544","Polen","1.0","Exact match via rdfs:label [global index] | 'Polen' -> 'Polen'","Q54184","858791","warmińsko-mazurskie","1.0","Exact match via skos:altLabel [global index] | 'Warmińsko-Mazurskie' -> 'warmińsko-mazurskie' | [normalised: stripped -> 'Warmińsko-Mazurskie']","Q1135341","7530860","Powiat kętrzyński","1.0","Exact match via rdfs:label [global index] | 'Powiat Kętrzyński' -> 'Powiat kętrzyński'"
"243","Gmina Gubin","pow. Krosno Odrzańskie","Woj. Lubuskie","Polen","Q36","798544","Polen","1.0","Exact match via rdfs:label [global index] | 'Polen' -> 'Polen'","Q54157","3337494","lubuskie","1.0","Exact match via skos:altLabel [global index] | 'Lubuskie' -> 'lubuskie' | [normalised: stripped -> 'Lubuskie']","Q317835","","Powiat Krośnieński","1.0","Direct override | 'pow. Krosno Odrzańskie' -> QID=Q317835 | [override -> QID=Q317835]"
"244","Lietzow","Kreis Rügen","MVP","Deutschland","Q183","2921044","Deutschland","1.0","Exact match via rdfs:label [global index] | 'Deutschland' -> 'Deutschland'","Q1196","2872567","Mecklenburg-Vorpommern","1.0","Exact match via rdfs:label [global index] | 'Mecklenburg-Vorpommern' -> 'Mecklenburg-Vorpommern' | [normalised: alias 'MVP' -> 'Mecklenburg-Vorpommern']","Q2909","","Vorpommern-Rügen","1.0","Direct override | 'Kreis Rügen' -> QID=Q2909 | [stripped -> 'Rügen'; override -> QID=Q2909]"
"245","Drebkau","Spree-Neiße","Brandenburg","Deutschland","Q183","2921044","Deutschland","1.0","Exact match via rdfs:label [global index] | 'Deutschland' -> 'Deutschland'","Q1208","2945356","Brandenburg","1.0","Exact match via rdfs:label [global index] | 'Brandenburg' -> 'Brandenburg'","Q6165","3249089","Spree-Neiße","1.0","Exact match via skos:altLabel [global index] | 'Spree-Neiße' -> 'Spree-Neiße'"
"246","Gmina Międzyrzecz","pow. Międzyrzecki","Woj. Lubuskie","Polen","Q36","798544","Polen","1.0","Exact match via rdfs:label [global index] | 'Polen' -> 'Polen'","Q54157","3337494","lubuskie","1.0","Exact match via skos:altLabel [global index] | 'Lubuskie' -> 'lubuskie' | [normalised: stripped -> 'Lubuskie']","Q317917","7530979","Powiat Międzyrzecki","1.0","Exact match via rdfs:label [global index] | 'Powiat Międzyrzecki' -> 'Powiat Międzyrzecki'"
"247","Gmina Poznań","pow. Poznanski","Woj. Wielkopolskie","Polen","Q36","798544","Polen","1.0","Exact match via rdfs:label [global index] | 'Polen' -> 'Polen'","Q54187","3337498","wielkopolskie","1.0","Exact match via skos:altLabel [global index] | 'Wielkopolskie' -> 'wielkopolskie' | [normalised: stripped -> 'Wielkopolskie']","Q101575","7530994","Powiat Poznański","0.9375","Fuzzy match (score=0.94) via rdfs:label [global index] | 'Powiat Poznanski' -> 'Powiat Poznański'"
"248","Gmina Poznań","pow. Poznanski","Woj. Wielkopolskie","Polen","Q36","798544","Polen","1.0","Exact match via rdfs:label [global index] | 'Polen' -> 'Polen'","Q54187","3337498","wielkopolskie","1.0","Exact match via skos:altLabel [global index] | 'Wielkopolskie' -> 'wielkopolskie' | [normalised: stripped -> 'Wielkopolskie']","Q101575","7530994","Powiat Poznański","0.9375","Fuzzy match (score=0.94) via rdfs:label [global index] | 'Powiat Poznanski' -> 'Powiat Poznański'"
"249","Gmina Dąbrowa","pow. Mogileński","Woj. Kujawsko-Pomorskie","Polen","Q36","798544","Polen","1.0","Exact match via rdfs:label [global index] | 'Polen' -> 'Polen'","Q54153","3337500","kujawsko-pomorskie","1.0","Exact match via skos:altLabel [global index] | 'Kujawsko-Pomorskie' -> 'kujawsko-pomorskie' | [normalised: stripped -> 'Kujawsko-Pomorskie']","Q604053","7530912","Powiat Mogileński","1.0","Exact match via rdfs:label [global index] | 'Powiat Mogileński' -> 'Powiat Mogileński'"
"250","Altfriesack","Ostprignitz-Ruppin","Brandenburg","Deutschland","Q183","2921044","Deutschland","1.0","Exact match via rdfs:label [global index] | 'Deutschland' -> 'Deutschland'","Q1208","2945356","Brandenburg","1.0","Exact match via rdfs:label [global index] | 'Brandenburg' -> 'Brandenburg'","Q6125","3249087","Ostprignitz-Ruppin","1.0","Exact match via skos:altLabel [global index] | 'Ostprignitz-Ruppin' -> 'Ostprignitz-Ruppin'"
"251","Altranft","Märkisch-Oderland","Brandenburg","Deutschland","Q183","2921044","Deutschland","1.0","Exact match via rdfs:label [global index] | 'Deutschland' -> 'Deutschland'","Q1208","2945356","Brandenburg","1.0","Exact match via rdfs:label [global index] | 'Brandenburg' -> 'Brandenburg'","Q6181","3249083","Märkisch-Oderland","1.0","Exact match via skos:altLabel [global index] | 'Märkisch-Oderland' -> 'Märkisch-Oderland'"
"252","Bad Freienwalde","Märkisch-Oderland","Brandenburg","Deutschland","Q183","2921044","Deutschland","1.0","Exact match via rdfs:label [global index] | 'Deutschland' -> 'Deutschland'","Q1208","2945356","Brandenburg","1.0","Exact match via rdfs:label [global index] | 'Brandenburg' -> 'Brandenburg'","Q6181","3249083","Märkisch-Oderland","1.0","Exact match via skos:altLabel [global index] | 'Märkisch-Oderland' -> 'Märkisch-Oderland'"
"253","Beeskow","Oder-Spree","Brandenburg","Deutschland","Q183","2921044","Deutschland","1.0","Exact match via rdfs:label [global index] | 'Deutschland' -> 'Deutschland'","Q1208","2945356","Brandenburg","1.0","Exact match via rdfs:label [global index] | 'Brandenburg' -> 'Brandenburg'","Q6178","3249086","Oder-Spree","1.0","Exact match via skos:altLabel [global index] | 'Oder-Spree' -> 'Oder-Spree'"
"254","Blankenburg","Uckermark","Brandenburg","Deutschland","Q183","2921044","Deutschland","1.0","Exact match via rdfs:label [global index] | 'Deutschland' -> 'Deutschland'","Q1208","2945356","Brandenburg","1.0","Exact match via rdfs:label [global index] | 'Brandenburg' -> 'Brandenburg'","Q338635","2820521","Uckermark","1.0","Exact match via rdfs:label [global index] | 'Uckermark' -> 'Uckermark'"
"255","Bornim","Potsdam","Brandenburg","Deutschland","Q183","2921044","Deutschland","1.0","Exact match via rdfs:label [global index] | 'Deutschland' -> 'Deutschland'","Q1208","2945356","Brandenburg","1.0","Exact match via rdfs:label [global index] | 'Brandenburg' -> 'Brandenburg'","Q1711","7602560","Potsdam","1.0","Exact match via rdfs:label [global index] | 'Potsdam' -> 'Potsdam'"
"256","Brüssow","Uckermark","Brandenburg","Deutschland","Q183","2921044","Deutschland","1.0","Exact match via rdfs:label [global index] | 'Deutschland' -> 'Deutschland'","Q1208","2945356","Brandenburg","1.0","Exact match via rdfs:label [global index] | 'Brandenburg' -> 'Brandenburg'","Q338635","2820521","Uckermark","1.0","Exact match via rdfs:label [global index] | 'Uckermark' -> 'Uckermark'"
"257","Dyrotz","Havelland","Brandenburg","Deutschland","Q183","2921044","Deutschland","1.0","Exact match via rdfs:label [global index] | 'Deutschland' -> 'Deutschland'","Q1208","2945356","Brandenburg","1.0","Exact match via rdfs:label [global index] | 'Brandenburg' -> 'Brandenburg'","Q897270","2908638","Havelland","1.0","Exact match via rdfs:label [global index] | 'Havelland' -> 'Havelland'"
"258","Flemsdorf","Uckermark","Brandenburg","Deutschland","Q183","2921044","Deutschland","1.0","Exact match via rdfs:label [global index] | 'Deutschland' -> 'Deutschland'","Q1208","2945356","Brandenburg","1.0","Exact match via rdfs:label [global index] | 'Brandenburg' -> 'Brandenburg'","Q338635","2820521","Uckermark","1.0","Exact match via rdfs:label [global index] | 'Uckermark' -> 'Uckermark'"
"259","Frankfurt","Frankfurt (Oder)","Brandenburg","Deutschland","Q183","2921044","Deutschland","1.0","Exact match via rdfs:label [global index] | 'Deutschland' -> 'Deutschland'","Q1208","2945356","Brandenburg","1.0","Exact match via rdfs:label [global index] | 'Brandenburg' -> 'Brandenburg'","Q4024","2925535","Frankfurt (Oder)","1.0","Exact match via rdfs:label [global index] | 'Frankfurt (Oder)' -> 'Frankfurt (Oder)'"
"260","Friesack","Havelland","Brandenburg","Deutschland","Q183","2921044","Deutschland","1.0","Exact match via rdfs:label [global index] | 'Deutschland' -> 'Deutschland'","Q1208","2945356","Brandenburg","1.0","Exact match via rdfs:label [global index] | 'Brandenburg' -> 'Brandenburg'","Q897270","2908638","Havelland","1.0","Exact match via rdfs:label [global index] | 'Havelland' -> 'Havelland'"
"261","Kirchmöser","Brandenburg (Havel)","Brandenburg","Deutschland","Q183","2921044","Deutschland","1.0","Exact match via rdfs:label [global index] | 'Deutschland' -> 'Deutschland'","Q1208","2945356","Brandenburg","1.0","Exact match via rdfs:label [global index] | 'Brandenburg' -> 'Brandenburg'","Q3931","","Brandenburg an der Havel","1.0","Direct override | 'Brandenburg (Havel)' -> QID=Q3931 | [override -> QID=Q3931]"
"262","Kossenblatt","Oder-Spree","Brandenburg","Deutschland","Q183","2921044","Deutschland","1.0","Exact match via rdfs:label [global index] | 'Deutschland' -> 'Deutschland'","Q1208","2945356","Brandenburg","1.0","Exact match via rdfs:label [global index] | 'Brandenburg' -> 'Brandenburg'","Q6178","3249086","Oder-Spree","1.0","Exact match via skos:altLabel [global index] | 'Oder-Spree' -> 'Oder-Spree'"
"263","Nauen","Havelland","Brandenburg","Deutschland","Q183","2921044","Deutschland","1.0","Exact match via rdfs:label [global index] | 'Deutschland' -> 'Deutschland'","Q1208","2945356","Brandenburg","1.0","Exact match via rdfs:label [global index] | 'Brandenburg' -> 'Brandenburg'","Q897270","2908638","Havelland","1.0","Exact match via rdfs:label [global index] | 'Havelland' -> 'Havelland'"
"264","Niederlandin","Uckermark","Brandenburg","Deutschland","Q183","2921044","Deutschland","1.0","Exact match via rdfs:label [global index] | 'Deutschland' -> 'Deutschland'","Q1208","2945356","Brandenburg","1.0","Exact match via rdfs:label [global index] | 'Brandenburg' -> 'Brandenburg'","Q338635","2820521","Uckermark","1.0","Exact match via rdfs:label [global index] | 'Uckermark' -> 'Uckermark'"
"265","Potsdam","Potsdam","Brandenburg","Deutschland","Q183","2921044","Deutschland","1.0","Exact match via rdfs:label [global index] | 'Deutschland' -> 'Deutschland'","Q1208","2945356","Brandenburg","1.0","Exact match via rdfs:label [global index] | 'Brandenburg' -> 'Brandenburg'","Q1711","7602560","Potsdam","1.0","Exact match via rdfs:label [global index] | 'Potsdam' -> 'Potsdam'"
"266","Potsdam","Potsdam","Brandenburg","Deutschland","Q183","2921044","Deutschland","1.0","Exact match via rdfs:label [global index] | 'Deutschland' -> 'Deutschland'","Q1208","2945356","Brandenburg","1.0","Exact match via rdfs:label [global index] | 'Brandenburg' -> 'Brandenburg'","Q1711","7602560","Potsdam","1.0","Exact match via rdfs:label [global index] | 'Potsdam' -> 'Potsdam'"
"267","Prenzlau","Uckermark","Brandenburg","Deutschland","Q183","2921044","Deutschland","1.0","Exact match via rdfs:label [global index] | 'Deutschland' -> 'Deutschland'","Q1208","2945356","Brandenburg","1.0","Exact match via rdfs:label [global index] | 'Brandenburg' -> 'Brandenburg'","Q338635","2820521","Uckermark","1.0","Exact match via rdfs:label [global index] | 'Uckermark' -> 'Uckermark'"
"268","Ribbeck","Havelland","Brandenburg","Deutschland","Q183","2921044","Deutschland","1.0","Exact match via rdfs:label [global index] | 'Deutschland' -> 'Deutschland'","Q1208","2945356","Brandenburg","1.0","Exact match via rdfs:label [global index] | 'Brandenburg' -> 'Brandenburg'","Q897270","2908638","Havelland","1.0","Exact match via rdfs:label [global index] | 'Havelland' -> 'Havelland'"
"269","Ribbeck","Havelland","Brandenburg","Deutschland","Q183","2921044","Deutschland","1.0","Exact match via rdfs:label [global index] | 'Deutschland' -> 'Deutschland'","Q1208","2945356","Brandenburg","1.0","Exact match via rdfs:label [global index] | 'Brandenburg' -> 'Brandenburg'","Q897270","2908638","Havelland","1.0","Exact match via rdfs:label [global index] | 'Havelland' -> 'Havelland'"
"270","Treuenbrietzen","Potsdam-Mittelmark","Brandenburg","Deutschland","Q183","2921044","Deutschland","1.0","Exact match via rdfs:label [global index] | 'Deutschland' -> 'Deutschland'","Q1208","2945356","Brandenburg","1.0","Exact match via rdfs:label [global index] | 'Brandenburg' -> 'Brandenburg'","Q6142","2852456","Potsdam-Mittelmark","1.0","Exact match via skos:altLabel [global index] | 'Potsdam-Mittelmark' -> 'Potsdam-Mittelmark'"
"271","Wachow","Havelland","Brandenburg","Deutschland","Q183","2921044","Deutschland","1.0","Exact match via rdfs:label [global index] | 'Deutschland' -> 'Deutschland'","Q1208","2945356","Brandenburg","1.0","Exact match via rdfs:label [global index] | 'Brandenburg' -> 'Brandenburg'","Q897270","2908638","Havelland","1.0","Exact match via rdfs:label [global index] | 'Havelland' -> 'Havelland'"
"272","Wachow","Havelland","Brandenburg","Deutschland","Q183","2921044","Deutschland","1.0","Exact match via rdfs:label [global index] | 'Deutschland' -> 'Deutschland'","Q1208","2945356","Brandenburg","1.0","Exact match via rdfs:label [global index] | 'Brandenburg' -> 'Brandenburg'","Q897270","2908638","Havelland","1.0","Exact match via rdfs:label [global index] | 'Havelland' -> 'Havelland'"
"273","Wachow","Havelland","Brandenburg","Deutschland","Q183","2921044","Deutschland","1.0","Exact match via rdfs:label [global index] | 'Deutschland' -> 'Deutschland'","Q1208","2945356","Brandenburg","1.0","Exact match via rdfs:label [global index] | 'Brandenburg' -> 'Brandenburg'","Q897270","2908638","Havelland","1.0","Exact match via rdfs:label [global index] | 'Havelland' -> 'Havelland'"
"274","Wernsdorf","Dahme-Spreewald","Brandenburg","Deutschland","Q183","2921044","Deutschland","1.0","Exact match via rdfs:label [global index] | 'Deutschland' -> 'Deutschland'","Q1208","2945356","Brandenburg","1.0","Exact match via rdfs:label [global index] | 'Brandenburg' -> 'Brandenburg'","Q6173","3249080","Dahme-Spreewald","1.0","Exact match via skos:altLabel [global index] | 'Dahme-Spreewald' -> 'Dahme-Spreewald'"
"275","Wustermark","Havelland","Brandenburg","Deutschland","Q183","2921044","Deutschland","1.0","Exact match via rdfs:label [global index] | 'Deutschland' -> 'Deutschland'","Q1208","2945356","Brandenburg","1.0","Exact match via rdfs:label [global index] | 'Brandenburg' -> 'Brandenburg'","Q897270","2908638","Havelland","1.0","Exact match via rdfs:label [global index] | 'Havelland' -> 'Havelland'"
"276","Zeestow","Havelland","Brandenburg","Deutschland","Q183","2921044","Deutschland","1.0","Exact match via rdfs:label [global index] | 'Deutschland' -> 'Deutschland'","Q1208","2945356","Brandenburg","1.0","Exact match via rdfs:label [global index] | 'Brandenburg' -> 'Brandenburg'","Q897270","2908638","Havelland","1.0","Exact match via rdfs:label [global index] | 'Havelland' -> 'Havelland'"
"277","Zeestow","Havelland","Brandenburg","Deutschland","Q183","2921044","Deutschland","1.0","Exact match via rdfs:label [global index] | 'Deutschland' -> 'Deutschland'","Q1208","2945356","Brandenburg","1.0","Exact match via rdfs:label [global index] | 'Brandenburg' -> 'Brandenburg'","Q897270","2908638","Havelland","1.0","Exact match via rdfs:label [global index] | 'Havelland' -> 'Havelland'"
"278","Zeestow","Havelland","Brandenburg","Deutschland","Q183","2921044","Deutschland","1.0","Exact match via rdfs:label [global index] | 'Deutschland' -> 'Deutschland'","Q1208","2945356","Brandenburg","1.0","Exact match via rdfs:label [global index] | 'Brandenburg' -> 'Brandenburg'","Q897270","2908638","Havelland","1.0","Exact match via rdfs:label [global index] | 'Havelland' -> 'Havelland'"
"279","Biesenbrow","Uckermark","Brandenburg","Deutschland","Q183","2921044","Deutschland","1.0","Exact match via rdfs:label [global index] | 'Deutschland' -> 'Deutschland'","Q1208","2945356","Brandenburg","1.0","Exact match via rdfs:label [global index] | 'Brandenburg' -> 'Brandenburg'","Q338635","2820521","Uckermark","1.0","Exact match via rdfs:label [global index] | 'Uckermark' -> 'Uckermark'"
"280","Blankenburg","Uckermark","Brandenburg","Deutschland","Q183","2921044","Deutschland","1.0","Exact match via rdfs:label [global index] | 'Deutschland' -> 'Deutschland'","Q1208","2945356","Brandenburg","1.0","Exact match via rdfs:label [global index] | 'Brandenburg' -> 'Brandenburg'","Q338635","2820521","Uckermark","1.0","Exact match via rdfs:label [global index] | 'Uckermark' -> 'Uckermark'"
"281","Bredow","Havelland","Brandenburg","Deutschland","Q183","2921044","Deutschland","1.0","Exact match via rdfs:label [global index] | 'Deutschland' -> 'Deutschland'","Q1208","2945356","Brandenburg","1.0","Exact match via rdfs:label [global index] | 'Brandenburg' -> 'Brandenburg'","Q897270","2908638","Havelland","1.0","Exact match via rdfs:label [global index] | 'Havelland' -> 'Havelland'"
"282","Brüssow","Uckermark","Brandenburg","Deutschland","Q183","2921044","Deutschland","1.0","Exact match via rdfs:label [global index] | 'Deutschland' -> 'Deutschland'","Q1208","2945356","Brandenburg","1.0","Exact match via rdfs:label [global index] | 'Brandenburg' -> 'Brandenburg'","Q338635","2820521","Uckermark","1.0","Exact match via rdfs:label [global index] | 'Uckermark' -> 'Uckermark'"
"283","Döberitz bei Premnitz","Havelland","Brandenburg","Deutschland","Q183","2921044","Deutschland","1.0","Exact match via rdfs:label [global index] | 'Deutschland' -> 'Deutschland'","Q1208","2945356","Brandenburg","1.0","Exact match via rdfs:label [global index] | 'Brandenburg' -> 'Brandenburg'","Q897270","2908638","Havelland","1.0","Exact match via rdfs:label [global index] | 'Havelland' -> 'Havelland'"
"284","Dyrotz","Havelland","Brandenburg","Deutschland","Q183","2921044","Deutschland","1.0","Exact match via rdfs:label [global index] | 'Deutschland' -> 'Deutschland'","Q1208","2945356","Brandenburg","1.0","Exact match via rdfs:label [global index] | 'Brandenburg' -> 'Brandenburg'","Q897270","2908638","Havelland","1.0","Exact match via rdfs:label [global index] | 'Havelland' -> 'Havelland'"
"285","Elsterwerda","Elbe-Elster","Brandenburg","Deutschland","Q183","2921044","Deutschland","1.0","Exact match via rdfs:label [global index] | 'Deutschland' -> 'Deutschland'","Q1208","2945356","Brandenburg","1.0","Exact match via rdfs:label [global index] | 'Brandenburg' -> 'Brandenburg'","Q1325077","","Elbe-Elster","1.0","Exact match via skos:altLabel [global index] | 'Elbe-Elster' -> 'Elbe-Elster'"
"286","Flatow","Oberhavel","Brandenburg","Deutschland","Q183","2921044","Deutschland","1.0","Exact match via rdfs:label [global index] | 'Deutschland' -> 'Deutschland'","Q1208","2945356","Brandenburg","1.0","Exact match via rdfs:label [global index] | 'Brandenburg' -> 'Brandenburg'","Q6119","3249084","Oberhavel","1.0","Exact match via skos:altLabel [global index] | 'Oberhavel' -> 'Oberhavel'"
"287","Flemsdorf","Uckermark","Brandenburg","Deutschland","Q183","2921044","Deutschland","1.0","Exact match via rdfs:label [global index] | 'Deutschland' -> 'Deutschland'","Q1208","2945356","Brandenburg","1.0","Exact match via rdfs:label [global index] | 'Brandenburg' -> 'Brandenburg'","Q338635","2820521","Uckermark","1.0","Exact match via rdfs:label [global index] | 'Uckermark' -> 'Uckermark'"
"288","Gohlitz","Havelland","Brandenburg","Deutschland","Q183","2921044","Deutschland","1.0","Exact match via rdfs:label [global index] | 'Deutschland' -> 'Deutschland'","Q1208","2945356","Brandenburg","1.0","Exact match via rdfs:label [global index] | 'Brandenburg' -> 'Brandenburg'","Q897270","2908638","Havelland","1.0","Exact match via rdfs:label [global index] | 'Havelland' -> 'Havelland'"
"289","Grube","Potsdam","Brandenburg","Deutschland","Q183","2921044","Deutschland","1.0","Exact match via rdfs:label [global index] | 'Deutschland' -> 'Deutschland'","Q1208","2945356","Brandenburg","1.0","Exact match via rdfs:label [global index] | 'Brandenburg' -> 'Brandenburg'","Q1711","7602560","Potsdam","1.0","Exact match via rdfs:label [global index] | 'Potsdam' -> 'Potsdam'"
"290","Hohenfinow","Barnim","Brandenburg","Deutschland","Q183","2921044","Deutschland","1.0","Exact match via rdfs:label [global index] | 'Deutschland' -> 'Deutschland'","Q1208","2945356","Brandenburg","1.0","Exact match via rdfs:label [global index] | 'Brandenburg' -> 'Brandenburg'","Q268651","","Barnim","1.0","Exact match via rdfs:label [global index] | 'Barnim' -> 'Barnim'"
"291","Hoppenrade","Havelland","Brandenburg","Deutschland","Q183","2921044","Deutschland","1.0","Exact match via rdfs:label [global index] | 'Deutschland' -> 'Deutschland'","Q1208","2945356","Brandenburg","1.0","Exact match via rdfs:label [global index] | 'Brandenburg' -> 'Brandenburg'","Q897270","2908638","Havelland","1.0","Exact match via rdfs:label [global index] | 'Havelland' -> 'Havelland'"
"292","Jüterbog","Teltow-Fläming","Brandenburg","Deutschland","Q183","2921044","Deutschland","1.0","Exact match via rdfs:label [global index] | 'Deutschland' -> 'Deutschland'","Q1208","2945356","Brandenburg","1.0","Exact match via rdfs:label [global index] | 'Brandenburg' -> 'Brandenburg'","Q6146","","Landkreis Teltow-Fläming","1.0","Direct override | 'Teltow-Fläming' -> QID=Q6146 | [override -> QID=Q6146]"
"293","Ketzin","Havelland","Brandenburg","Deutschland","Q183","2921044","Deutschland","1.0","Exact match via rdfs:label [global index] | 'Deutschland' -> 'Deutschland'","Q1208","2945356","Brandenburg","1.0","Exact match via rdfs:label [global index] | 'Brandenburg' -> 'Brandenburg'","Q897270","2908638","Havelland","1.0","Exact match via rdfs:label [global index] | 'Havelland' -> 'Havelland'"
"294","Mötzow","Potsdam-Mittelmark","Brandenburg","Deutschland","Q183","2921044","Deutschland","1.0","Exact match via rdfs:label [global index] | 'Deutschland' -> 'Deutschland'","Q1208","2945356","Brandenburg","1.0","Exact match via rdfs:label [global index] | 'Brandenburg' -> 'Brandenburg'","Q6142","2852456","Potsdam-Mittelmark","1.0","Exact match via skos:altLabel [global index] | 'Potsdam-Mittelmark' -> 'Potsdam-Mittelmark'"
"295","Nauen","Havelland","Brandenburg","Deutschland","Q183","2921044","Deutschland","1.0","Exact match via rdfs:label [global index] | 'Deutschland' -> 'Deutschland'","Q1208","2945356","Brandenburg","1.0","Exact match via rdfs:label [global index] | 'Brandenburg' -> 'Brandenburg'","Q897270","2908638","Havelland","1.0","Exact match via rdfs:label [global index] | 'Havelland' -> 'Havelland'"
"296","Neuendorf","Brandenburg (Havel)","Brandenburg","Deutschland","Q183","2921044","Deutschland","1.0","Exact match via rdfs:label [global index] | 'Deutschland' -> 'Deutschland'","Q1208","2945356","Brandenburg","1.0","Exact match via rdfs:label [global index] | 'Brandenburg' -> 'Brandenburg'","Q3931","","Brandenburg an der Havel","1.0","Direct override | 'Brandenburg (Havel)' -> QID=Q3931 | [override -> QID=Q3931]"
"297","Niebede","Havelland","Brandenburg","Deutschland","Q183","2921044","Deutschland","1.0","Exact match via rdfs:label [global index] | 'Deutschland' -> 'Deutschland'","Q1208","2945356","Brandenburg","1.0","Exact match via rdfs:label [global index] | 'Brandenburg' -> 'Brandenburg'","Q897270","2908638","Havelland","1.0","Exact match via rdfs:label [global index] | 'Havelland' -> 'Havelland'"
"298","Niederlandin","Uckermark","Brandenburg","Deutschland","Q183","2921044","Deutschland","1.0","Exact match via rdfs:label [global index] | 'Deutschland' -> 'Deutschland'","Q1208","2945356","Brandenburg","1.0","Exact match via rdfs:label [global index] | 'Brandenburg' -> 'Brandenburg'","Q338635","2820521","Uckermark","1.0","Exact match via rdfs:label [global index] | 'Uckermark' -> 'Uckermark'"
"299","Potsdam","Potsdam","Brandenburg","Deutschland","Q183","2921044","Deutschland","1.0","Exact match via rdfs:label [global index] | 'Deutschland' -> 'Deutschland'","Q1208","2945356","Brandenburg","1.0","Exact match via rdfs:label [global index] | 'Brandenburg' -> 'Brandenburg'","Q1711","7602560","Potsdam","1.0","Exact match via rdfs:label [global index] | 'Potsdam' -> 'Potsdam'"
"300","Potsdam","Potsdam","Brandenburg","Deutschland","Q183","2921044","Deutschland","1.0","Exact match via rdfs:label [global index] | 'Deutschland' -> 'Deutschland'","Q1208","2945356","Brandenburg","1.0","Exact match via rdfs:label [global index] | 'Brandenburg' -> 'Brandenburg'","Q1711","7602560","Potsdam","1.0","Exact match via rdfs:label [global index] | 'Potsdam' -> 'Potsdam'"
"301","Rohrbeck","Teltow-Fläming","Brandenburg","Deutschland","Q183","2921044","Deutschland","1.0","Exact match via rdfs:label [global index] | 'Deutschland' -> 'Deutschland'","Q1208","2945356","Brandenburg","1.0","Exact match via rdfs:label [global index] | 'Brandenburg' -> 'Brandenburg'","Q6146","","Landkreis Teltow-Fläming","1.0","Direct override | 'Teltow-Fläming' -> QID=Q6146 | [override -> QID=Q6146]"
"302","Satzkorn","Potsdam-Mittelmark","Brandenburg","Deutschland","Q183","2921044","Deutschland","1.0","Exact match via rdfs:label [global index] | 'Deutschland' -> 'Deutschland'","Q1208","2945356","Brandenburg","1.0","Exact match via rdfs:label [global index] | 'Brandenburg' -> 'Brandenburg'","Q6142","2852456","Potsdam-Mittelmark","1.0","Exact match via skos:altLabel [global index] | 'Potsdam-Mittelmark' -> 'Potsdam-Mittelmark'"
"303","Schönfeld bei Prenzlau","Uckermark","Brandenburg","Deutschland","Q183","2921044","Deutschland","1.0","Exact match via rdfs:label [global index] | 'Deutschland' -> 'Deutschland'","Q1208","2945356","Brandenburg","1.0","Exact match via rdfs:label [global index] | 'Brandenburg' -> 'Brandenburg'","Q338635","2820521","Uckermark","1.0","Exact match via rdfs:label [global index] | 'Uckermark' -> 'Uckermark'"
"304","Wustermark","Havelland","Brandenburg","Deutschland","Q183","2921044","Deutschland","1.0","Exact match via rdfs:label [global index] | 'Deutschland' -> 'Deutschland'","Q1208","2945356","Brandenburg","1.0","Exact match via rdfs:label [global index] | 'Brandenburg' -> 'Brandenburg'","Q897270","2908638","Havelland","1.0","Exact match via rdfs:label [global index] | 'Havelland' -> 'Havelland'"
"305","Eichhorst","Barnim","Brandenburg","Deutschland","Q183","2921044","Deutschland","1.0","Exact match via rdfs:label [global index] | 'Deutschland' -> 'Deutschland'","Q1208","2945356","Brandenburg","1.0","Exact match via rdfs:label [global index] | 'Brandenburg' -> 'Brandenburg'","Q268651","","Barnim","1.0","Exact match via rdfs:label [global index] | 'Barnim' -> 'Barnim'"
"306","Brandenburg-Altstadt","Brandenburg (Havel)","Brandenburg","Deutschland","Q183","2921044","Deutschland","1.0","Exact match via rdfs:label [global index] | 'Deutschland' -> 'Deutschland'","Q1208","2945356","Brandenburg","1.0","Exact match via rdfs:label [global index] | 'Brandenburg' -> 'Brandenburg'","Q3931","","Brandenburg an der Havel","1.0","Direct override | 'Brandenburg (Havel)' -> QID=Q3931 | [override -> QID=Q3931]"
"307","Brandenburg-Neustadt","Brandenburg (Havel)","Brandenburg","Deutschland","Q183","2921044","Deutschland","1.0","Exact match via rdfs:label [global index] | 'Deutschland' -> 'Deutschland'","Q1208","2945356","Brandenburg","1.0","Exact match via rdfs:label [global index] | 'Brandenburg' -> 'Brandenburg'","Q3931","","Brandenburg an der Havel","1.0","Direct override | 'Brandenburg (Havel)' -> QID=Q3931 | [override -> QID=Q3931]"
"308","Brandenburg-Altstadt","Brandenburg (Havel)","Brandenburg","Deutschland","Q183","2921044","Deutschland","1.0","Exact match via rdfs:label [global index] | 'Deutschland' -> 'Deutschland'","Q1208","2945356","Brandenburg","1.0","Exact match via rdfs:label [global index] | 'Brandenburg' -> 'Brandenburg'","Q3931","","Brandenburg an der Havel","1.0","Direct override | 'Brandenburg (Havel)' -> QID=Q3931 | [override -> QID=Q3931]"
"309","Brandenburg-Neustadt","Brandenburg (Havel)","Brandenburg","Deutschland","Q183","2921044","Deutschland","1.0","Exact match via rdfs:label [global index] | 'Deutschland' -> 'Deutschland'","Q1208","2945356","Brandenburg","1.0","Exact match via rdfs:label [global index] | 'Brandenburg' -> 'Brandenburg'","Q3931","","Brandenburg an der Havel","1.0","Direct override | 'Brandenburg (Havel)' -> QID=Q3931 | [override -> QID=Q3931]"
"310","Gräbendorf","Dahme-Spreewald","Brandenburg","Deutschland","Q183","2921044","Deutschland","1.0","Exact match via rdfs:label [global index] | 'Deutschland' -> 'Deutschland'","Q1208","2945356","Brandenburg","1.0","Exact match via rdfs:label [global index] | 'Brandenburg' -> 'Brandenburg'","Q6173","3249080","Dahme-Spreewald","1.0","Exact match via skos:altLabel [global index] | 'Dahme-Spreewald' -> 'Dahme-Spreewald'"
"311","Gräbendorf","Dahme-Spreewald","Brandenburg","Deutschland","Q183","2921044","Deutschland","1.0","Exact match via rdfs:label [global index] | 'Deutschland' -> 'Deutschland'","Q1208","2945356","Brandenburg","1.0","Exact match via rdfs:label [global index] | 'Brandenburg' -> 'Brandenburg'","Q6173","3249080","Dahme-Spreewald","1.0","Exact match via skos:altLabel [global index] | 'Dahme-Spreewald' -> 'Dahme-Spreewald'"
"312","Mittenwalde","Dahme-Spreewald","Brandenburg","Deutschland","Q183","2921044","Deutschland","1.0","Exact match via rdfs:label [global index] | 'Deutschland' -> 'Deutschland'","Q1208","2945356","Brandenburg","1.0","Exact match via rdfs:label [global index] | 'Brandenburg' -> 'Brandenburg'","Q6173","3249080","Dahme-Spreewald","1.0","Exact match via skos:altLabel [global index] | 'Dahme-Spreewald' -> 'Dahme-Spreewald'"
"313","Schulzendorf","Dahme-Spreewald","Brandenburg","Deutschland","Q183","2921044","Deutschland","1.0","Exact match via rdfs:label [global index] | 'Deutschland' -> 'Deutschland'","Q1208","2945356","Brandenburg","1.0","Exact match via rdfs:label [global index] | 'Brandenburg' -> 'Brandenburg'","Q6173","3249080","Dahme-Spreewald","1.0","Exact match via skos:altLabel [global index] | 'Dahme-Spreewald' -> 'Dahme-Spreewald'"
"314","Zaue","Dahme-Spreewald","Brandenburg","Deutschland","Q183","2921044","Deutschland","1.0","Exact match via rdfs:label [global index] | 'Deutschland' -> 'Deutschland'","Q1208","2945356","Brandenburg","1.0","Exact match via rdfs:label [global index] | 'Brandenburg' -> 'Brandenburg'","Q6173","3249080","Dahme-Spreewald","1.0","Exact match via skos:altLabel [global index] | 'Dahme-Spreewald' -> 'Dahme-Spreewald'"
"315","Zaue","Dahme-Spreewald","Brandenburg","Deutschland","Q183","2921044","Deutschland","1.0","Exact match via rdfs:label [global index] | 'Deutschland' -> 'Deutschland'","Q1208","2945356","Brandenburg","1.0","Exact match via rdfs:label [global index] | 'Brandenburg' -> 'Brandenburg'","Q6173","3249080","Dahme-Spreewald","1.0","Exact match via skos:altLabel [global index] | 'Dahme-Spreewald' -> 'Dahme-Spreewald'"
"316","Reichwalde","Dahme-Spreewald","Brandenburg","Deutschland","Q183","2921044","Deutschland","1.0","Exact match via rdfs:label [global index] | 'Deutschland' -> 'Deutschland'","Q1208","2945356","Brandenburg","1.0","Exact match via rdfs:label [global index] | 'Brandenburg' -> 'Brandenburg'","Q6173","3249080","Dahme-Spreewald","1.0","Exact match via skos:altLabel [global index] | 'Dahme-Spreewald' -> 'Dahme-Spreewald'"
"317","Mittenwalde","Dahme-Spreewald","Brandenburg","Deutschland","Q183","2921044","Deutschland","1.0","Exact match via rdfs:label [global index] | 'Deutschland' -> 'Deutschland'","Q1208","2945356","Brandenburg","1.0","Exact match via rdfs:label [global index] | 'Brandenburg' -> 'Brandenburg'","Q6173","3249080","Dahme-Spreewald","1.0","Exact match via skos:altLabel [global index] | 'Dahme-Spreewald' -> 'Dahme-Spreewald'"
"318","Waltersdorf bei Kö.Wusterhausen","Dahme-Spreewald","Brandenburg","Deutschland","Q183","2921044","Deutschland","1.0","Exact match via rdfs:label [global index] | 'Deutschland' -> 'Deutschland'","Q1208","2945356","Brandenburg","1.0","Exact match via rdfs:label [global index] | 'Brandenburg' -> 'Brandenburg'","Q6173","3249080","Dahme-Spreewald","1.0","Exact match via skos:altLabel [global index] | 'Dahme-Spreewald' -> 'Dahme-Spreewald'"
"319","Deutsch Wusterhausen","Dahme-Spreewald","Brandenburg","Deutschland","Q183","2921044","Deutschland","1.0","Exact match via rdfs:label [global index] | 'Deutschland' -> 'Deutschland'","Q1208","2945356","Brandenburg","1.0","Exact match via rdfs:label [global index] | 'Brandenburg' -> 'Brandenburg'","Q6173","3249080","Dahme-Spreewald","1.0","Exact match via skos:altLabel [global index] | 'Dahme-Spreewald' -> 'Dahme-Spreewald'"
"321","Mittenwalde","Dahme-Spreewald","Brandenburg","Deutschland","Q183","2921044","Deutschland","1.0","Exact match via rdfs:label [global index] | 'Deutschland' -> 'Deutschland'","Q1208","2945356","Brandenburg","1.0","Exact match via rdfs:label [global index] | 'Brandenburg' -> 'Brandenburg'","Q6173","3249080","Dahme-Spreewald","1.0","Exact match via skos:altLabel [global index] | 'Dahme-Spreewald' -> 'Dahme-Spreewald'"
"322","Hohenbrück","Dahme-Spreewald","Brandenburg","Deutschland","Q183","2921044","Deutschland","1.0","Exact match via rdfs:label [global index] | 'Deutschland' -> 'Deutschland'","Q1208","2945356","Brandenburg","1.0","Exact match via rdfs:label [global index] | 'Brandenburg' -> 'Brandenburg'","Q6173","3249080","Dahme-Spreewald","1.0","Exact match via skos:altLabel [global index] | 'Dahme-Spreewald' -> 'Dahme-Spreewald'"
"323","Krausnick","Dahme-Spreewald","Brandenburg","Deutschland","Q183","2921044","Deutschland","1.0","Exact match via rdfs:label [global index] | 'Deutschland' -> 'Deutschland'","Q1208","2945356","Brandenburg","1.0","Exact match via rdfs:label [global index] | 'Brandenburg' -> 'Brandenburg'","Q6173","3249080","Dahme-Spreewald","1.0","Exact match via skos:altLabel [global index] | 'Dahme-Spreewald' -> 'Dahme-Spreewald'"
"324","Groß Köris","Dahme-Spreewald","Brandenburg","Deutschland","Q183","2921044","Deutschland","1.0","Exact match via rdfs:label [global index] | 'Deutschland' -> 'Deutschland'","Q1208","2945356","Brandenburg","1.0","Exact match via rdfs:label [global index] | 'Brandenburg' -> 'Brandenburg'","Q6173","3249080","Dahme-Spreewald","1.0","Exact match via skos:altLabel [global index] | 'Dahme-Spreewald' -> 'Dahme-Spreewald'"
"325","Töpchin","Dahme-Spreewald","Brandenburg","Deutschland","Q183","2921044","Deutschland","1.0","Exact match via rdfs:label [global index] | 'Deutschland' -> 'Deutschland'","Q1208","2945356","Brandenburg","1.0","Exact match via rdfs:label [global index] | 'Brandenburg' -> 'Brandenburg'","Q6173","3249080","Dahme-Spreewald","1.0","Exact match via skos:altLabel [global index] | 'Dahme-Spreewald' -> 'Dahme-Spreewald'"
"326","Teurow","Dahme-Spreewald","Brandenburg","Deutschland","Q183","2921044","Deutschland","1.0","Exact match via rdfs:label [global index] | 'Deutschland' -> 'Deutschland'","Q1208","2945356","Brandenburg","1.0","Exact match via rdfs:label [global index] | 'Brandenburg' -> 'Brandenburg'","Q6173","3249080","Dahme-Spreewald","1.0","Exact match via skos:altLabel [global index] | 'Dahme-Spreewald' -> 'Dahme-Spreewald'"
"327","Schmielsdorf","Elbe-Elster","Brandenburg","Deutschland","Q183","2921044","Deutschland","1.0","Exact match via rdfs:label [global index] | 'Deutschland' -> 'Deutschland'","Q1208","2945356","Brandenburg","1.0","Exact match via rdfs:label [global index] | 'Brandenburg' -> 'Brandenburg'","Q1325077","","Elbe-Elster","1.0","Exact match via skos:altLabel [global index] | 'Elbe-Elster' -> 'Elbe-Elster'"
"328","Elsterwerda","Elbe-Elster","Brandenburg","Deutschland","Q183","2921044","Deutschland","1.0","Exact match via rdfs:label [global index] | 'Deutschland' -> 'Deutschland'","Q1208","2945356","Brandenburg","1.0","Exact match via rdfs:label [global index] | 'Brandenburg' -> 'Brandenburg'","Q1325077","","Elbe-Elster","1.0","Exact match via skos:altLabel [global index] | 'Elbe-Elster' -> 'Elbe-Elster'"
"329","Buchhain","Elbe-Elster","Brandenburg","Deutschland","Q183","2921044","Deutschland","1.0","Exact match via rdfs:label [global index] | 'Deutschland' -> 'Deutschland'","Q1208","2945356","Brandenburg","1.0","Exact match via rdfs:label [global index] | 'Brandenburg' -> 'Brandenburg'","Q1325077","","Elbe-Elster","1.0","Exact match via skos:altLabel [global index] | 'Elbe-Elster' -> 'Elbe-Elster'"
"332","Hertefeld","Havelland","Brandenburg","Deutschland","Q183","2921044","Deutschland","1.0","Exact match via rdfs:label [global index] | 'Deutschland' -> 'Deutschland'","Q1208","2945356","Brandenburg","1.0","Exact match via rdfs:label [global index] | 'Brandenburg' -> 'Brandenburg'","Q897270","2908638","Havelland","1.0","Exact match via rdfs:label [global index] | 'Havelland' -> 'Havelland'"
"333","Vietznitz","Havelland","Brandenburg","Deutschland","Q183","2921044","Deutschland","1.0","Exact match via rdfs:label [global index] | 'Deutschland' -> 'Deutschland'","Q1208","2945356","Brandenburg","1.0","Exact match via rdfs:label [global index] | 'Brandenburg' -> 'Brandenburg'","Q897270","2908638","Havelland","1.0","Exact match via rdfs:label [global index] | 'Havelland' -> 'Havelland'"
"334","Schönwalde","Havelland","Brandenburg","Deutschland","Q183","2921044","Deutschland","1.0","Exact match via rdfs:label [global index] | 'Deutschland' -> 'Deutschland'","Q1208","2945356","Brandenburg","1.0","Exact match via rdfs:label [global index] | 'Brandenburg' -> 'Brandenburg'","Q897270","2908638","Havelland","1.0","Exact match via rdfs:label [global index] | 'Havelland' -> 'Havelland'"
"336","Wagenitz","Havelland","Brandenburg","Deutschland","Q183","2921044","Deutschland","1.0","Exact match via rdfs:label [global index] | 'Deutschland' -> 'Deutschland'","Q1208","2945356","Brandenburg","1.0","Exact match via rdfs:label [global index] | 'Brandenburg' -> 'Brandenburg'","Q897270","2908638","Havelland","1.0","Exact match via rdfs:label [global index] | 'Havelland' -> 'Havelland'"
"337","Friedrichsbruch","Havelland","Brandenburg","Deutschland","Q183","2921044","Deutschland","1.0","Exact match via rdfs:label [global index] | 'Deutschland' -> 'Deutschland'","Q1208","2945356","Brandenburg","1.0","Exact match via rdfs:label [global index] | 'Brandenburg' -> 'Brandenburg'","Q897270","2908638","Havelland","1.0","Exact match via rdfs:label [global index] | 'Havelland' -> 'Havelland'"
"338","Rathenow","Havelland","Brandenburg","Deutschland","Q183","2921044","Deutschland","1.0","Exact match via rdfs:label [global index] | 'Deutschland' -> 'Deutschland'","Q1208","2945356","Brandenburg","1.0","Exact match via rdfs:label [global index] | 'Brandenburg' -> 'Brandenburg'","Q897270","2908638","Havelland","1.0","Exact match via rdfs:label [global index] | 'Havelland' -> 'Havelland'"
"339","Rathenow-Neue Schleuse","Havelland","Brandenburg","Deutschland","Q183","2921044","Deutschland","1.0","Exact match via rdfs:label [global index] | 'Deutschland' -> 'Deutschland'","Q1208","2945356","Brandenburg","1.0","Exact match via rdfs:label [global index] | 'Brandenburg' -> 'Brandenburg'","Q897270","2908638","Havelland","1.0","Exact match via rdfs:label [global index] | 'Havelland' -> 'Havelland'"
"340","Strodehne","Havelland","Brandenburg","Deutschland","Q183","2921044","Deutschland","1.0","Exact match via rdfs:label [global index] | 'Deutschland' -> 'Deutschland'","Q1208","2945356","Brandenburg","1.0","Exact match via rdfs:label [global index] | 'Brandenburg' -> 'Brandenburg'","Q897270","2908638","Havelland","1.0","Exact match via rdfs:label [global index] | 'Havelland' -> 'Havelland'"
"341","Schönwalde","Havelland","Brandenburg","Deutschland","Q183","2921044","Deutschland","1.0","Exact match via rdfs:label [global index] | 'Deutschland' -> 'Deutschland'","Q1208","2945356","Brandenburg","1.0","Exact match via rdfs:label [global index] | 'Brandenburg' -> 'Brandenburg'","Q897270","2908638","Havelland","1.0","Exact match via rdfs:label [global index] | 'Havelland' -> 'Havelland'"
"342","Buckow","Havelland","Brandenburg","Deutschland","Q183","2921044","Deutschland","1.0","Exact match via rdfs:label [global index] | 'Deutschland' -> 'Deutschland'","Q1208","2945356","Brandenburg","1.0","Exact match via rdfs:label [global index] | 'Brandenburg' -> 'Brandenburg'","Q897270","2908638","Havelland","1.0","Exact match via rdfs:label [global index] | 'Havelland' -> 'Havelland'"
"343","Wansdorf","Havelland","Brandenburg","Deutschland","Q183","2921044","Deutschland","1.0","Exact match via rdfs:label [global index] | 'Deutschland' -> 'Deutschland'","Q1208","2945356","Brandenburg","1.0","Exact match via rdfs:label [global index] | 'Brandenburg' -> 'Brandenburg'","Q897270","2908638","Havelland","1.0","Exact match via rdfs:label [global index] | 'Havelland' -> 'Havelland'"
"344","Strodehne","Havelland","Brandenburg","Deutschland","Q183","2921044","Deutschland","1.0","Exact match via rdfs:label [global index] | 'Deutschland' -> 'Deutschland'","Q1208","2945356","Brandenburg","1.0","Exact match via rdfs:label [global index] | 'Brandenburg' -> 'Brandenburg'","Q897270","2908638","Havelland","1.0","Exact match via rdfs:label [global index] | 'Havelland' -> 'Havelland'"
"345","Rübehorst","Havelland","Brandenburg","Deutschland","Q183","2921044","Deutschland","1.0","Exact match via rdfs:label [global index] | 'Deutschland' -> 'Deutschland'","Q1208","2945356","Brandenburg","1.0","Exact match via rdfs:label [global index] | 'Brandenburg' -> 'Brandenburg'","Q897270","2908638","Havelland","1.0","Exact match via rdfs:label [global index] | 'Havelland' -> 'Havelland'"
"346","Vietznitz","Havelland","Brandenburg","Deutschland","Q183","2921044","Deutschland","1.0","Exact match via rdfs:label [global index] | 'Deutschland' -> 'Deutschland'","Q1208","2945356","Brandenburg","1.0","Exact match via rdfs:label [global index] | 'Brandenburg' -> 'Brandenburg'","Q897270","2908638","Havelland","1.0","Exact match via rdfs:label [global index] | 'Havelland' -> 'Havelland'"
"347","Wustermark","Havelland","Brandenburg","Deutschland","Q183","2921044","Deutschland","1.0","Exact match via rdfs:label [global index] | 'Deutschland' -> 'Deutschland'","Q1208","2945356","Brandenburg","1.0","Exact match via rdfs:label [global index] | 'Brandenburg' -> 'Brandenburg'","Q897270","2908638","Havelland","1.0","Exact match via rdfs:label [global index] | 'Havelland' -> 'Havelland'"
"348","Hoppenrade","Havelland","Brandenburg","Deutschland","Q183","2921044","Deutschland","1.0","Exact match via rdfs:label [global index] | 'Deutschland' -> 'Deutschland'","Q1208","2945356","Brandenburg","1.0","Exact match via rdfs:label [global index] | 'Brandenburg' -> 'Brandenburg'","Q897270","2908638","Havelland","1.0","Exact match via rdfs:label [global index] | 'Havelland' -> 'Havelland'"
"349","Rhinow","Havelland","Brandenburg","Deutschland","Q183","2921044","Deutschland","1.0","Exact match via rdfs:label [global index] | 'Deutschland' -> 'Deutschland'","Q1208","2945356","Brandenburg","1.0","Exact match via rdfs:label [global index] | 'Brandenburg' -> 'Brandenburg'","Q897270","2908638","Havelland","1.0","Exact match via rdfs:label [global index] | 'Havelland' -> 'Havelland'"
"350","Münchehofe","Märkisch-Oderland","Brandenburg","Deutschland","Q183","2921044","Deutschland","1.0","Exact match via rdfs:label [global index] | 'Deutschland' -> 'Deutschland'","Q1208","2945356","Brandenburg","1.0","Exact match via rdfs:label [global index] | 'Brandenburg' -> 'Brandenburg'","Q6181","3249083","Märkisch-Oderland","1.0","Exact match via skos:altLabel [global index] | 'Märkisch-Oderland' -> 'Märkisch-Oderland'"
"351","Friedersdorf","Märkisch-Oderland","Brandenburg","Deutschland","Q183","2921044","Deutschland","1.0","Exact match via rdfs:label [global index] | 'Deutschland' -> 'Deutschland'","Q1208","2945356","Brandenburg","1.0","Exact match via rdfs:label [global index] | 'Brandenburg' -> 'Brandenburg'","Q6181","3249083","Märkisch-Oderland","1.0","Exact match via skos:altLabel [global index] | 'Märkisch-Oderland' -> 'Märkisch-Oderland'"
"352","Krewelin","Oberhavel","Brandenburg","Deutschland","Q183","2921044","Deutschland","1.0","Exact match via rdfs:label [global index] | 'Deutschland' -> 'Deutschland'","Q1208","2945356","Brandenburg","1.0","Exact match via rdfs:label [global index] | 'Brandenburg' -> 'Brandenburg'","Q6119","3249084","Oberhavel","1.0","Exact match via skos:altLabel [global index] | 'Oberhavel' -> 'Oberhavel'"
"353","Badingen","Oberhavel","Brandenburg","Deutschland","Q183","2921044","Deutschland","1.0","Exact match via rdfs:label [global index] | 'Deutschland' -> 'Deutschland'","Q1208","2945356","Brandenburg","1.0","Exact match via rdfs:label [global index] | 'Brandenburg' -> 'Brandenburg'","Q6119","3249084","Oberhavel","1.0","Exact match via skos:altLabel [global index] | 'Oberhavel' -> 'Oberhavel'"
"354","Zehdenick","Oberhavel","Brandenburg","Deutschland","Q183","2921044","Deutschland","1.0","Exact match via rdfs:label [global index] | 'Deutschland' -> 'Deutschland'","Q1208","2945356","Brandenburg","1.0","Exact match via rdfs:label [global index] | 'Brandenburg' -> 'Brandenburg'","Q6119","3249084","Oberhavel","1.0","Exact match via skos:altLabel [global index] | 'Oberhavel' -> 'Oberhavel'"
"355","Sommerfeld","Oberhavel","Brandenburg","Deutschland","Q183","2921044","Deutschland","1.0","Exact match via rdfs:label [global index] | 'Deutschland' -> 'Deutschland'","Q1208","2945356","Brandenburg","1.0","Exact match via rdfs:label [global index] | 'Brandenburg' -> 'Brandenburg'","Q6119","3249084","Oberhavel","1.0","Exact match via skos:altLabel [global index] | 'Oberhavel' -> 'Oberhavel'"
"356","Teschendorf","Oberhavel","Brandenburg","Deutschland","Q183","2921044","Deutschland","1.0","Exact match via rdfs:label [global index] | 'Deutschland' -> 'Deutschland'","Q1208","2945356","Brandenburg","1.0","Exact match via rdfs:label [global index] | 'Brandenburg' -> 'Brandenburg'","Q6119","3249084","Oberhavel","1.0","Exact match via skos:altLabel [global index] | 'Oberhavel' -> 'Oberhavel'"
"357","Zehdenick","Oberhavel","Brandenburg","Deutschland","Q183","2921044","Deutschland","1.0","Exact match via rdfs:label [global index] | 'Deutschland' -> 'Deutschland'","Q1208","2945356","Brandenburg","1.0","Exact match via rdfs:label [global index] | 'Brandenburg' -> 'Brandenburg'","Q6119","3249084","Oberhavel","1.0","Exact match via skos:altLabel [global index] | 'Oberhavel' -> 'Oberhavel'"
"358","Birkenwerder","Oberhavel","Brandenburg","Deutschland","Q183","2921044","Deutschland","1.0","Exact match via rdfs:label [global index] | 'Deutschland' -> 'Deutschland'","Q1208","2945356","Brandenburg","1.0","Exact match via rdfs:label [global index] | 'Brandenburg' -> 'Brandenburg'","Q6119","3249084","Oberhavel","1.0","Exact match via skos:altLabel [global index] | 'Oberhavel' -> 'Oberhavel'"
"359","Birkenwerder","Oberhavel","Brandenburg","Deutschland","Q183","2921044","Deutschland","1.0","Exact match via rdfs:label [global index] | 'Deutschland' -> 'Deutschland'","Q1208","2945356","Brandenburg","1.0","Exact match via rdfs:label [global index] | 'Brandenburg' -> 'Brandenburg'","Q6119","3249084","Oberhavel","1.0","Exact match via skos:altLabel [global index] | 'Oberhavel' -> 'Oberhavel'"
"360","Burgwall","Oberhavel","Brandenburg","Deutschland","Q183","2921044","Deutschland","1.0","Exact match via rdfs:label [global index] | 'Deutschland' -> 'Deutschland'","Q1208","2945356","Brandenburg","1.0","Exact match via rdfs:label [global index] | 'Brandenburg' -> 'Brandenburg'","Q6119","3249084","Oberhavel","1.0","Exact match via skos:altLabel [global index] | 'Oberhavel' -> 'Oberhavel'"
"361","Badingen","Oberhavel","Brandenburg","Deutschland","Q183","2921044","Deutschland","1.0","Exact match via rdfs:label [global index] | 'Deutschland' -> 'Deutschland'","Q1208","2945356","Brandenburg","1.0","Exact match via rdfs:label [global index] | 'Brandenburg' -> 'Brandenburg'","Q6119","3249084","Oberhavel","1.0","Exact match via skos:altLabel [global index] | 'Oberhavel' -> 'Oberhavel'"
"362","Germendorf","Oberhavel","Brandenburg","Deutschland","Q183","2921044","Deutschland","1.0","Exact match via rdfs:label [global index] | 'Deutschland' -> 'Deutschland'","Q1208","2945356","Brandenburg","1.0","Exact match via rdfs:label [global index] | 'Brandenburg' -> 'Brandenburg'","Q6119","3249084","Oberhavel","1.0","Exact match via skos:altLabel [global index] | 'Oberhavel' -> 'Oberhavel'"
"363","Kappe","Oberhavel","Brandenburg","Deutschland","Q183","2921044","Deutschland","1.0","Exact match via rdfs:label [global index] | 'Deutschland' -> 'Deutschland'","Q1208","2945356","Brandenburg","1.0","Exact match via rdfs:label [global index] | 'Brandenburg' -> 'Brandenburg'","Q6119","3249084","Oberhavel","1.0","Exact match via skos:altLabel [global index] | 'Oberhavel' -> 'Oberhavel'"
"364","Krewelin","Oberhavel","Brandenburg","Deutschland","Q183","2921044","Deutschland","1.0","Exact match via rdfs:label [global index] | 'Deutschland' -> 'Deutschland'","Q1208","2945356","Brandenburg","1.0","Exact match via rdfs:label [global index] | 'Brandenburg' -> 'Brandenburg'","Q6119","3249084","Oberhavel","1.0","Exact match via skos:altLabel [global index] | 'Oberhavel' -> 'Oberhavel'"
"365","Oranienburg","Oberhavel","Brandenburg","Deutschland","Q183","2921044","Deutschland","1.0","Exact match via rdfs:label [global index] | 'Deutschland' -> 'Deutschland'","Q1208","2945356","Brandenburg","1.0","Exact match via rdfs:label [global index] | 'Brandenburg' -> 'Brandenburg'","Q6119","3249084","Oberhavel","1.0","Exact match via skos:altLabel [global index] | 'Oberhavel' -> 'Oberhavel'"
"366","Leipe","Oberspreewald-Lausitz","Brandenburg","Deutschland","Q183","2921044","Deutschland","1.0","Exact match via rdfs:label [global index] | 'Deutschland' -> 'Deutschland'","Q1208","2945356","Brandenburg","1.0","Exact match via rdfs:label [global index] | 'Brandenburg' -> 'Brandenburg'","Q6156","3249085","Oberspreewald-Lausitz","1.0","Exact match via skos:altLabel [global index] | 'Oberspreewald-Lausitz' -> 'Oberspreewald-Lausitz'"
"367","Lübbenau","Oberspreewald-Lausitz","Brandenburg","Deutschland","Q183","2921044","Deutschland","1.0","Exact match via rdfs:label [global index] | 'Deutschland' -> 'Deutschland'","Q1208","2945356","Brandenburg","1.0","Exact match via rdfs:label [global index] | 'Brandenburg' -> 'Brandenburg'","Q6156","3249085","Oberspreewald-Lausitz","1.0","Exact match via skos:altLabel [global index] | 'Oberspreewald-Lausitz' -> 'Oberspreewald-Lausitz'"
"368","Rieplos","Oder-Spree","Brandenburg","Deutschland","Q183","2921044","Deutschland","1.0","Exact match via rdfs:label [global index] | 'Deutschland' -> 'Deutschland'","Q1208","2945356","Brandenburg","1.0","Exact match via rdfs:label [global index] | 'Brandenburg' -> 'Brandenburg'","Q6178","3249086","Oder-Spree","1.0","Exact match via skos:altLabel [global index] | 'Oder-Spree' -> 'Oder-Spree'"
"369","Fürstenwalde","Oder-Spree","Brandenburg","Deutschland","Q183","2921044","Deutschland","1.0","Exact match via rdfs:label [global index] | 'Deutschland' -> 'Deutschland'","Q1208","2945356","Brandenburg","1.0","Exact match via rdfs:label [global index] | 'Brandenburg' -> 'Brandenburg'","Q6178","3249086","Oder-Spree","1.0","Exact match via skos:altLabel [global index] | 'Oder-Spree' -> 'Oder-Spree'"
"370","Fürstenwalde-Süd","Oder-Spree","Brandenburg","Deutschland","Q183","2921044","Deutschland","1.0","Exact match via rdfs:label [global index] | 'Deutschland' -> 'Deutschland'","Q1208","2945356","Brandenburg","1.0","Exact match via rdfs:label [global index] | 'Brandenburg' -> 'Brandenburg'","Q6178","3249086","Oder-Spree","1.0","Exact match via skos:altLabel [global index] | 'Oder-Spree' -> 'Oder-Spree'"
"371","Tempelberg","Oder-Spree","Brandenburg","Deutschland","Q183","2921044","Deutschland","1.0","Exact match via rdfs:label [global index] | 'Deutschland' -> 'Deutschland'","Q1208","2945356","Brandenburg","1.0","Exact match via rdfs:label [global index] | 'Brandenburg' -> 'Brandenburg'","Q6178","3249086","Oder-Spree","1.0","Exact match via skos:altLabel [global index] | 'Oder-Spree' -> 'Oder-Spree'"
"372","Schwerin","Oder-Spree","Brandenburg","Deutschland","Q183","2921044","Deutschland","1.0","Exact match via rdfs:label [global index] | 'Deutschland' -> 'Deutschland'","Q1208","2945356","Brandenburg","1.0","Exact match via rdfs:label [global index] | 'Brandenburg' -> 'Brandenburg'","Q6178","3249086","Oder-Spree","1.0","Exact match via skos:altLabel [global index] | 'Oder-Spree' -> 'Oder-Spree'"
"373","Wusterhausen (Dosse)","Ostprignitz-Ruppin","Brandenburg","Deutschland","Q183","2921044","Deutschland","1.0","Exact match via rdfs:label [global index] | 'Deutschland' -> 'Deutschland'","Q1208","2945356","Brandenburg","1.0","Exact match via rdfs:label [global index] | 'Brandenburg' -> 'Brandenburg'","Q6125","3249087","Ostprignitz-Ruppin","1.0","Exact match via skos:altLabel [global index] | 'Ostprignitz-Ruppin' -> 'Ostprignitz-Ruppin'"
"374","Kötzlin","Ostprignitz-Ruppin","Brandenburg","Deutschland","Q183","2921044","Deutschland","1.0","Exact match via rdfs:label [global index] | 'Deutschland' -> 'Deutschland'","Q1208","2945356","Brandenburg","1.0","Exact match via rdfs:label [global index] | 'Brandenburg' -> 'Brandenburg'","Q6125","3249087","Ostprignitz-Ruppin","1.0","Exact match via skos:altLabel [global index] | 'Ostprignitz-Ruppin' -> 'Ostprignitz-Ruppin'"
"375","Dreetz","Ostprignitz-Ruppin","Brandenburg","Deutschland","Q183","2921044","Deutschland","1.0","Exact match via rdfs:label [global index] | 'Deutschland' -> 'Deutschland'","Q1208","2945356","Brandenburg","1.0","Exact match via rdfs:label [global index] | 'Brandenburg' -> 'Brandenburg'","Q6125","3249087","Ostprignitz-Ruppin","1.0","Exact match via skos:altLabel [global index] | 'Ostprignitz-Ruppin' -> 'Ostprignitz-Ruppin'"
"376","Kyritz","Ostprignitz-Ruppin","Brandenburg","Deutschland","Q183","2921044","Deutschland","1.0","Exact match via rdfs:label [global index] | 'Deutschland' -> 'Deutschland'","Q1208","2945356","Brandenburg","1.0","Exact match via rdfs:label [global index] | 'Brandenburg' -> 'Brandenburg'","Q6125","3249087","Ostprignitz-Ruppin","1.0","Exact match via skos:altLabel [global index] | 'Ostprignitz-Ruppin' -> 'Ostprignitz-Ruppin'"
"377","Lohm","Ostprignitz-Ruppin","Brandenburg","Deutschland","Q183","2921044","Deutschland","1.0","Exact match via rdfs:label [global index] | 'Deutschland' -> 'Deutschland'","Q1208","2945356","Brandenburg","1.0","Exact match via rdfs:label [global index] | 'Brandenburg' -> 'Brandenburg'","Q6125","3249087","Ostprignitz-Ruppin","1.0","Exact match via skos:altLabel [global index] | 'Ostprignitz-Ruppin' -> 'Ostprignitz-Ruppin'"
"378","Roddahn","Ostprignitz-Ruppin","Brandenburg","Deutschland","Q183","2921044","Deutschland","1.0","Exact match via rdfs:label [global index] | 'Deutschland' -> 'Deutschland'","Q1208","2945356","Brandenburg","1.0","Exact match via rdfs:label [global index] | 'Brandenburg' -> 'Brandenburg'","Q6125","3249087","Ostprignitz-Ruppin","1.0","Exact match via skos:altLabel [global index] | 'Ostprignitz-Ruppin' -> 'Ostprignitz-Ruppin'"
"379","Wusterhausen (Dosse)","Ostprignitz-Ruppin","Brandenburg","Deutschland","Q183","2921044","Deutschland","1.0","Exact match via rdfs:label [global index] | 'Deutschland' -> 'Deutschland'","Q1208","2945356","Brandenburg","1.0","Exact match via rdfs:label [global index] | 'Brandenburg' -> 'Brandenburg'","Q6125","3249087","Ostprignitz-Ruppin","1.0","Exact match via skos:altLabel [global index] | 'Ostprignitz-Ruppin' -> 'Ostprignitz-Ruppin'"
"380","Wusterhausen (Dosse)","Ostprignitz-Ruppin","Brandenburg","Deutschland","Q183","2921044","Deutschland","1.0","Exact match via rdfs:label [global index] | 'Deutschland' -> 'Deutschland'","Q1208","2945356","Brandenburg","1.0","Exact match via rdfs:label [global index] | 'Brandenburg' -> 'Brandenburg'","Q6125","3249087","Ostprignitz-Ruppin","1.0","Exact match via skos:altLabel [global index] | 'Ostprignitz-Ruppin' -> 'Ostprignitz-Ruppin'"
"381","Alt Ruppin","Ostprignitz-Ruppin","Brandenburg","Deutschland","Q183","2921044","Deutschland","1.0","Exact match via rdfs:label [global index] | 'Deutschland' -> 'Deutschland'","Q1208","2945356","Brandenburg","1.0","Exact match via rdfs:label [global index] | 'Brandenburg' -> 'Brandenburg'","Q6125","3249087","Ostprignitz-Ruppin","1.0","Exact match via skos:altLabel [global index] | 'Ostprignitz-Ruppin' -> 'Ostprignitz-Ruppin'"
"382","Herzberg","Ostprignitz-Ruppin","Brandenburg","Deutschland","Q183","2921044","Deutschland","1.0","Exact match via rdfs:label [global index] | 'Deutschland' -> 'Deutschland'","Q1208","2945356","Brandenburg","1.0","Exact match via rdfs:label [global index] | 'Brandenburg' -> 'Brandenburg'","Q6125","3249087","Ostprignitz-Ruppin","1.0","Exact match via skos:altLabel [global index] | 'Ostprignitz-Ruppin' -> 'Ostprignitz-Ruppin'"
"383","Langen","Ostprignitz-Ruppin","Brandenburg","Deutschland","Q183","2921044","Deutschland","1.0","Exact match via rdfs:label [global index] | 'Deutschland' -> 'Deutschland'","Q1208","2945356","Brandenburg","1.0","Exact match via rdfs:label [global index] | 'Brandenburg' -> 'Brandenburg'","Q6125","3249087","Ostprignitz-Ruppin","1.0","Exact match via skos:altLabel [global index] | 'Ostprignitz-Ruppin' -> 'Ostprignitz-Ruppin'"
"384","Lüchfeld","Ostprignitz-Ruppin","Brandenburg","Deutschland","Q183","2921044","Deutschland","1.0","Exact match via rdfs:label [global index] | 'Deutschland' -> 'Deutschland'","Q1208","2945356","Brandenburg","1.0","Exact match via rdfs:label [global index] | 'Brandenburg' -> 'Brandenburg'","Q6125","3249087","Ostprignitz-Ruppin","1.0","Exact match via skos:altLabel [global index] | 'Ostprignitz-Ruppin' -> 'Ostprignitz-Ruppin'"
"385","Wildberg","Ostprignitz-Ruppin","Brandenburg","Deutschland","Q183","2921044","Deutschland","1.0","Exact match via rdfs:label [global index] | 'Deutschland' -> 'Deutschland'","Q1208","2945356","Brandenburg","1.0","Exact match via rdfs:label [global index] | 'Brandenburg' -> 'Brandenburg'","Q6125","3249087","Ostprignitz-Ruppin","1.0","Exact match via skos:altLabel [global index] | 'Ostprignitz-Ruppin' -> 'Ostprignitz-Ruppin'"
"386","Wildberg","Ostprignitz-Ruppin","Brandenburg","Deutschland","Q183","2921044","Deutschland","1.0","Exact match via rdfs:label [global index] | 'Deutschland' -> 'Deutschland'","Q1208","2945356","Brandenburg","1.0","Exact match via rdfs:label [global index] | 'Brandenburg' -> 'Brandenburg'","Q6125","3249087","Ostprignitz-Ruppin","1.0","Exact match via skos:altLabel [global index] | 'Ostprignitz-Ruppin' -> 'Ostprignitz-Ruppin'"
"387","Zechliner Hütte","Ostprignitz-Ruppin","Brandenburg","Deutschland","Q183","2921044","Deutschland","1.0","Exact match via rdfs:label [global index] | 'Deutschland' -> 'Deutschland'","Q1208","2945356","Brandenburg","1.0","Exact match via rdfs:label [global index] | 'Brandenburg' -> 'Brandenburg'","Q6125","3249087","Ostprignitz-Ruppin","1.0","Exact match via skos:altLabel [global index] | 'Ostprignitz-Ruppin' -> 'Ostprignitz-Ruppin'"
"388","Altfriesack","Ostprignitz-Ruppin","Brandenburg","Deutschland","Q183","2921044","Deutschland","1.0","Exact match via rdfs:label [global index] | 'Deutschland' -> 'Deutschland'","Q1208","2945356","Brandenburg","1.0","Exact match via rdfs:label [global index] | 'Brandenburg' -> 'Brandenburg'","Q6125","3249087","Ostprignitz-Ruppin","1.0","Exact match via skos:altLabel [global index] | 'Ostprignitz-Ruppin' -> 'Ostprignitz-Ruppin'"
"389","Wulkow bei Alt Ruppin","Ostprignitz-Ruppin","Brandenburg","Deutschland","Q183","2921044","Deutschland","1.0","Exact match via rdfs:label [global index] | 'Deutschland' -> 'Deutschland'","Q1208","2945356","Brandenburg","1.0","Exact match via rdfs:label [global index] | 'Brandenburg' -> 'Brandenburg'","Q6125","3249087","Ostprignitz-Ruppin","1.0","Exact match via skos:altLabel [global index] | 'Ostprignitz-Ruppin' -> 'Ostprignitz-Ruppin'"
"390","Alt Ruppin","Ostprignitz-Ruppin","Brandenburg","Deutschland","Q183","2921044","Deutschland","1.0","Exact match via rdfs:label [global index] | 'Deutschland' -> 'Deutschland'","Q1208","2945356","Brandenburg","1.0","Exact match via rdfs:label [global index] | 'Brandenburg' -> 'Brandenburg'","Q6125","3249087","Ostprignitz-Ruppin","1.0","Exact match via skos:altLabel [global index] | 'Ostprignitz-Ruppin' -> 'Ostprignitz-Ruppin'"
"391","Alt Ruppin","Ostprignitz-Ruppin","Brandenburg","Deutschland","Q183","2921044","Deutschland","1.0","Exact match via rdfs:label [global index] | 'Deutschland' -> 'Deutschland'","Q1208","2945356","Brandenburg","1.0","Exact match via rdfs:label [global index] | 'Brandenburg' -> 'Brandenburg'","Q6125","3249087","Ostprignitz-Ruppin","1.0","Exact match via skos:altLabel [global index] | 'Ostprignitz-Ruppin' -> 'Ostprignitz-Ruppin'"
"392","Alt Ruppin","Ostprignitz-Ruppin","Brandenburg","Deutschland","Q183","2921044","Deutschland","1.0","Exact match via rdfs:label [global index] | 'Deutschland' -> 'Deutschland'","Q1208","2945356","Brandenburg","1.0","Exact match via rdfs:label [global index] | 'Brandenburg' -> 'Brandenburg'","Q6125","3249087","Ostprignitz-Ruppin","1.0","Exact match via skos:altLabel [global index] | 'Ostprignitz-Ruppin' -> 'Ostprignitz-Ruppin'"
"393","Königshorst","Ostprignitz-Ruppin","Brandenburg","Deutschland","Q183","2921044","Deutschland","1.0","Exact match via rdfs:label [global index] | 'Deutschland' -> 'Deutschland'","Q1208","2945356","Brandenburg","1.0","Exact match via rdfs:label [global index] | 'Brandenburg' -> 'Brandenburg'","Q6125","3249087","Ostprignitz-Ruppin","1.0","Exact match via skos:altLabel [global index] | 'Ostprignitz-Ruppin' -> 'Ostprignitz-Ruppin'"
"394","Wusterhausen (Dosse)","Ostprignitz-Ruppin","Brandenburg","Deutschland","Q183","2921044","Deutschland","1.0","Exact match via rdfs:label [global index] | 'Deutschland' -> 'Deutschland'","Q1208","2945356","Brandenburg","1.0","Exact match via rdfs:label [global index] | 'Brandenburg' -> 'Brandenburg'","Q6125","3249087","Ostprignitz-Ruppin","1.0","Exact match via skos:altLabel [global index] | 'Ostprignitz-Ruppin' -> 'Ostprignitz-Ruppin'"
"395","Zechliner Hütte","Ostprignitz-Ruppin","Brandenburg","Deutschland","Q183","2921044","Deutschland","1.0","Exact match via rdfs:label [global index] | 'Deutschland' -> 'Deutschland'","Q1208","2945356","Brandenburg","1.0","Exact match via rdfs:label [global index] | 'Brandenburg' -> 'Brandenburg'","Q6125","3249087","Ostprignitz-Ruppin","1.0","Exact match via skos:altLabel [global index] | 'Ostprignitz-Ruppin' -> 'Ostprignitz-Ruppin'"
"396","Lohm","Ostprignitz-Ruppin","Brandenburg","Deutschland","Q183","2921044","Deutschland","1.0","Exact match via rdfs:label [global index] | 'Deutschland' -> 'Deutschland'","Q1208","2945356","Brandenburg","1.0","Exact match via rdfs:label [global index] | 'Brandenburg' -> 'Brandenburg'","Q6125","3249087","Ostprignitz-Ruppin","1.0","Exact match via skos:altLabel [global index] | 'Ostprignitz-Ruppin' -> 'Ostprignitz-Ruppin'"
"397","Königshorst","Ostprignitz-Ruppin","Brandenburg","Deutschland","Q183","2921044","Deutschland","1.0","Exact match via rdfs:label [global index] | 'Deutschland' -> 'Deutschland'","Q1208","2945356","Brandenburg","1.0","Exact match via rdfs:label [global index] | 'Brandenburg' -> 'Brandenburg'","Q6125","3249087","Ostprignitz-Ruppin","1.0","Exact match via skos:altLabel [global index] | 'Ostprignitz-Ruppin' -> 'Ostprignitz-Ruppin'"
"398","Königshorst","Ostprignitz-Ruppin","Brandenburg","Deutschland","Q183","2921044","Deutschland","1.0","Exact match via rdfs:label [global index] | 'Deutschland' -> 'Deutschland'","Q1208","2945356","Brandenburg","1.0","Exact match via rdfs:label [global index] | 'Brandenburg' -> 'Brandenburg'","Q6125","3249087","Ostprignitz-Ruppin","1.0","Exact match via skos:altLabel [global index] | 'Ostprignitz-Ruppin' -> 'Ostprignitz-Ruppin'"
"399","Potsdam","Potsdam","Brandenburg","Deutschland","Q183","2921044","Deutschland","1.0","Exact match via rdfs:label [global index] | 'Deutschland' -> 'Deutschland'","Q1208","2945356","Brandenburg","1.0","Exact match via rdfs:label [global index] | 'Brandenburg' -> 'Brandenburg'","Q1711","7602560","Potsdam","1.0","Exact match via rdfs:label [global index] | 'Potsdam' -> 'Potsdam'"
"400","Potsdam","Potsdam","Brandenburg","Deutschland","Q183","2921044","Deutschland","1.0","Exact match via rdfs:label [global index] | 'Deutschland' -> 'Deutschland'","Q1208","2945356","Brandenburg","1.0","Exact match via rdfs:label [global index] | 'Brandenburg' -> 'Brandenburg'","Q1711","7602560","Potsdam","1.0","Exact match via rdfs:label [global index] | 'Potsdam' -> 'Potsdam'"
"401","Bornim","Potsdam","Brandenburg","Deutschland","Q183","2921044","Deutschland","1.0","Exact match via rdfs:label [global index] | 'Deutschland' -> 'Deutschland'","Q1208","2945356","Brandenburg","1.0","Exact match via rdfs:label [global index] | 'Brandenburg' -> 'Brandenburg'","Q1711","7602560","Potsdam","1.0","Exact match via rdfs:label [global index] | 'Potsdam' -> 'Potsdam'"
"402","Potsdam","Potsdam","Brandenburg","Deutschland","Q183","2921044","Deutschland","1.0","Exact match via rdfs:label [global index] | 'Deutschland' -> 'Deutschland'","Q1208","2945356","Brandenburg","1.0","Exact match via rdfs:label [global index] | 'Brandenburg' -> 'Brandenburg'","Q1711","7602560","Potsdam","1.0","Exact match via rdfs:label [global index] | 'Potsdam' -> 'Potsdam'"
"403","Potsdam","Potsdam","Brandenburg","Deutschland","Q183","2921044","Deutschland","1.0","Exact match via rdfs:label [global index] | 'Deutschland' -> 'Deutschland'","Q1208","2945356","Brandenburg","1.0","Exact match via rdfs:label [global index] | 'Brandenburg' -> 'Brandenburg'","Q1711","7602560","Potsdam","1.0","Exact match via rdfs:label [global index] | 'Potsdam' -> 'Potsdam'"
"404","Emstal","Potsdam-Mittelmark","Brandenburg","Deutschland","Q183","2921044","Deutschland","1.0","Exact match via rdfs:label [global index] | 'Deutschland' -> 'Deutschland'","Q1208","2945356","Brandenburg","1.0","Exact match via rdfs:label [global index] | 'Brandenburg' -> 'Brandenburg'","Q6142","2852456","Potsdam-Mittelmark","1.0","Exact match via skos:altLabel [global index] | 'Potsdam-Mittelmark' -> 'Potsdam-Mittelmark'"
"405","Hohenferchesar","Potsdam-Mittelmark","Brandenburg","Deutschland","Q183","2921044","Deutschland","1.0","Exact match via rdfs:label [global index] | 'Deutschland' -> 'Deutschland'","Q1208","2945356","Brandenburg","1.0","Exact match via rdfs:label [global index] | 'Brandenburg' -> 'Brandenburg'","Q6142","2852456","Potsdam-Mittelmark","1.0","Exact match via skos:altLabel [global index] | 'Potsdam-Mittelmark' -> 'Potsdam-Mittelmark'"
"406","Alt Töplitz","Potsdam-Mittelmark","Brandenburg","Deutschland","Q183","2921044","Deutschland","1.0","Exact match via rdfs:label [global index] | 'Deutschland' -> 'Deutschland'","Q1208","2945356","Brandenburg","1.0","Exact match via rdfs:label [global index] | 'Brandenburg' -> 'Brandenburg'","Q6142","2852456","Potsdam-Mittelmark","1.0","Exact match via skos:altLabel [global index] | 'Potsdam-Mittelmark' -> 'Potsdam-Mittelmark'"
"407","Alt Töplitz","Potsdam-Mittelmark","Brandenburg","Deutschland","Q183","2921044","Deutschland","1.0","Exact match via rdfs:label [global index] | 'Deutschland' -> 'Deutschland'","Q1208","2945356","Brandenburg","1.0","Exact match via rdfs:label [global index] | 'Brandenburg' -> 'Brandenburg'","Q6142","2852456","Potsdam-Mittelmark","1.0","Exact match via skos:altLabel [global index] | 'Potsdam-Mittelmark' -> 'Potsdam-Mittelmark'"
"408","Alt Töplitz","Potsdam-Mittelmark","Brandenburg","Deutschland","Q183","2921044","Deutschland","1.0","Exact match via rdfs:label [global index] | 'Deutschland' -> 'Deutschland'","Q1208","2945356","Brandenburg","1.0","Exact match via rdfs:label [global index] | 'Brandenburg' -> 'Brandenburg'","Q6142","2852456","Potsdam-Mittelmark","1.0","Exact match via skos:altLabel [global index] | 'Potsdam-Mittelmark' -> 'Potsdam-Mittelmark'"
"409","Bergholz-Rehbrücke","Potsdam-Mittelmark","Brandenburg","Deutschland","Q183","2921044","Deutschland","1.0","Exact match via rdfs:label [global index] | 'Deutschland' -> 'Deutschland'","Q1208","2945356","Brandenburg","1.0","Exact match via rdfs:label [global index] | 'Brandenburg' -> 'Brandenburg'","Q6142","2852456","Potsdam-Mittelmark","1.0","Exact match via skos:altLabel [global index] | 'Potsdam-Mittelmark' -> 'Potsdam-Mittelmark'"
"410","Bergholz-Rehbrücke","Potsdam-Mittelmark","Brandenburg","Deutschland","Q183","2921044","Deutschland","1.0","Exact match via rdfs:label [global index] | 'Deutschland' -> 'Deutschland'","Q1208","2945356","Brandenburg","1.0","Exact match via rdfs:label [global index] | 'Brandenburg' -> 'Brandenburg'","Q6142","2852456","Potsdam-Mittelmark","1.0","Exact match via skos:altLabel [global index] | 'Potsdam-Mittelmark' -> 'Potsdam-Mittelmark'"
"411","Geltow","Potsdam-Mittelmark","Brandenburg","Deutschland","Q183","2921044","Deutschland","1.0","Exact match via rdfs:label [global index] | 'Deutschland' -> 'Deutschland'","Q1208","2945356","Brandenburg","1.0","Exact match via rdfs:label [global index] | 'Brandenburg' -> 'Brandenburg'","Q6142","2852456","Potsdam-Mittelmark","1.0","Exact match via skos:altLabel [global index] | 'Potsdam-Mittelmark' -> 'Potsdam-Mittelmark'"
"412","Geltow","Potsdam-Mittelmark","Brandenburg","Deutschland","Q183","2921044","Deutschland","1.0","Exact match via rdfs:label [global index] | 'Deutschland' -> 'Deutschland'","Q1208","2945356","Brandenburg","1.0","Exact match via rdfs:label [global index] | 'Brandenburg' -> 'Brandenburg'","Q6142","2852456","Potsdam-Mittelmark","1.0","Exact match via skos:altLabel [global index] | 'Potsdam-Mittelmark' -> 'Potsdam-Mittelmark'"
"413","Krampnitz","Potsdam-Mittelmark","Brandenburg","Deutschland","Q183","2921044","Deutschland","1.0","Exact match via rdfs:label [global index] | 'Deutschland' -> 'Deutschland'","Q1208","2945356","Brandenburg","1.0","Exact match via rdfs:label [global index] | 'Brandenburg' -> 'Brandenburg'","Q6142","2852456","Potsdam-Mittelmark","1.0","Exact match via skos:altLabel [global index] | 'Potsdam-Mittelmark' -> 'Potsdam-Mittelmark'"
"414","Plötzin","Potsdam-Mittelmark","Brandenburg","Deutschland","Q183","2921044","Deutschland","1.0","Exact match via rdfs:label [global index] | 'Deutschland' -> 'Deutschland'","Q1208","2945356","Brandenburg","1.0","Exact match via rdfs:label [global index] | 'Brandenburg' -> 'Brandenburg'","Q6142","2852456","Potsdam-Mittelmark","1.0","Exact match via skos:altLabel [global index] | 'Potsdam-Mittelmark' -> 'Potsdam-Mittelmark'"
"415","Satzkorn","Potsdam-Mittelmark","Brandenburg","Deutschland","Q183","2921044","Deutschland","1.0","Exact match via rdfs:label [global index] | 'Deutschland' -> 'Deutschland'","Q1208","2945356","Brandenburg","1.0","Exact match via rdfs:label [global index] | 'Brandenburg' -> 'Brandenburg'","Q6142","2852456","Potsdam-Mittelmark","1.0","Exact match via skos:altLabel [global index] | 'Potsdam-Mittelmark' -> 'Potsdam-Mittelmark'"
"416","Gollwitz","Potsdam-Mittelmark","Brandenburg","Deutschland","Q183","2921044","Deutschland","1.0","Exact match via rdfs:label [global index] | 'Deutschland' -> 'Deutschland'","Q1208","2945356","Brandenburg","1.0","Exact match via rdfs:label [global index] | 'Brandenburg' -> 'Brandenburg'","Q6142","2852456","Potsdam-Mittelmark","1.0","Exact match via skos:altLabel [global index] | 'Potsdam-Mittelmark' -> 'Potsdam-Mittelmark'"
"417","Philippsthal","Potsdam-Mittelmark","Brandenburg","Deutschland","Q183","2921044","Deutschland","1.0","Exact match via rdfs:label [global index] | 'Deutschland' -> 'Deutschland'","Q1208","2945356","Brandenburg","1.0","Exact match via rdfs:label [global index] | 'Brandenburg' -> 'Brandenburg'","Q6142","2852456","Potsdam-Mittelmark","1.0","Exact match via skos:altLabel [global index] | 'Potsdam-Mittelmark' -> 'Potsdam-Mittelmark'"
"418","Marquardt","Potsdam-Mittelmark","Brandenburg","Deutschland","Q183","2921044","Deutschland","1.0","Exact match via rdfs:label [global index] | 'Deutschland' -> 'Deutschland'","Q1208","2945356","Brandenburg","1.0","Exact match via rdfs:label [global index] | 'Brandenburg' -> 'Brandenburg'","Q6142","2852456","Potsdam-Mittelmark","1.0","Exact match via skos:altLabel [global index] | 'Potsdam-Mittelmark' -> 'Potsdam-Mittelmark'"
"419","Ferch","Potsdam-Mittelmark","Brandenburg","Deutschland","Q183","2921044","Deutschland","1.0","Exact match via rdfs:label [global index] | 'Deutschland' -> 'Deutschland'","Q1208","2945356","Brandenburg","1.0","Exact match via rdfs:label [global index] | 'Brandenburg' -> 'Brandenburg'","Q6142","2852456","Potsdam-Mittelmark","1.0","Exact match via skos:altLabel [global index] | 'Potsdam-Mittelmark' -> 'Potsdam-Mittelmark'"
"421","Treuenbrietzen","Potsdam-Mittelmark","Brandenburg","Deutschland","Q183","2921044","Deutschland","1.0","Exact match via rdfs:label [global index] | 'Deutschland' -> 'Deutschland'","Q1208","2945356","Brandenburg","1.0","Exact match via rdfs:label [global index] | 'Brandenburg' -> 'Brandenburg'","Q6142","2852456","Potsdam-Mittelmark","1.0","Exact match via skos:altLabel [global index] | 'Potsdam-Mittelmark' -> 'Potsdam-Mittelmark'"
"422","Treuenbrietzen","Potsdam-Mittelmark","Brandenburg","Deutschland","Q183","2921044","Deutschland","1.0","Exact match via rdfs:label [global index] | 'Deutschland' -> 'Deutschland'","Q1208","2945356","Brandenburg","1.0","Exact match via rdfs:label [global index] | 'Brandenburg' -> 'Brandenburg'","Q6142","2852456","Potsdam-Mittelmark","1.0","Exact match via skos:altLabel [global index] | 'Potsdam-Mittelmark' -> 'Potsdam-Mittelmark'"
"423","Wildenbruch","Potsdam-Mittelmark","Brandenburg","Deutschland","Q183","2921044","Deutschland","1.0","Exact match via rdfs:label [global index] | 'Deutschland' -> 'Deutschland'","Q1208","2945356","Brandenburg","1.0","Exact match via rdfs:label [global index] | 'Brandenburg' -> 'Brandenburg'","Q6142","2852456","Potsdam-Mittelmark","1.0","Exact match via skos:altLabel [global index] | 'Potsdam-Mittelmark' -> 'Potsdam-Mittelmark'"
"424","Alt Töplitz","Potsdam-Mittelmark","Brandenburg","Deutschland","Q183","2921044","Deutschland","1.0","Exact match via rdfs:label [global index] | 'Deutschland' -> 'Deutschland'","Q1208","2945356","Brandenburg","1.0","Exact match via rdfs:label [global index] | 'Brandenburg' -> 'Brandenburg'","Q6142","2852456","Potsdam-Mittelmark","1.0","Exact match via skos:altLabel [global index] | 'Potsdam-Mittelmark' -> 'Potsdam-Mittelmark'"
"425","Alt Töplitz","Potsdam-Mittelmark","Brandenburg","Deutschland","Q183","2921044","Deutschland","1.0","Exact match via rdfs:label [global index] | 'Deutschland' -> 'Deutschland'","Q1208","2945356","Brandenburg","1.0","Exact match via rdfs:label [global index] | 'Brandenburg' -> 'Brandenburg'","Q6142","2852456","Potsdam-Mittelmark","1.0","Exact match via skos:altLabel [global index] | 'Potsdam-Mittelmark' -> 'Potsdam-Mittelmark'"
"426","Kleinmachnow","Potsdam-Mittelmark","Brandenburg","Deutschland","Q183","2921044","Deutschland","1.0","Exact match via rdfs:label [global index] | 'Deutschland' -> 'Deutschland'","Q1208","2945356","Brandenburg","1.0","Exact match via rdfs:label [global index] | 'Brandenburg' -> 'Brandenburg'","Q6142","2852456","Potsdam-Mittelmark","1.0","Exact match via skos:altLabel [global index] | 'Potsdam-Mittelmark' -> 'Potsdam-Mittelmark'"
"427","Beelitz","Potsdam-Mittelmark","Brandenburg","Deutschland","Q183","2921044","Deutschland","1.0","Exact match via rdfs:label [global index] | 'Deutschland' -> 'Deutschland'","Q1208","2945356","Brandenburg","1.0","Exact match via rdfs:label [global index] | 'Brandenburg' -> 'Brandenburg'","Q6142","2852456","Potsdam-Mittelmark","1.0","Exact match via skos:altLabel [global index] | 'Potsdam-Mittelmark' -> 'Potsdam-Mittelmark'"
"428","Neuhausen","Prignitz","Brandenburg","Deutschland","Q183","2921044","Deutschland","1.0","Exact match via rdfs:label [global index] | 'Deutschland' -> 'Deutschland'","Q1208","2945356","Brandenburg","1.0","Exact match via rdfs:label [global index] | 'Brandenburg' -> 'Brandenburg'","Q316858","2852047","Prignitz","1.0","Exact match via rdfs:label [global index] | 'Prignitz' -> 'Prignitz'"
"429","Pirow","Prignitz","Brandenburg","Deutschland","Q183","2921044","Deutschland","1.0","Exact match via rdfs:label [global index] | 'Deutschland' -> 'Deutschland'","Q1208","2945356","Brandenburg","1.0","Exact match via rdfs:label [global index] | 'Brandenburg' -> 'Brandenburg'","Q316858","2852047","Prignitz","1.0","Exact match via rdfs:label [global index] | 'Prignitz' -> 'Prignitz'"
"430","Putlitz","Prignitz","Brandenburg","Deutschland","Q183","2921044","Deutschland","1.0","Exact match via rdfs:label [global index] | 'Deutschland' -> 'Deutschland'","Q1208","2945356","Brandenburg","1.0","Exact match via rdfs:label [global index] | 'Brandenburg' -> 'Brandenburg'","Q316858","2852047","Prignitz","1.0","Exact match via rdfs:label [global index] | 'Prignitz' -> 'Prignitz'"
"431","Kleinow","Prignitz","Brandenburg","Deutschland","Q183","2921044","Deutschland","1.0","Exact match via rdfs:label [global index] | 'Deutschland' -> 'Deutschland'","Q1208","2945356","Brandenburg","1.0","Exact match via rdfs:label [global index] | 'Brandenburg' -> 'Brandenburg'","Q316858","2852047","Prignitz","1.0","Exact match via rdfs:label [global index] | 'Prignitz' -> 'Prignitz'"
"432","Sadenbeck","Prignitz","Brandenburg","Deutschland","Q183","2921044","Deutschland","1.0","Exact match via rdfs:label [global index] | 'Deutschland' -> 'Deutschland'","Q1208","2945356","Brandenburg","1.0","Exact match via rdfs:label [global index] | 'Brandenburg' -> 'Brandenburg'","Q316858","2852047","Prignitz","1.0","Exact match via rdfs:label [global index] | 'Prignitz' -> 'Prignitz'"
"433","Babekuhl","Prignitz","Brandenburg","Deutschland","Q183","2921044","Deutschland","1.0","Exact match via rdfs:label [global index] | 'Deutschland' -> 'Deutschland'","Q1208","2945356","Brandenburg","1.0","Exact match via rdfs:label [global index] | 'Brandenburg' -> 'Brandenburg'","Q316858","2852047","Prignitz","1.0","Exact match via rdfs:label [global index] | 'Prignitz' -> 'Prignitz'"
"434","Lenzen","Prignitz","Brandenburg","Deutschland","Q183","2921044","Deutschland","1.0","Exact match via rdfs:label [global index] | 'Deutschland' -> 'Deutschland'","Q1208","2945356","Brandenburg","1.0","Exact match via rdfs:label [global index] | 'Brandenburg' -> 'Brandenburg'","Q316858","2852047","Prignitz","1.0","Exact match via rdfs:label [global index] | 'Prignitz' -> 'Prignitz'"
"435","Semlin","Prignitz","Brandenburg","Deutschland","Q183","2921044","Deutschland","1.0","Exact match via rdfs:label [global index] | 'Deutschland' -> 'Deutschland'","Q1208","2945356","Brandenburg","1.0","Exact match via rdfs:label [global index] | 'Brandenburg' -> 'Brandenburg'","Q316858","2852047","Prignitz","1.0","Exact match via rdfs:label [global index] | 'Prignitz' -> 'Prignitz'"
"436","Perleberg","Prignitz","Brandenburg","Deutschland","Q183","2921044","Deutschland","1.0","Exact match via rdfs:label [global index] | 'Deutschland' -> 'Deutschland'","Q1208","2945356","Brandenburg","1.0","Exact match via rdfs:label [global index] | 'Brandenburg' -> 'Brandenburg'","Q316858","2852047","Prignitz","1.0","Exact match via rdfs:label [global index] | 'Prignitz' -> 'Prignitz'"
"437","Premslin","Prignitz","Brandenburg","Deutschland","Q183","2921044","Deutschland","1.0","Exact match via rdfs:label [global index] | 'Deutschland' -> 'Deutschland'","Q1208","2945356","Brandenburg","1.0","Exact match via rdfs:label [global index] | 'Brandenburg' -> 'Brandenburg'","Q316858","2852047","Prignitz","1.0","Exact match via rdfs:label [global index] | 'Prignitz' -> 'Prignitz'"
"438","Groß Linde","Prignitz","Brandenburg","Deutschland","Q183","2921044","Deutschland","1.0","Exact match via rdfs:label [global index] | 'Deutschland' -> 'Deutschland'","Q1208","2945356","Brandenburg","1.0","Exact match via rdfs:label [global index] | 'Brandenburg' -> 'Brandenburg'","Q316858","2852047","Prignitz","1.0","Exact match via rdfs:label [global index] | 'Prignitz' -> 'Prignitz'"
"439","Tacken","Prignitz","Brandenburg","Deutschland","Q183","2921044","Deutschland","1.0","Exact match via rdfs:label [global index] | 'Deutschland' -> 'Deutschland'","Q1208","2945356","Brandenburg","1.0","Exact match via rdfs:label [global index] | 'Brandenburg' -> 'Brandenburg'","Q316858","2852047","Prignitz","1.0","Exact match via rdfs:label [global index] | 'Prignitz' -> 'Prignitz'"
"440","Hinzdorf","Prignitz","Brandenburg","Deutschland","Q183","2921044","Deutschland","1.0","Exact match via rdfs:label [global index] | 'Deutschland' -> 'Deutschland'","Q1208","2945356","Brandenburg","1.0","Exact match via rdfs:label [global index] | 'Brandenburg' -> 'Brandenburg'","Q316858","2852047","Prignitz","1.0","Exact match via rdfs:label [global index] | 'Prignitz' -> 'Prignitz'"
"441","Kleeste","Prignitz","Brandenburg","Deutschland","Q183","2921044","Deutschland","1.0","Exact match via rdfs:label [global index] | 'Deutschland' -> 'Deutschland'","Q1208","2945356","Brandenburg","1.0","Exact match via rdfs:label [global index] | 'Brandenburg' -> 'Brandenburg'","Q316858","2852047","Prignitz","1.0","Exact match via rdfs:label [global index] | 'Prignitz' -> 'Prignitz'"
"442","Wustrow","Prignitz","Brandenburg","Deutschland","Q183","2921044","Deutschland","1.0","Exact match via rdfs:label [global index] | 'Deutschland' -> 'Deutschland'","Q1208","2945356","Brandenburg","1.0","Exact match via rdfs:label [global index] | 'Brandenburg' -> 'Brandenburg'","Q316858","2852047","Prignitz","1.0","Exact match via rdfs:label [global index] | 'Prignitz' -> 'Prignitz'"
"443","Raakow","Spree-Neiße","Brandenburg","Deutschland","Q183","2921044","Deutschland","1.0","Exact match via rdfs:label [global index] | 'Deutschland' -> 'Deutschland'","Q1208","2945356","Brandenburg","1.0","Exact match via rdfs:label [global index] | 'Brandenburg' -> 'Brandenburg'","Q6165","3249089","Spree-Neiße","1.0","Exact match via skos:altLabel [global index] | 'Spree-Neiße' -> 'Spree-Neiße'"
"444","Blankensee","Teltow-Fläming","Brandenburg","Deutschland","Q183","2921044","Deutschland","1.0","Exact match via rdfs:label [global index] | 'Deutschland' -> 'Deutschland'","Q1208","2945356","Brandenburg","1.0","Exact match via rdfs:label [global index] | 'Brandenburg' -> 'Brandenburg'","Q6146","","Landkreis Teltow-Fläming","1.0","Direct override | 'Teltow-Fläming' -> QID=Q6146 | [override -> QID=Q6146]"
"445","Ahrensdorf bei Ludwigsfelde","Teltow-Fläming","Brandenburg","Deutschland","Q183","2921044","Deutschland","1.0","Exact match via rdfs:label [global index] | 'Deutschland' -> 'Deutschland'","Q1208","2945356","Brandenburg","1.0","Exact match via rdfs:label [global index] | 'Brandenburg' -> 'Brandenburg'","Q6146","","Landkreis Teltow-Fläming","1.0","Direct override | 'Teltow-Fläming' -> QID=Q6146 | [override -> QID=Q6146]"
"446","Blankenfelde","Teltow-Fläming","Brandenburg","Deutschland","Q183","2921044","Deutschland","1.0","Exact match via rdfs:label [global index] | 'Deutschland' -> 'Deutschland'","Q1208","2945356","Brandenburg","1.0","Exact match via rdfs:label [global index] | 'Brandenburg' -> 'Brandenburg'","Q6146","","Landkreis Teltow-Fläming","1.0","Direct override | 'Teltow-Fläming' -> QID=Q6146 | [override -> QID=Q6146]"
"447","Gröben","Teltow-Fläming","Brandenburg","Deutschland","Q183","2921044","Deutschland","1.0","Exact match via rdfs:label [global index] | 'Deutschland' -> 'Deutschland'","Q1208","2945356","Brandenburg","1.0","Exact match via rdfs:label [global index] | 'Brandenburg' -> 'Brandenburg'","Q6146","","Landkreis Teltow-Fläming","1.0","Direct override | 'Teltow-Fläming' -> QID=Q6146 | [override -> QID=Q6146]"
"448","Gröben","Teltow-Fläming","Brandenburg","Deutschland","Q183","2921044","Deutschland","1.0","Exact match via rdfs:label [global index] | 'Deutschland' -> 'Deutschland'","Q1208","2945356","Brandenburg","1.0","Exact match via rdfs:label [global index] | 'Brandenburg' -> 'Brandenburg'","Q6146","","Landkreis Teltow-Fläming","1.0","Direct override | 'Teltow-Fläming' -> QID=Q6146 | [override -> QID=Q6146]"
"449","Kummersdorf","Teltow-Fläming","Brandenburg","Deutschland","Q183","2921044","Deutschland","1.0","Exact match via rdfs:label [global index] | 'Deutschland' -> 'Deutschland'","Q1208","2945356","Brandenburg","1.0","Exact match via rdfs:label [global index] | 'Brandenburg' -> 'Brandenburg'","Q6146","","Landkreis Teltow-Fläming","1.0","Direct override | 'Teltow-Fläming' -> QID=Q6146 | [override -> QID=Q6146]"
"450","Mellensee","Teltow-Fläming","Brandenburg","Deutschland","Q183","2921044","Deutschland","1.0","Exact match via rdfs:label [global index] | 'Deutschland' -> 'Deutschland'","Q1208","2945356","Brandenburg","1.0","Exact match via rdfs:label [global index] | 'Brandenburg' -> 'Brandenburg'","Q6146","","Landkreis Teltow-Fläming","1.0","Direct override | 'Teltow-Fläming' -> QID=Q6146 | [override -> QID=Q6146]"
"453","Sperenberg","Teltow-Fläming","Brandenburg","Deutschland","Q183","2921044","Deutschland","1.0","Exact match via rdfs:label [global index] | 'Deutschland' -> 'Deutschland'","Q1208","2945356","Brandenburg","1.0","Exact match via rdfs:label [global index] | 'Brandenburg' -> 'Brandenburg'","Q6146","","Landkreis Teltow-Fläming","1.0","Direct override | 'Teltow-Fläming' -> QID=Q6146 | [override -> QID=Q6146]"
"454","Zesch","Teltow-Fläming","Brandenburg","Deutschland","Q183","2921044","Deutschland","1.0","Exact match via rdfs:label [global index] | 'Deutschland' -> 'Deutschland'","Q1208","2945356","Brandenburg","1.0","Exact match via rdfs:label [global index] | 'Brandenburg' -> 'Brandenburg'","Q6146","","Landkreis Teltow-Fläming","1.0","Direct override | 'Teltow-Fläming' -> QID=Q6146 | [override -> QID=Q6146]"
"455","Zossen","Teltow-Fläming","Brandenburg","Deutschland","Q183","2921044","Deutschland","1.0","Exact match via rdfs:label [global index] | 'Deutschland' -> 'Deutschland'","Q1208","2945356","Brandenburg","1.0","Exact match via rdfs:label [global index] | 'Brandenburg' -> 'Brandenburg'","Q6146","","Landkreis Teltow-Fläming","1.0","Direct override | 'Teltow-Fläming' -> QID=Q6146 | [override -> QID=Q6146]"
"456","Trebbin","Teltow-Fläming","Brandenburg","Deutschland","Q183","2921044","Deutschland","1.0","Exact match via rdfs:label [global index] | 'Deutschland' -> 'Deutschland'","Q1208","2945356","Brandenburg","1.0","Exact match via rdfs:label [global index] | 'Brandenburg' -> 'Brandenburg'","Q6146","","Landkreis Teltow-Fläming","1.0","Direct override | 'Teltow-Fläming' -> QID=Q6146 | [override -> QID=Q6146]"
"459","Blankensee","Teltow-Fläming","Brandenburg","Deutschland","Q183","2921044","Deutschland","1.0","Exact match via rdfs:label [global index] | 'Deutschland' -> 'Deutschland'","Q1208","2945356","Brandenburg","1.0","Exact match via rdfs:label [global index] | 'Brandenburg' -> 'Brandenburg'","Q6146","","Landkreis Teltow-Fläming","1.0","Direct override | 'Teltow-Fläming' -> QID=Q6146 | [override -> QID=Q6146]"
"460","Blankensee","Teltow-Fläming","Brandenburg","Deutschland","Q183","2921044","Deutschland","1.0","Exact match via rdfs:label [global index] | 'Deutschland' -> 'Deutschland'","Q1208","2945356","Brandenburg","1.0","Exact match via rdfs:label [global index] | 'Brandenburg' -> 'Brandenburg'","Q6146","","Landkreis Teltow-Fläming","1.0","Direct override | 'Teltow-Fläming' -> QID=Q6146 | [override -> QID=Q6146]"
"461","Blankensee","Teltow-Fläming","Brandenburg","Deutschland","Q183","2921044","Deutschland","1.0","Exact match via rdfs:label [global index] | 'Deutschland' -> 'Deutschland'","Q1208","2945356","Brandenburg","1.0","Exact match via rdfs:label [global index] | 'Brandenburg' -> 'Brandenburg'","Q6146","","Landkreis Teltow-Fläming","1.0","Direct override | 'Teltow-Fläming' -> QID=Q6146 | [override -> QID=Q6146]"
"462","Klein Kienitz","Teltow-Fläming","Brandenburg","Deutschland","Q183","2921044","Deutschland","1.0","Exact match via rdfs:label [global index] | 'Deutschland' -> 'Deutschland'","Q1208","2945356","Brandenburg","1.0","Exact match via rdfs:label [global index] | 'Brandenburg' -> 'Brandenburg'","Q6146","","Landkreis Teltow-Fläming","1.0","Direct override | 'Teltow-Fläming' -> QID=Q6146 | [override -> QID=Q6146]"
"463","Kliestow","Teltow-Fläming","Brandenburg","Deutschland","Q183","2921044","Deutschland","1.0","Exact match via rdfs:label [global index] | 'Deutschland' -> 'Deutschland'","Q1208","2945356","Brandenburg","1.0","Exact match via rdfs:label [global index] | 'Brandenburg' -> 'Brandenburg'","Q6146","","Landkreis Teltow-Fläming","1.0","Direct override | 'Teltow-Fläming' -> QID=Q6146 | [override -> QID=Q6146]"
"464","Angermünde","Uckermark","Brandenburg","Deutschland","Q183","2921044","Deutschland","1.0","Exact match via rdfs:label [global index] | 'Deutschland' -> 'Deutschland'","Q1208","2945356","Brandenburg","1.0","Exact match via rdfs:label [global index] | 'Brandenburg' -> 'Brandenburg'","Q338635","2820521","Uckermark","1.0","Exact match via rdfs:label [global index] | 'Uckermark' -> 'Uckermark'"
"465","Dobberzin","Uckermark","Brandenburg","Deutschland","Q183","2921044","Deutschland","1.0","Exact match via rdfs:label [global index] | 'Deutschland' -> 'Deutschland'","Q1208","2945356","Brandenburg","1.0","Exact match via rdfs:label [global index] | 'Brandenburg' -> 'Brandenburg'","Q338635","2820521","Uckermark","1.0","Exact match via rdfs:label [global index] | 'Uckermark' -> 'Uckermark'"
"466","Felchow","Uckermark","Brandenburg","Deutschland","Q183","2921044","Deutschland","1.0","Exact match via rdfs:label [global index] | 'Deutschland' -> 'Deutschland'","Q1208","2945356","Brandenburg","1.0","Exact match via rdfs:label [global index] | 'Brandenburg' -> 'Brandenburg'","Q338635","2820521","Uckermark","1.0","Exact match via rdfs:label [global index] | 'Uckermark' -> 'Uckermark'"
"467","Felchow","Uckermark","Brandenburg","Deutschland","Q183","2921044","Deutschland","1.0","Exact match via rdfs:label [global index] | 'Deutschland' -> 'Deutschland'","Q1208","2945356","Brandenburg","1.0","Exact match via rdfs:label [global index] | 'Brandenburg' -> 'Brandenburg'","Q338635","2820521","Uckermark","1.0","Exact match via rdfs:label [global index] | 'Uckermark' -> 'Uckermark'"
"468","Angermünde","Uckermark","Brandenburg","Deutschland","Q183","2921044","Deutschland","1.0","Exact match via rdfs:label [global index] | 'Deutschland' -> 'Deutschland'","Q1208","2945356","Brandenburg","1.0","Exact match via rdfs:label [global index] | 'Brandenburg' -> 'Brandenburg'","Q338635","2820521","Uckermark","1.0","Exact match via rdfs:label [global index] | 'Uckermark' -> 'Uckermark'"
"469","Gellmersdorf","Uckermark","Brandenburg","Deutschland","Q183","2921044","Deutschland","1.0","Exact match via rdfs:label [global index] | 'Deutschland' -> 'Deutschland'","Q1208","2945356","Brandenburg","1.0","Exact match via rdfs:label [global index] | 'Brandenburg' -> 'Brandenburg'","Q338635","2820521","Uckermark","1.0","Exact match via rdfs:label [global index] | 'Uckermark' -> 'Uckermark'"
"470","Berkholz zu Berkholz-Meyenburg","Uckermark","Brandenburg","Deutschland","Q183","2921044","Deutschland","1.0","Exact match via rdfs:label [global index] | 'Deutschland' -> 'Deutschland'","Q1208","2945356","Brandenburg","1.0","Exact match via rdfs:label [global index] | 'Brandenburg' -> 'Brandenburg'","Q338635","2820521","Uckermark","1.0","Exact match via rdfs:label [global index] | 'Uckermark' -> 'Uckermark'"
"471","Flemsdorf","Uckermark","Brandenburg","Deutschland","Q183","2921044","Deutschland","1.0","Exact match via rdfs:label [global index] | 'Deutschland' -> 'Deutschland'","Q1208","2945356","Brandenburg","1.0","Exact match via rdfs:label [global index] | 'Brandenburg' -> 'Brandenburg'","Q338635","2820521","Uckermark","1.0","Exact match via rdfs:label [global index] | 'Uckermark' -> 'Uckermark'"
"472","Görlsdorf","Uckermark","Brandenburg","Deutschland","Q183","2921044","Deutschland","1.0","Exact match via rdfs:label [global index] | 'Deutschland' -> 'Deutschland'","Q1208","2945356","Brandenburg","1.0","Exact match via rdfs:label [global index] | 'Brandenburg' -> 'Brandenburg'","Q338635","2820521","Uckermark","1.0","Exact match via rdfs:label [global index] | 'Uckermark' -> 'Uckermark'"
"473","Günterberg","Uckermark","Brandenburg","Deutschland","Q183","2921044","Deutschland","1.0","Exact match via rdfs:label [global index] | 'Deutschland' -> 'Deutschland'","Q1208","2945356","Brandenburg","1.0","Exact match via rdfs:label [global index] | 'Brandenburg' -> 'Brandenburg'","Q338635","2820521","Uckermark","1.0","Exact match via rdfs:label [global index] | 'Uckermark' -> 'Uckermark'"
"474","Hohenlandin","Uckermark","Brandenburg","Deutschland","Q183","2921044","Deutschland","1.0","Exact match via rdfs:label [global index] | 'Deutschland' -> 'Deutschland'","Q1208","2945356","Brandenburg","1.0","Exact match via rdfs:label [global index] | 'Brandenburg' -> 'Brandenburg'","Q338635","2820521","Uckermark","1.0","Exact match via rdfs:label [global index] | 'Uckermark' -> 'Uckermark'"
"475","Niederlandin","Uckermark","Brandenburg","Deutschland","Q183","2921044","Deutschland","1.0","Exact match via rdfs:label [global index] | 'Deutschland' -> 'Deutschland'","Q1208","2945356","Brandenburg","1.0","Exact match via rdfs:label [global index] | 'Brandenburg' -> 'Brandenburg'","Q338635","2820521","Uckermark","1.0","Exact match via rdfs:label [global index] | 'Uckermark' -> 'Uckermark'"
"476","Schmargendorf","Uckermark","Brandenburg","Deutschland","Q183","2921044","Deutschland","1.0","Exact match via rdfs:label [global index] | 'Deutschland' -> 'Deutschland'","Q1208","2945356","Brandenburg","1.0","Exact match via rdfs:label [global index] | 'Brandenburg' -> 'Brandenburg'","Q338635","2820521","Uckermark","1.0","Exact match via rdfs:label [global index] | 'Uckermark' -> 'Uckermark'"
"477","Schönermark","Uckermark","Brandenburg","Deutschland","Q183","2921044","Deutschland","1.0","Exact match via rdfs:label [global index] | 'Deutschland' -> 'Deutschland'","Q1208","2945356","Brandenburg","1.0","Exact match via rdfs:label [global index] | 'Brandenburg' -> 'Brandenburg'","Q338635","2820521","Uckermark","1.0","Exact match via rdfs:label [global index] | 'Uckermark' -> 'Uckermark'"
"478","Staffelde","Uckermark","Brandenburg","Deutschland","Q183","2921044","Deutschland","1.0","Exact match via rdfs:label [global index] | 'Deutschland' -> 'Deutschland'","Q1208","2945356","Brandenburg","1.0","Exact match via rdfs:label [global index] | 'Brandenburg' -> 'Brandenburg'","Q338635","2820521","Uckermark","1.0","Exact match via rdfs:label [global index] | 'Uckermark' -> 'Uckermark'"
"479","Wartin","Uckermark","Brandenburg","Deutschland","Q183","2921044","Deutschland","1.0","Exact match via rdfs:label [global index] | 'Deutschland' -> 'Deutschland'","Q1208","2945356","Brandenburg","1.0","Exact match via rdfs:label [global index] | 'Brandenburg' -> 'Brandenburg'","Q338635","2820521","Uckermark","1.0","Exact match via rdfs:label [global index] | 'Uckermark' -> 'Uckermark'"
"480","Fürstenwerder","Uckermark","Brandenburg","Deutschland","Q183","2921044","Deutschland","1.0","Exact match via rdfs:label [global index] | 'Deutschland' -> 'Deutschland'","Q1208","2945356","Brandenburg","1.0","Exact match via rdfs:label [global index] | 'Brandenburg' -> 'Brandenburg'","Q338635","2820521","Uckermark","1.0","Exact match via rdfs:label [global index] | 'Uckermark' -> 'Uckermark'"
"481","Gollmitz","Uckermark","Brandenburg","Deutschland","Q183","2921044","Deutschland","1.0","Exact match via rdfs:label [global index] | 'Deutschland' -> 'Deutschland'","Q1208","2945356","Brandenburg","1.0","Exact match via rdfs:label [global index] | 'Brandenburg' -> 'Brandenburg'","Q338635","2820521","Uckermark","1.0","Exact match via rdfs:label [global index] | 'Uckermark' -> 'Uckermark'"
"482","Schenkenberg","Uckermark","Brandenburg","Deutschland","Q183","2921044","Deutschland","1.0","Exact match via rdfs:label [global index] | 'Deutschland' -> 'Deutschland'","Q1208","2945356","Brandenburg","1.0","Exact match via rdfs:label [global index] | 'Brandenburg' -> 'Brandenburg'","Q338635","2820521","Uckermark","1.0","Exact match via rdfs:label [global index] | 'Uckermark' -> 'Uckermark'"
"483","Fürstenwerder","Uckermark","Brandenburg","Deutschland","Q183","2921044","Deutschland","1.0","Exact match via rdfs:label [global index] | 'Deutschland' -> 'Deutschland'","Q1208","2945356","Brandenburg","1.0","Exact match via rdfs:label [global index] | 'Brandenburg' -> 'Brandenburg'","Q338635","2820521","Uckermark","1.0","Exact match via rdfs:label [global index] | 'Uckermark' -> 'Uckermark'"
"484","Wollschow","Uckermark","Brandenburg","Deutschland","Q183","2921044","Deutschland","1.0","Exact match via rdfs:label [global index] | 'Deutschland' -> 'Deutschland'","Q1208","2945356","Brandenburg","1.0","Exact match via rdfs:label [global index] | 'Brandenburg' -> 'Brandenburg'","Q338635","2820521","Uckermark","1.0","Exact match via rdfs:label [global index] | 'Uckermark' -> 'Uckermark'"
"485","Schwedt","Uckermark","Brandenburg","Deutschland","Q183","2921044","Deutschland","1.0","Exact match via rdfs:label [global index] | 'Deutschland' -> 'Deutschland'","Q1208","2945356","Brandenburg","1.0","Exact match via rdfs:label [global index] | 'Brandenburg' -> 'Brandenburg'","Q338635","2820521","Uckermark","1.0","Exact match via rdfs:label [global index] | 'Uckermark' -> 'Uckermark'"
"486","Knehden","Uckermark","Brandenburg","Deutschland","Q183","2921044","Deutschland","1.0","Exact match via rdfs:label [global index] | 'Deutschland' -> 'Deutschland'","Q1208","2945356","Brandenburg","1.0","Exact match via rdfs:label [global index] | 'Brandenburg' -> 'Brandenburg'","Q338635","2820521","Uckermark","1.0","Exact match via rdfs:label [global index] | 'Uckermark' -> 'Uckermark'"
"487","Kreuzkrug","Uckermark","Brandenburg","Deutschland","Q183","2921044","Deutschland","1.0","Exact match via rdfs:label [global index] | 'Deutschland' -> 'Deutschland'","Q1208","2945356","Brandenburg","1.0","Exact match via rdfs:label [global index] | 'Brandenburg' -> 'Brandenburg'","Q338635","2820521","Uckermark","1.0","Exact match via rdfs:label [global index] | 'Uckermark' -> 'Uckermark'"
"488","Petersdorf","Uckermark","Brandenburg","Deutschland","Q183","2921044","Deutschland","1.0","Exact match via rdfs:label [global index] | 'Deutschland' -> 'Deutschland'","Q1208","2945356","Brandenburg","1.0","Exact match via rdfs:label [global index] | 'Brandenburg' -> 'Brandenburg'","Q338635","2820521","Uckermark","1.0","Exact match via rdfs:label [global index] | 'Uckermark' -> 'Uckermark'"
"489","Templin","Uckermark","Brandenburg","Deutschland","Q183","2921044","Deutschland","1.0","Exact match via rdfs:label [global index] | 'Deutschland' -> 'Deutschland'","Q1208","2945356","Brandenburg","1.0","Exact match via rdfs:label [global index] | 'Brandenburg' -> 'Brandenburg'","Q338635","2820521","Uckermark","1.0","Exact match via rdfs:label [global index] | 'Uckermark' -> 'Uckermark'"
"490","Schwedt","Uckermark","Brandenburg","Deutschland","Q183","2921044","Deutschland","1.0","Exact match via rdfs:label [global index] | 'Deutschland' -> 'Deutschland'","Q1208","2945356","Brandenburg","1.0","Exact match via rdfs:label [global index] | 'Brandenburg' -> 'Brandenburg'","Q338635","2820521","Uckermark","1.0","Exact match via rdfs:label [global index] | 'Uckermark' -> 'Uckermark'"
"491","Lychen","Uckermark","Brandenburg","Deutschland","Q183","2921044","Deutschland","1.0","Exact match via rdfs:label [global index] | 'Deutschland' -> 'Deutschland'","Q1208","2945356","Brandenburg","1.0","Exact match via rdfs:label [global index] | 'Brandenburg' -> 'Brandenburg'","Q338635","2820521","Uckermark","1.0","Exact match via rdfs:label [global index] | 'Uckermark' -> 'Uckermark'"
"492","Dobberzin","Uckermark","Brandenburg","Deutschland","Q183","2921044","Deutschland","1.0","Exact match via rdfs:label [global index] | 'Deutschland' -> 'Deutschland'","Q1208","2945356","Brandenburg","1.0","Exact match via rdfs:label [global index] | 'Brandenburg' -> 'Brandenburg'","Q338635","2820521","Uckermark","1.0","Exact match via rdfs:label [global index] | 'Uckermark' -> 'Uckermark'"
"493","Berkholz zu Berkholz-Meyenburg","Uckermark","Brandenburg","Deutschland","Q183","2921044","Deutschland","1.0","Exact match via rdfs:label [global index] | 'Deutschland' -> 'Deutschland'","Q1208","2945356","Brandenburg","1.0","Exact match via rdfs:label [global index] | 'Brandenburg' -> 'Brandenburg'","Q338635","2820521","Uckermark","1.0","Exact match via rdfs:label [global index] | 'Uckermark' -> 'Uckermark'"
"494","Zichow","Uckermark","Brandenburg","Deutschland","Q183","2921044","Deutschland","1.0","Exact match via rdfs:label [global index] | 'Deutschland' -> 'Deutschland'","Q1208","2945356","Brandenburg","1.0","Exact match via rdfs:label [global index] | 'Brandenburg' -> 'Brandenburg'","Q338635","2820521","Uckermark","1.0","Exact match via rdfs:label [global index] | 'Uckermark' -> 'Uckermark'"
"495","Herzfelde","Uckermark","Brandenburg","Deutschland","Q183","2921044","Deutschland","1.0","Exact match via rdfs:label [global index] | 'Deutschland' -> 'Deutschland'","Q1208","2945356","Brandenburg","1.0","Exact match via rdfs:label [global index] | 'Brandenburg' -> 'Brandenburg'","Q338635","2820521","Uckermark","1.0","Exact match via rdfs:label [global index] | 'Uckermark' -> 'Uckermark'"
"496","Carmzow","Uckermark","Brandenburg","Deutschland","Q183","2921044","Deutschland","1.0","Exact match via rdfs:label [global index] | 'Deutschland' -> 'Deutschland'","Q1208","2945356","Brandenburg","1.0","Exact match via rdfs:label [global index] | 'Brandenburg' -> 'Brandenburg'","Q338635","2820521","Uckermark","1.0","Exact match via rdfs:label [global index] | 'Uckermark' -> 'Uckermark'"
"497","Bandelow","Uckermark","Brandenburg","Deutschland","Q183","2921044","Deutschland","1.0","Exact match via rdfs:label [global index] | 'Deutschland' -> 'Deutschland'","Q1208","2945356","Brandenburg","1.0","Exact match via rdfs:label [global index] | 'Brandenburg' -> 'Brandenburg'","Q338635","2820521","Uckermark","1.0","Exact match via rdfs:label [global index] | 'Uckermark' -> 'Uckermark'"
"498","Grünberg","Uckermark","Brandenburg","Deutschland","Q183","2921044","Deutschland","1.0","Exact match via rdfs:label [global index] | 'Deutschland' -> 'Deutschland'","Q1208","2945356","Brandenburg","1.0","Exact match via rdfs:label [global index] | 'Brandenburg' -> 'Brandenburg'","Q338635","2820521","Uckermark","1.0","Exact match via rdfs:label [global index] | 'Uckermark' -> 'Uckermark'"
"499","Prenzlau","Uckermark","Brandenburg","Deutschland","Q183","2921044","Deutschland","1.0","Exact match via rdfs:label [global index] | 'Deutschland' -> 'Deutschland'","Q1208","2945356","Brandenburg","1.0","Exact match via rdfs:label [global index] | 'Brandenburg' -> 'Brandenburg'","Q338635","2820521","Uckermark","1.0","Exact match via rdfs:label [global index] | 'Uckermark' -> 'Uckermark'"
"500","Groß Dölln","Uckermark","Brandenburg","Deutschland","Q183","2921044","Deutschland","1.0","Exact match via rdfs:label [global index] | 'Deutschland' -> 'Deutschland'","Q1208","2945356","Brandenburg","1.0","Exact match via rdfs:label [global index] | 'Brandenburg' -> 'Brandenburg'","Q338635","2820521","Uckermark","1.0","Exact match via rdfs:label [global index] | 'Uckermark' -> 'Uckermark'"
"501","Crussow","Uckermark","Brandenburg","Deutschland","Q183","2921044","Deutschland","1.0","Exact match via rdfs:label [global index] | 'Deutschland' -> 'Deutschland'","Q1208","2945356","Brandenburg","1.0","Exact match via rdfs:label [global index] | 'Brandenburg' -> 'Brandenburg'","Q338635","2820521","Uckermark","1.0","Exact match via rdfs:label [global index] | 'Uckermark' -> 'Uckermark'"
"502","Zollchow","Uckermark","Brandenburg","Deutschland","Q183","2921044","Deutschland","1.0","Exact match via rdfs:label [global index] | 'Deutschland' -> 'Deutschland'","Q1208","2945356","Brandenburg","1.0","Exact match via rdfs:label [global index] | 'Brandenburg' -> 'Brandenburg'","Q338635","2820521","Uckermark","1.0","Exact match via rdfs:label [global index] | 'Uckermark' -> 'Uckermark'"
"503","Grünow bei Prenzlau","Uckermark","Brandenburg","Deutschland","Q183","2921044","Deutschland","1.0","Exact match via rdfs:label [global index] | 'Deutschland' -> 'Deutschland'","Q1208","2945356","Brandenburg","1.0","Exact match via rdfs:label [global index] | 'Brandenburg' -> 'Brandenburg'","Q338635","2820521","Uckermark","1.0","Exact match via rdfs:label [global index] | 'Uckermark' -> 'Uckermark'"
"504","Kienberg","Havelland","Brandenburg","Deutschland","Q183","2921044","Deutschland","1.0","Exact match via rdfs:label [global index] | 'Deutschland' -> 'Deutschland'","Q1208","2945356","Brandenburg","1.0","Exact match via rdfs:label [global index] | 'Brandenburg' -> 'Brandenburg'","Q897270","2908638","Havelland","1.0","Exact match via rdfs:label [global index] | 'Havelland' -> 'Havelland'"
"505","Woltersdorf","Potsdam-Mittelmark","Brandenburg","Deutschland","Q183","2921044","Deutschland","1.0","Exact match via rdfs:label [global index] | 'Deutschland' -> 'Deutschland'","Q1208","2945356","Brandenburg","1.0","Exact match via rdfs:label [global index] | 'Brandenburg' -> 'Brandenburg'","Q6142","2852456","Potsdam-Mittelmark","1.0","Exact match via skos:altLabel [global index] | 'Potsdam-Mittelmark' -> 'Potsdam-Mittelmark'"
"506","Speichrow","Dahme-Spreewald","Brandenburg","Deutschland","Q183","2921044","Deutschland","1.0","Exact match via rdfs:label [global index] | 'Deutschland' -> 'Deutschland'","Q1208","2945356","Brandenburg","1.0","Exact match via rdfs:label [global index] | 'Brandenburg' -> 'Brandenburg'","Q6173","3249080","Dahme-Spreewald","1.0","Exact match via skos:altLabel [global index] | 'Dahme-Spreewald' -> 'Dahme-Spreewald'"
"507","Leibsch","Dahme-Spreewald","Brandenburg","Deutschland","Q183","2921044","Deutschland","1.0","Exact match via rdfs:label [global index] | 'Deutschland' -> 'Deutschland'","Q1208","2945356","Brandenburg","1.0","Exact match via rdfs:label [global index] | 'Brandenburg' -> 'Brandenburg'","Q6173","3249080","Dahme-Spreewald","1.0","Exact match via skos:altLabel [global index] | 'Dahme-Spreewald' -> 'Dahme-Spreewald'"
"508","Friesack","Havelland","Brandenburg","Deutschland","Q183","2921044","Deutschland","1.0","Exact match via rdfs:label [global index] | 'Deutschland' -> 'Deutschland'","Q1208","2945356","Brandenburg","1.0","Exact match via rdfs:label [global index] | 'Brandenburg' -> 'Brandenburg'","Q897270","2908638","Havelland","1.0","Exact match via rdfs:label [global index] | 'Havelland' -> 'Havelland'"
"510","Friesack","Havelland","Brandenburg","Deutschland","Q183","2921044","Deutschland","1.0","Exact match via rdfs:label [global index] | 'Deutschland' -> 'Deutschland'","Q1208","2945356","Brandenburg","1.0","Exact match via rdfs:label [global index] | 'Brandenburg' -> 'Brandenburg'","Q897270","2908638","Havelland","1.0","Exact match via rdfs:label [global index] | 'Havelland' -> 'Havelland'"
"511","Gmina Inowrocław","pow. Inowrocławski","Woj. Kujawsko-Pomorskie","Polen","Q36","798544","Polen","1.0","Exact match via rdfs:label [global index] | 'Polen' -> 'Polen'","Q54153","3337500","kujawsko-pomorskie","1.0","Exact match via skos:altLabel [global index] | 'Kujawsko-Pomorskie' -> 'kujawsko-pomorskie' | [normalised: stripped -> 'Kujawsko-Pomorskie']","Q773314","7530910","powiat inowrocławski","1.0","Exact match via rdfs:label [global index] | 'Powiat Inowrocławski' -> 'powiat inowrocławski'"
"512","Gmina Dąbrowa Biskupia","pow. Inowrocławski","Woj. Kujawsko-Pomorskie","Polen","Q36","798544","Polen","1.0","Exact match via rdfs:label [global index] | 'Polen' -> 'Polen'","Q54153","3337500","kujawsko-pomorskie","1.0","Exact match via skos:altLabel [global index] | 'Kujawsko-Pomorskie' -> 'kujawsko-pomorskie' | [normalised: stripped -> 'Kujawsko-Pomorskie']","Q773314","7530910","powiat inowrocławski","1.0","Exact match via rdfs:label [global index] | 'Powiat Inowrocławski' -> 'powiat inowrocławski'"
"525","Gmina Inwowrocław","pow. Inowrocławski","Woj. Kujawsko-Pomorskie","Polen","Q36","798544","Polen","1.0","Exact match via rdfs:label [global index] | 'Polen' -> 'Polen'","Q54153","3337500","kujawsko-pomorskie","1.0","Exact match via skos:altLabel [global index] | 'Kujawsko-Pomorskie' -> 'kujawsko-pomorskie' | [normalised: stripped -> 'Kujawsko-Pomorskie']","Q773314","7530910","powiat inowrocławski","1.0","Exact match via rdfs:label [global index] | 'Powiat Inowrocławski' -> 'powiat inowrocławski'"
"513","Gmina Pakość","pow. Inowrocławski","Woj. Kujawsko-Pomorskie","Polen","Q36","798544","Polen","1.0","Exact match via rdfs:label [global index] | 'Polen' -> 'Polen'","Q54153","3337500","kujawsko-pomorskie","1.0","Exact match via skos:altLabel [global index] | 'Kujawsko-Pomorskie' -> 'kujawsko-pomorskie' | [normalised: stripped -> 'Kujawsko-Pomorskie']","Q773314","7530910","powiat inowrocławski","1.0","Exact match via rdfs:label [global index] | 'Powiat Inowrocławski' -> 'powiat inowrocławski'"
"514","Gmina Kruszwica","pow. Inowrocławski","Woj. Kujawsko-Pomorskie","Polen","Q36","798544","Polen","1.0","Exact match via rdfs:label [global index] | 'Polen' -> 'Polen'","Q54153","3337500","kujawsko-pomorskie","1.0","Exact match via skos:altLabel [global index] | 'Kujawsko-Pomorskie' -> 'kujawsko-pomorskie' | [normalised: stripped -> 'Kujawsko-Pomorskie']","Q773314","7530910","powiat inowrocławski","1.0","Exact match via rdfs:label [global index] | 'Powiat Inowrocławski' -> 'powiat inowrocławski'"
"515","Gmina Gąsawa","pow. Żniński","Woj. Kujawsko-Pomorskie","Polen","Q36","798544","Polen","1.0","Exact match via rdfs:label [global index] | 'Polen' -> 'Polen'","Q54153","3337500","kujawsko-pomorskie","1.0","Exact match via skos:altLabel [global index] | 'Kujawsko-Pomorskie' -> 'kujawsko-pomorskie' | [normalised: stripped -> 'Kujawsko-Pomorskie']","Q577199","7530922","Powiat Żniński","1.0","Exact match via rdfs:label [global index] | 'Powiat Żniński' -> 'Powiat Żniński'"
"516","Gmina Mogilno","pow. Mogileński","Woj. Kujawsko-Pomorskie","Polen","Q36","798544","Polen","1.0","Exact match via rdfs:label [global index] | 'Polen' -> 'Polen'","Q54153","3337500","kujawsko-pomorskie","1.0","Exact match via skos:altLabel [global index] | 'Kujawsko-Pomorskie' -> 'kujawsko-pomorskie' | [normalised: stripped -> 'Kujawsko-Pomorskie']","Q604053","7530912","Powiat Mogileński","1.0","Exact match via rdfs:label [global index] | 'Powiat Mogileński' -> 'Powiat Mogileński'"
"517","Gmina Pakość","pow. Inowrocławski","Woj. Kujawsko-Pomorskie","Polen","Q36","798544","Polen","1.0","Exact match via rdfs:label [global index] | 'Polen' -> 'Polen'","Q54153","3337500","kujawsko-pomorskie","1.0","Exact match via skos:altLabel [global index] | 'Kujawsko-Pomorskie' -> 'kujawsko-pomorskie' | [normalised: stripped -> 'Kujawsko-Pomorskie']","Q773314","7530910","powiat inowrocławski","1.0","Exact match via rdfs:label [global index] | 'Powiat Inowrocławski' -> 'powiat inowrocławski'"
"541","Gmina Pakość","pow. Inowrocławski","Woj. Kujawsko-Pomorskie","Polen","Q36","798544","Polen","1.0","Exact match via rdfs:label [global index] | 'Polen' -> 'Polen'","Q54153","3337500","kujawsko-pomorskie","1.0","Exact match via skos:altLabel [global index] | 'Kujawsko-Pomorskie' -> 'kujawsko-pomorskie' | [normalised: stripped -> 'Kujawsko-Pomorskie']","Q773314","7530910","powiat inowrocławski","1.0","Exact match via rdfs:label [global index] | 'Powiat Inowrocławski' -> 'powiat inowrocławski'"
"518","Gmina Zlotniki Kuj.","pow. Inowrocławski","Woj. Kujawsko-Pomorskie","Polen","Q36","798544","Polen","1.0","Exact match via rdfs:label [global index] | 'Polen' -> 'Polen'","Q54153","3337500","kujawsko-pomorskie","1.0","Exact match via skos:altLabel [global index] | 'Kujawsko-Pomorskie' -> 'kujawsko-pomorskie' | [normalised: stripped -> 'Kujawsko-Pomorskie']","Q773314","7530910","powiat inowrocławski","1.0","Exact match via rdfs:label [global index] | 'Powiat Inowrocławski' -> 'powiat inowrocławski'"
"519","Gmina Gąsawa","pow. Żniński","Woj. Kujawsko-Pomorskie","Polen","Q36","798544","Polen","1.0","Exact match via rdfs:label [global index] | 'Polen' -> 'Polen'","Q54153","3337500","kujawsko-pomorskie","1.0","Exact match via skos:altLabel [global index] | 'Kujawsko-Pomorskie' -> 'kujawsko-pomorskie' | [normalised: stripped -> 'Kujawsko-Pomorskie']","Q577199","7530922","Powiat Żniński","1.0","Exact match via rdfs:label [global index] | 'Powiat Żniński' -> 'Powiat Żniński'"
"520","Gmina Gąsawa","pow. Żniński","Woj. Kujawsko-Pomorskie","Polen","Q36","798544","Polen","1.0","Exact match via rdfs:label [global index] | 'Polen' -> 'Polen'","Q54153","3337500","kujawsko-pomorskie","1.0","Exact match via skos:altLabel [global index] | 'Kujawsko-Pomorskie' -> 'kujawsko-pomorskie' | [normalised: stripped -> 'Kujawsko-Pomorskie']","Q577199","7530922","Powiat Żniński","1.0","Exact match via rdfs:label [global index] | 'Powiat Żniński' -> 'Powiat Żniński'"
"521","Gmina Złotniki Kuj.","pow. Inowrocławski","Woj. Kujawsko-Pomorskie","Polen","Q36","798544","Polen","1.0","Exact match via rdfs:label [global index] | 'Polen' -> 'Polen'","Q54153","3337500","kujawsko-pomorskie","1.0","Exact match via skos:altLabel [global index] | 'Kujawsko-Pomorskie' -> 'kujawsko-pomorskie' | [normalised: stripped -> 'Kujawsko-Pomorskie']","Q773314","7530910","powiat inowrocławski","1.0","Exact match via rdfs:label [global index] | 'Powiat Inowrocławski' -> 'powiat inowrocławski'"
"522","Gmina Żnin","pow. Żniński","Woj. Kujawsko-Pomorskie","Polen","Q36","798544","Polen","1.0","Exact match via rdfs:label [global index] | 'Polen' -> 'Polen'","Q54153","3337500","kujawsko-pomorskie","1.0","Exact match via skos:altLabel [global index] | 'Kujawsko-Pomorskie' -> 'kujawsko-pomorskie' | [normalised: stripped -> 'Kujawsko-Pomorskie']","Q577199","7530922","Powiat Żniński","1.0","Exact match via rdfs:label [global index] | 'Powiat Żniński' -> 'Powiat Żniński'"
"523","Gmina Gąsawa","pow. Żniński","Woj. Kujawsko-Pomorskie","Polen","Q36","798544","Polen","1.0","Exact match via rdfs:label [global index] | 'Polen' -> 'Polen'","Q54153","3337500","kujawsko-pomorskie","1.0","Exact match via skos:altLabel [global index] | 'Kujawsko-Pomorskie' -> 'kujawsko-pomorskie' | [normalised: stripped -> 'Kujawsko-Pomorskie']","Q577199","7530922","Powiat Żniński","1.0","Exact match via rdfs:label [global index] | 'Powiat Żniński' -> 'Powiat Żniński'"
"540","Gmina Mogilno","pow. Mogileński","Woj. Kujawsko-Pomorskie","Polen","Q36","798544","Polen","1.0","Exact match via rdfs:label [global index] | 'Polen' -> 'Polen'","Q54153","3337500","kujawsko-pomorskie","1.0","Exact match via skos:altLabel [global index] | 'Kujawsko-Pomorskie' -> 'kujawsko-pomorskie' | [normalised: stripped -> 'Kujawsko-Pomorskie']","Q604053","7530912","Powiat Mogileński","1.0","Exact match via rdfs:label [global index] | 'Powiat Mogileński' -> 'Powiat Mogileński'"
"524","Gmina Strzelno","pow. Mogileński","Woj. Kujawsko-Pomorskie","Polen","Q36","798544","Polen","1.0","Exact match via rdfs:label [global index] | 'Polen' -> 'Polen'","Q54153","3337500","kujawsko-pomorskie","1.0","Exact match via skos:altLabel [global index] | 'Kujawsko-Pomorskie' -> 'kujawsko-pomorskie' | [normalised: stripped -> 'Kujawsko-Pomorskie']","Q604053","7530912","Powiat Mogileński","1.0","Exact match via rdfs:label [global index] | 'Powiat Mogileński' -> 'Powiat Mogileński'"
"529","Gmina Pakość","pow. Inowrocławski","Woj. Kujawsko-Pomorskie","Polen","Q36","798544","Polen","1.0","Exact match via rdfs:label [global index] | 'Polen' -> 'Polen'","Q54153","3337500","kujawsko-pomorskie","1.0","Exact match via skos:altLabel [global index] | 'Kujawsko-Pomorskie' -> 'kujawsko-pomorskie' | [normalised: stripped -> 'Kujawsko-Pomorskie']","Q773314","7530910","powiat inowrocławski","1.0","Exact match via rdfs:label [global index] | 'Powiat Inowrocławski' -> 'powiat inowrocławski'"
"530","Gmin Strzelno","pow. Mogileński","Woj. Kujawsko-Pomorskie","Polen","Q36","798544","Polen","1.0","Exact match via rdfs:label [global index] | 'Polen' -> 'Polen'","Q54153","3337500","kujawsko-pomorskie","1.0","Exact match via skos:altLabel [global index] | 'Kujawsko-Pomorskie' -> 'kujawsko-pomorskie' | [normalised: stripped -> 'Kujawsko-Pomorskie']","Q604053","7530912","Powiat Mogileński","1.0","Exact match via rdfs:label [global index] | 'Powiat Mogileński' -> 'Powiat Mogileński'"
"531","Gmina Inowrocław","pow. Inowrocławski","Woj. Kujawsko-Pomorskie","Polen","Q36","798544","Polen","1.0","Exact match via rdfs:label [global index] | 'Polen' -> 'Polen'","Q54153","3337500","kujawsko-pomorskie","1.0","Exact match via skos:altLabel [global index] | 'Kujawsko-Pomorskie' -> 'kujawsko-pomorskie' | [normalised: stripped -> 'Kujawsko-Pomorskie']","Q773314","7530910","powiat inowrocławski","1.0","Exact match via rdfs:label [global index] | 'Powiat Inowrocławski' -> 'powiat inowrocławski'"
"532","Gmina Inowrocław","pow. Inowrocławski","Woj. Kujawsko-Pomorskie","Polen","Q36","798544","Polen","1.0","Exact match via rdfs:label [global index] | 'Polen' -> 'Polen'","Q54153","3337500","kujawsko-pomorskie","1.0","Exact match via skos:altLabel [global index] | 'Kujawsko-Pomorskie' -> 'kujawsko-pomorskie' | [normalised: stripped -> 'Kujawsko-Pomorskie']","Q773314","7530910","powiat inowrocławski","1.0","Exact match via rdfs:label [global index] | 'Powiat Inowrocławski' -> 'powiat inowrocławski'"
"533","Gmina Inowrocław","pow. Inowrocławski","Woj. Kujawsko-Pomorskie","Polen","Q36","798544","Polen","1.0","Exact match via rdfs:label [global index] | 'Polen' -> 'Polen'","Q54153","3337500","kujawsko-pomorskie","1.0","Exact match via skos:altLabel [global index] | 'Kujawsko-Pomorskie' -> 'kujawsko-pomorskie' | [normalised: stripped -> 'Kujawsko-Pomorskie']","Q773314","7530910","powiat inowrocławski","1.0","Exact match via rdfs:label [global index] | 'Powiat Inowrocławski' -> 'powiat inowrocławski'"
"526","Gmina Inowrocław","pow. Inowrocławski","Woj. Kujawsko-Pomorskie","Polen","Q36","798544","Polen","1.0","Exact match via rdfs:label [global index] | 'Polen' -> 'Polen'","Q54153","3337500","kujawsko-pomorskie","1.0","Exact match via skos:altLabel [global index] | 'Kujawsko-Pomorskie' -> 'kujawsko-pomorskie' | [normalised: stripped -> 'Kujawsko-Pomorskie']","Q773314","7530910","powiat inowrocławski","1.0","Exact match via rdfs:label [global index] | 'Powiat Inowrocławski' -> 'powiat inowrocławski'"
"527","Gmina Dobre","pow. Miński","Woj. Kujawsko-Pomorskie","Polen","Q36","798544","Polen","1.0","Exact match via rdfs:label [global index] | 'Polen' -> 'Polen'","Q54153","3337500","kujawsko-pomorskie","1.0","Exact match via skos:altLabel [global index] | 'Kujawsko-Pomorskie' -> 'kujawsko-pomorskie' | [normalised: stripped -> 'Kujawsko-Pomorskie']","Q947536","","Powiat Miński","1.0","Direct override | 'pow. Miński' -> QID=Q947536 | [override -> QID=Q947536]"
"528","Gmina Dobre","pow. Miński","Woj. Kujawsko-Pomorskie","Polen","Q36","798544","Polen","1.0","Exact match via rdfs:label [global index] | 'Polen' -> 'Polen'","Q54153","3337500","kujawsko-pomorskie","1.0","Exact match via skos:altLabel [global index] | 'Kujawsko-Pomorskie' -> 'kujawsko-pomorskie' | [normalised: stripped -> 'Kujawsko-Pomorskie']","Q947536","","Powiat Miński","1.0","Direct override | 'pow. Miński' -> QID=Q947536 | [override -> QID=Q947536]"
"537","Gmina Kcynia","pow. Nakielski","Woj. Kujawsko-Pomorskie","Polen","Q36","798544","Polen","1.0","Exact match via rdfs:label [global index] | 'Polen' -> 'Polen'","Q54153","3337500","kujawsko-pomorskie","1.0","Exact match via skos:altLabel [global index] | 'Kujawsko-Pomorskie' -> 'kujawsko-pomorskie' | [normalised: stripped -> 'Kujawsko-Pomorskie']","Q583446","7530913","Powiat Nakielski","1.0","Exact match via rdfs:label [global index] | 'Powiat Nakielski' -> 'Powiat Nakielski'"
"536","Gmina Lubraniec","pow. Włocławski","Woj. Kujawsko-Pomorskie","Polen","Q36","798544","Polen","1.0","Exact match via rdfs:label [global index] | 'Polen' -> 'Polen'","Q54153","3337500","kujawsko-pomorskie","1.0","Exact match via skos:altLabel [global index] | 'Kujawsko-Pomorskie' -> 'kujawsko-pomorskie' | [normalised: stripped -> 'Kujawsko-Pomorskie']","Q774833","7530921","Powiat Włocławski","1.0","Exact match via rdfs:label [global index] | 'Powiat Włocławski' -> 'Powiat Włocławski'"
"534","Gmina Izbica Kuj.","pow. Włocławski","Woj. Kujawsko-Pomorskie","Polen","Q36","798544","Polen","1.0","Exact match via rdfs:label [global index] | 'Polen' -> 'Polen'","Q54153","3337500","kujawsko-pomorskie","1.0","Exact match via skos:altLabel [global index] | 'Kujawsko-Pomorskie' -> 'kujawsko-pomorskie' | [normalised: stripped -> 'Kujawsko-Pomorskie']","Q774833","7530921","Powiat Włocławski","1.0","Exact match via rdfs:label [global index] | 'Powiat Włocławski' -> 'Powiat Włocławski'"
"535","Gmina Dobre","pow. Miński","Woj. Kujawsko-Pomorskie","Polen","Q36","798544","Polen","1.0","Exact match via rdfs:label [global index] | 'Polen' -> 'Polen'","Q54153","3337500","kujawsko-pomorskie","1.0","Exact match via skos:altLabel [global index] | 'Kujawsko-Pomorskie' -> 'kujawsko-pomorskie' | [normalised: stripped -> 'Kujawsko-Pomorskie']","Q947536","","Powiat Miński","1.0","Direct override | 'pow. Miński' -> QID=Q947536 | [override -> QID=Q947536]"
"538","Gmina Ciechocinek","pow. Aleksandrowski","Woj. Kujawsko-Pomorskie","Polen","Q36","798544","Polen","1.0","Exact match via rdfs:label [global index] | 'Polen' -> 'Polen'","Q54153","3337500","kujawsko-pomorskie","1.0","Exact match via skos:altLabel [global index] | 'Kujawsko-Pomorskie' -> 'kujawsko-pomorskie' | [normalised: stripped -> 'Kujawsko-Pomorskie']","Q750491","7530904","Powiat Aleksandrowski","1.0","Exact match via rdfs:label [global index] | 'Powiat Aleksandrowski' -> 'Powiat Aleksandrowski'"
"539","Gmina Dąbrowa Biskupia","pow. Inowrocławski","Woj. Kujawsko-Pomorskie","Polen","Q36","798544","Polen","1.0","Exact match via rdfs:label [global index] | 'Polen' -> 'Polen'","Q54153","3337500","kujawsko-pomorskie","1.0","Exact match via skos:altLabel [global index] | 'Kujawsko-Pomorskie' -> 'kujawsko-pomorskie' | [normalised: stripped -> 'Kujawsko-Pomorskie']","Q773314","7530910","powiat inowrocławski","1.0","Exact match via rdfs:label [global index] | 'Powiat Inowrocławski' -> 'powiat inowrocławski'"
"550","Gmina Kruszwica","pow. Inowrocławski","Woj. Kujawsko-Pomorskie","Polen","Q36","798544","Polen","1.0","Exact match via rdfs:label [global index] | 'Polen' -> 'Polen'","Q54153","3337500","kujawsko-pomorskie","1.0","Exact match via skos:altLabel [global index] | 'Kujawsko-Pomorskie' -> 'kujawsko-pomorskie' | [normalised: stripped -> 'Kujawsko-Pomorskie']","Q773314","7530910","powiat inowrocławski","1.0","Exact match via rdfs:label [global index] | 'Powiat Inowrocławski' -> 'powiat inowrocławski'"
"543","Gmina Pakość","pow. Inowrocławski","Woj. Kujawsko-Pomorskie","Polen","Q36","798544","Polen","1.0","Exact match via rdfs:label [global index] | 'Polen' -> 'Polen'","Q54153","3337500","kujawsko-pomorskie","1.0","Exact match via skos:altLabel [global index] | 'Kujawsko-Pomorskie' -> 'kujawsko-pomorskie' | [normalised: stripped -> 'Kujawsko-Pomorskie']","Q773314","7530910","powiat inowrocławski","1.0","Exact match via rdfs:label [global index] | 'Powiat Inowrocławski' -> 'powiat inowrocławski'"
"544","Gmina Janikowo","pow. Inowrocławski","Woj. Kujawsko-Pomorskie","Polen","Q36","798544","Polen","1.0","Exact match via rdfs:label [global index] | 'Polen' -> 'Polen'","Q54153","3337500","kujawsko-pomorskie","1.0","Exact match via skos:altLabel [global index] | 'Kujawsko-Pomorskie' -> 'kujawsko-pomorskie' | [normalised: stripped -> 'Kujawsko-Pomorskie']","Q773314","7530910","powiat inowrocławski","1.0","Exact match via rdfs:label [global index] | 'Powiat Inowrocławski' -> 'powiat inowrocławski'"
"546","Gmina Pakość","pow. Inowrocławski","Woj. Kujawsko-Pomorskie","Polen","Q36","798544","Polen","1.0","Exact match via rdfs:label [global index] | 'Polen' -> 'Polen'","Q54153","3337500","kujawsko-pomorskie","1.0","Exact match via skos:altLabel [global index] | 'Kujawsko-Pomorskie' -> 'kujawsko-pomorskie' | [normalised: stripped -> 'Kujawsko-Pomorskie']","Q773314","7530910","powiat inowrocławski","1.0","Exact match via rdfs:label [global index] | 'Powiat Inowrocławski' -> 'powiat inowrocławski'"
"547","Gmina Złotniki Kuj.","pow. Inowrocławski","Woj. Kujawsko-Pomorskie","Polen","Q36","798544","Polen","1.0","Exact match via rdfs:label [global index] | 'Polen' -> 'Polen'","Q54153","3337500","kujawsko-pomorskie","1.0","Exact match via skos:altLabel [global index] | 'Kujawsko-Pomorskie' -> 'kujawsko-pomorskie' | [normalised: stripped -> 'Kujawsko-Pomorskie']","Q773314","7530910","powiat inowrocławski","1.0","Exact match via rdfs:label [global index] | 'Powiat Inowrocławski' -> 'powiat inowrocławski'"
"542","Gmina Kruszwica","pow. Inowrocławski","Woj. Kujawsko-Pomorskie","Polen","Q36","798544","Polen","1.0","Exact match via rdfs:label [global index] | 'Polen' -> 'Polen'","Q54153","3337500","kujawsko-pomorskie","1.0","Exact match via skos:altLabel [global index] | 'Kujawsko-Pomorskie' -> 'kujawsko-pomorskie' | [normalised: stripped -> 'Kujawsko-Pomorskie']","Q773314","7530910","powiat inowrocławski","1.0","Exact match via rdfs:label [global index] | 'Powiat Inowrocławski' -> 'powiat inowrocławski'"
"548","Gmina Wocławek","pow. Włocławski","Woj. Kujawsko-Pomorskie","Polen","Q36","798544","Polen","1.0","Exact match via rdfs:label [global index] | 'Polen' -> 'Polen'","Q54153","3337500","kujawsko-pomorskie","1.0","Exact match via skos:altLabel [global index] | 'Kujawsko-Pomorskie' -> 'kujawsko-pomorskie' | [normalised: stripped -> 'Kujawsko-Pomorskie']","Q774833","7530921","Powiat Włocławski","1.0","Exact match via rdfs:label [global index] | 'Powiat Włocławski' -> 'Powiat Włocławski'"
"549","Gmina Wocławek","pow. Włocławski","Woj. Kujawsko-Pomorskie","Polen","Q36","798544","Polen","1.0","Exact match via rdfs:label [global index] | 'Polen' -> 'Polen'","Q54153","3337500","kujawsko-pomorskie","1.0","Exact match via skos:altLabel [global index] | 'Kujawsko-Pomorskie' -> 'kujawsko-pomorskie' | [normalised: stripped -> 'Kujawsko-Pomorskie']","Q774833","7530921","Powiat Włocławski","1.0","Exact match via rdfs:label [global index] | 'Powiat Włocławski' -> 'Powiat Włocławski'"
"551","Boxberg/O.L.","Görlitz","Sachsen","Deutschland","Q183","2921044","Deutschland","1.0","Exact match via rdfs:label [global index] | 'Deutschland' -> 'Deutschland'","Q1202","2842566","Sachsen","1.0","Exact match via rdfs:label [global index] | 'Sachsen' -> 'Sachsen'","Q6317","","Landkreis Görlitz","1.0","Direct override | 'Görlitz' -> QID=Q6317 | [override -> QID=Q6317]"
"552","Boxberg/O.L.","Görlitz","Sachsen","Deutschland","Q183","2921044","Deutschland","1.0","Exact match via rdfs:label [global index] | 'Deutschland' -> 'Deutschland'","Q1202","2842566","Sachsen","1.0","Exact match via rdfs:label [global index] | 'Sachsen' -> 'Sachsen'","Q6317","","Landkreis Görlitz","1.0","Direct override | 'Görlitz' -> QID=Q6317 | [override -> QID=Q6317]"
"562","Gmina Dobra","pow. Policki","Woj. Zachodniopomorskie","Polen","Q36","798544","Polen","1.0","Exact match via rdfs:label [global index] | 'Polen' -> 'Polen'","Q54188","3337499","zachodniopomorskie","1.0","Exact match via skos:altLabel [global index] | 'Zachodniopomorskie' -> 'zachodniopomorskie' | [normalised: stripped -> 'Zachodniopomorskie']","Q558696","7530844","Powiat Policki","1.0","Exact match via rdfs:label [global index] | 'Powiat Policki' -> 'Powiat Policki'"
"561","Gmina Kołbaskowo","pow. Policki","Woj. Zachodniopomorskie","Polen","Q36","798544","Polen","1.0","Exact match via rdfs:label [global index] | 'Polen' -> 'Polen'","Q54188","3337499","zachodniopomorskie","1.0","Exact match via skos:altLabel [global index] | 'Zachodniopomorskie' -> 'zachodniopomorskie' | [normalised: stripped -> 'Zachodniopomorskie']","Q558696","7530844","Powiat Policki","1.0","Exact match via rdfs:label [global index] | 'Powiat Policki' -> 'Powiat Policki'"
"560","Gmina Kołbaskowo","pow. Policki","Woj. Zachodniopomorskie","Polen","Q36","798544","Polen","1.0","Exact match via rdfs:label [global index] | 'Polen' -> 'Polen'","Q54188","3337499","zachodniopomorskie","1.0","Exact match via skos:altLabel [global index] | 'Zachodniopomorskie' -> 'zachodniopomorskie' | [normalised: stripped -> 'Zachodniopomorskie']","Q558696","7530844","Powiat Policki","1.0","Exact match via rdfs:label [global index] | 'Powiat Policki' -> 'Powiat Policki'"
"559","Gmina Kołbaskowo","pow. Policki","Woj. Zachodniopomorskie","Polen","Q36","798544","Polen","1.0","Exact match via rdfs:label [global index] | 'Polen' -> 'Polen'","Q54188","3337499","zachodniopomorskie","1.0","Exact match via skos:altLabel [global index] | 'Zachodniopomorskie' -> 'zachodniopomorskie' | [normalised: stripped -> 'Zachodniopomorskie']","Q558696","7530844","Powiat Policki","1.0","Exact match via rdfs:label [global index] | 'Powiat Policki' -> 'Powiat Policki'"
"558","Gmina Dobra","pow. Policki","Woj. Zachodniopomorskie","Polen","Q36","798544","Polen","1.0","Exact match via rdfs:label [global index] | 'Polen' -> 'Polen'","Q54188","3337499","zachodniopomorskie","1.0","Exact match via skos:altLabel [global index] | 'Zachodniopomorskie' -> 'zachodniopomorskie' | [normalised: stripped -> 'Zachodniopomorskie']","Q558696","7530844","Powiat Policki","1.0","Exact match via rdfs:label [global index] | 'Powiat Policki' -> 'Powiat Policki'"
"557","Gmina Dobra","pow. Policki","Woj. Zachodniopomorskie","Polen","Q36","798544","Polen","1.0","Exact match via rdfs:label [global index] | 'Polen' -> 'Polen'","Q54188","3337499","zachodniopomorskie","1.0","Exact match via skos:altLabel [global index] | 'Zachodniopomorskie' -> 'zachodniopomorskie' | [normalised: stripped -> 'Zachodniopomorskie']","Q558696","7530844","Powiat Policki","1.0","Exact match via rdfs:label [global index] | 'Powiat Policki' -> 'Powiat Policki'"
"556","Gmina Kołbaskowo","pow. Policki","Woj. Zachodniopomorskie","Polen","Q36","798544","Polen","1.0","Exact match via rdfs:label [global index] | 'Polen' -> 'Polen'","Q54188","3337499","zachodniopomorskie","1.0","Exact match via skos:altLabel [global index] | 'Zachodniopomorskie' -> 'zachodniopomorskie' | [normalised: stripped -> 'Zachodniopomorskie']","Q558696","7530844","Powiat Policki","1.0","Exact match via rdfs:label [global index] | 'Powiat Policki' -> 'Powiat Policki'"
"555","Gmina Kołbaskowo","pow. Policki","Woj. Zachodniopomorskie","Polen","Q36","798544","Polen","1.0","Exact match via rdfs:label [global index] | 'Polen' -> 'Polen'","Q54188","3337499","zachodniopomorskie","1.0","Exact match via skos:altLabel [global index] | 'Zachodniopomorskie' -> 'zachodniopomorskie' | [normalised: stripped -> 'Zachodniopomorskie']","Q558696","7530844","Powiat Policki","1.0","Exact match via rdfs:label [global index] | 'Powiat Policki' -> 'Powiat Policki'"
"554","Gmina Kołbaskowo","pow. Policki","Woj. Zachodniopomorskie","Polen","Q36","798544","Polen","1.0","Exact match via rdfs:label [global index] | 'Polen' -> 'Polen'","Q54188","3337499","zachodniopomorskie","1.0","Exact match via skos:altLabel [global index] | 'Zachodniopomorskie' -> 'zachodniopomorskie' | [normalised: stripped -> 'Zachodniopomorskie']","Q558696","7530844","Powiat Policki","1.0","Exact match via rdfs:label [global index] | 'Powiat Policki' -> 'Powiat Policki'"
"553","Gmina Dobra","pow. Policki","Woj. Zachodniopomorskie","Polen","Q36","798544","Polen","1.0","Exact match via rdfs:label [global index] | 'Polen' -> 'Polen'","Q54188","3337499","zachodniopomorskie","1.0","Exact match via skos:altLabel [global index] | 'Zachodniopomorskie' -> 'zachodniopomorskie' | [normalised: stripped -> 'Zachodniopomorskie']","Q558696","7530844","Powiat Policki","1.0","Exact match via rdfs:label [global index] | 'Powiat Policki' -> 'Powiat Policki'"
"563","Neuendorf am See","Dahme-Spreewald","Brandenburg","Deutschland","Q183","2921044","Deutschland","1.0","Exact match via rdfs:label [global index] | 'Deutschland' -> 'Deutschland'","Q1208","2945356","Brandenburg","1.0","Exact match via rdfs:label [global index] | 'Brandenburg' -> 'Brandenburg'","Q6173","3249080","Dahme-Spreewald","1.0","Exact match via skos:altLabel [global index] | 'Dahme-Spreewald' -> 'Dahme-Spreewald'"
"564","Fürstenwalde","Oder-Spree","Brandenburg","Deutschland","Q183","2921044","Deutschland","1.0","Exact match via rdfs:label [global index] | 'Deutschland' -> 'Deutschland'","Q1208","2945356","Brandenburg","1.0","Exact match via rdfs:label [global index] | 'Brandenburg' -> 'Brandenburg'","Q6178","3249086","Oder-Spree","1.0","Exact match via skos:altLabel [global index] | 'Oder-Spree' -> 'Oder-Spree'"
"565","Rhinow","Havelland","Brandenburg","Deutschland","Q183","2921044","Deutschland","1.0","Exact match via rdfs:label [global index] | 'Deutschland' -> 'Deutschland'","Q1208","2945356","Brandenburg","1.0","Exact match via rdfs:label [global index] | 'Brandenburg' -> 'Brandenburg'","Q897270","2908638","Havelland","1.0","Exact match via rdfs:label [global index] | 'Havelland' -> 'Havelland'"
"571","Hohenbrück","Dahme-Spreewald","Brandenburg","Deutschland","Q183","2921044","Deutschland","1.0","Exact match via rdfs:label [global index] | 'Deutschland' -> 'Deutschland'","Q1208","2945356","Brandenburg","1.0","Exact match via rdfs:label [global index] | 'Brandenburg' -> 'Brandenburg'","Q6173","3249080","Dahme-Spreewald","1.0","Exact match via skos:altLabel [global index] | 'Dahme-Spreewald' -> 'Dahme-Spreewald'"
"574","Neuendorf am See","Dahme-Spreewald","Brandenburg","Deutschland","Q183","2921044","Deutschland","1.0","Exact match via rdfs:label [global index] | 'Deutschland' -> 'Deutschland'","Q1208","2945356","Brandenburg","1.0","Exact match via rdfs:label [global index] | 'Brandenburg' -> 'Brandenburg'","Q6173","3249080","Dahme-Spreewald","1.0","Exact match via skos:altLabel [global index] | 'Dahme-Spreewald' -> 'Dahme-Spreewald'"
"575","Heinersbrück","Spree-Neiße","Brandenburg","Deutschland","Q183","2921044","Deutschland","1.0","Exact match via rdfs:label [global index] | 'Deutschland' -> 'Deutschland'","Q1208","2945356","Brandenburg","1.0","Exact match via rdfs:label [global index] | 'Brandenburg' -> 'Brandenburg'","Q6165","3249089","Spree-Neiße","1.0","Exact match via skos:altLabel [global index] | 'Spree-Neiße' -> 'Spree-Neiße'"
"579","Potsdam","Potsdam","Brandenburg","Deutschland","Q183","2921044","Deutschland","1.0","Exact match via rdfs:label [global index] | 'Deutschland' -> 'Deutschland'","Q1208","2945356","Brandenburg","1.0","Exact match via rdfs:label [global index] | 'Brandenburg' -> 'Brandenburg'","Q1711","7602560","Potsdam","1.0","Exact match via rdfs:label [global index] | 'Potsdam' -> 'Potsdam'"
"580","Potsdam","Potsdam","Brandenburg","Deutschland","Q183","2921044","Deutschland","1.0","Exact match via rdfs:label [global index] | 'Deutschland' -> 'Deutschland'","Q1208","2945356","Brandenburg","1.0","Exact match via rdfs:label [global index] | 'Brandenburg' -> 'Brandenburg'","Q1711","7602560","Potsdam","1.0","Exact match via rdfs:label [global index] | 'Potsdam' -> 'Potsdam'"
"581","Trebus","Oder-Spree","Brandenburg","Deutschland","Q183","2921044","Deutschland","1.0","Exact match via rdfs:label [global index] | 'Deutschland' -> 'Deutschland'","Q1208","2945356","Brandenburg","1.0","Exact match via rdfs:label [global index] | 'Brandenburg' -> 'Brandenburg'","Q6178","3249086","Oder-Spree","1.0","Exact match via skos:altLabel [global index] | 'Oder-Spree' -> 'Oder-Spree'"
"582","Kietz","Havelland","Brandenburg","Deutschland","Q183","2921044","Deutschland","1.0","Exact match via rdfs:label [global index] | 'Deutschland' -> 'Deutschland'","Q1208","2945356","Brandenburg","1.0","Exact match via rdfs:label [global index] | 'Brandenburg' -> 'Brandenburg'","Q897270","2908638","Havelland","1.0","Exact match via rdfs:label [global index] | 'Havelland' -> 'Havelland'"
"584","Bochow","Teltow-Fläming","Brandenburg","Deutschland","Q183","2921044","Deutschland","1.0","Exact match via rdfs:label [global index] | 'Deutschland' -> 'Deutschland'","Q1208","2945356","Brandenburg","1.0","Exact match via rdfs:label [global index] | 'Brandenburg' -> 'Brandenburg'","Q6146","","Landkreis Teltow-Fläming","1.0","Direct override | 'Teltow-Fläming' -> QID=Q6146 | [override -> QID=Q6146]"
"585","Klinkow","Uckermark","Brandenburg","Deutschland","Q183","2921044","Deutschland","1.0","Exact match via rdfs:label [global index] | 'Deutschland' -> 'Deutschland'","Q1208","2945356","Brandenburg","1.0","Exact match via rdfs:label [global index] | 'Brandenburg' -> 'Brandenburg'","Q338635","2820521","Uckermark","1.0","Exact match via rdfs:label [global index] | 'Uckermark' -> 'Uckermark'"
"586","Schwaneberg","Uckermark","Brandenburg","Deutschland","Q183","2921044","Deutschland","1.0","Exact match via rdfs:label [global index] | 'Deutschland' -> 'Deutschland'","Q1208","2945356","Brandenburg","1.0","Exact match via rdfs:label [global index] | 'Brandenburg' -> 'Brandenburg'","Q338635","2820521","Uckermark","1.0","Exact match via rdfs:label [global index] | 'Uckermark' -> 'Uckermark'"
"587","Bietikow","Uckermark","Brandenburg","Deutschland","Q183","2921044","Deutschland","1.0","Exact match via rdfs:label [global index] | 'Deutschland' -> 'Deutschland'","Q1208","2945356","Brandenburg","1.0","Exact match via rdfs:label [global index] | 'Brandenburg' -> 'Brandenburg'","Q338635","2820521","Uckermark","1.0","Exact match via rdfs:label [global index] | 'Uckermark' -> 'Uckermark'"
"588","Potzlow","Uckermark","Brandenburg","Deutschland","Q183","2921044","Deutschland","1.0","Exact match via rdfs:label [global index] | 'Deutschland' -> 'Deutschland'","Q1208","2945356","Brandenburg","1.0","Exact match via rdfs:label [global index] | 'Brandenburg' -> 'Brandenburg'","Q338635","2820521","Uckermark","1.0","Exact match via rdfs:label [global index] | 'Uckermark' -> 'Uckermark'"
"589","Rhinow","Havelland","Brandenburg","Deutschland","Q183","2921044","Deutschland","1.0","Exact match via rdfs:label [global index] | 'Deutschland' -> 'Deutschland'","Q1208","2945356","Brandenburg","1.0","Exact match via rdfs:label [global index] | 'Brandenburg' -> 'Brandenburg'","Q897270","2908638","Havelland","1.0","Exact match via rdfs:label [global index] | 'Havelland' -> 'Havelland'"
"590","Hoppenrade","Havelland","Brandenburg","Deutschland","Q183","2921044","Deutschland","1.0","Exact match via rdfs:label [global index] | 'Deutschland' -> 'Deutschland'","Q1208","2945356","Brandenburg","1.0","Exact match via rdfs:label [global index] | 'Brandenburg' -> 'Brandenburg'","Q897270","2908638","Havelland","1.0","Exact match via rdfs:label [global index] | 'Havelland' -> 'Havelland'"
